episode_id,create_time,end_time,type,state,sub_0,team_0,bank_0,rating_0,sub_1,team_1,bank_1,rating_1
89004648,2026-07-30T17:10:38.210849100Z,2026-07-30T17:11:31.803458500Z,EPISODE_TYPE_VALIDATION,COMPLETED,55115318,16621290,4127,600,55115318,16621290,4127,600
89004697,2026-07-30T17:13:22.485783500Z,2026-07-30T17:15:14.925061200Z,EPISODE_TYPE_VALIDATION,COMPLETED,55115362,16621153,6296,600,55115362,16621153,6894,600
89005098,2026-07-30T17:13:38.463603200Z,2026-07-30T17:14:46.023259100Z,EPISODE_TYPE_VALIDATION,COMPLETED,55115367,16621153,664,600,55115367,16621153,470,600
89005103,2026-07-30T17:14:29.711108500Z,2026-07-30T17:15:42.391745300Z,EPISODE_TYPE_VALIDATION,COMPLETED,55115388,16621402,27698,600,55115388,16621402,27698,600
89005559,2026-07-30T17:18:55.761817200Z,2026-07-30T17:19:46.657561800Z,EPISODE_TYPE_VALIDATION,COMPLETED,55115495,16621519,2300,600,55115495,16621519,2300,600
89005564,2026-07-30T17:20:58.895283200Z,2026-07-30T17:22:09.256355Z,EPISODE_TYPE_VALIDATION,COMPLETED,55115536,16621515,23794,600,55115536,16621515,23794,600
89006005,2026-07-30T17:21:37.430773Z,2026-07-30T17:22:28.996861700Z,EPISODE_TYPE_PUBLIC,COMPLETED,55115495,16621519,2300,509.63939629899136,55115318,16621290,3846,690.3606037010086
89006016,2026-07-30T17:24:34.824978Z,2026-07-30T17:25:55.377339400Z,EPISODE_TYPE_VALIDATION,COMPLETED,55115608,16621168,40969,600,55115608,16621168,41521,600
89006021,2026-07-30T17:25:45.161413900Z,2026-07-30T17:26:32.682036300Z,EPISODE_TYPE_VALIDATION,COMPLETED,55115641,16621519,2300,600,55115641,16621519,2300,600
89006464,2026-07-30T17:29:42.271771800Z,2026-07-30T17:30:48.066209700Z,EPISODE_TYPE_PUBLIC,COMPLETED,55115608,16621168,28157,690.3606037010086,55115362,16621153,17093,509.63939629899136
89006465,2026-07-30T17:30:30.499491600Z,2026-07-30T17:31:41.786939700Z,EPISODE_TYPE_VALIDATION,COMPLETED,55115733,16621519,2423,600,55115733,16621519,1579,600
89006909,2026-07-30T17:33:06.408973200Z,2026-07-30T17:34:29.144397800Z,EPISODE_TYPE_PUBLIC,COMPLETED,55115733,16621519,44,509.63939629899136,55115367,16621153,419,690.3606037010086
89006914,2026-07-30T17:34:36.857899500Z,2026-07-30T17:35:48.880872600Z,EPISODE_TYPE_VALIDATION,COMPLETED,55115818,16621163,27932,600,55115818,16621163,27932,600
89006916,2026-07-30T17:35:01.314960100Z,2026-07-30T17:36:16.033049700Z,EPISODE_TYPE_VALIDATION,COMPLETED,55115827,16621290,3514,600,55115827,16621290,3447,600
89007360,2026-07-30T17:37:05.501073400Z,2026-07-30T17:37:59.115727Z,EPISODE_TYPE_PUBLIC,COMPLETED,55115536,16621515,20404,509.63939629899136,55115388,16621402,38514,690.3606037010086
89007361,2026-07-30T17:38:02.182029800Z,2026-07-30T17:39:15.532343500Z,EPISODE_TYPE_VALIDATION,COMPLETED,55115877,16621367,20469,600,55115877,16621367,22081,600
89007807,2026-07-30T17:41:04.504666300Z,2026-07-30T17:41:56.539687600Z,EPISODE_TYPE_PUBLIC,COMPLETED,55115641,16621519,2300,509.63939629899136,55115877,16621367,21662,690.3606037010086
89007813,2026-07-30T17:42:37.182943100Z,2026-07-30T17:43:45.253056500Z,EPISODE_TYPE_VALIDATION,COMPLETED,55115974,16621153,6517,600,55115974,16621153,7058,600
89007853,2026-07-30T17:44:51.295106500Z,2026-07-30T17:46:04.120720Z,EPISODE_TYPE_VALIDATION,COMPLETED,55116010,16621168,30641,600,55116010,16621168,31848,600
89008254,2026-07-30T17:45:04.466654800Z,2026-07-30T17:45:53.037935500Z,EPISODE_TYPE_PUBLIC,COMPLETED,55115536,16621515,21529,446.2266859339308,55115818,16621163,32455,674.112736730531
89008697,2026-07-30T17:49:08.722762200Z,2026-07-30T17:50:56.491911300Z,EPISODE_TYPE_PUBLIC,COMPLETED,55115827,16621290,4625,509.63939629899136,55116010,16621168,29182,690.3606037010086
89008699,2026-07-30T17:49:32.071238100Z,2026-07-30T17:50:28.762222Z,EPISODE_TYPE_VALIDATION,COMPLETED,55116096,16621716,6952,600,55116096,16621716,12894,600
89009154,2026-07-30T17:56:46.307005700Z,2026-07-30T17:57:51.484445600Z,EPISODE_TYPE_PUBLIC,COMPLETED,55115974,16621153,17545,525.887263269469,55115608,16621168,27602,753.7733140660691
89009207,2026-07-30T17:57:16.322656200Z,2026-07-30T17:58:32.352497600Z,EPISODE_TYPE_VALIDATION,COMPLETED,55116223,16622032,27698,600,55116223,16622032,27698,600
89009657,2026-07-30T18:00:08.929301200Z,2026-07-30T18:01:46.449711900Z,EPISODE_TYPE_PUBLIC,COMPLETED,55115827,16621290,4961,446.2266859339308,55116096,16621716,12970,674.112736730531
89010550,2026-07-30T18:08:07.093650500Z,2026-07-30T18:09:06.396769200Z,EPISODE_TYPE_PUBLIC,COMPLETED,55115827,16621290,5616,400.60426172949036,55116223,16622032,48979,663.1452238123743
89010551,2026-07-30T18:08:59.906040600Z,2026-07-30T18:09:52.007833400Z,EPISODE_TYPE_VALIDATION,COMPLETED,55116457,16621770,200,600,55116457,16621770,200,600
89010553,2026-07-30T18:09:53.047624Z,2026-07-30T18:10:55.725891800Z,EPISODE_TYPE_VALIDATION,COMPLETED,55116475,16621367,30528,600,55116475,16621367,28132,600
89010999,2026-07-30T18:12:10.175765900Z,2026-07-30T18:13:06.538950600Z,EPISODE_TYPE_VALIDATION,COMPLETED,55116523,16621294,37371,600,55116523,16621294,37371,600
89011010,2026-07-30T18:15:13.477433Z,2026-07-30T18:16:23.848497300Z,EPISODE_TYPE_VALIDATION,COMPLETED,55116580,16621355,73156,600,55116580,16621355,77048,600
89011450,2026-07-30T18:16:11.847513300Z,2026-07-30T18:17:21.284054Z,EPISODE_TYPE_PUBLIC,COMPLETED,55115388,16621402,49111,753.7733140660691,55116457,16621770,50,525.887263269469
89011451,2026-07-30T18:16:43.898575800Z,2026-07-30T18:17:38.225937100Z,EPISODE_TYPE_VALIDATION,COMPLETED,55116607,16622097,3000,600,55116607,16622097,3000,600
89011452,2026-07-30T18:16:48.928447900Z,2026-07-30T18:17:44.936462900Z,EPISODE_TYPE_VALIDATION,COMPLETED,55116608,16622251,3000,600,55116608,16622251,3000,600
89011459,2026-07-30T18:19:34.273858400Z,2026-07-30T18:20:32.310916700Z,EPISODE_TYPE_VALIDATION,COMPLETED,55116669,16621515,29252,600,55116669,16621515,29041,600
89011460,2026-07-30T18:19:45.996738600Z,2026-07-30T18:21:01.036966800Z,EPISODE_TYPE_VALIDATION,COMPLETED,55116676,16621770,3000,600,55116676,16621770,3000,600
89011899,2026-07-30T18:20:07.420299200Z,2026-07-30T18:21:09.206815700Z,EPISODE_TYPE_PUBLIC,COMPLETED,55116475,16621367,19696,525.887263269469,55116285,16621355,102791,753.7733140660691
89011900,2026-07-30T18:20:30.453934100Z,2026-07-30T18:21:47.061930Z,EPISODE_TYPE_VALIDATION,COMPLETED,55116691,16621802,37622,600,55116691,16621802,39056,600
89011902,2026-07-30T18:21:44.851437100Z,2026-07-30T18:22:51.707772Z,EPISODE_TYPE_VALIDATION,COMPLETED,55116715,16622097,3000,600,55116715,16622097,3000,600
89012344,2026-07-30T18:24:07.129585700Z,2026-07-30T18:25:27.693144700Z,EPISODE_TYPE_PUBLIC,COMPLETED,55116580,16621355,100643,690.3606037010086,55116523,16621294,25824,509.63939629899136
89012350,2026-07-30T18:27:11.343663Z,2026-07-30T18:28:18.344117900Z,EPISODE_TYPE_VALIDATION,COMPLETED,55116804,16621355,73156,600,55116804,16621355,77048,600
89012792,2026-07-30T18:28:06.731169900Z,2026-07-30T18:29:01.309684900Z,EPISODE_TYPE_PUBLIC,COMPLETED,55115318,16621290,3784,753.7733140660691,55116607,16622097,3000,525.887263269469
89012835,2026-07-30T18:31:56.179756400Z,2026-07-30T18:33:35.909843900Z,EPISODE_TYPE_VALIDATION,COMPLETED,55116892,16622097,3321,600,55116892,16622097,3321,600
89013236,2026-07-30T18:32:06.312004300Z,2026-07-30T18:33:51.233036500Z,EPISODE_TYPE_PUBLIC,COMPLETED,55116010,16621168,35388,753.7733140660691,55116608,16622251,3000,525.887263269469
89013246,2026-07-30T18:35:05.916935700Z,2026-07-30T18:35:58.074845Z,EPISODE_TYPE_VALIDATION,COMPLETED,55116962,16621811,3361,600,55116962,16621811,3361,600
89013685,2026-07-30T18:36:09.843813600Z,2026-07-30T18:37:29.948438Z,EPISODE_TYPE_PUBLIC,COMPLETED,55116669,16621515,45802,677.2854196225901,55116608,16622251,3000,459.75992610489044
89014127,2026-07-30T18:40:06.908965400Z,2026-07-30T18:40:59.067850200Z,EPISODE_TYPE_PUBLIC,COMPLETED,55116676,16621770,3000,509.63939629899136,55116962,16621811,3384,690.3606037010086
89014129,2026-07-30T18:42:14.226324Z,2026-07-30T18:43:24.539517100Z,EPISODE_TYPE_VALIDATION,COMPLETED,55117088,16622312,5418,600,55117088,16622312,2405,600
89014132,2026-07-30T18:42:41.528812500Z,2026-07-30T18:43:57.152951400Z,EPISODE_TYPE_VALIDATION,COMPLETED,55117099,16621515,29252,600,55117099,16621515,29041,600
89014574,2026-07-30T18:44:06.750029200Z,2026-07-30T18:45:01.536935400Z,EPISODE_TYPE_PUBLIC,COMPLETED,55116457,16621770,200,459.75992610489044,55116691,16621802,66787,677.2854196225901
89015023,2026-07-30T18:48:07.512589400Z,2026-07-30T18:49:12.562223800Z,EPISODE_TYPE_PUBLIC,COMPLETED,55116715,16622097,3000,509.63939629899136,55116804,16621355,119070,690.3606037010086
89015463,2026-07-30T18:52:06.918431100Z,2026-07-30T18:53:28.965128900Z,EPISODE_TYPE_PUBLIC,COMPLETED,55116892,16622097,3348,712.6601182087786,55115367,16621153,706,593.9657900586224
89015468,2026-07-30T18:53:12.456253500Z,2026-07-30T18:54:26.702045800Z,EPISODE_TYPE_VALIDATION,COMPLETED,55117263,16621515,29252,600,55117263,16621515,29041,600
89015470,2026-07-30T18:53:48.654277500Z,2026-07-30T18:54:43.456838500Z,EPISODE_TYPE_VALIDATION,COMPLETED,55117274,16621811,3361,600,55117274,16621811,3361,600
89015471,2026-07-30T18:54:11.413057600Z,2026-07-30T18:55:04.788079700Z,EPISODE_TYPE_VALIDATION,COMPLETED,55117284,16622422,6247,600,55117284,16622422,6247,600
89015472,2026-07-30T18:55:14.969726100Z,2026-07-30T18:56:27.984082100Z,EPISODE_TYPE_VALIDATION,COMPLETED,55117304,16622420,5657,600,55117304,16622420,5657,600
89015911,2026-07-30T18:56:08.355090500Z,2026-07-30T18:56:58.906839600Z,EPISODE_TYPE_PUBLIC,COMPLETED,55115318,16621290,3994,817.1211438781028,55116892,16622097,3346,637.6400671597526
89015912,2026-07-30T18:57:00.408119200Z,2026-07-30T18:58:23.721345500Z,EPISODE_TYPE_VALIDATION,COMPLETED,55117334,16622420,5800,600,55117334,16622420,5768,600
89015915,2026-07-30T18:57:54.672947500Z,2026-07-30T18:59:23.621191300Z,EPISODE_TYPE_VALIDATION,COMPLETED,55117347,16622198,37443,600,55117347,16622198,37985,600
89016359,2026-07-30T19:00:07.571777100Z,2026-07-30T19:01:47.491316700Z,EPISODE_TYPE_VALIDATION,COMPLETED,55117395,16621153,6728,600,55117395,16621153,7403,600
89016360,2026-07-30T19:00:08.573783600Z,2026-07-30T19:01:57.335839900Z,EPISODE_TYPE_PUBLIC,COMPLETED,55117088,16622312,1584,525.887263269469,55116580,16621355,108623,753.7733140660691
89016361,2026-07-30T19:00:08.574939900Z,2026-07-30T19:01:35.593167200Z,EPISODE_TYPE_PUBLIC,COMPLETED,55117347,16622198,37999,690.3606037010086,55117099,16621515,32970,509.63939629899136
89016375,2026-07-30T19:02:57.414042500Z,2026-07-30T19:04:08.804644200Z,EPISODE_TYPE_VALIDATION,COMPLETED,55117461,16622487,4102,600,55117461,16622487,3717,600
89016817,2026-07-30T19:04:07.711869300Z,2026-07-30T19:05:06.563519700Z,EPISODE_TYPE_PUBLIC,COMPLETED,55117274,16621811,3375,487.3398817912213,55117304,16622420,6570,606.0342099413776
89016818,2026-07-30T19:04:07.711448500Z,2026-07-30T19:05:05.221232900Z,EPISODE_TYPE_PUBLIC,COMPLETED,55117263,16621515,46830,690.3606037010086,55117304,16622420,6501,509.63939629899136
89016824,2026-07-30T19:06:28.561865100Z,2026-07-30T19:07:27.960220100Z,EPISODE_TYPE_VALIDATION,COMPLETED,55117529,16622319,26561,600,55117529,16622319,27065,600
89017266,2026-07-30T19:08:06.762155100Z,2026-07-30T19:09:16.535889400Z,EPISODE_TYPE_PUBLIC,COMPLETED,55117334,16622420,5831,522.7145803774099,55116096,16621716,10263,740.2400738951096
89017267,2026-07-30T19:08:06.762437800Z,2026-07-30T19:09:23.047855900Z,EPISODE_TYPE_PUBLIC,COMPLETED,55117529,16622319,35811,690.3606037010086,55117284,16622422,6101,509.63939629899136
89017268,2026-07-30T19:08:51.461540400Z,2026-07-30T19:10:14.388969800Z,EPISODE_TYPE_VALIDATION,COMPLETED,55117565,16621523,15706,600,55117565,16621523,15706,600
89017279,2026-07-30T19:10:58.189076800Z,2026-07-30T19:11:54.673259100Z,EPISODE_TYPE_VALIDATION,COMPLETED,55117599,16622487,6062,600,55117599,16622487,6791,600
89017721,2026-07-30T19:12:06.697638800Z,2026-07-30T19:13:43.262602100Z,EPISODE_TYPE_PUBLIC,COMPLETED,55117395,16621153,16548,522.7145803774099,55115818,16621163,20519,740.2400738951096
89017722,2026-07-30T19:12:06.697669900Z,2026-07-30T19:13:23.902326400Z,EPISODE_TYPE_PUBLIC,COMPLETED,55115641,16621519,2300,446.2266859339308,55117461,16622487,8969,674.112736730531
89017723,2026-07-30T19:12:06.699233Z,2026-07-30T19:13:55.124844800Z,EPISODE_TYPE_PUBLIC,COMPLETED,55117565,16621523,43069,807.348899430378,55115877,16621367,16255,688.4627432018668
89017724,2026-07-30T19:12:06.701686800Z,2026-07-30T19:13:38.581507500Z,EPISODE_TYPE_PUBLIC,COMPLETED,55116962,16621811,3334,593.9657900586224,55117565,16621523,51705,712.6601182087786
89017725,2026-07-30T19:12:06.702491Z,2026-07-30T19:13:46.817365300Z,EPISODE_TYPE_PUBLIC,COMPLETED,55117599,16622487,7832,663.1452238123743,55115641,16621519,2300,400.60426172949036
89017726,2026-07-30T19:12:06.702648600Z,2026-07-30T19:13:57.034886500Z,EPISODE_TYPE_PUBLIC,COMPLETED,55117304,16622420,6381,549.5403765071769,55116804,16621355,105582,757.2637680361477
89017727,2026-07-30T19:12:06.700856800Z,2026-07-30T19:13:44.909247200Z,EPISODE_TYPE_PUBLIC,COMPLETED,55115877,16621367,20407,768.4190843941012,55117461,16622487,10089,596.0542560374383
89018168,2026-07-30T19:16:08.824933Z,2026-07-30T19:17:36.272052100Z,EPISODE_TYPE_PUBLIC,COMPLETED,55117347,16622198,42702,824.6353635450987,55116096,16621716,12129,631.1979811837507
89018169,2026-07-30T19:16:08.825472400Z,2026-07-30T19:17:34.995234700Z,EPISODE_TYPE_PUBLIC,COMPLETED,55115818,16621163,28857,661.3374848741871,55117263,16621515,30058,783.8014725328796
89018170,2026-07-30T19:16:08.826125600Z,2026-07-30T19:17:33.558198600Z,EPISODE_TYPE_PUBLIC,COMPLETED,55117529,16622319,36130,742.2692387431704,55117334,16622420,6483,470.8059453352481
89018171,2026-07-30T19:16:08.827128700Z,2026-07-30T19:17:27.542911100Z,EPISODE_TYPE_PUBLIC,COMPLETED,55116096,16621716,11324,679.8229193088387,55117565,16621523,33778,867.7660540166489
89018172,2026-07-30T19:16:08.829365500Z,2026-07-30T19:17:22.954446600Z,EPISODE_TYPE_PUBLIC,COMPLETED,55116223,16622032,48674,733.2341632413386,55117461,16622487,7871,536.8703159498688
89018173,2026-07-30T19:16:08.829709600Z,2026-07-30T19:17:18.503529600Z,EPISODE_TYPE_PUBLIC,COMPLETED,55116892,16622097,3298,574.053123313082,55116691,16621802,64787,752.5886429150573
89018174,2026-07-30T19:16:08.830707Z,2026-07-30T19:17:09.402509600Z,EPISODE_TYPE_PUBLIC,COMPLETED,55117599,16622487,7166,587.1472181356634,55117347,16622198,44419,766.3586093777195
89018622,2026-07-30T19:20:26.329927100Z,2026-07-30T19:21:51.426135300Z,EPISODE_TYPE_PUBLIC,COMPLETED,55117529,16622319,21143,642.280451852663,55116804,16621355,108122,869.5697562199033
89018623,2026-07-30T19:20:26.330024900Z,2026-07-30T19:21:27.946297400Z,EPISODE_TYPE_PUBLIC,COMPLETED,55115388,16621402,36903,874.6531923801015,55117529,16622319,23174,683.44345200879
89018624,2026-07-30T19:20:26.329916300Z,2026-07-30T19:21:42.502198700Z,EPISODE_TYPE_PUBLIC,COMPLETED,55115318,16621290,3920,759.2439785172563,55117263,16621515,45921,907.972352949335
89018625,2026-07-30T19:20:26.330462300Z,2026-07-30T19:21:24.252488500Z,EPISODE_TYPE_PUBLIC,COMPLETED,55115388,16621402,38444,825.7638529352697,55115608,16621168,34510,681.7827751968686
89018626,2026-07-30T19:20:26.334436200Z,2026-07-30T19:21:41.491222800Z,EPISODE_TYPE_PUBLIC,COMPLETED,55117263,16621515,42158,850.5017052931506,55116010,16621168,26238,687.0730813057982
89018627,2026-07-30T19:20:26.333452800Z,2026-07-30T19:21:47.072201900Z,EPISODE_TYPE_PUBLIC,COMPLETED,55116804,16621355,66706,828.4191379421019,55116691,16621802,52842,681.4332730091031
89018628,2026-07-30T19:20:26.340232400Z,2026-07-30T19:21:47.882975800Z,EPISODE_TYPE_PUBLIC,COMPLETED,55117347,16622198,34865,751.8301988874382,55116580,16621355,97709,841.3516390861062
89018631,2026-07-30T19:21:17.899414100Z,2026-07-30T19:22:18.498806600Z,EPISODE_TYPE_VALIDATION,COMPLETED,55117766,16622487,36917,600,55117766,16622487,33367,600
89019077,2026-07-30T19:24:10.095162500Z,2026-07-30T19:25:28.433906600Z,EPISODE_TYPE_PUBLIC,COMPLETED,55116223,16622032,21845,686.1039868539557,55116580,16621355,87552,925.3110374063289
89019078,2026-07-30T19:24:10.095347900Z,2026-07-30T19:25:33.193037Z,EPISODE_TYPE_PUBLIC,COMPLETED,55117263,16621515,31527,956.3666353971664,55117565,16621523,16031,810.0843447526568
89019079,2026-07-30T19:24:10.098115900Z,2026-07-30T19:26:17.212879200Z,EPISODE_TYPE_PUBLIC,COMPLETED,55116804,16621355,102567,909.424008475857,55117347,16622198,33803,713.5047963942518
89019080,2026-07-30T19:24:10.098323300Z,2026-07-30T19:25:27.742349700Z,EPISODE_TYPE_PUBLIC,COMPLETED,55117599,16622487,8090,506.1999003633007,55115974,16621153,34028,621.7496145068086
89019081,2026-07-30T19:24:10.098497200Z,2026-07-30T19:25:09.352338800Z,EPISODE_TYPE_PUBLIC,COMPLETED,55116475,16621367,25181,459.75992610489044,55117766,16622487,47379,677.2854196225901
89019082,2026-07-30T19:24:10.099444800Z,2026-07-30T19:25:36.118989700Z,EPISODE_TYPE_PUBLIC,COMPLETED,55117263,16621515,25866,902.8904491378706,55116580,16621355,93993,980.7465315871215
89019083,2026-07-30T19:24:10.100113100Z,2026-07-30T19:25:16.384538900Z,EPISODE_TYPE_PUBLIC,COMPLETED,55116580,16621355,110474,892.1669858668088,55115318,16621290,3830,716.2078039245935
89019125,2026-07-30T19:24:19.261074200Z,2026-07-30T19:25:29.174075800Z,EPISODE_TYPE_VALIDATION,COMPLETED,55117802,16622482,25786,600,55117802,16622482,23315,600
89019130,2026-07-30T19:27:13.535817800Z,2026-07-30T19:28:22.000439900Z,EPISODE_TYPE_VALIDATION,COMPLETED,55117863,16621811,4682,600,55117863,16621811,4493,600
89019569,2026-07-30T19:27:59.315706400Z,2026-07-30T19:29:01.704954800Z,EPISODE_TYPE_VALIDATION,COMPLETED,55117886,16621716,15082,600,55117886,16621716,12461,600
89019570,2026-07-30T19:28:07.805327100Z,2026-07-30T19:29:22.652401300Z,EPISODE_TYPE_PUBLIC,COMPLETED,55117766,16622487,27918,594.2104573085962,55116223,16622032,34912,745.2904850773361
89019571,2026-07-30T19:28:07.805327400Z,2026-07-30T19:29:19.584133200Z,EPISODE_TYPE_PUBLIC,COMPLETED,55117284,16622422,5826,457.7307612568295,55117802,16622482,43109,729.1940546647519
89019572,2026-07-30T19:28:07.805956700Z,2026-07-30T19:29:29.614436Z,EPISODE_TYPE_PUBLIC,COMPLETED,55115388,16621402,27895,921.4137696558872,55117565,16621523,18730,764.3933928385243
89019573,2026-07-30T19:28:07.806922400Z,2026-07-30T19:29:09.088420900Z,EPISODE_TYPE_PUBLIC,COMPLETED,55117802,16622482,44445,677.2854196225901,55117088,16622312,3282,459.75992610489044
89019574,2026-07-30T19:28:07.807499700Z,2026-07-30T19:29:14.999509400Z,EPISODE_TYPE_PUBLIC,COMPLETED,55115974,16621153,28924,708.492637815979,55115877,16621367,11512,616.3519772848143
89019575,2026-07-30T19:28:07.808178500Z,2026-07-30T19:29:24.161388800Z,EPISODE_TYPE_PUBLIC,COMPLETED,55116715,16622097,3000,430.98036468694187,55117395,16621153,33861,601.3736119894594
89019576,2026-07-30T19:28:07.809152800Z,2026-07-30T19:29:29.609554500Z,EPISODE_TYPE_PUBLIC,COMPLETED,55115733,16621519,33,415.77243788791645,55117284,16622422,6259,537.014890311707
89019579,2026-07-30T19:31:20.526970300Z,2026-07-30T19:33:09.089839400Z,EPISODE_TYPE_VALIDATION,COMPLETED,55117932,16621219,6087,600,55117932,16621219,6087,600
89019618,2026-07-30T19:31:55.533138400Z,2026-07-30T19:33:59.594580600Z,EPISODE_TYPE_VALIDATION,COMPLETED,55117940,16622842,29252,600,55117940,16622842,29041,600
89020019,2026-07-30T19:32:07.007750800Z,2026-07-30T19:34:12.410010Z,EPISODE_TYPE_PUBLIC,COMPLETED,55117529,16622319,31400,688.175552948064,55117886,16621716,10049,511.73329315814453
89020020,2026-07-30T19:32:07.009198500Z,2026-07-30T19:33:01.917281200Z,EPISODE_TYPE_PUBLIC,COMPLETED,55117863,16621811,4384,504.0397448004626,55117766,16622487,41789,663.541741690262
89020021,2026-07-30T19:32:07.011734200Z,2026-07-30T19:33:08.321762500Z,EPISODE_TYPE_PUBLIC,COMPLETED,55117099,16621515,45163,593.9836789791118,55117599,16622487,7792,446.99255510720445
89020022,2026-07-30T19:32:07.009175500Z,2026-07-30T19:33:25.175515800Z,EPISODE_TYPE_PUBLIC,COMPLETED,55116223,16622032,28130,796.9536127417657,55117802,16622482,22569,657.2579477028146
89020023,2026-07-30T19:32:07.013295100Z,2026-07-30T19:33:26.907333100Z,EPISODE_TYPE_PUBLIC,COMPLETED,55117395,16621153,32729,649.1991297308631,55117599,16622487,8022,413.108247003494
89020024,2026-07-30T19:32:07.013214300Z,2026-07-30T19:33:02.770085100Z,EPISODE_TYPE_PUBLIC,COMPLETED,55117304,16622420,6829,604.2999714748344,55116676,16621770,3000,432.95052303196786
89020025,2026-07-30T19:32:07.009836500Z,2026-07-30T19:32:59.186832700Z,EPISODE_TYPE_PUBLIC,COMPLETED,55116715,16622097,3000,373.6084639861834,55116523,16621294,42177,577.5824171115678
89020030,2026-07-30T19:35:35.498074900Z,2026-07-30T19:36:55.160237100Z,EPISODE_TYPE_VALIDATION,COMPLETED,55118013,16622482,22306,600,55118013,16622482,23090,600
89020471,2026-07-30T19:36:08.756601500Z,2026-07-30T19:37:07.978845200Z,EPISODE_TYPE_PUBLIC,COMPLETED,55117932,16621219,5666,516.2221403026078,55117802,16622482,43607,707.5921652747525
89020472,2026-07-30T19:36:08.757207700Z,2026-07-30T19:37:32.333765100Z,EPISODE_TYPE_PUBLIC,COMPLETED,55117802,16622482,18081,588.6093808696492,55117940,16622842,36176,708.9935822984853
89020473,2026-07-30T19:36:08.758190400Z,2026-07-30T19:37:07.349428100Z,EPISODE_TYPE_PUBLIC,COMPLETED,55117274,16621811,3389,410.8140277004878,55117886,16621716,12859,588.259147248878
89020474,2026-07-30T19:36:08.760663200Z,2026-07-30T19:37:09.315095900Z,EPISODE_TYPE_PUBLIC,COMPLETED,55117863,16621811,4453,425.8119360923937,55117284,16622422,6259,591.9451637075006
89020475,2026-07-30T19:36:08.760660Z,2026-07-30T19:37:14.047807400Z,EPISODE_TYPE_PUBLIC,COMPLETED,55117099,16621515,35667,692.3391628249278,55117802,16622482,18152,636.5788734493767
89020476,2026-07-30T19:36:08.761368Z,2026-07-30T19:37:38.407183700Z,EPISODE_TYPE_PUBLIC,COMPLETED,55115974,16621153,27041,759.9704463666782,55116096,16621716,170,586.8095686465687
89020477,2026-07-30T19:36:08.762241500Z,2026-07-30T19:37:29.297423Z,EPISODE_TYPE_PUBLIC,COMPLETED,55117766,16622487,39064,712.4059732672197,55116523,16621294,34363,519.2275953614031
89020921,2026-07-30T19:40:06.584144Z,2026-07-30T19:41:10.007898100Z,EPISODE_TYPE_PUBLIC,COMPLETED,55118013,16622482,38211,696.323872954248,55116096,16621716,7140,543.5699080269821
89020922,2026-07-30T19:40:06.584305500Z,2026-07-30T19:41:05.614823400Z,EPISODE_TYPE_PUBLIC,COMPLETED,55117940,16622842,32890,622.1056337376627,55117347,16622198,37675,757.8724396174404
89020923,2026-07-30T19:40:06.584089900Z,2026-07-30T19:40:53.219717200Z,EPISODE_TYPE_PUBLIC,COMPLETED,55117932,16621219,6099,588.310075644495,55117088,16622312,4758,398.8880099213832
89020924,2026-07-30T19:40:06.585930600Z,2026-07-30T19:41:02.068670Z,EPISODE_TYPE_PUBLIC,COMPLETED,55115733,16621519,1972,371.57411689535104,55117886,16621716,14617,632.4574682414434
89020925,2026-07-30T19:40:06.587200900Z,2026-07-30T19:41:21.223376500Z,EPISODE_TYPE_PUBLIC,COMPLETED,55116010,16621168,28819,633.3304127744918,55117347,16622198,41284,792.4861581210182
89020926,2026-07-30T19:40:06.587615300Z,2026-07-30T19:41:15.104278100Z,EPISODE_TYPE_PUBLIC,COMPLETED,55115877,16621367,20405,573.1761402771849,55117099,16621515,42671,744.1769174429935
89020927,2026-07-30T19:40:06.647204300Z,2026-07-30T19:41:16.050283100Z,EPISODE_TYPE_PUBLIC,COMPLETED,55116804,16621355,79631,960.1291021656673,55117263,16621515,25363,860.9273653400767
89020936,2026-07-30T19:43:25.610631100Z,2026-07-30T19:44:41.856342100Z,EPISODE_TYPE_VALIDATION,COMPLETED,55118157,16622919,34673,600,55118157,16622919,34653,600
89020940,2026-07-30T19:48:05.414483300Z,2026-07-30T19:50:04.280069300Z,EPISODE_TYPE_VALIDATION,COMPLETED,55118227,16621497,62136,600,55118227,16621497,41276,600
89020941,2026-07-30T19:48:42.762751500Z,2026-07-30T19:49:56.942053700Z,EPISODE_TYPE_VALIDATION,COMPLETED,55118239,16621163,35350,600,55118239,16621163,35350,600
89021381,2026-07-30T19:49:30.891867800Z,2026-07-30T19:50:52.614665100Z,EPISODE_TYPE_PUBLIC,COMPLETED,55117529,16622319,13309,628.1562666046405,55118013,16622482,36377,693.4638250813941
89021382,2026-07-30T19:49:30.891967400Z,2026-07-30T19:50:37.381244500Z,EPISODE_TYPE_PUBLIC,COMPLETED,55118013,16622482,16696,598.7447557075413,55118157,16622919,62828,714.0442568259538
89021383,2026-07-30T19:49:30.892969700Z,2026-07-30T19:50:54.094894800Z,EPISODE_TYPE_PUBLIC,COMPLETED,55117940,16622842,29097,566.7810648156167,55118157,16622919,55862,779.5627125822523
89021384,2026-07-30T19:49:30.894741400Z,2026-07-30T19:50:24.129707500Z,EPISODE_TYPE_PUBLIC,COMPLETED,55117932,16621219,6087,513.9298928991077,55117284,16622422,6247,644.9541338149794
89021385,2026-07-30T19:49:30.897470300Z,2026-07-30T19:50:28.215483900Z,EPISODE_TYPE_PUBLIC,COMPLETED,55115608,16621168,41804,751.1223380216727,55117766,16622487,35682,652.436757701874
89021386,2026-07-30T19:49:30.899078500Z,2026-07-30T19:51:29.316257400Z,EPISODE_TYPE_PUBLIC,COMPLETED,55116691,16621802,59900,726.696645478243,55117940,16622842,15066,520.65533687898
89021387,2026-07-30T19:49:30.902146200Z,2026-07-30T19:50:53.798255600Z,EPISODE_TYPE_PUBLIC,COMPLETED,55117263,16621515,35191,905.9503542973424,55115388,16621402,20673,860.6891810884326
89021388,2026-07-30T19:49:30.902585500Z,2026-07-30T19:50:28.136318200Z,EPISODE_TYPE_PUBLIC,COMPLETED,55115818,16621163,31231,714.7295130226606,55117802,16622482,26395,553.9255490265464
89021832,2026-07-30T19:52:56.660799500Z,2026-07-30T19:54:19.277004800Z,EPISODE_TYPE_PUBLIC,COMPLETED,55118227,16621497,129393,707.8597937971564,55117529,16622319,23379,585.6058727156804
89021833,2026-07-30T19:52:56.662019900Z,2026-07-30T19:54:07.883767600Z,EPISODE_TYPE_PUBLIC,COMPLETED,55118157,16622919,65517,849.473618334188,55115608,16621168,29708,703.2493354177476
89021834,2026-07-30T19:52:56.662412500Z,2026-07-30T19:53:50.775620800Z,EPISODE_TYPE_PUBLIC,COMPLETED,55118239,16621163,41648,690.7096754871485,55116892,16622097,3305,519.2033900786323
89021835,2026-07-30T19:52:56.663302100Z,2026-07-30T19:53:53.687368Z,EPISODE_TYPE_PUBLIC,COMPLETED,55116892,16622097,3331,486.57639559391964,55118013,16622482,54531,731.0300288501259
89021836,2026-07-30T19:52:56.666364Z,2026-07-30T19:54:05.640515300Z,EPISODE_TYPE_PUBLIC,COMPLETED,55115877,16621367,12518,535.2382431293538,55117395,16621153,27931,702.2661006062225
89021837,2026-07-30T19:52:56.666738500Z,2026-07-30T19:53:54.967775600Z,EPISODE_TYPE_PUBLIC,COMPLETED,55117886,16621716,18911,566.5222047906992,55116010,16621168,30785,686.6463405335104
89021838,2026-07-30T19:52:56.668788200Z,2026-07-30T19:54:22.392002Z,EPISODE_TYPE_PUBLIC,COMPLETED,55117565,16621523,12629,715.5158810146428,55115974,16621153,13109,817.0788390080995
89021839,2026-07-30T19:52:56.668786800Z,2026-07-30T19:53:58.811528Z,EPISODE_TYPE_PUBLIC,COMPLETED,55117263,16621515,24384,878.7422478620414,55116580,16621355,90342,1016.9186639127881
89021840,2026-07-30T19:54:08.800250700Z,2026-07-30T19:55:27.827208Z,EPISODE_TYPE_VALIDATION,COMPLETED,55118332,16622319,43152,600,55118332,16622319,42902,600
89021883,2026-07-30T19:56:41.013428500Z,2026-07-30T19:58:20.388252Z,EPISODE_TYPE_VALIDATION,COMPLETED,55118379,16621497,92040,600,55118379,16621497,91498,600
89022285,2026-07-30T19:56:56.044554500Z,2026-07-30T19:58:11.465887300Z,EPISODE_TYPE_PUBLIC,COMPLETED,55118332,16622319,3438,484.812541419771,55116096,16621716,6433,589.6122814927787
89022286,2026-07-30T19:56:56.044564600Z,2026-07-30T19:57:54.174413Z,EPISODE_TYPE_PUBLIC,COMPLETED,55118227,16621497,112129,802.6270572976522,55117099,16621515,36381,688.0291605194456
89022287,2026-07-30T19:56:56.046442300Z,2026-07-30T19:57:56.316703200Z,EPISODE_TYPE_PUBLIC,COMPLETED,55118239,16621163,36712,628.7590882164278,55118227,16621497,125063,854.9388753290277
89022288,2026-07-30T19:56:56.047611600Z,2026-07-30T19:58:13.113862800Z,EPISODE_TYPE_PUBLIC,COMPLETED,55116691,16621802,47987,820.1751037480918,55118013,16622482,11743,680.5613112649847
89022289,2026-07-30T19:56:56.046636500Z,2026-07-30T19:58:09.433266700Z,EPISODE_TYPE_PUBLIC,COMPLETED,55116804,16621355,70983,1019.5056910243061,55118157,16622919,46000,807.2421368074477
89022290,2026-07-30T19:56:56.048623200Z,2026-07-30T19:58:01.354596Z,EPISODE_TYPE_PUBLIC,COMPLETED,55117099,16621515,19212,738.6133882828798,55117395,16621153,15903,643.4223533887254
89022291,2026-07-30T19:56:56.049599500Z,2026-07-30T19:57:57.211808800Z,EPISODE_TYPE_PUBLIC,COMPLETED,55116010,16621168,22165,644.0697124769957,55116691,16621802,69027,777.7781008473298
89022292,2026-07-30T19:56:56.050907Z,2026-07-30T19:58:04.969062Z,EPISODE_TYPE_PUBLIC,COMPLETED,55117263,16621515,26636,854.4593943976696,55116804,16621355,101665,995.7257558449041
89022293,2026-07-30T19:57:22.070766400Z,2026-07-30T19:58:35.038163800Z,EPISODE_TYPE_VALIDATION,COMPLETED,55118395,16621585,27698,600,55118395,16621585,27698,600
89022294,2026-07-30T19:57:22.527565Z,2026-07-30T19:58:38.081185800Z,EPISODE_TYPE_VALIDATION,COMPLETED,55118396,16622487,36132,600,55118396,16622487,29363,600
89022296,2026-07-30T19:59:06.010638100Z,2026-07-30T20:00:28.561678900Z,EPISODE_TYPE_VALIDATION,COMPLETED,55118412,16622965,29252,600,55118412,16622965,29041,600
89022336,2026-07-30T20:00:42.416159600Z,2026-07-30T20:02:42.509191200Z,EPISODE_TYPE_VALIDATION,COMPLETED,55118445,16622509,36454,600,55118445,16622509,36341,600
89022737,2026-07-30T20:00:49.812692700Z,2026-07-30T20:01:55.179877100Z,EPISODE_TYPE_VALIDATION,COMPLETED,55118449,16622509,36821,600,55118449,16622509,37706,600
89022738,2026-07-30T20:00:59.070538800Z,2026-07-30T20:01:57.708912400Z,EPISODE_TYPE_PUBLIC,COMPLETED,55115818,16621163,27543,751.1239705160717,55118379,16621497,198,527.4823633674885
89022739,2026-07-30T20:00:59.071106400Z,2026-07-30T20:02:11.861926800Z,EPISODE_TYPE_PUBLIC,COMPLETED,55116010,16621168,25940,582.6359593197813,55118395,16621585,41854,706.6847153410113
89022740,2026-07-30T20:00:59.072224600Z,2026-07-30T20:02:17.600637600Z,EPISODE_TYPE_PUBLIC,COMPLETED,55118379,16621497,143235,620.3671993010213,55118396,16622487,21374,491.44212016533777
89022741,2026-07-30T20:00:59.072856900Z,2026-07-30T20:02:02.645124800Z,EPISODE_TYPE_PUBLIC,COMPLETED,55118227,16621497,120718,912.3476055348171,55118157,16622919,56241,759.5307056570122
89022742,2026-07-30T20:00:59.073437300Z,2026-07-30T20:02:34.017503100Z,EPISODE_TYPE_PUBLIC,COMPLETED,55118379,16621497,132377,693.8673097182026,55118239,16621163,35058,555.2589777992465
89022743,2026-07-30T20:00:59.072672900Z,2026-07-30T20:01:50.548544200Z,EPISODE_TYPE_PUBLIC,COMPLETED,55117932,16621219,5322,467.3371627928018,55118412,16622965,45452,677.5737441936415
89022744,2026-07-30T20:00:59.074124400Z,2026-07-30T20:02:11.964163Z,EPISODE_TYPE_PUBLIC,COMPLETED,55118332,16622319,33964,565.1354626426149,55117334,16622420,6565,402.9617010974872
89022745,2026-07-30T20:00:59.074942600Z,2026-07-30T20:02:02.530319Z,EPISODE_TYPE_PUBLIC,COMPLETED,55116010,16621168,21900,619.0541475604726,55118157,16622919,61052,841.2432718680834
89023201,2026-07-30T20:04:59.852022900Z,2026-07-30T20:06:29.940649100Z,EPISODE_TYPE_VALIDATION,COMPLETED,55118529,16622251,3000,600,55118529,16622251,3000,600
89023202,2026-07-30T20:05:01.576236700Z,2026-07-30T20:06:32.472376200Z,EPISODE_TYPE_PUBLIC,COMPLETED,55116096,16621716,10731,554.3566489543061,55118445,16622509,45358,698.7397815789725
89023203,2026-07-30T20:05:01.577170600Z,2026-07-30T20:06:33.510983Z,EPISODE_TYPE_PUBLIC,COMPLETED,55117284,16622422,6039,606.3814172791368,55118395,16621585,48239,781.0711948354361
89023204,2026-07-30T20:05:01.579309300Z,2026-07-30T20:06:44.761993200Z,EPISODE_TYPE_PUBLIC,COMPLETED,55118449,16622509,49334,690.4917937399019,55116096,16621716,9838,524.974327363022
89023205,2026-07-30T20:05:01.580719200Z,2026-07-30T20:07:09.272446900Z,EPISODE_TYPE_PUBLIC,COMPLETED,55118412,16622965,38212,759.834910406183,55117766,16622487,23095,610.1091459038443
89023206,2026-07-30T20:05:01.582185800Z,2026-07-30T20:08:01.579038600Z,EPISODE_TYPE_PUBLIC,COMPLETED,55115974,16621153,17838,785.5529912695715,55118227,16621497,115987,985.220469678367
89023207,2026-07-30T20:05:01.582937600Z,2026-07-30T20:06:47.651707500Z,EPISODE_TYPE_PUBLIC,COMPLETED,55118396,16622487,50436,553.2114545422526,55116715,16622097,3000,329.56128385381635
89023208,2026-07-30T20:05:01.584187300Z,2026-07-30T20:07:03.761902200Z,EPISODE_TYPE_PUBLIC,COMPLETED,55117304,16622420,5699,561.1330241817208,55118379,16621497,157449,743.4231955824895
89023209,2026-07-30T20:05:01.584785700Z,2026-07-30T20:06:34.056408100Z,EPISODE_TYPE_PUBLIC,COMPLETED,55117395,16621153,32180,679.867962372602,55118332,16622319,3177,503.73898841673343
89023210,2026-07-30T20:05:01.585429300Z,2026-07-30T20:06:34.025944800Z,EPISODE_TYPE_PUBLIC,COMPLETED,55116223,16622032,25874,762.0614478865352,55118227,16621497,129741,952.3988353209677
89023211,2026-07-30T20:05:20.296801100Z,2026-07-30T20:07:10.234963200Z,EPISODE_TYPE_VALIDATION,COMPLETED,55118533,16621770,890,600,55118533,16621770,890,600
89023212,2026-07-30T20:05:51.354689900Z,2026-07-30T20:06:46.009751900Z,EPISODE_TYPE_VALIDATION,COMPLETED,55118542,16622943,524,600,55118542,16622943,479,600
89023216,2026-07-30T20:07:49.623765200Z,2026-07-30T20:08:56.039078800Z,EPISODE_TYPE_VALIDATION,COMPLETED,55118574,16621770,2883,600,55118574,16621770,2853,600
89023218,2026-07-30T20:08:03.346040600Z,2026-07-30T20:09:00.265567600Z,EPISODE_TYPE_VALIDATION,COMPLETED,55118580,16622319,211,600,55118580,16622319,112,600
89023657,2026-07-30T20:08:58.321342200Z,2026-07-30T20:10:20.096962500Z,EPISODE_TYPE_PUBLIC,COMPLETED,55117886,16621716,14393,621.0178361815559,55118529,16622251,3000,493.3874718922641
89023658,2026-07-30T20:08:58.324994700Z,2026-07-30T20:10:08.724457100Z,EPISODE_TYPE_PUBLIC,COMPLETED,55118542,16622943,1873,471.89323930414207,55116608,16622251,3000,552.3170607076478
89023659,2026-07-30T20:08:58.325172600Z,2026-07-30T20:10:02.521239500Z,EPISODE_TYPE_PUBLIC,COMPLETED,55118533,16621770,646,500.995179997657,55117284,16622422,6259,645.5503213848307
89023660,2026-07-30T20:08:58.325856300Z,2026-07-30T20:10:02.925583100Z,EPISODE_TYPE_PUBLIC,COMPLETED,55116096,16621716,8709,561.743692654616,55118574,16621770,2883,476.89814162018126
89023661,2026-07-30T20:08:58.326264700Z,2026-07-30T20:10:13.421968800Z,EPISODE_TYPE_PUBLIC,COMPLETED,55118157,16622919,68834,798.0194557779415,55118445,16622509,34430,624.1275132116624
89023662,2026-07-30T20:08:58.328705100Z,2026-07-30T20:10:10.292679100Z,EPISODE_TYPE_PUBLIC,COMPLETED,55118449,16622509,60335,734.8034735184923,55118542,16622943,834,427.58155952555165
89023663,2026-07-30T20:08:58.329799600Z,2026-07-30T20:10:04.971313300Z,EPISODE_TYPE_PUBLIC,COMPLETED,55117099,16621515,35020,783.8445795761132,55118395,16621585,21216,694.730914748058
89023664,2026-07-30T20:08:58.330561100Z,2026-07-30T20:10:20.686992300Z,EPISODE_TYPE_PUBLIC,COMPLETED,55118412,16622965,46883,827.5549728812317,55115318,16621290,3973,674.7501514060185
89023665,2026-07-30T20:08:58.331552400Z,2026-07-30T20:10:12.089345600Z,EPISODE_TYPE_PUBLIC,COMPLETED,55118396,16622487,36040,620.7037761174341,55116523,16621294,26653,463.12022422494164
89023667,2026-07-30T20:10:03.552577700Z,2026-07-30T20:11:15.835161Z,EPISODE_TYPE_VALIDATION,COMPLETED,55118615,16622937,27073,600,55118615,16622937,27073,600
89024110,2026-07-30T20:12:55.932174700Z,2026-07-30T20:14:13.540814900Z,EPISODE_TYPE_PUBLIC,COMPLETED,55118449,16622509,42516,815.2758665771736,55115818,16621163,26828,701.8831462868802
89024111,2026-07-30T20:12:55.933063800Z,2026-07-30T20:14:13.584717100Z,EPISODE_TYPE_PUBLIC,COMPLETED,55118412,16622965,26039,751.2508616673997,55118449,16622509,42289,827.9922266644821
89024112,2026-07-30T20:12:55.934005Z,2026-07-30T20:14:03.721118800Z,EPISODE_TYPE_PUBLIC,COMPLETED,55118533,16621770,983,423.44889365750373,55117802,16622482,44878,585.5102189398024
89024113,2026-07-30T20:12:55.933868900Z,2026-07-30T20:14:11.858766200Z,EPISODE_TYPE_PUBLIC,COMPLETED,55117802,16622482,22890,554.2651684679619,55118615,16622937,29490,698.4628336337487
89024114,2026-07-30T20:12:55.934498200Z,2026-07-30T20:14:14.280884400Z,EPISODE_TYPE_PUBLIC,COMPLETED,55118445,16622509,42815,750.258610750884,55116010,16621168,25187,558.9274605380135
89024115,2026-07-30T20:12:55.930513600Z,2026-07-30T20:14:09.203307Z,EPISODE_TYPE_PUBLIC,COMPLETED,55116096,16621716,8815,592.7811736552615,55118580,16622319,121,486.48586653554
89024116,2026-07-30T20:12:55.941351400Z,2026-07-30T20:13:58.306909Z,EPISODE_TYPE_PUBLIC,COMPLETED,55118445,16622509,58979,673.6766747447277,55118529,16622251,3000,434.7085773085562
89024117,2026-07-30T20:12:55.936379200Z,2026-07-30T20:14:11.966086400Z,EPISODE_TYPE_PUBLIC,COMPLETED,55118445,16622509,56278,708.5261628626711,55118574,16621770,2883,428.64071110434463
89024118,2026-07-30T20:12:55.940242800Z,2026-07-30T20:13:57.923167400Z,EPISODE_TYPE_PUBLIC,COMPLETED,55118395,16621585,15729,758.1387966660703,55117395,16621153,15500,639.5116911861794
89024119,2026-07-30T20:13:16.840061400Z,2026-07-30T20:14:17.591237400Z,EPISODE_TYPE_VALIDATION,COMPLETED,55118662,16621716,16195,600,55118662,16621716,12107,600
89024122,2026-07-30T20:16:33.698463300Z,2026-07-30T20:17:45.110078900Z,EPISODE_TYPE_VALIDATION,COMPLETED,55118706,16622940,21485,600,55118706,16622940,21885,600
89024561,2026-07-30T20:16:54.024718200Z,2026-07-30T20:18:02.634025700Z,EPISODE_TYPE_PUBLIC,COMPLETED,55118615,16622937,46603,775.9024338804306,55117284,16622422,6039,613.30026902852
89024562,2026-07-30T20:16:54.024717700Z,2026-07-30T20:17:49.546084700Z,EPISODE_TYPE_PUBLIC,COMPLETED,55115318,16621290,3883,627.7271954622399,55118662,16621716,15898,720.3714819781861
89024563,2026-07-30T20:16:54.026143100Z,2026-07-30T20:17:57.561177Z,EPISODE_TYPE_PUBLIC,COMPLETED,55117565,16621523,13591,686.0367086183523,55118449,16622509,38846,875.8595726350939
89024564,2026-07-30T20:16:54.028330200Z,2026-07-30T20:18:04.940144800Z,EPISODE_TYPE_PUBLIC,COMPLETED,55118580,16622319,175,391.34628436143447,55118542,16622943,1034,509.14522640045413
89024565,2026-07-30T20:16:54.029475800Z,2026-07-30T20:17:52.664466600Z,EPISODE_TYPE_PUBLIC,COMPLETED,55118227,16621497,111073,1015.7027392604896,55117263,16621515,34210,835.8076508041296
89024566,2026-07-30T20:16:54.029577800Z,2026-07-30T20:18:01.499824600Z,EPISODE_TYPE_PUBLIC,COMPLETED,55118379,16621497,130940,836.0244514287632,55117565,16621523,14630,658.7978327963771
89024567,2026-07-30T20:16:54.031853300Z,2026-07-30T20:17:57.881349300Z,EPISODE_TYPE_PUBLIC,COMPLETED,55118395,16621585,17168,701.9098085282576,55118379,16621497,137288,801.493065398869
89024568,2026-07-30T20:16:54.032547600Z,2026-07-30T20:18:08.793494700Z,EPISODE_TYPE_PUBLIC,COMPLETED,55115608,16621168,35609,645.4598619402393,55118396,16622487,38117,701.364350361074
89024569,2026-07-30T20:16:54.031932700Z,2026-07-30T20:17:51.845015100Z,EPISODE_TYPE_PUBLIC,COMPLETED,55118412,16622965,34761,808.9907095216684,55116223,16622032,20938,716.2100624408675
89024576,2026-07-30T20:18:31.957965200Z,2026-07-30T20:19:47.100854800Z,EPISODE_TYPE_VALIDATION,COMPLETED,55118741,16622760,24339,600,55118741,16622760,24339,600
89025017,2026-07-30T20:20:54.288479900Z,2026-07-30T20:22:00.820282400Z,EPISODE_TYPE_PUBLIC,COMPLETED,55118157,16622919,64247,831.0001018325219,55118662,16621716,7567,648.6980028930045
89025018,2026-07-30T20:20:54.289484300Z,2026-07-30T20:21:53.269922600Z,EPISODE_TYPE_PUBLIC,COMPLETED,55118706,16622940,23930,492.55234166440636,55118239,16621163,39765,619.7947275870624
89025019,2026-07-30T20:20:54.290209200Z,2026-07-30T20:22:45.328518800Z,EPISODE_TYPE_PUBLIC,COMPLETED,55118741,16622760,25279,515.1043480274574,55118395,16621585,27450,697.537265220394
89025020,2026-07-30T20:20:54.291747100Z,2026-07-30T20:22:07.693031600Z,EPISODE_TYPE_PUBLIC,COMPLETED,55118395,16621585,27461,665.7589903686559,55118615,16622937,27531,838.1896016346021
89025021,2026-07-30T20:20:54.292135900Z,2026-07-30T20:22:00.444560100Z,EPISODE_TYPE_PUBLIC,COMPLETED,55118379,16621497,129129,883.4137460747866,55118449,16622509,30067,811.3744255601441
89025022,2026-07-30T20:20:54.293562300Z,2026-07-30T20:22:26.601158700Z,EPISODE_TYPE_PUBLIC,COMPLETED,55116804,16621355,93168,986.1580624850602,55118227,16621497,94576,1090.0844919177696
89025023,2026-07-30T20:20:54.294578500Z,2026-07-30T20:21:57.499012200Z,EPISODE_TYPE_PUBLIC,COMPLETED,55118445,16622509,40630,796.1887505176443,55115818,16621163,26495,663.3160224739778
89025024,2026-07-30T20:20:54.295156400Z,2026-07-30T20:22:01.169173100Z,EPISODE_TYPE_PUBLIC,COMPLETED,55118227,16621497,105524,1057.1944873434666,55116580,16621355,89461,976.6557902024806
89025025,2026-07-30T20:20:54.297319300Z,2026-07-30T20:21:55.083921700Z,EPISODE_TYPE_PUBLIC,COMPLETED,55117099,16621515,36889,813.6639671324508,55118396,16622487,19101,657.8213719861456
89025028,2026-07-30T20:22:59.275765700Z,2026-07-30T20:23:58.115011300Z,EPISODE_TYPE_VALIDATION,COMPLETED,55118784,16622943,3000,600,55118784,16622943,3000,600
89025471,2026-07-30T20:24:54.523764700Z,2026-07-30T20:25:54.062802900Z,EPISODE_TYPE_PUBLIC,COMPLETED,55118784,16622943,3000,514.1225773204287,55115818,16621163,34548,693.0150810248607
89025472,2026-07-30T20:24:54.525675600Z,2026-07-30T20:25:57.567875Z,EPISODE_TYPE_PUBLIC,COMPLETED,55115608,16621168,40846,685.5649205001841,55118662,16621716,14281,570.5358650601598
89025473,2026-07-30T20:24:54.526256Z,2026-07-30T20:25:54.312678300Z,EPISODE_TYPE_PUBLIC,COMPLETED,55118396,16622487,19960,597.4482156623862,55118741,16622760,32983,638.069593743251
89025474,2026-07-30T20:24:54.526987900Z,2026-07-30T20:26:00.682922100Z,EPISODE_TYPE_PUBLIC,COMPLETED,55118706,16622940,23727,399.4134264581767,55116523,16621294,39104,518.6696758774942
89025475,2026-07-30T20:24:54.527867300Z,2026-07-30T20:26:10.870849100Z,EPISODE_TYPE_PUBLIC,COMPLETED,55118449,16622509,36893,853.2392579652204,55118615,16622937,28397,717.9964959656016
89025476,2026-07-30T20:24:54.528517200Z,2026-07-30T20:26:07.948167400Z,EPISODE_TYPE_PUBLIC,COMPLETED,55115388,16621402,27361,849.9824721471571,55118615,16622937,26889,766.0312003593599
89025477,2026-07-30T20:24:54.529549600Z,2026-07-30T20:26:00.481659Z,EPISODE_TYPE_PUBLIC,COMPLETED,55116475,16621367,27946,541.1241986575683,55116892,16622097,3334,434.5399973957301
89025478,2026-07-30T20:24:54.529080500Z,2026-07-30T20:26:04.153823900Z,EPISODE_TYPE_PUBLIC,COMPLETED,55118412,16622965,29487,854.5487222402111,55117099,16621515,29487,822.3232787822168
89025479,2026-07-30T20:24:54.530586700Z,2026-07-30T20:25:53.418847100Z,EPISODE_TYPE_PUBLIC,COMPLETED,55117304,16622420,6664,609.1060297780866,55116608,16622251,3000,488.8735153640363
89025480,2026-07-30T20:24:54.531321300Z,2026-07-30T20:25:51.230069500Z,EPISODE_TYPE_PUBLIC,COMPLETED,55118412,16622965,34148,864.7613640952568,55115388,16621402,21128,811.1108125512357
89025486,2026-07-30T20:27:12.858035400Z,2026-07-30T20:28:09.219588800Z,EPISODE_TYPE_VALIDATION,COMPLETED,55118855,16622965,25612,600,55118855,16622965,26102,600
89025925,2026-07-30T20:28:57.311065800Z,2026-07-30T20:30:14.118377100Z,EPISODE_TYPE_PUBLIC,COMPLETED,55117886,16621716,9924,574.254545267521,55118855,16622965,35220,704.8904921362056
89025926,2026-07-30T20:28:57.312108800Z,2026-07-30T20:30:09.864014500Z,EPISODE_TYPE_PUBLIC,COMPLETED,55118741,16622760,48107,711.2165443907446,55117284,16622422,5985,580.5133980204834
89025927,2026-07-30T20:28:57.313197400Z,2026-07-30T20:30:11.222681500Z,EPISODE_TYPE_PUBLIC,COMPLETED,55118784,16622943,3000,505.4091123118336,55116608,16622251,3000,493.9271525008113
89025928,2026-07-30T20:28:57.314748300Z,2026-07-30T20:30:17.093418Z,EPISODE_TYPE_PUBLIC,COMPLETED,55116523,16621294,34787,567.1392337772071,55118662,16621716,9736,459.27248730927585
89025929,2026-07-30T20:28:57.316278100Z,2026-07-30T20:30:11.142955400Z,EPISODE_TYPE_PUBLIC,COMPLETED,55116475,16621367,21433,473.6412584696794,55117940,16622842,42950,579.5645660036212
89025930,2026-07-30T20:28:57.318772Z,2026-07-30T20:29:59.169970Z,EPISODE_TYPE_PUBLIC,COMPLETED,55118412,16622965,27877,805.8473361363363,55118445,16622509,37681,851.1199213912823
89025931,2026-07-30T20:28:57.319792900Z,2026-07-30T20:30:01.497872400Z,EPISODE_TYPE_PUBLIC,COMPLETED,55118379,16621497,136248,919.0833483277092,55118449,16622509,33758,812.9904148141277
89025932,2026-07-30T20:28:57.320151800Z,2026-07-30T20:29:55.514146500Z,EPISODE_TYPE_PUBLIC,COMPLETED,55118662,16621716,15807,514.5830168954396,55118239,16621163,40846,667.5393821303069
89025933,2026-07-30T20:28:57.322416600Z,2026-07-30T20:29:53.227509700Z,EPISODE_TYPE_PUBLIC,COMPLETED,55117334,16622420,6532,469.3997116385366,55118529,16622251,3000,354.8911953447557
89025934,2026-07-30T20:28:57.322369800Z,2026-07-30T20:30:54.167448600Z,EPISODE_TYPE_PUBLIC,COMPLETED,55116691,16621802,49336,863.6339470276616,55118412,16622965,15226,770.6634127762508
89026383,2026-07-30T20:32:58.415326300Z,2026-07-30T20:34:13.497846100Z,EPISODE_TYPE_PUBLIC,COMPLETED,55118855,16622965,38159,833.1162684754526,55116523,16621294,31149,547.5805941424269
89026384,2026-07-30T20:32:58.416194400Z,2026-07-30T20:33:56.303700400Z,EPISODE_TYPE_PUBLIC,COMPLETED,55117088,16622312,1844,481.485807223767,55118542,16622943,656,426.04456829174103
89026385,2026-07-30T20:32:58.415697100Z,2026-07-30T20:34:05.659347100Z,EPISODE_TYPE_PUBLIC,COMPLETED,55118784,16622943,3000,501.4540551357343,55116608,16622251,3000,496.2243437690758
89026386,2026-07-30T20:32:58.416511500Z,2026-07-30T20:33:51.286454200Z,EPISODE_TYPE_PUBLIC,COMPLETED,55117766,16622487,22630,578.3536760816787,55118741,16622760,31586,760.0369019639004
89026387,2026-07-30T20:32:58.419272500Z,2026-07-30T20:34:01.354159300Z,EPISODE_TYPE_PUBLIC,COMPLETED,55117863,16621811,4801,355.91625778933087,55118662,16621716,22590,500.500174889683
89026388,2026-07-30T20:32:58.418506900Z,2026-07-30T20:34:07.802465900Z,EPISODE_TYPE_PUBLIC,COMPLETED,55118574,16621770,2853,370.30528749604383,55118784,16622943,3000,570.0625795844549
89026389,2026-07-30T20:32:58.420293200Z,2026-07-30T20:34:25.845394100Z,EPISODE_TYPE_PUBLIC,COMPLETED,55116608,16622251,3000,538.4457556153711,55118533,16621770,621,361.7306081261775
89026390,2026-07-30T20:32:58.421642500Z,2026-07-30T20:34:20.248798700Z,EPISODE_TYPE_PUBLIC,COMPLETED,55118013,16622482,27433,629.9260534788905,55115608,16621168,33549,723.3856410221259
89026391,2026-07-30T20:32:58.421072700Z,2026-07-30T20:33:57.488397300Z,EPISODE_TYPE_PUBLIC,COMPLETED,55118332,16622319,27281,575.5948311811887,55115877,16621367,24641,489.19589941975494
89026392,2026-07-30T20:32:58.422231700Z,2026-07-30T20:33:58.439142400Z,EPISODE_TYPE_PUBLIC,COMPLETED,55118615,16622937,19830,673.2920607208606,55118855,16622965,32373,796.1126560112914
89026836,2026-07-30T20:36:56.755253Z,2026-07-30T20:37:51.320523700Z,EPISODE_TYPE_PUBLIC,COMPLETED,55118239,16621163,39925,738.4725660228578,55118855,16622965,39047,733.6992018089765
89026837,2026-07-30T20:36:56.756078500Z,2026-07-30T20:37:51.968854Z,EPISODE_TYPE_PUBLIC,COMPLETED,55118784,16622943,3000,489.11519423269755,55116010,16621168,32691,591.0890047586029
89026838,2026-07-30T20:36:56.756528100Z,2026-07-30T20:38:06.536115800Z,EPISODE_TYPE_PUBLIC,COMPLETED,55118741,16622760,18407,799.4613074312945,55117395,16621153,14681,613.1125039727509
89026839,2026-07-30T20:36:56.758951100Z,2026-07-30T20:38:15.730528100Z,EPISODE_TYPE_PUBLIC,COMPLETED,55118741,16622760,16944,847.5474087873504,55115974,16621153,15054,743.6865690553964
89026840,2026-07-30T20:36:56.759732500Z,2026-07-30T20:38:19.556105300Z,EPISODE_TYPE_PUBLIC,COMPLETED,55116580,16621355,93324,1026.7408909391252,55118227,16621497,87044,1044.143373967949
89026841,2026-07-30T20:36:56.761226400Z,2026-07-30T20:37:51.941831700Z,EPISODE_TYPE_PUBLIC,COMPLETED,55117274,16621811,3377,489.16602665203266,55118542,16622943,1696,371.92015506308434
89026842,2026-07-30T20:36:56.761874300Z,2026-07-30T20:38:00.989458300Z,EPISODE_TYPE_PUBLIC,COMPLETED,55118157,16622919,40810,792.7733352972203,55116691,16621802,63435,899.3390325737622
89026843,2026-07-30T20:36:56.762862200Z,2026-07-30T20:38:15.549426600Z,EPISODE_TYPE_PUBLIC,COMPLETED,55118239,16621163,40566,675.0091303015389,55118396,16622487,46447,659.3806087774211
89026844,2026-07-30T20:36:56.763569800Z,2026-07-30T20:38:18.764109Z,EPISODE_TYPE_PUBLIC,COMPLETED,55118379,16621497,133681,947.5899136756307,55118445,16622509,37476,817.8855872143542
89026845,2026-07-30T20:36:56.764611100Z,2026-07-30T20:38:24.958068300Z,EPISODE_TYPE_PUBLIC,COMPLETED,55116580,16621355,71722,986.0736555308985,55118379,16621497,91389,989.1663743047322
89026857,2026-07-30T20:40:36.506360800Z,2026-07-30T20:42:40.558594600Z,EPISODE_TYPE_VALIDATION,COMPLETED,55119028,16622319,28958,600,55119028,16622319,28123,600
89027297,2026-07-30T20:40:56.055942200Z,2026-07-30T20:41:53.276721400Z,EPISODE_TYPE_PUBLIC,COMPLETED,55118615,16622937,20048,638.1951152589065,55118855,16622965,32065,781.5578412750198
89027298,2026-07-30T20:40:56.056951Z,2026-07-30T20:42:06.506139600Z,EPISODE_TYPE_PUBLIC,COMPLETED,55117099,16621515,29686,860.974873659247,55118741,16622760,23474,799.4993132187525
89027299,2026-07-30T20:40:56.056977800Z,2026-07-30T20:42:06.674256600Z,EPISODE_TYPE_PUBLIC,COMPLETED,55117088,16622312,4085,535.7146560756607,55117274,16621811,3363,423.4654577271243
89027300,2026-07-30T20:40:56.058023600Z,2026-07-30T20:42:13.924278400Z,EPISODE_TYPE_PUBLIC,COMPLETED,55118784,16622943,3000,519.6260255572276,55117395,16621153,33938,644.1939174094085
89027301,2026-07-30T20:40:56.058892200Z,2026-07-30T20:42:07.172942400Z,EPISODE_TYPE_PUBLIC,COMPLETED,55117334,16622420,6385,406.9749494824743,55118706,16622940,25094,488.88348739396463
89027302,2026-07-30T20:40:56.059379900Z,2026-07-30T20:42:06.334721200Z,EPISODE_TYPE_PUBLIC,COMPLETED,55115641,16621519,2300,462.7008467281581,55118580,16622319,242,319.67907301287386
89027303,2026-07-30T20:40:56.060463800Z,2026-07-30T20:41:54.710087900Z,EPISODE_TYPE_PUBLIC,COMPLETED,55118332,16622319,2187,510.1650589371159,55118784,16622943,3000,568.6580208765831
89027304,2026-07-30T20:40:56.060994200Z,2026-07-30T20:42:18.644587Z,EPISODE_TYPE_PUBLIC,COMPLETED,55117347,16622198,28005,827.8303411280727,55115974,16621153,17096,709.5769081834509
89027305,2026-07-30T20:40:56.062672200Z,2026-07-30T20:42:12.546957700Z,EPISODE_TYPE_PUBLIC,COMPLETED,55115388,16621402,28532,810.8697865534633,55118449,16622509,35347,857.0579272603594
89027306,2026-07-30T20:40:56.062651500Z,2026-07-30T20:42:01.868888600Z,EPISODE_TYPE_PUBLIC,COMPLETED,55116804,16621355,69892,951.9692853365995,55118379,16621497,92397,1018.343199519152
89027753,2026-07-30T20:44:57.598412200Z,2026-07-30T20:46:07.157765100Z,EPISODE_TYPE_PUBLIC,COMPLETED,55118855,16622965,31190,837.275118880228,55115388,16621402,20352,777.5989140097951
89027754,2026-07-30T20:44:57.599064500Z,2026-07-30T20:46:06.141897700Z,EPISODE_TYPE_PUBLIC,COMPLETED,55117932,16621219,5673,414.660503658487,55118706,16622940,25271,549.2268844702879
89027755,2026-07-30T20:44:57.599499600Z,2026-07-30T20:46:15.680413700Z,EPISODE_TYPE_PUBLIC,COMPLETED,55119028,16622319,32108,718.2827420676524,55118396,16622487,22324,622.2589261117465
89027756,2026-07-30T20:44:57.600570800Z,2026-07-30T20:46:15.626210300Z,EPISODE_TYPE_PUBLIC,COMPLETED,55116691,16621802,49097,928.3770285467805,55118855,16622965,14413,801.489442441209
89027757,2026-07-30T20:44:57.601745300Z,2026-07-30T20:46:32.539838700Z,EPISODE_TYPE_PUBLIC,COMPLETED,55117565,16621523,16636,614.3551305886072,55117940,16622842,29407,643.935662845186
89027758,2026-07-30T20:44:57.604195300Z,2026-07-30T20:45:55.747417300Z,EPISODE_TYPE_PUBLIC,COMPLETED,55115827,16621290,4548,491.96169725482616,55118784,16622943,3000,459.54329023252654
89027759,2026-07-30T20:44:57.604583200Z,2026-07-30T20:45:59.798350400Z,EPISODE_TYPE_PUBLIC,COMPLETED,55115608,16621168,38189,698.103577908227,55117347,16622198,38882,854.1166719723773
89027760,2026-07-30T20:44:57.605714200Z,2026-07-30T20:45:56.119827600Z,EPISODE_TYPE_PUBLIC,COMPLETED,55118741,16622760,30094,762.565641261745,55118445,16622509,34621,852.6048235052976
89027761,2026-07-30T20:44:57.606182800Z,2026-07-30T20:46:05.433509400Z,EPISODE_TYPE_PUBLIC,COMPLETED,55118227,16621497,104993,1066.2939577192865,55116804,16621355,84814,929.3189252081228
89027762,2026-07-30T20:44:57.606862500Z,2026-07-30T20:46:18.919389Z,EPISODE_TYPE_PUBLIC,COMPLETED,55118445,16622509,32203,872.8291510303153,55115974,16621153,16174,687.4696578200292
89027765,2026-07-30T20:45:55.786949100Z,2026-07-30T20:46:51.445015400Z,EPISODE_TYPE_VALIDATION,COMPLETED,55119099,16622943,3000,600,55119099,16622943,3000,600
89028207,2026-07-30T20:48:57.732905900Z,2026-07-30T20:50:00.023128900Z,EPISODE_TYPE_PUBLIC,COMPLETED,55115318,16621290,4104,578.8116771831351,55118706,16622940,25522,619.4331600175595
89028208,2026-07-30T20:48:57.732978500Z,2026-07-30T20:50:12.510301600Z,EPISODE_TYPE_PUBLIC,COMPLETED,55115388,16621402,20431,750.8858097565292,55118855,16622965,32253,838.1481693303215
89028209,2026-07-30T20:48:57.733646400Z,2026-07-30T20:49:55.773074300Z,EPISODE_TYPE_PUBLIC,COMPLETED,55117802,16622482,43405,582.0268918723038,55115827,16621290,5505,443.1047529138315
89028210,2026-07-30T20:48:57.734155800Z,2026-07-30T20:50:00.859807400Z,EPISODE_TYPE_PUBLIC,COMPLETED,55115974,16621153,15299,664.2284866245918,55118157,16622919,46865,819.6627224781002
89028211,2026-07-30T20:48:57.735013200Z,2026-07-30T20:49:58.525498700Z,EPISODE_TYPE_PUBLIC,COMPLETED,55116223,16622032,35799,755.8324393401166,55115608,16621168,31106,667.4682655595524
89028212,2026-07-30T20:48:57.736803400Z,2026-07-30T20:49:54.822227300Z,EPISODE_TYPE_PUBLIC,COMPLETED,55119028,16622319,28733,603.2362274836017,55118396,16622487,41056,660.7833132279998
89028213,2026-07-30T20:48:57.737305600Z,2026-07-30T20:50:16.509133900Z,EPISODE_TYPE_PUBLIC,COMPLETED,55118449,16622509,40792,890.4369026125164,55117263,16621515,25077,809.6571947471236
89028214,2026-07-30T20:48:57.738618200Z,2026-07-30T20:49:55.482524100Z,EPISODE_TYPE_PUBLIC,COMPLETED,55116691,16621802,56812,954.1913402615827,55117347,16622198,27654,827.3305664148363
89028215,2026-07-30T20:48:57.741081100Z,2026-07-30T20:50:07.857853800Z,EPISODE_TYPE_PUBLIC,COMPLETED,55118784,16622943,3000,499.9972617756066,55115641,16621519,2300,402.85065611719284
89028216,2026-07-30T20:48:57.736216100Z,2026-07-30T20:49:54.608312400Z,EPISODE_TYPE_PUBLIC,COMPLETED,55119099,16622943,3000,494.1812640071227,55116010,16621168,33971,618.6310187775722
89028219,2026-07-30T20:51:12.867593300Z,2026-07-30T20:52:26.902529Z,EPISODE_TYPE_VALIDATION,COMPLETED,55119163,16622937,39223,600,55119163,16622937,38289,600
89028221,2026-07-30T20:51:41.140672400Z,2026-07-30T20:52:39.297463700Z,EPISODE_TYPE_VALIDATION,COMPLETED,55119169,16622482,49059,600,55119169,16622482,47184,600
89028663,2026-07-30T20:52:54.125573100Z,2026-07-30T20:53:48.350855300Z,EPISODE_TYPE_PUBLIC,COMPLETED,55118395,16621585,32069,724.1323263537372,55119163,16622937,30353,522.0716893498686
89028664,2026-07-30T20:52:54.127179100Z,2026-07-30T20:54:21.062116100Z,EPISODE_TYPE_PUBLIC,COMPLETED,55119169,16622482,57011,686.0385056268401,55117304,16622420,6957,508.51308576994114
89028665,2026-07-30T20:52:54.129124600Z,2026-07-30T20:53:49.900614500Z,EPISODE_TYPE_PUBLIC,COMPLETED,55117304,16622420,6720,566.361927499618,55119028,16622319,51668,681.5224296774055
89028666,2026-07-30T20:52:54.130475800Z,2026-07-30T20:53:50.186321600Z,EPISODE_TYPE_PUBLIC,COMPLETED,55119099,16622943,3000,402.7655476775303,55116475,16621367,30574,526.6459258156876
89028667,2026-07-30T20:52:54.131714200Z,2026-07-30T20:53:53.004557800Z,EPISODE_TYPE_PUBLIC,COMPLETED,55118706,16622940,18808,573.2159485158999,55118013,16622482,26250,672.213971073929
89028668,2026-07-30T20:52:54.135484500Z,2026-07-30T20:54:13.609471100Z,EPISODE_TYPE_PUBLIC,COMPLETED,55117940,16622842,18365,688.504981992503,55117395,16621153,15863,610.8182925280587
89028669,2026-07-30T20:52:54.133511600Z,2026-07-30T20:53:50.528251300Z,EPISODE_TYPE_PUBLIC,COMPLETED,55118396,16622487,46221,683.9815398595465,55117304,16622420,6693,535.2731930801071
89028670,2026-07-30T20:52:54.135216200Z,2026-07-30T20:54:14.205537300Z,EPISODE_TYPE_PUBLIC,COMPLETED,55117565,16621523,21308,591.398506966765,55118395,16621585,27463,750.6799026849372
89028671,2026-07-30T20:52:54.137027Z,2026-07-30T20:54:13.544551300Z,EPISODE_TYPE_PUBLIC,COMPLETED,55115608,16621168,35018,697.5362623803255,55118013,16622482,28278,631.0546723309653
89028672,2026-07-30T20:52:54.139518600Z,2026-07-30T20:53:48.475726200Z,EPISODE_TYPE_PUBLIC,COMPLETED,55117099,16621515,26942,825.4707514935373,55118855,16622965,28085,875.5314516698711
89029118,2026-07-30T20:56:56.470053400Z,2026-07-30T20:57:59.973502Z,EPISODE_TYPE_PUBLIC,COMPLETED,55119183,16622943,3000,481.12699026887617,55116475,16621367,26564,577.926945934946
89029119,2026-07-30T20:56:56.471192800Z,2026-07-30T20:57:57.635155900Z,EPISODE_TYPE_PUBLIC,COMPLETED,55117886,16621716,11066,536.409750035956,55119163,16622937,41975,682.9048641514668
89029120,2026-07-30T20:56:56.473673100Z,2026-07-30T20:58:17.224499Z,EPISODE_TYPE_PUBLIC,COMPLETED,55119028,16622319,34681,615.8525667229914,55115608,16621168,36439,721.5534528892417
89029121,2026-07-30T20:56:56.474216500Z,2026-07-30T20:58:11.224337400Z,EPISODE_TYPE_PUBLIC,COMPLETED,55118227,16621497,107237,1087.6996873309433,55116580,16621355,95661,963.7095939901423
89029122,2026-07-30T20:56:56.474384800Z,2026-07-30T20:58:04.468926200Z,EPISODE_TYPE_PUBLIC,COMPLETED,55119099,16622943,3000,479.1250294697485,55115641,16621519,2300,356.5750534067911
89029123,2026-07-30T20:56:56.471219Z,2026-07-30T20:57:52.628489600Z,EPISODE_TYPE_PUBLIC,COMPLETED,55117940,16622842,35528,654.4043314032833,55119169,16622482,45343,776.6953881539536
89029124,2026-07-30T20:56:56.479485Z,2026-07-30T20:58:15.673987Z,EPISODE_TYPE_PUBLIC,COMPLETED,55118157,16622919,58329,855.4270577222809,55117099,16621515,30259,795.0147019256535
89029125,2026-07-30T20:56:56.479484200Z,2026-07-30T20:57:57.657484200Z,EPISODE_TYPE_PUBLIC,COMPLETED,55116691,16621802,44837,991.5096176253144,55118379,16621497,26138,985.3494108381307
89029126,2026-07-30T20:56:56.480087400Z,2026-07-30T20:57:52.175471900Z,EPISODE_TYPE_PUBLIC,COMPLETED,55115733,16621519,38,315.110349717223,55116892,16622097,3363,471.09040219363715
89029127,2026-07-30T20:56:56.476675200Z,2026-07-30T20:57:54.928360900Z,EPISODE_TYPE_PUBLIC,COMPLETED,55119163,16622937,74261,613.765616031354,55116608,16622251,3000,491.9864476714103
89029591,2026-07-30T21:00:57.127976200Z,2026-07-30T21:02:27.263009600Z,EPISODE_TYPE_PUBLIC,COMPLETED,55119264,16622940,16055,751.3194180515218,55115318,16621290,3809,554.910055779846
89029592,2026-07-30T21:00:57.127899100Z,2026-07-30T21:02:10.580015300Z,EPISODE_TYPE_PUBLIC,COMPLETED,55116892,16622097,3291,445.80165076544233,55119254,16622993,45921,670.7770334064057
89029593,2026-07-30T21:00:57.128701300Z,2026-07-30T21:02:13.442085600Z,EPISODE_TYPE_PUBLIC,COMPLETED,55116223,16622032,34711,724.6821887221965,55119169,16622482,44094,850.9855298745065
89029594,2026-07-30T21:00:57.130146500Z,2026-07-30T21:02:09.589600500Z,EPISODE_TYPE_PUBLIC,COMPLETED,55116523,16621294,43467,578.3478394640399,55119183,16622943,3000,406.58348811929443
89029595,2026-07-30T21:00:57.131374Z,2026-07-30T21:02:22.561475Z,EPISODE_TYPE_PUBLIC,COMPLETED,55119163,16622937,35749,751.5557561315627,55118396,16622487,26887,656.6117071148507
89029596,2026-07-30T21:00:57.132418Z,2026-07-30T21:02:28.662118300Z,EPISODE_TYPE_PUBLIC,COMPLETED,55115318,16621290,3846,527.6092821193088,55119028,16622319,50842,663.0309459432638
89029597,2026-07-30T21:00:57.133655800Z,2026-07-30T21:02:07.220264400Z,EPISODE_TYPE_PUBLIC,COMPLETED,55119099,16622943,3000,428.91252522764415,55118706,16622940,25122,603.052547206406
89029598,2026-07-30T21:00:57.134447100Z,2026-07-30T21:02:17.639540100Z,EPISODE_TYPE_PUBLIC,COMPLETED,55116223,16622032,23759,705.7899346929834,55118157,16622919,59750,905.7705758598375
89029599,2026-07-30T21:00:57.137492300Z,2026-07-30T21:02:10.564238200Z,EPISODE_TYPE_PUBLIC,COMPLETED,55117088,16622312,2267,499.8132598566511,55119264,16622940,16065,684.5474416986115
89029600,2026-07-30T21:00:57.137321900Z,2026-07-30T21:02:15.084990400Z,EPISODE_TYPE_PUBLIC,COMPLETED,55118157,16622919,67830,890.361786964729,55118449,16622509,32841,854.9878935767289
89029603,2026-07-30T21:02:12.082705600Z,2026-07-30T21:03:10.505470800Z,EPISODE_TYPE_VALIDATION,COMPLETED,55119314,16622965,24794,600,55119314,16622965,25284,600
89030049,2026-07-30T21:04:53.429582800Z,2026-07-30T21:05:53.048407700Z,EPISODE_TYPE_PUBLIC,COMPLETED,55117284,16622422,5449,551.8134363263048,55119314,16622965,43396,697.6280211423338
89030050,2026-07-30T21:04:53.429936700Z,2026-07-30T21:06:15.274001100Z,EPISODE_TYPE_PUBLIC,COMPLETED,55117940,16622842,32919,650.7591912211519,55119320,16622338,4333,503.24883267316613
89030051,2026-07-30T21:04:53.431339200Z,2026-07-30T21:06:07.883999800Z,EPISODE_TYPE_PUBLIC,COMPLETED,55117940,16622842,28516,624.6874322526173,55119254,16622993,28803,757.5286796071281
89030052,2026-07-30T21:04:53.432667100Z,2026-07-30T21:06:17.441633300Z,EPISODE_TYPE_PUBLIC,COMPLETED,55119264,16622940,5882,651.5216239357223,55115974,16621153,20473,698.4323280715988
89030053,2026-07-30T21:04:53.434240900Z,2026-07-30T21:06:14.284469500Z,EPISODE_TYPE_PUBLIC,COMPLETED,55119169,16622482,46256,909.1774966328009,55117099,16621515,34057,773.9067680366386
89030054,2026-07-30T21:04:53.434872800Z,2026-07-30T21:06:09.244915800Z,EPISODE_TYPE_PUBLIC,COMPLETED,55118239,16621163,39652,645.9082732557043,55119163,16622937,46467,796.0807496355494
89030055,2026-07-30T21:04:53.435161400Z,2026-07-30T21:06:13.432099Z,EPISODE_TYPE_PUBLIC,COMPLETED,55117304,16622420,5875,531.7597644061761,55119183,16622943,3000,348.1861919225698
89030056,2026-07-30T21:04:53.437698100Z,2026-07-30T21:06:04.105112300Z,EPISODE_TYPE_PUBLIC,COMPLETED,55118574,16621770,2853,316.10898033227926,55116892,16622097,3328,475.1302765506097
89030057,2026-07-30T21:04:53.436981200Z,2026-07-30T21:06:29.066885900Z,EPISODE_TYPE_PUBLIC,COMPLETED,55119028,16622319,41331,709.6751432747823,55118239,16621163,40588,613.3931641476511
89030058,2026-07-30T21:04:53.441253100Z,2026-07-30T21:06:17.087065400Z,EPISODE_TYPE_PUBLIC,COMPLETED,55116691,16621802,62779,971.6403149966595,55118227,16621497,104223,1106.3945903938547
89030059,2026-07-30T21:04:53.441753500Z,2026-07-30T21:06:31.730092100Z,EPISODE_TYPE_PUBLIC,COMPLETED,55116475,16621367,16055,547.1074001362357,55115974,16621153,28648,716.7831867696442
89030516,2026-07-30T21:08:58.030480Z,2026-07-30T21:10:03.946741700Z,EPISODE_TYPE_PUBLIC,COMPLETED,55119254,16622993,34744,836.4400504834487,55115388,16621402,20915,727.5602392150918
89030517,2026-07-30T21:08:58.030254600Z,2026-07-30T21:10:17.233298100Z,EPISODE_TYPE_PUBLIC,COMPLETED,55118396,16622487,23212,635.3942946508167,55119314,16622965,37414,779.8334528850957
89030518,2026-07-30T21:08:58.033542600Z,2026-07-30T21:09:55.041026500Z,EPISODE_TYPE_PUBLIC,COMPLETED,55117274,16621811,3330,382.82216699874994,55119320,16622338,37382,573.328125273462
89030519,2026-07-30T21:08:58.033390500Z,2026-07-30T21:10:30.793105500Z,EPISODE_TYPE_PUBLIC,COMPLETED,55116691,16621802,63477,991.1724082601193,55119169,16622482,36845,861.3053346001727
89030520,2026-07-30T21:08:58.033098Z,2026-07-30T21:10:28.796978400Z,EPISODE_TYPE_PUBLIC,COMPLETED,55119264,16622940,12766,584.5566619275422,55115818,16621163,32186,686.8444283062271
89030521,2026-07-30T21:08:58.035221Z,2026-07-30T21:10:04.835580Z,EPISODE_TYPE_PUBLIC,COMPLETED,55119163,16622937,26704,835.1786177100072,55115974,16621153,15572,697.0387484756726
89030522,2026-07-30T21:08:58.035753600Z,2026-07-30T21:10:17.289513100Z,EPISODE_TYPE_PUBLIC,COMPLETED,55119028,16622319,29805,667.3502457205018,55115608,16621168,38130,745.7604908257645
89030523,2026-07-30T21:08:58.036868300Z,2026-07-30T21:10:25.403375300Z,EPISODE_TYPE_PUBLIC,COMPLETED,55115818,16621163,29521,655.6195849465374,55116223,16622032,31257,735.7579070572436
89030524,2026-07-30T21:08:58.038241400Z,2026-07-30T21:10:29.144832300Z,EPISODE_TYPE_PUBLIC,COMPLETED,55118855,16622965,30668,839.1384401831322,55117347,16622198,35182,863.5930688891015
89030525,2026-07-30T21:08:58.040225400Z,2026-07-30T21:10:17.084309400Z,EPISODE_TYPE_PUBLIC,COMPLETED,55117263,16621515,30331,831.7279978626846,55118741,16622760,22805,731.6960586315422
89030975,2026-07-30T21:12:52.095757300Z,2026-07-30T21:14:08.125405400Z,EPISODE_TYPE_PUBLIC,COMPLETED,55115608,16621168,34540,729.3352741161837,55119254,16622993,36524,888.7300397385889
89030977,2026-07-30T21:12:52.097513200Z,2026-07-30T21:14:11.723930800Z,EPISODE_TYPE_PUBLIC,COMPLETED,55119320,16622338,30212,709.4148802131504,55116010,16621168,24942,593.1994281905291
89030978,2026-07-30T21:12:52.094877400Z,2026-07-30T21:13:54.971526100Z,EPISODE_TYPE_PUBLIC,COMPLETED,55119314,16622965,32083,872.773826002451,55117263,16621515,20929,807.350476282689
89030979,2026-07-30T21:12:52.098708400Z,2026-07-30T21:14:04.840633200Z,EPISODE_TYPE_PUBLIC,COMPLETED,55118157,16622919,62448,927.9055363863454,55119169,16622482,42138,817.8672507529677
89030980,2026-07-30T21:12:52.102373300Z,2026-07-30T21:14:20.310935Z,EPISODE_TYPE_PUBLIC,COMPLETED,55118445,16622509,48249,898.296742126409,55119169,16622482,41812,781.6799691080574
89030981,2026-07-30T21:12:52.101908800Z,2026-07-30T21:14:07.039814200Z,EPISODE_TYPE_PUBLIC,COMPLETED,55119163,16622937,35276,802.8249671747619,55116804,16621355,105861,949.5076995777123
89030982,2026-07-30T21:12:52.104628200Z,2026-07-30T21:13:52.580911300Z,EPISODE_TYPE_PUBLIC,COMPLETED,55119264,16622940,13030,528.3666433539443,55117565,16621523,32853,619.940941031662
89030983,2026-07-30T21:12:52.106655900Z,2026-07-30T21:14:20.583671300Z,EPISODE_TYPE_PUBLIC,COMPLETED,55118580,16622319,149,263.5248223830535,55118533,16621770,1034,417.88485875599787
89030984,2026-07-30T21:12:52.108218400Z,2026-07-30T21:14:03.199773500Z,EPISODE_TYPE_PUBLIC,COMPLETED,55118529,16622251,3000,374.81506945958813,55119099,16622943,3000,412.2074814311966
89030985,2026-07-30T21:12:52.110069900Z,2026-07-30T21:13:48.763614800Z,EPISODE_TYPE_PUBLIC,COMPLETED,55115827,16621290,3677,384.33765935170845,55117863,16621811,4354,437.41251948736976
89030988,2026-07-30T21:16:13.168311700Z,2026-07-30T21:17:36.732148700Z,EPISODE_TYPE_VALIDATION,COMPLETED,55119531,16622937,42554,600,55119531,16622937,50639,600
89031428,2026-07-30T21:16:54.753142200Z,2026-07-30T21:18:07.715751700Z,EPISODE_TYPE_PUBLIC,COMPLETED,55119467,16622990,459,476.44961469721557,55115318,16621290,3912,559.5744969542336
89031429,2026-07-30T21:16:54.753165500Z,2026-07-30T21:18:00.072923900Z,EPISODE_TYPE_PUBLIC,COMPLETED,55118379,16621497,98750,1001.0329571525489,55119314,16622965,26869,824.3029558133572
89031430,2026-07-30T21:16:54.755638100Z,2026-07-30T21:17:58.252727400Z,EPISODE_TYPE_PUBLIC,COMPLETED,55119254,16622993,32517,826.1309647373164,55117347,16622198,38286,891.9784896371407
89031431,2026-07-30T21:16:54.756072400Z,2026-07-30T21:17:57.816079900Z,EPISODE_TYPE_PUBLIC,COMPLETED,55119320,16622338,7012,654.2150648415246,55115608,16621168,35241,749.3442623442301
89031432,2026-07-30T21:16:54.756958400Z,2026-07-30T21:17:58.071658700Z,EPISODE_TYPE_PUBLIC,COMPLETED,55119357,16623099,3898,374.7669288023067,55117395,16621153,31925,625.5882161540153
89031433,2026-07-30T21:16:54.759834100Z,2026-07-30T21:18:13.568972400Z,EPISODE_TYPE_PUBLIC,COMPLETED,55119163,16622937,39307,833.9054982352271,55118741,16622760,24824,706.7892553684288
89031434,2026-07-30T21:16:54.761198100Z,2026-07-30T21:18:00.781481900Z,EPISODE_TYPE_PUBLIC,COMPLETED,55119169,16622482,40753,751.3648251523956,55118449,16622509,49178,877.1792032953244
89031435,2026-07-30T21:16:54.761615600Z,2026-07-30T21:18:09.325147300Z,EPISODE_TYPE_PUBLIC,COMPLETED,55119357,16623099,6099,438.24655945684054,55118529,16622251,3000,312.42347271054473
89031436,2026-07-30T21:16:54.762885100Z,2026-07-30T21:17:59.196644500Z,EPISODE_TYPE_PUBLIC,COMPLETED,55117304,16622420,6894,554.7810012137965,55117863,16621811,4709,395.02648080492105
89031437,2026-07-30T21:16:54.763675100Z,2026-07-30T21:18:16.999018200Z,EPISODE_TYPE_PUBLIC,COMPLETED,55118395,16621585,31095,779.1777792312895,55115818,16621163,28010,661.1976394545741
89031438,2026-07-30T21:16:54.765504500Z,2026-07-30T21:18:27.110814Z,EPISODE_TYPE_PUBLIC,COMPLETED,55118615,16622937,27000,676.7194365102137,55117565,16621523,21306,593.4441715527676
89031888,2026-07-30T21:23:40.218476200Z,2026-07-30T21:24:54.442812900Z,EPISODE_TYPE_PUBLIC,COMPLETED,55119467,16622990,24463,550.7640945981477,55117932,16621219,5334,375.7150914080681
89031889,2026-07-30T21:23:40.218916200Z,2026-07-30T21:24:53.379546700Z,EPISODE_TYPE_PUBLIC,COMPLETED,55115388,16621402,44822,705.1954513869134,55119531,16622937,86685,810.2650192400997
89031890,2026-07-30T21:23:40.221009900Z,2026-07-30T21:25:05.353795200Z,EPISODE_TYPE_PUBLIC,COMPLETED,55118227,16621497,87272,1120.822176257681,55116580,16621355,83545,947.5312385739655
89031891,2026-07-30T21:23:40.223519700Z,2026-07-30T21:24:55.148610100Z,EPISODE_TYPE_PUBLIC,COMPLETED,55117263,16621515,34438,780.6368299390142,55119169,16622482,42584,793.2746597192605
89031892,2026-07-30T21:23:40.218485800Z,2026-07-30T21:24:43.398248200Z,EPISODE_TYPE_PUBLIC,COMPLETED,55117347,16622198,36890,912.2374371157005,55119254,16622993,31861,786.133339508977
89031893,2026-07-30T21:23:40.218473400Z,2026-07-30T21:24:36.536178600Z,EPISODE_TYPE_PUBLIC,COMPLETED,55119320,16622338,33231,607.5309211758108,55119531,16622937,80498,714.3820863543152
89031894,2026-07-30T21:23:40.218473400Z,2026-07-30T21:24:53.241993900Z,EPISODE_TYPE_PUBLIC,COMPLETED,55118662,16621716,23624,548.6371577347919,55119568,16622940,98,472.399965540915
89031895,2026-07-30T21:23:40.218473500Z,2026-07-30T21:25:24.387485300Z,EPISODE_TYPE_PUBLIC,COMPLETED,55118533,16621770,931,319.0266325516928,55119357,16623099,6099,482.3579190823493
89031896,2026-07-30T21:23:40.218479900Z,2026-07-30T21:24:55.247355200Z,EPISODE_TYPE_PUBLIC,COMPLETED,55119314,16622965,31452,875.0315681055534,55119254,16622993,21968,750.3235237770056
89031897,2026-07-30T21:23:40.218475300Z,2026-07-30T21:24:56.663010600Z,EPISODE_TYPE_PUBLIC,COMPLETED,55119163,16622937,27889,791.1957054791086,55117263,16621515,35392,805.1701570829595
89031898,2026-07-30T21:23:40.219188Z,2026-07-30T21:24:50.093893700Z,EPISODE_TYPE_PUBLIC,COMPLETED,55117274,16621811,3391,436.3576572220145,55118533,16621770,983,356.0644351126258
89032348,2026-07-30T21:27:54.088419300Z,2026-07-30T21:29:20.212228Z,EPISODE_TYPE_PUBLIC,COMPLETED,55119028,16622319,20977,633.0060248322866,55115388,16621402,35927,726.0246197737129
89032349,2026-07-30T21:27:54.083099600Z,2026-07-30T21:29:24.382304600Z,EPISODE_TYPE_PUBLIC,COMPLETED,55119254,16622993,26923,725.2221820148541,55118449,16622509,40801,893.9905246242657
89032350,2026-07-30T21:27:54.083723500Z,2026-07-30T21:29:37.916745200Z,EPISODE_TYPE_PUBLIC,COMPLETED,55119264,16622940,15019,520.2040401206636,55116475,16621367,24221,578.2320015170386
89032351,2026-07-30T21:27:54.085315300Z,2026-07-30T21:29:41.732834100Z,EPISODE_TYPE_PUBLIC,COMPLETED,55117347,16622198,32480,886.2628749404015,55119314,16622965,34345,932.1196998917293
89032352,2026-07-30T21:27:54.085150500Z,2026-07-30T21:29:15.124708Z,EPISODE_TYPE_PUBLIC,COMPLETED,55119568,16622940,98,399.43058717653014,55116475,16621367,31391,575.8839216484823
89032353,2026-07-30T21:27:54.084706400Z,2026-07-30T21:29:44.343897700Z,EPISODE_TYPE_PUBLIC,COMPLETED,55119634,16623006,32940,702.7801839066198,55117565,16621523,14666,571.990583250719
89032354,2026-07-30T21:27:54.085076800Z,2026-07-30T21:29:26.465727400Z,EPISODE_TYPE_PUBLIC,COMPLETED,55115641,16621519,2300,313.32681267955013,55119183,16622943,3000,415.76364542126845
89032355,2026-07-30T21:27:54.084672500Z,2026-07-30T21:29:18.035539900Z,EPISODE_TYPE_PUBLIC,COMPLETED,55116475,16621367,22415,542.4741085857455,55119320,16622338,37089,646.8871248245077
89032356,2026-07-30T21:27:54.084299800Z,2026-07-30T21:29:46.179264400Z,EPISODE_TYPE_PUBLIC,COMPLETED,55117263,16621515,43469,788.207500244349,55119531,16622937,59078,890.7059750909225
89032812,2026-07-30T21:31:41.779853600Z,2026-07-30T21:32:38.623267300Z,EPISODE_TYPE_PUBLIC,COMPLETED,55119689,16622990,35009,693.2396344911155,55115318,16621290,3979,537.2452764671596
89032813,2026-07-30T21:31:41.779935700Z,2026-07-30T21:32:59.058422700Z,EPISODE_TYPE_PUBLIC,COMPLETED,55119634,16623006,32421,784.6605932946214,55115818,16621163,29117,638.9424880522744
89032815,2026-07-30T21:31:41.781483Z,2026-07-30T21:32:37.029303400Z,EPISODE_TYPE_PUBLIC,COMPLETED,55119708,16622993,45693,690.7220569812464,55117284,16622422,5482,527.1640897087148
89032817,2026-07-30T21:31:41.784007600Z,2026-07-30T21:33:11.903742200Z,EPISODE_TYPE_PUBLIC,COMPLETED,55117347,16622198,46790,865.8993346204802,55119531,16622937,63931,959.3493447435424
89032818,2026-07-30T21:31:41.785805400Z,2026-07-30T21:32:39.499896400Z,EPISODE_TYPE_PUBLIC,COMPLETED,55119314,16622965,25931,985.7632591356128,55118379,16621497,0,973.2133435145903
89032820,2026-07-30T21:31:41.787817200Z,2026-07-30T21:32:53.732776200Z,EPISODE_TYPE_PUBLIC,COMPLETED,55115827,16621290,5798,429.80833998370895,55119099,16622943,3000,351.16413576829694
89032821,2026-07-30T21:31:41.788939500Z,2026-07-30T21:32:59.885633800Z,EPISODE_TYPE_PUBLIC,COMPLETED,55115608,16621168,32970,726.4009514688806,55119254,16622993,37053,764.0968439498859
89032822,2026-07-30T21:31:41.790124500Z,2026-07-30T21:32:42.543822900Z,EPISODE_TYPE_PUBLIC,COMPLETED,55116010,16621168,25245,560.0450734053256,55119467,16622367,27050,584.3094000569433
89032827,2026-07-30T21:35:22.835167300Z,2026-07-30T21:36:30.930749400Z,EPISODE_TYPE_VALIDATION,COMPLETED,55119808,16622919,34673,600,55119808,16622919,34653,600
89033266,2026-07-30T21:35:40.673989600Z,2026-07-30T21:36:58.470344300Z,EPISODE_TYPE_PUBLIC,COMPLETED,55119776,16622943,35213,697.9208051700327,55116475,16621367,23508,553.9410493886924
89033267,2026-07-30T21:35:40.673996500Z,2026-07-30T21:36:42.822414300Z,EPISODE_TYPE_PUBLIC,COMPLETED,55119689,16622367,21549,608.0222786267543,55115608,16621168,35211,741.8974578802546
89033269,2026-07-30T21:35:40.674628800Z,2026-07-30T21:36:56.803098400Z,EPISODE_TYPE_PUBLIC,COMPLETED,55119634,16623006,24517,701.6445433082434,55117099,16621515,35619,797.2806265233036
89033270,2026-07-30T21:35:40.675645200Z,2026-07-30T21:36:41.469764700Z,EPISODE_TYPE_PUBLIC,COMPLETED,55118449,16622509,55428,878.4382040889943,55119531,16622937,61056,1052.4881812765461
89033271,2026-07-30T21:35:40.676016100Z,2026-07-30T21:36:39.925358600Z,EPISODE_TYPE_PUBLIC,COMPLETED,55119691,16622940,13751,446.12891584164163,55118396,16622487,39782,650.7899462788295
89033272,2026-07-30T21:35:40.677099400Z,2026-07-30T21:36:51.290164100Z,EPISODE_TYPE_PUBLIC,COMPLETED,55119725,16623135,14073,585.0281759673115,55116608,16622251,3000,452.74329308439593
89033273,2026-07-30T21:35:40.677384600Z,2026-07-30T21:36:37.822363300Z,EPISODE_TYPE_PUBLIC,COMPLETED,55119314,16622965,40540,948.2166747165845,55119531,16622937,86888,1020.2488282220539
89033274,2026-07-30T21:35:40.678456600Z,2026-07-30T21:36:47.668722300Z,EPISODE_TYPE_PUBLIC,COMPLETED,55115608,16621168,36114,752.9095872726077,55119467,16622367,12484,567.9563847686381
89033275,2026-07-30T21:35:40.679397200Z,2026-07-30T21:36:59.857777800Z,EPISODE_TYPE_PUBLIC,COMPLETED,55118855,16622965,26388,815.6559424405955,55118445,16622509,38071,922.1218367180422
89033276,2026-07-30T21:35:40.680053400Z,2026-07-30T21:36:42.629325100Z,EPISODE_TYPE_PUBLIC,COMPLETED,55117766,16622487,26125,544.6283328719472,55117940,16622842,37500,674.8680944098746
89033277,2026-07-30T21:35:40.680985500Z,2026-07-30T21:36:45.547107300Z,EPISODE_TYPE_PUBLIC,COMPLETED,55116691,16621802,55193,976.010258945366,55118227,16621497,109422,1135.2069669248544
89033281,2026-07-30T21:39:22.186353100Z,2026-07-30T21:40:22.997315900Z,EPISODE_TYPE_VALIDATION,COMPLETED,55119856,16622965,65975,600,55119856,16622965,65814,600
89033722,2026-07-30T21:39:40.774367100Z,2026-07-30T21:41:01.908004100Z,EPISODE_TYPE_PUBLIC,COMPLETED,55119808,16622919,66872,717.056186610754,55118013,16622482,17523,619.0964256073836
89033724,2026-07-30T21:39:40.775177600Z,2026-07-30T21:40:44.980338800Z,EPISODE_TYPE_PUBLIC,COMPLETED,55119708,16622993,18848,831.9910401482831,55115974,16621153,13865,679.083431726006
89033726,2026-07-30T21:39:40.776968800Z,2026-07-30T21:40:40.745853200Z,EPISODE_TYPE_PUBLIC,COMPLETED,55116523,16621294,49043,613.8794810313562,55119725,16623135,16474,505.2471122986507
89033727,2026-07-30T21:39:40.802056300Z,2026-07-30T21:40:57.853628Z,EPISODE_TYPE_PUBLIC,COMPLETED,55119634,16623006,43818,716.3182098942459,55118396,16622487,23964,627.9746574929734
89033728,2026-07-30T21:39:40.802323Z,2026-07-30T21:41:08.429666Z,EPISODE_TYPE_PUBLIC,COMPLETED,55118445,16622509,56195,905.7422764051344,55119531,16622937,64213,1080.4891690428428
89033729,2026-07-30T21:39:40.802528Z,2026-07-30T21:40:52.668097800Z,EPISODE_TYPE_PUBLIC,COMPLETED,55117334,16622420,6336,366.04715461478213,55119691,16622940,21355,514.8667955623658
89033730,2026-07-30T21:39:40.803779500Z,2026-07-30T21:40:44.910080300Z,EPISODE_TYPE_PUBLIC,COMPLETED,55119314,16622965,23379,913.876268509056,55116580,16621355,78218,972.6123419675349
89033731,2026-07-30T21:39:40.804747700Z,2026-07-30T21:40:44.401029700Z,EPISODE_TYPE_PUBLIC,COMPLETED,55116804,16621355,86014,978.9425687353536,55118379,16621497,0,949.3810619353928
89033732,2026-07-30T21:39:40.807121100Z,2026-07-30T21:40:35.889297600Z,EPISODE_TYPE_PUBLIC,COMPLETED,55118395,16621585,20156,745.6956584647918,55119776,16622943,27579,809.999374477355
89033733,2026-07-30T21:39:40.807682700Z,2026-07-30T21:40:55.993294Z,EPISODE_TYPE_PUBLIC,COMPLETED,55118013,16622482,55915,650.4131797639178,55119183,16622943,3000,436.35576373100446
89034176,2026-07-30T21:43:40.219170600Z,2026-07-30T21:44:43.598075600Z,EPISODE_TYPE_PUBLIC,COMPLETED,55116223,16622032,20454,709.7576160876882,55119808,16622919,59817,813.6325317440472
89034177,2026-07-30T21:43:40.219404300Z,2026-07-30T21:44:56.752523700Z,EPISODE_TYPE_PUBLIC,COMPLETED,55118239,16621163,35432,585.4341387793042,55119856,16622965,84749,707.007057949355
89034178,2026-07-30T21:43:40.220041300Z,2026-07-30T21:44:56.228722200Z,EPISODE_TYPE_PUBLIC,COMPLETED,55115827,16621290,5106,478.8222501240411,55119866,16622809,3000,450.03201489194686
89034179,2026-07-30T21:43:40.220864400Z,2026-07-30T21:44:54.367778100Z,EPISODE_TYPE_PUBLIC,COMPLETED,55119776,16622943,30208,860.5603673295528,55119163,16622937,25943,763.1429077484805
89034180,2026-07-30T21:43:40.221388200Z,2026-07-30T21:45:00.639569100Z,EPISODE_TYPE_PUBLIC,COMPLETED,55117886,16621716,10432,506.1450440440232,55119870,16622376,47018,685.7079779302302
89034181,2026-07-30T21:43:40.222134900Z,2026-07-30T21:44:36.958711200Z,EPISODE_TYPE_PUBLIC,COMPLETED,55115388,16621402,20883,711.5575174492394,55119708,16622993,32568,881.7461361831646
89034182,2026-07-30T21:43:40.223608400Z,2026-07-30T21:44:39.630455500Z,EPISODE_TYPE_PUBLIC,COMPLETED,55118396,16622487,31446,651.4090945685463,55119689,16622367,14820,586.6046841092602
89034183,2026-07-30T21:43:40.223960100Z,2026-07-30T21:45:00.562280700Z,EPISODE_TYPE_PUBLIC,COMPLETED,55118227,16621497,99034,1152.754927018938,55119531,16622937,55917,1046.9983195212756
89034184,2026-07-30T21:43:40.225550100Z,2026-07-30T21:44:43.477059800Z,EPISODE_TYPE_PUBLIC,COMPLETED,55119691,16622940,12301,465.414459358766,55118013,16622482,36510,639.4706333418341
89034185,2026-07-30T21:43:40.226389300Z,2026-07-30T21:44:38.463852200Z,EPISODE_TYPE_PUBLIC,COMPLETED,55116010,16621168,23543,545.6301320788358,55119634,16623006,43222,746.2114689972035
89034186,2026-07-30T21:43:40.228145800Z,2026-07-30T21:44:39.786843900Z,EPISODE_TYPE_PUBLIC,COMPLETED,55119776,16622943,14389,805.232440311023,55119314,16622965,31817,937.6280085715085
89034187,2026-07-30T21:43:40.227986900Z,2026-07-30T21:44:44.621729900Z,EPISODE_TYPE_PUBLIC,COMPLETED,55117088,16622312,3493,451.82558027825036,55119725,16623135,17525,523.9925334761762
89034635,2026-07-30T21:47:40.743418300Z,2026-07-30T21:48:55.110540600Z,EPISODE_TYPE_PUBLIC,COMPLETED,55116223,16622032,34135,686.4358500765279,55119856,16622965,93474,799.9343329042254
89034636,2026-07-30T21:47:40.745628400Z,2026-07-30T21:48:59.189633600Z,EPISODE_TYPE_PUBLIC,COMPLETED,55119870,16622376,46885,828.9913335305955,55117347,16622198,36401,837.8310421238464
89034637,2026-07-30T21:47:40.745711Z,2026-07-30T21:49:39.005485400Z,EPISODE_TYPE_PUBLIC,COMPLETED,55119808,16622919,57933,890.8203849475191,55117099,16621515,28944,776.9388891129252
89034638,2026-07-30T21:47:40.746314100Z,2026-07-30T21:48:45.118882800Z,EPISODE_TYPE_PUBLIC,COMPLETED,55119708,16622993,42413,848.5858252515944,55119531,16622937,89866,1065.7917713930638
89034639,2026-07-30T21:47:40.747900300Z,2026-07-30T21:48:46.972581600Z,EPISODE_TYPE_PUBLIC,COMPLETED,55117932,16621219,6099,425.329123463854,55119866,16622809,3000,343.7488979810659
89034641,2026-07-30T21:47:40.750599900Z,2026-07-30T21:48:59.762245300Z,EPISODE_TYPE_PUBLIC,COMPLETED,55116580,16621355,93654,1003.1435883724143,55119531,16622937,45472,1021.9647144547848
89034643,2026-07-30T21:47:40.751800400Z,2026-07-30T21:48:48.297442200Z,EPISODE_TYPE_PUBLIC,COMPLETED,55119691,16622940,13710,515.9333321657552,55117932,16621219,5875,389.6446827928713
89034644,2026-07-30T21:47:40.753424800Z,2026-07-30T21:48:47.471416700Z,EPISODE_TYPE_PUBLIC,COMPLETED,55117565,16621523,16857,549.6380390871827,55119689,16622990,19680,642.4871357593964
89034645,2026-07-30T21:47:40.753422400Z,2026-07-30T21:48:37.458646100Z,EPISODE_TYPE_PUBLIC,COMPLETED,55119725,16623135,13372,477.13651908305656,55116475,16621367,23371,579.2312458865657
89034646,2026-07-30T21:47:40.754724Z,2026-07-30T21:48:49.130329Z,EPISODE_TYPE_PUBLIC,COMPLETED,55119568,16622940,98,261.00554223364423,55118574,16621770,2853,371.77116252547813
89034647,2026-07-30T21:47:40.755566400Z,2026-07-30T21:48:55.226741Z,EPISODE_TYPE_PUBLIC,COMPLETED,55119708,16622993,21942,809.6499379192285,55119314,16622965,29863,957.7085980290149
89035090,2026-07-30T21:51:40.583940800Z,2026-07-30T21:52:43.309488700Z,EPISODE_TYPE_PUBLIC,COMPLETED,55117395,16621153,16198,648.5497207240652,55119972,16622338,11670,502.8538508560464
89035091,2026-07-30T21:51:40.584258200Z,2026-07-30T21:52:46.102056100Z,EPISODE_TYPE_PUBLIC,COMPLETED,55118379,16621497,133829,964.675177461592,55119808,16622919,44852,832.3498684219325
89035092,2026-07-30T21:51:40.586317400Z,2026-07-30T21:52:38.693777100Z,EPISODE_TYPE_PUBLIC,COMPLETED,55119856,16622965,93241,878.977567499358,55119776,16622943,25980,767.260484536769
89035093,2026-07-30T21:51:40.585719Z,2026-07-30T21:52:46.941566300Z,EPISODE_TYPE_PUBLIC,COMPLETED,55119708,16622993,31658,815.7099809108552,55117347,16622198,35814,859.0836703644042
89035094,2026-07-30T21:51:40.587698300Z,2026-07-30T21:52:37.335894300Z,EPISODE_TYPE_PUBLIC,COMPLETED,55119689,16622990,28727,689.6957999264707,55119028,16622319,20788,601.3716140735949
89035095,2026-07-30T21:51:40.587563300Z,2026-07-30T21:53:04.127055400Z,EPISODE_TYPE_PUBLIC,COMPLETED,55119163,16622937,32459,793.2130564675631,55119634,16623006,31062,740.9625866077123
89035096,2026-07-30T21:51:40.588526800Z,2026-07-30T21:53:06.391641100Z,EPISODE_TYPE_PUBLIC,COMPLETED,55115608,16621168,33576,740.1172702393407,55119870,16622376,46758,894.0600505535718
89035097,2026-07-30T21:51:40.590629400Z,2026-07-30T21:52:37.216867800Z,EPISODE_TYPE_PUBLIC,COMPLETED,55117766,16622487,38300,577.9430535740383,55119691,16622940,13144,470.3718528840004
89035098,2026-07-30T21:51:40.592171200Z,2026-07-30T21:52:58.398425600Z,EPISODE_TYPE_PUBLIC,COMPLETED,55119314,16622965,15990,932.2324948391001,55116691,16621802,52303,997.4922977977413
89035099,2026-07-30T21:51:40.592664100Z,2026-07-30T21:53:00.593055200Z,EPISODE_TYPE_PUBLIC,COMPLETED,55116580,16621355,99803,1026.1084464301805,55119531,16622937,44431,990.289677493878
89035100,2026-07-30T21:51:40.592859300Z,2026-07-30T21:52:37.298360700Z,EPISODE_TYPE_PUBLIC,COMPLETED,55119866,16622809,3000,270.98147065281955,55117334,16622420,6111,404.3986508850949
89035101,2026-07-30T21:51:40.588751900Z,2026-07-30T21:52:52.053404600Z,EPISODE_TYPE_PUBLIC,COMPLETED,55119776,16622943,27704,797.2915441189308,55116223,16622032,20088,667.296105055971
89035102,2026-07-30T21:52:17.311765400Z,2026-07-30T21:53:53.975045100Z,EPISODE_TYPE_VALIDATION,COMPLETED,55120008,16622919,60739,600,55120008,16622919,60739,600
89035551,2026-07-30T21:55:40.131804800Z,2026-07-30T21:56:43.607355900Z,EPISODE_TYPE_PUBLIC,COMPLETED,55120008,16622919,66594,704.0673751769382,55119028,16622319,21061,575.5841592255991
89035552,2026-07-30T21:55:40.131891500Z,2026-07-30T21:56:40.789591700Z,EPISODE_TYPE_PUBLIC,COMPLETED,55116523,16621294,25018,582.888654550649,55120009,16622376,49269,706.451937910511
89035553,2026-07-30T21:55:40.133868900Z,2026-07-30T21:56:37.876825Z,EPISODE_TYPE_PUBLIC,COMPLETED,55119856,16622965,70526,967.4156859758946,55118379,16621497,0,942.6777398909118
89035554,2026-07-30T21:55:40.135246300Z,2026-07-30T21:56:57.575347200Z,EPISODE_TYPE_PUBLIC,COMPLETED,55117263,16621515,30822,776.1310161153135,55119870,16622376,36609,944.0825479050635
89035555,2026-07-30T21:55:40.135208200Z,2026-07-30T21:56:58.721160500Z,EPISODE_TYPE_PUBLIC,COMPLETED,55117565,16621523,50710,567.616528436126,55119946,16621683,3326,428.8861757874553
89035557,2026-07-30T21:55:40.137552400Z,2026-07-30T21:56:39.776897200Z,EPISODE_TYPE_PUBLIC,COMPLETED,55119689,16622990,24010,734.7811221776929,55118741,16622760,22261,676.663310853044
89035558,2026-07-30T21:55:40.137972600Z,2026-07-30T21:56:46.903820300Z,EPISODE_TYPE_PUBLIC,COMPLETED,55117347,16622198,32671,839.8683343974536,55119808,16622919,62534,896.1186183228994
89035559,2026-07-30T21:55:40.139064400Z,2026-07-30T21:56:47.975533100Z,EPISODE_TYPE_PUBLIC,COMPLETED,55119776,16622943,26002,765.9006076041914,55117347,16622198,39504,855.4159422736046
89035560,2026-07-30T21:55:40.138804900Z,2026-07-30T21:56:35.002317500Z,EPISODE_TYPE_PUBLIC,COMPLETED,55117099,16621515,27222,756.9167536969957,55119708,16622993,28981,847.2187072152817
89035561,2026-07-30T21:55:40.140414400Z,2026-07-30T21:56:51.924006Z,EPISODE_TYPE_PUBLIC,COMPLETED,55119634,16623006,28081,695.9388274029473,55116223,16622032,28095,696.7304865599223
89035562,2026-07-30T21:55:40.141283500Z,2026-07-30T21:56:57.601414600Z,EPISODE_TYPE_PUBLIC,COMPLETED,55116804,16621355,94765,1004.4949051945943,55119531,16622937,59506,962.4155245771508
89035563,2026-07-30T21:55:40.142117800Z,2026-07-30T21:56:57.581489300Z,EPISODE_TYPE_PUBLIC,COMPLETED,55119169,16622482,52601,819.8767392183413,55115608,16621168,41977,725.333356578465
89036010,2026-07-30T22:00:10.086820500Z,2026-07-30T22:01:13.914974100Z,EPISODE_TYPE_PUBLIC,COMPLETED,55116223,16622032,19990,678.3625928914761,55120008,16622919,72274,795.369236049109
89036011,2026-07-30T22:00:10.086616700Z,2026-07-30T22:01:11.554731100Z,EPISODE_TYPE_PUBLIC,COMPLETED,55120009,16622376,37942,801.0390840081792,55115388,16621402,24003,693.2185823977056
89036012,2026-07-30T22:00:10.087367900Z,2026-07-30T22:01:29.266901400Z,EPISODE_TYPE_PUBLIC,COMPLETED,55120034,16621683,1338,518.8455344204151,55115388,16621402,48834,706.0144825717465
89036013,2026-07-30T22:00:10.088131100Z,2026-07-30T22:01:12.157145100Z,EPISODE_TYPE_PUBLIC,COMPLETED,55119856,16622965,97960,1002.6423694331849,55119169,16622482,59576,803.9397704328434
89036014,2026-07-30T22:00:10.089399700Z,2026-07-30T22:01:24.476461400Z,EPISODE_TYPE_PUBLIC,COMPLETED,55118741,16622760,21888,646.5427984368431,55119972,16622338,25380,686.688507438268
89036015,2026-07-30T22:00:10.089584400Z,2026-07-30T22:01:13.883315300Z,EPISODE_TYPE_PUBLIC,COMPLETED,55119870,16622376,26625,895.198591798511,55116804,16621355,87149,1021.7533935727754
89036016,2026-07-30T22:00:10.090142900Z,2026-07-30T22:01:13.868854100Z,EPISODE_TYPE_PUBLIC,COMPLETED,55117347,16622198,36528,841.0478326739349,55119808,16622919,66908,939.698002832951
89036017,2026-07-30T22:00:10.090325200Z,2026-07-30T22:01:19.750265300Z,EPISODE_TYPE_PUBLIC,COMPLETED,55119946,16621683,3342,360.44053204285245,55115827,16621290,3764,506.73376885499135
89036018,2026-07-30T22:00:10.091226300Z,2026-07-30T22:01:41.319993600Z,EPISODE_TYPE_PUBLIC,COMPLETED,55120081,16623189,29117,544.300266180143,55120008,16622919,54958,835.6122937339557
89036020,2026-07-30T22:00:10.094657800Z,2026-07-30T22:01:15.300292200Z,EPISODE_TYPE_PUBLIC,COMPLETED,55119467,16622990,21274,534.8996751048309,55118013,16622482,21793,661.8496133820859
89036021,2026-07-30T22:00:10.094658100Z,2026-07-30T22:01:12.587736800Z,EPISODE_TYPE_PUBLIC,COMPLETED,55115608,16621168,33174,746.2345543045302,55119776,16622943,29505,756.9715883505125
89036022,2026-07-30T22:00:10.094813600Z,2026-07-30T22:01:29.270149600Z,EPISODE_TYPE_PUBLIC,COMPLETED,55119708,16622993,27339,820.8555074835728,55118445,16622509,35417,926.2469914338327
89036470,2026-07-30T22:04:10.341515400Z,2026-07-30T22:05:40.687675700Z,EPISODE_TYPE_PUBLIC,COMPLETED,55120008,16622919,62373,936.2189111422496,55120009,16622376,35174,743.2385490915777
89036471,2026-07-30T22:04:10.342282Z,2026-07-30T22:05:11.580404800Z,EPISODE_TYPE_PUBLIC,COMPLETED,55119163,16622937,36012,750.9035224482404,55120008,16622919,58557,894.7352724069149
89036472,2026-07-30T22:04:10.343999300Z,2026-07-30T22:05:16.915611Z,EPISODE_TYPE_PUBLIC,COMPLETED,55120081,16623189,46554,676.9444846869076,55115827,16621290,4143,485.65835459452825
89036473,2026-07-30T22:04:10.344404400Z,2026-07-30T22:05:24.418103600Z,EPISODE_TYPE_PUBLIC,COMPLETED,55116010,16621168,24777,528.1059480066875,55120082,16623020,40072,690.432084235948
89036475,2026-07-30T22:04:10.345249200Z,2026-07-30T22:05:08.029929300Z,EPISODE_TYPE_PUBLIC,COMPLETED,55119856,16622965,61436,1045.5803471689092,55118379,16621497,0,928.403841295353
89036476,2026-07-30T22:04:10.348449200Z,2026-07-30T22:06:05.916154200Z,EPISODE_TYPE_PUBLIC,COMPLETED,55119870,16622376,36042,842.0664591033543,55118449,16622509,41729,902.0949639192057
89036478,2026-07-30T22:04:10.348445300Z,2026-07-30T22:05:32.135931900Z,EPISODE_TYPE_PUBLIC,COMPLETED,55118445,16622509,33364,904.5790866171027,55119808,16622919,62153,980.4982226627116
89036479,2026-07-30T22:04:10.349999Z,2026-07-30T22:05:27.978543800Z,EPISODE_TYPE_PUBLIC,COMPLETED,55119972,16622338,21229,615.7497037622232,55117940,16622842,29933,702.0131020965238
89036481,2026-07-30T22:04:10.352930200Z,2026-07-30T22:05:08.821599300Z,EPISODE_TYPE_PUBLIC,COMPLETED,55119163,16622937,25037,768.8340983774558,55119708,16622993,33317,847.5190678644511
89036936,2026-07-30T22:08:10.328621700Z,2026-07-30T22:09:06.710145400Z,EPISODE_TYPE_PUBLIC,COMPLETED,55120178,16623135,37215,697.5515527028804,55119028,16622319,24485,553.0224460974
89036937,2026-07-30T22:08:10.329825400Z,2026-07-30T22:09:06.613881100Z,EPISODE_TYPE_PUBLIC,COMPLETED,55120184,16623189,16141,688.8881506505537,55118662,16621716,13818,518.6436129503022
89036938,2026-07-30T22:08:10.331595100Z,2026-07-30T22:09:30.275402500Z,EPISODE_TYPE_PUBLIC,COMPLETED,55115608,16621168,56071,754.5787457565992,55120200,16621683,3370,531.1483415963161
89036940,2026-07-30T22:08:10.334482600Z,2026-07-30T22:09:09.789829Z,EPISODE_TYPE_PUBLIC,COMPLETED,55117099,16621515,31274,736.7408602666976,55120009,16622376,35117,815.7642178712332
89036941,2026-07-30T22:08:10.334314900Z,2026-07-30T22:09:07.107092300Z,EPISODE_TYPE_PUBLIC,COMPLETED,55118395,16621585,20379,713.3776888152951,55120081,16623189,35077,759.4097198747548
89036942,2026-07-30T22:08:10.334314600Z,2026-07-30T22:09:30.519896500Z,EPISODE_TYPE_PUBLIC,COMPLETED,55120008,16622919,60810,974.4621562573589,55117347,16622198,36337,815.1858923392496
89036943,2026-07-30T22:08:10.336303600Z,2026-07-30T22:09:24.098371700Z,EPISODE_TYPE_PUBLIC,COMPLETED,55119856,16622965,83551,1077.1462841123346,55119531,16622937,42212,926.8973650976566
89036944,2026-07-30T22:08:10.337307500Z,2026-07-30T22:09:10.067834Z,EPISODE_TYPE_PUBLIC,COMPLETED,55118396,16622487,22960,628.6383531764017,55119972,16622338,36001,680.6713693447908
89036945,2026-07-30T22:08:10.338331100Z,2026-07-30T22:09:09.752083700Z,EPISODE_TYPE_PUBLIC,COMPLETED,55119870,16622376,40320,886.1621775107288,55117347,16622198,36135,825.2360536530202
89036946,2026-07-30T22:08:10.340926300Z,2026-07-30T22:09:31.687496100Z,EPISODE_TYPE_PUBLIC,COMPLETED,55119725,16623135,18498,526.2727465082776,55118662,16621716,14248,477.1210865385012
89036947,2026-07-30T22:08:10.340670200Z,2026-07-30T22:09:10.468491700Z,EPISODE_TYPE_PUBLIC,COMPLETED,55116691,16621802,63425,1017.04648065936,55119808,16622919,21328,944.7387659849247
89036948,2026-07-30T22:08:10.340749100Z,2026-07-30T22:09:26.566923500Z,EPISODE_TYPE_PUBLIC,COMPLETED,55117886,16621716,12257,533.0175835544007,55120034,16621683,2549,357.8450097270377
89036949,2026-07-30T22:08:10.343100400Z,2026-07-30T22:09:16.370317500Z,EPISODE_TYPE_PUBLIC,COMPLETED,55119531,16622937,58896,942.1757174822418,55116804,16621355,90772,1039.390233119658
89037405,2026-07-30T22:12:10.257269100Z,2026-07-30T22:13:24.123218100Z,EPISODE_TYPE_PUBLIC,COMPLETED,55120184,16623189,16110,583.9790579203078,55115818,16621163,31916,665.6420853270245
89037407,2026-07-30T22:12:10.259270300Z,2026-07-30T22:13:08.827467300Z,EPISODE_TYPE_PUBLIC,COMPLETED,55115827,16621290,5702,467.40260834565953,55120082,16623020,46090,674.0819519013708
89037408,2026-07-30T22:12:10.257769200Z,2026-07-30T22:13:05.944265400Z,EPISODE_TYPE_PUBLIC,COMPLETED,55120200,16621683,3324,445.24666206460574,55117304,16622420,6006,579.3998727819366
89037409,2026-07-30T22:12:10.259764400Z,2026-07-30T22:13:13.169051500Z,EPISODE_TYPE_PUBLIC,COMPLETED,55119169,16622482,42397,829.4415346484127,55120009,16622376,38987,755.7582039940795
89037410,2026-07-30T22:12:10.261240400Z,2026-07-30T22:13:26.896780800Z,EPISODE_TYPE_PUBLIC,COMPLETED,55115608,16621168,34610,740.4918955021025,55120081,16623189,37653,818.0022529620275
89037411,2026-07-30T22:12:10.261082Z,2026-07-30T22:13:33.170293800Z,EPISODE_TYPE_PUBLIC,COMPLETED,55120008,16622919,72965,1012.5959075189857,55118445,16622509,32200,888.0101712786735
89037412,2026-07-30T22:12:10.262290700Z,2026-07-30T22:13:11.119920400Z,EPISODE_TYPE_PUBLIC,COMPLETED,55119856,16622965,57708,1045.912544376954,55118227,16621497,126521,1168.0917972922375
89037413,2026-07-30T22:12:10.264033100Z,2026-07-30T22:13:28.723451400Z,EPISODE_TYPE_PUBLIC,COMPLETED,55119972,16622338,12689,729.3465411004246,55115974,16621153,10458,656.4770342868973
89037414,2026-07-30T22:12:10.263732100Z,2026-07-30T22:13:26.899851100Z,EPISODE_TYPE_PUBLIC,COMPLETED,55117263,16621515,31466,764.1164353977084,55119870,16622376,37799,912.2544335345638
89037415,2026-07-30T22:12:10.265343600Z,2026-07-30T22:13:16.644696900Z,EPISODE_TYPE_PUBLIC,COMPLETED,55116715,16622097,3000,391.5654180982104,55120034,16621683,2637,297.32058999316877
89037416,2026-07-30T22:12:10.265609300Z,2026-07-30T22:13:24.029951900Z,EPISODE_TYPE_PUBLIC,COMPLETED,55118227,16621497,71493,1180.3242284785194,55119856,16622965,28731,1022.5197973194469
89037417,2026-07-30T22:12:10.265086300Z,2026-07-30T22:13:21.043294700Z,EPISODE_TYPE_PUBLIC,COMPLETED,55118449,16622509,37463,882.9904241201067,55119808,16622919,59963,973.9241529204922
89037418,2026-07-30T22:12:10.268179900Z,2026-07-30T22:13:46.247673600Z,EPISODE_TYPE_PUBLIC,COMPLETED,55116715,16622097,3000,374.53227517773803,55118529,16622251,3000,331.4706980230321
89037863,2026-07-30T22:16:10.467319700Z,2026-07-30T22:17:11.659388500Z,EPISODE_TYPE_PUBLIC,COMPLETED,55115974,16621153,13369,637.4118613984944,55120082,16623020,18525,740.1987123016609
89037864,2026-07-30T22:16:10.467700600Z,2026-07-30T22:17:14.870438Z,EPISODE_TYPE_PUBLIC,COMPLETED,55116580,16621355,71142,1044.7715642876278,55120008,16622919,59197,971.9730677825993
89037865,2026-07-30T22:16:10.467136400Z,2026-07-30T22:17:24.208004Z,EPISODE_TYPE_PUBLIC,COMPLETED,55115388,16621402,29837,691.3790129576581,55120178,16623135,31233,828.9959574188126
89037867,2026-07-30T22:16:10.470084700Z,2026-07-30T22:17:06.506199500Z,EPISODE_TYPE_PUBLIC,COMPLETED,55120200,16621683,3055,370.1187756145674,55115827,16621290,4004,491.92821448156724
89037870,2026-07-30T22:16:10.474613300Z,2026-07-30T22:17:14.952486200Z,EPISODE_TYPE_PUBLIC,COMPLETED,55119856,16622965,91636,1052.8494565746164,55120008,16622919,67539,972.6976320640621
89037871,2026-07-30T22:16:10.476420600Z,2026-07-30T22:17:13.189538600Z,EPISODE_TYPE_PUBLIC,COMPLETED,55119169,16622482,47631,860.6273748897843,55119870,16622376,40816,868.4685179373672
89037872,2026-07-30T22:16:10.477420700Z,2026-07-30T22:17:22.381337200Z,EPISODE_TYPE_PUBLIC,COMPLETED,55116580,16621355,80357,1059.6031907657741,55119808,16622919,60479,949.876797007724
89037873,2026-07-30T22:16:10.478026400Z,2026-07-30T22:17:08.184503700Z,EPISODE_TYPE_PUBLIC,COMPLETED,55118379,16621497,1215,910.8248446069009,55119314,16622965,25650,957.1590356230581
89037874,2026-07-30T22:16:10.479467700Z,2026-07-30T22:17:21.022049300Z,EPISODE_TYPE_PUBLIC,COMPLETED,55115877,16621367,23120,524.8620236428725,55119357,16623099,5913,412.5829519213778
89037875,2026-07-30T22:16:10.479160Z,2026-07-30T22:17:25.698001800Z,EPISODE_TYPE_PUBLIC,COMPLETED,55119531,16622937,59775,941.6038523910439,55119708,16622993,42079,802.9717927582577
89038324,2026-07-30T22:20:10.219926300Z,2026-07-30T22:21:33.132002600Z,EPISODE_TYPE_PUBLIC,COMPLETED,55120366,16621165,2950,508.53949128185315,55117395,16621153,16465,668.8285792474969
89038325,2026-07-30T22:20:10.220039Z,2026-07-30T22:21:27.290228700Z,EPISODE_TYPE_PUBLIC,COMPLETED,55118239,16621163,38762,611.5962385648489,55120313,16622809,38163,492.2412235772704
89038326,2026-07-30T22:20:10.221591100Z,2026-07-30T22:22:00.489806200Z,EPISODE_TYPE_PUBLIC,COMPLETED,55120178,16623135,35043,781.8172008011576,55118445,16622509,39134,903.8366368179572
89038327,2026-07-30T22:20:10.223031900Z,2026-07-30T22:21:31.262067300Z,EPISODE_TYPE_PUBLIC,COMPLETED,55120082,16623020,28110,798.3811212509215,55117099,16621515,28012,718.0357803619478
89038329,2026-07-30T22:20:10.224922300Z,2026-07-30T22:21:33.960347400Z,EPISODE_TYPE_PUBLIC,COMPLETED,55118449,16622509,33631,868.0055776001083,55120008,16622919,66678,1000.2837304624413
89038331,2026-07-30T22:20:10.226998800Z,2026-07-30T22:21:22.061758600Z,EPISODE_TYPE_PUBLIC,COMPLETED,55120184,16623189,14796,444.0411818957044,55119028,16622319,30887,574.3248554499766
89038332,2026-07-30T22:20:10.228303600Z,2026-07-30T22:21:14.869830900Z,EPISODE_TYPE_PUBLIC,COMPLETED,55119856,16622965,68300,1021.3057379811128,55116804,16621355,80373,1060.320745754914
89038333,2026-07-30T22:20:10.229432200Z,2026-07-30T22:21:01.249670900Z,EPISODE_TYPE_PUBLIC,COMPLETED,55117932,16621219,6099,422.99207715095497,55120200,16621683,3420,306.5774930415438
89038334,2026-07-30T22:20:10.231503800Z,2026-07-30T22:21:16.450834500Z,EPISODE_TYPE_PUBLIC,COMPLETED,55119870,16622376,49577,844.4968820923933,55119531,16622937,79788,957.2428315464344
89038335,2026-07-30T22:20:10.232307800Z,2026-07-30T22:21:33.183164400Z,EPISODE_TYPE_PUBLIC,COMPLETED,55119808,16622919,65287,968.8714157928981,55119870,16622376,37773,825.3407507747163
89038336,2026-07-30T22:20:10.232529400Z,2026-07-30T22:21:12.029285200Z,EPISODE_TYPE_PUBLIC,COMPLETED,55119634,16623006,25839,724.391399021547,55118013,16622482,23393,637.7549600990027
89038337,2026-07-30T22:20:10.232780200Z,2026-07-30T22:21:04.281185600Z,EPISODE_TYPE_PUBLIC,COMPLETED,55118395,16621585,20521,687.0170390014505,55119972,16622338,25969,756.4698763712821
89038778,2026-07-30T22:24:11.182245400Z,2026-07-30T22:25:32.588886900Z,EPISODE_TYPE_PUBLIC,COMPLETED,55117274,16621811,3397,369.05789321740315,55120366,16621165,34098,573.2970442265295
89038779,2026-07-30T22:24:11.183434500Z,2026-07-30T22:25:24.648606400Z,EPISODE_TYPE_PUBLIC,COMPLETED,55120178,16623135,21755,734.2737941732324,55117263,16621515,34203,781.6836380068124
89038781,2026-07-30T22:24:11.183966300Z,2026-07-30T22:25:17.181644900Z,EPISODE_TYPE_PUBLIC,COMPLETED,55119856,16622965,91467,1064.476025447192,55120008,16622919,60418,971.0461922966767
89038782,2026-07-30T22:24:11.184596400Z,2026-07-30T22:25:35.715303200Z,EPISODE_TYPE_PUBLIC,COMPLETED,55120009,16622376,42914,896.0217884159719,55118445,16622509,40143,904.8120842873049
89038783,2026-07-30T22:24:11.185597900Z,2026-07-30T22:25:08.626727200Z,EPISODE_TYPE_PUBLIC,COMPLETED,55119531,16622937,50679,941.8636785255032,55119856,16622965,83009,1043.2875719079143
89038785,2026-07-30T22:24:11.187811700Z,2026-07-30T22:25:33.819095700Z,EPISODE_TYPE_PUBLIC,COMPLETED,55119808,16622919,66156,950.3987066985151,55119856,16622965,96417,1080.9988491958484
89038786,2026-07-30T22:24:11.188025200Z,2026-07-30T22:25:26.842705100Z,EPISODE_TYPE_PUBLIC,COMPLETED,55119163,16622937,26321,728.2040963483187,55119972,16622338,28057,788.5361678250929
89038788,2026-07-30T22:24:11.189058400Z,2026-07-30T22:25:05.204075200Z,EPISODE_TYPE_PUBLIC,COMPLETED,55117274,16621811,3385,394.1045144825792,55120184,16623189,16728,493.6024108886754
89038789,2026-07-30T22:24:11.183969400Z,2026-07-30T22:25:11.121948500Z,EPISODE_TYPE_PUBLIC,COMPLETED,55120081,16623189,37314,866.791461195929,55119169,16622482,38282,886.5398306528756
89038790,2026-07-30T22:24:11.189694900Z,2026-07-30T22:25:10.002945200Z,EPISODE_TYPE_PUBLIC,COMPLETED,55119314,16622965,27744,929.7847394252309,55118445,16622509,36950,927.4931813489358
89038791,2026-07-30T22:24:11.191181200Z,2026-07-30T22:25:24.618986200Z,EPISODE_TYPE_PUBLIC,COMPLETED,55119725,16623135,21870,502.20098929953525,55115818,16621163,32862,681.0988264358191
89039236,2026-07-30T22:28:09.774847400Z,2026-07-30T22:29:11.003044800Z,EPISODE_TYPE_PUBLIC,COMPLETED,55120459,16621683,27469,485.51827199217655,55117565,16621523,53513,587.5452047978965
89039237,2026-07-30T22:28:09.774834400Z,2026-07-30T22:29:21.876395900Z,EPISODE_TYPE_PUBLIC,COMPLETED,55120450,16621683,2486,517.836649529603,55118395,16621585,49234,703.2779706514572
89039238,2026-07-30T22:28:09.777629400Z,2026-07-30T22:29:18.678537600Z,EPISODE_TYPE_PUBLIC,COMPLETED,55115318,16621290,3994,514.4728058548872,55120313,16622809,42299,642.4237726607556
89039239,2026-07-30T22:28:09.776985400Z,2026-07-30T22:29:21.760844200Z,EPISODE_TYPE_PUBLIC,COMPLETED,55115318,16621290,3846,494.7893280590741,55120366,16621165,31659,641.0762037670851
89039240,2026-07-30T22:28:09.780167900Z,2026-07-30T22:29:37.288173600Z,EPISODE_TYPE_PUBLIC,COMPLETED,55118449,16622509,39037,889.372872268314,55120009,16622376,38114,860.8881564958228
89039241,2026-07-30T22:28:09.780148600Z,2026-07-30T22:29:24.176216900Z,EPISODE_TYPE_PUBLIC,COMPLETED,55120082,16623020,34572,791.097714784913,55119163,16622937,29297,708.7588472095509
89039242,2026-07-30T22:28:09.783164400Z,2026-07-30T22:29:15.787335200Z,EPISODE_TYPE_PUBLIC,COMPLETED,55119531,16622937,92283,961.6107476097934,55120008,16622919,81486,936.9148489660488
89039244,2026-07-30T22:28:09.783536600Z,2026-07-30T22:29:29.645507900Z,EPISODE_TYPE_PUBLIC,COMPLETED,55119169,16622482,42396,906.166024947613,55120081,16623189,37166,835.0761304218121
89039247,2026-07-30T22:28:09.787134400Z,2026-07-30T22:29:40.854093900Z,EPISODE_TYPE_PUBLIC,COMPLETED,55119856,16622965,62339,1057.0982740437203,55116580,16621355,104821,1079.3434119224826
89039248,2026-07-30T22:28:09.788447600Z,2026-07-30T22:29:16.698839900Z,EPISODE_TYPE_PUBLIC,COMPLETED,55119808,16622919,56958,970.0632007600229,55120009,16622376,37795,868.5182413111422
89039249,2026-07-30T22:28:09.789301800Z,2026-07-30T22:29:15.841052500Z,EPISODE_TYPE_PUBLIC,COMPLETED,55119357,16623099,6099,449.83136871504354,55117863,16621811,4399,348.6788080446628
89039690,2026-07-30T22:32:09.831320200Z,2026-07-30T22:33:22.132938Z,EPISODE_TYPE_PUBLIC,COMPLETED,55115877,16621367,17797,556.0932465119511,55120450,16621683,2890,429.0232996481044
89039691,2026-07-30T22:32:09.831506100Z,2026-07-30T22:33:04.844728300Z,EPISODE_TYPE_PUBLIC,COMPLETED,55120459,16621683,34048,567.6235443667648,55116608,16622251,3000,419.7604658301604
89039692,2026-07-30T22:32:09.832295300Z,2026-07-30T22:33:02.613727700Z,EPISODE_TYPE_PUBLIC,COMPLETED,55120313,16622809,35621,567.6054628825264,55118239,16621163,38956,639.8314996141149
89039694,2026-07-30T22:32:09.834210100Z,2026-07-30T22:33:34.660021500Z,EPISODE_TYPE_PUBLIC,COMPLETED,55119163,16622937,36206,721.3291763684679,55120366,16621165,14305,548.1534165636454
89039696,2026-07-30T22:32:09.836257800Z,2026-07-30T22:33:13.729362300Z,EPISODE_TYPE_PUBLIC,COMPLETED,55120008,16622919,63124,964.1408989669804,55119314,16622965,27326,909.3748305530522
89039698,2026-07-30T22:32:09.838033500Z,2026-07-30T22:33:29.319860900Z,EPISODE_TYPE_PUBLIC,COMPLETED,55119314,16622965,26562,893.3534173774932,55119808,16622919,57621,988.5356234376247
89039700,2026-07-30T22:32:09.838610700Z,2026-07-30T22:33:31.728215600Z,EPISODE_TYPE_PUBLIC,COMPLETED,55119856,16622965,32749,1044.1464567300538,55118227,16621497,118418,1192.1683142400834
89039701,2026-07-30T22:32:09.840483400Z,2026-07-30T22:33:27.529350700Z,EPISODE_TYPE_PUBLIC,COMPLETED,55116715,16622097,3000,329.7644356549689,55117932,16621219,6099,451.8344423511182
89039703,2026-07-30T22:32:09.841671900Z,2026-07-30T22:33:26.968430700Z,EPISODE_TYPE_PUBLIC,COMPLETED,55118533,16621770,1014,360.7094659978198,55115733,16621519,19,257.8028138379198
89040150,2026-07-30T22:36:11.037929900Z,2026-07-30T22:37:02.237880Z,EPISODE_TYPE_PUBLIC,COMPLETED,55120459,16621683,36247,631.8363276292625,55115827,16621290,3602,472.43769286486673
89040151,2026-07-30T22:36:11.037867400Z,2026-07-30T22:38:07.008955400Z,EPISODE_TYPE_PUBLIC,COMPLETED,55115877,16621367,18637,530.7941963648335,55120530,16623271,31845,691.730742771751
89040152,2026-07-30T22:36:11.039636Z,2026-07-30T22:37:18.608802900Z,EPISODE_TYPE_PUBLIC,COMPLETED,55120313,16622809,40779,618.2887553533959,55117284,16622422,5567,500.97831377474563
89040153,2026-07-30T22:36:11.041990700Z,2026-07-30T22:37:15.708368700Z,EPISODE_TYPE_PUBLIC,COMPLETED,55117863,16621811,4740,396.2052089904403,55120450,16621683,3889,333.88022156962586
89040154,2026-07-30T22:36:11.041985300Z,2026-07-30T22:37:21.719166900Z,EPISODE_TYPE_PUBLIC,COMPLETED,55117263,16621515,29803,796.6309148970795,55120082,16623020,27254,724.7330662475995
89040155,2026-07-30T22:36:11.043166Z,2026-07-30T22:37:27.873329500Z,EPISODE_TYPE_PUBLIC,COMPLETED,55120366,16621165,27222,595.7262779581428,55117886,16621716,10557,499.8119537440993
89040156,2026-07-30T22:36:11.045041300Z,2026-07-30T22:37:29.203607200Z,EPISODE_TYPE_PUBLIC,COMPLETED,55119531,16622937,91814,978.9668874029034,55120008,16622919,79426,938.1293570835655
89040157,2026-07-30T22:36:11.046108900Z,2026-07-30T22:37:09.264012400Z,EPISODE_TYPE_PUBLIC,COMPLETED,55117347,16622198,36940,833.074292248831,55120081,16623189,33502,833.091237219707
89040158,2026-07-30T22:36:11.046876Z,2026-07-30T22:37:05.000008100Z,EPISODE_TYPE_PUBLIC,COMPLETED,55118741,16622760,25660,623.777669602292,55120178,16623135,26431,706.3116400991479
89040159,2026-07-30T22:36:11.048331300Z,2026-07-30T22:37:18.405580Z,EPISODE_TYPE_PUBLIC,COMPLETED,55115641,16621519,2300,276.57493964709414,55118529,16622251,3000,384.9833151705968
89040160,2026-07-30T22:36:11.051074500Z,2026-07-30T22:37:29.205036800Z,EPISODE_TYPE_PUBLIC,COMPLETED,55117766,16622487,41763,602.23662324742,55115827,16621290,4699,454.45552313460695
89040161,2026-07-30T22:36:11.051532400Z,2026-07-30T22:37:19.596889200Z,EPISODE_TYPE_PUBLIC,COMPLETED,55117863,16621811,4507,430.9151318823307,55118574,16621770,2883,324.9684273068763
89040162,2026-07-30T22:36:11.049819Z,2026-07-30T22:37:25.421919600Z,EPISODE_TYPE_PUBLIC,COMPLETED,55115733,16621519,131,212.55156375225698,55119866,16622809,3000,333.9873140771169
89040163,2026-07-30T22:36:11.052553800Z,2026-07-30T22:37:17.074488500Z,EPISODE_TYPE_PUBLIC,COMPLETED,55118227,16621497,97188,1166.5858230622055,55116580,16621355,98718,1104.0308818405497
89040607,2026-07-30T22:40:10.403992800Z,2026-07-30T22:41:18.906315100Z,EPISODE_TYPE_PUBLIC,COMPLETED,55120568,16623226,1910,490.23724306856417,55117304,16622420,5944,604.478154079699
89040608,2026-07-30T22:40:10.404533100Z,2026-07-30T22:41:32.381264500Z,EPISODE_TYPE_PUBLIC,COMPLETED,55120595,16621367,40352,668.4602398961753,55115827,16621290,4644,441.327976243398
89040609,2026-07-30T22:40:10.405785Z,2026-07-30T22:41:27.311746200Z,EPISODE_TYPE_PUBLIC,COMPLETED,55117940,16622842,39046,724.2902441420254,55120530,16623271,19183,601.978172119476
89040610,2026-07-30T22:40:10.407547700Z,2026-07-30T22:41:55.796381200Z,EPISODE_TYPE_PUBLIC,COMPLETED,55117940,16622842,46200,741.5152314724999,55120459,16621683,37958,579.9577282517834
89040611,2026-07-30T22:40:10.408935100Z,2026-07-30T22:41:25.844801300Z,EPISODE_TYPE_PUBLIC,COMPLETED,55120313,16622809,24454,669.3587081597009,55118741,16622760,22546,601.1548376940038
89040614,2026-07-30T22:40:10.416062400Z,2026-07-30T22:41:39.414001500Z,EPISODE_TYPE_PUBLIC,COMPLETED,55118379,16621497,136954,929.2706861755634,55120008,16622919,40397,912.1779587957327
89040615,2026-07-30T22:40:10.418017400Z,2026-07-30T22:41:03.791661400Z,EPISODE_TYPE_PUBLIC,COMPLETED,55117334,16622420,6082,435.14939780941074,55120450,16621683,3374,279.62154243509246
89040617,2026-07-30T22:40:10.418362800Z,2026-07-30T22:41:24.523968100Z,EPISODE_TYPE_PUBLIC,COMPLETED,55117088,16622312,3842,483.57931669118994,55118529,16622251,3000,345.4586769731166
89040619,2026-07-30T22:40:10.416147100Z,2026-07-30T22:41:04.608659100Z,EPISODE_TYPE_PUBLIC,COMPLETED,55115733,16621519,3038,270.7854799711749,55119866,16622809,3000,257.4690519732978
89040620,2026-07-30T22:40:10.424345400Z,2026-07-30T22:41:10.926290100Z,EPISODE_TYPE_PUBLIC,COMPLETED,55116691,16621802,57419,1035.4637911598788,55119808,16622919,18871,969.1616206466408
89041065,2026-07-30T22:44:10.412761200Z,2026-07-30T22:45:02.698825900Z,EPISODE_TYPE_PUBLIC,COMPLETED,55119028,16622319,48182,596.956302563244,55120616,16623226,1783,488.16684171620244
89041066,2026-07-30T22:44:10.414137Z,2026-07-30T22:45:30.157301700Z,EPISODE_TYPE_PUBLIC,COMPLETED,55118239,16621163,39555,618.954754753549,55120595,16621367,41464,753.8123240331801
89041068,2026-07-30T22:44:10.416467200Z,2026-07-30T22:45:28.984020200Z,EPISODE_TYPE_PUBLIC,COMPLETED,55120530,16623271,18089,529.1144851996106,55118013,16622482,27217,657.4447016464163
89041070,2026-07-30T22:44:10.419148Z,2026-07-30T22:45:22.970218900Z,EPISODE_TYPE_PUBLIC,COMPLETED,55120313,16622809,31050,701.1400999034187,55116475,16621367,23975,559.7844820972475
89041071,2026-07-30T22:44:10.419597200Z,2026-07-30T22:45:22.976422900Z,EPISODE_TYPE_PUBLIC,COMPLETED,55119028,16622319,23690,545.6232562962107,55120366,16621165,28070,576.8960482703307
89041072,2026-07-30T22:44:10.420427800Z,2026-07-30T22:45:08.234388600Z,EPISODE_TYPE_PUBLIC,COMPLETED,55120178,16623135,24207,678.2264043242981,55117099,16621515,35124,736.7054637514972
89041073,2026-07-30T22:44:10.418473400Z,2026-07-30T22:45:05.732977300Z,EPISODE_TYPE_PUBLIC,COMPLETED,55120459,16621683,35466,624.9188835415077,55117886,16621716,14513,475.72923462831614
89041075,2026-07-30T22:44:10.425222200Z,2026-07-30T22:45:08.414248900Z,EPISODE_TYPE_PUBLIC,COMPLETED,55119467,16622990,28784,604.1850717872655,55119028,16622319,20925,570.3711548335016
89041076,2026-07-30T22:44:10.426112Z,2026-07-30T22:45:31.988309500Z,EPISODE_TYPE_PUBLIC,COMPLETED,55116523,16621294,51201,611.0929581164546,55119725,16623135,23325,503.9230852844083
89041077,2026-07-30T22:44:10.422923200Z,2026-07-30T22:45:29.231152Z,EPISODE_TYPE_PUBLIC,COMPLETED,55119634,16623006,22183,715.9138500236571,55117099,16621515,35409,755.5025934273947
89041078,2026-07-30T22:44:10.426146100Z,2026-07-30T22:45:31.696845900Z,EPISODE_TYPE_PUBLIC,COMPLETED,55116691,16621802,48677,1017.8702279604511,55116804,16621355,55641,1078.106366963006
89041530,2026-07-30T22:48:47.489100200Z,2026-07-30T22:50:00.814190300Z,EPISODE_TYPE_PUBLIC,COMPLETED,55116223,16622032,44478,696.5535884631498,55120595,16621367,34551,596.7936703579649
89041531,2026-07-30T22:48:47.489124400Z,2026-07-30T22:49:39.129854700Z,EPISODE_TYPE_PUBLIC,COMPLETED,55120616,16623226,1910,397.2038344478435,55115318,16621290,3912,515.752935248637
89041533,2026-07-30T22:48:47.490694600Z,2026-07-30T22:50:01.281870700Z,EPISODE_TYPE_PUBLIC,COMPLETED,55115318,16621290,3751,491.50289226356415,55120530,16623271,40452,548.7745010074003
89041535,2026-07-30T22:48:47.493054600Z,2026-07-30T22:49:45.042451900Z,EPISODE_TYPE_PUBLIC,COMPLETED,55120366,16621165,21196,555.109880103567,55118395,16621585,27388,718.4993522341678
89041536,2026-07-30T22:48:47.494065500Z,2026-07-30T22:49:45.352754Z,EPISODE_TYPE_PUBLIC,COMPLETED,55116523,16621294,46501,640.7119997056427,55117766,16622487,40610,571.4406590176005
89041537,2026-07-30T22:48:47.493873600Z,2026-07-30T22:49:52.669703600Z,EPISODE_TYPE_PUBLIC,COMPLETED,55119808,16622919,66522,953.8754174841354,55119856,16622965,92500,1059.0357726458274
89041538,2026-07-30T22:48:47.496321Z,2026-07-30T22:49:54.681376500Z,EPISODE_TYPE_PUBLIC,COMPLETED,55120008,16622919,51169,891.4609238060067,55118379,16621497,145307,944.3777042357482
89041539,2026-07-30T22:48:47.496804500Z,2026-07-30T22:50:15.726967300Z,EPISODE_TYPE_PUBLIC,COMPLETED,55120009,16622376,19100,881.1485624785156,55118379,16621497,126173,957.3932552003872
89041540,2026-07-30T22:48:47.497055600Z,2026-07-30T22:49:57.946816400Z,EPISODE_TYPE_PUBLIC,COMPLETED,55116010,16621168,29024,512.234688049047,55116523,16621294,33837,659.6597283663313
89041541,2026-07-30T22:48:47.499155100Z,2026-07-30T22:49:58.044133100Z,EPISODE_TYPE_PUBLIC,COMPLETED,55120184,16623189,16538,542.6051188501748,55118662,16621716,14101,446.82690351061564
89041986,2026-07-30T22:52:42.562817Z,2026-07-30T22:54:00.829094Z,EPISODE_TYPE_PUBLIC,COMPLETED,55115388,16621402,20531,681.1228381171626,55120628,16621153,46529,884.1863584709434
89041987,2026-07-30T22:52:42.563605400Z,2026-07-30T22:53:39.400958700Z,EPISODE_TYPE_PUBLIC,COMPLETED,55118741,16622760,51335,619.4621602299446,55120648,16623274,3000,507.75150014571466
89041988,2026-07-30T22:52:42.565361100Z,2026-07-30T22:53:48.872032600Z,EPISODE_TYPE_PUBLIC,COMPLETED,55120660,16623226,2713,442.0905438220421,55118529,16622251,3000,410.8681024240706
89041989,2026-07-30T22:52:42.566703400Z,2026-07-30T22:53:42.974788600Z,EPISODE_TYPE_PUBLIC,COMPLETED,55118396,16622487,46183,646.1215259053491,55120595,16621367,36753,543.5397661888878
89041990,2026-07-30T22:52:42.569920900Z,2026-07-30T22:53:59.744433900Z,EPISODE_TYPE_PUBLIC,COMPLETED,55120459,16621683,38049,645.5192125386582,55117395,16621153,33819,636.6618256005346
89041991,2026-07-30T22:52:42.569874Z,2026-07-30T22:54:05.868378Z,EPISODE_TYPE_PUBLIC,COMPLETED,55120530,16623271,15595,474.97629802298684,55117565,16621523,24700,603.4454017130837
89041992,2026-07-30T22:52:42.571239700Z,2026-07-30T22:53:56.820708400Z,EPISODE_TYPE_PUBLIC,COMPLETED,55118395,16621585,21370,697.5274065103204,55120313,16622809,27436,772.797505133719
89041993,2026-07-30T22:52:42.574Z,2026-07-30T22:54:09.846748800Z,EPISODE_TYPE_PUBLIC,COMPLETED,55118227,16621497,85787,1158.2358787287978,55116580,16621355,90697,1124.9069344123523
89041994,2026-07-30T22:52:42.573247Z,2026-07-30T22:53:49.361481300Z,EPISODE_TYPE_PUBLIC,COMPLETED,55118227,16621497,108333,1178.7510833345627,55116804,16621355,81048,1064.8930983099876
89041995,2026-07-30T22:52:42.574242300Z,2026-07-30T22:53:30.372049400Z,EPISODE_TYPE_PUBLIC,COMPLETED,55117284,16622422,6259,527.5556124535831,55116892,16622097,3348,440.9122273607357
89041996,2026-07-30T22:52:42.574540500Z,2026-07-30T22:54:02.366919600Z,EPISODE_TYPE_PUBLIC,COMPLETED,55119856,16622965,21911,1037.8452661109216,55116691,16621802,43861,1038.531713730935
89041997,2026-07-30T22:52:42.576430200Z,2026-07-30T22:53:45.434202400Z,EPISODE_TYPE_PUBLIC,COMPLETED,55119467,16622367,12230,577.1297872072436,55118396,16622487,32050,663.2335357552208
89041998,2026-07-30T22:52:42.577724400Z,2026-07-30T22:53:37.079477700Z,EPISODE_TYPE_PUBLIC,COMPLETED,55120660,16623226,2691,572.3655871501355,55117088,16622312,2610,451.6662014876977
89042439,2026-07-30T22:56:44.469573800Z,2026-07-30T22:58:36.210144Z,EPISODE_TYPE_PUBLIC,COMPLETED,55120699,16623226,5658,581.7164201712244,55117395,16621153,11204,660.3212598196792
89042440,2026-07-30T22:56:44.470152Z,2026-07-30T22:58:04.425352300Z,EPISODE_TYPE_PUBLIC,COMPLETED,55120628,16621153,43746,936.1395514192419,55117347,16622198,38064,821.8685749039222
89042444,2026-07-30T22:56:44.473402Z,2026-07-30T22:57:36.456175100Z,EPISODE_TYPE_PUBLIC,COMPLETED,55120459,16621683,38429,610.266038289637,55115388,16621402,49146,696.8713546685833
89042445,2026-07-30T22:56:44.475116200Z,2026-07-30T22:57:55.350070700Z,EPISODE_TYPE_PUBLIC,COMPLETED,55120313,16622809,22356,738.5323725380058,55117940,16622842,28201,774.5491014924617
89042447,2026-07-30T22:56:44.477824Z,2026-07-30T22:57:48.556830700Z,EPISODE_TYPE_PUBLIC,COMPLETED,55120184,16623189,20780,513.1270134909965,55117766,16622487,27975,597.5511702492009
89042448,2026-07-30T22:56:44.477285700Z,2026-07-30T22:57:38.232955400Z,EPISODE_TYPE_PUBLIC,COMPLETED,55120450,16621683,2900,336.5731347824459,55115641,16621519,2300,242.0468611126676
89042450,2026-07-30T22:56:44.479488900Z,2026-07-30T22:57:50.214631700Z,EPISODE_TYPE_PUBLIC,COMPLETED,55119320,16622338,8070,634.7546336270557,55115388,16621402,23860,712.1386275441563
89042451,2026-07-30T22:56:44.480361500Z,2026-07-30T22:57:41.269991100Z,EPISODE_TYPE_PUBLIC,COMPLETED,55117099,16621515,29708,773.7163664182377,55119972,16622338,22111,743.4507431815935
89042452,2026-07-30T22:56:44.479487500Z,2026-07-30T22:57:42.601138Z,EPISODE_TYPE_PUBLIC,COMPLETED,55117263,16621515,29770,792.0579352521839,55117940,16622842,29770,748.7405333646986
89042453,2026-07-30T22:56:44.481216100Z,2026-07-30T22:57:41.273455900Z,EPISODE_TYPE_PUBLIC,COMPLETED,55119254,16622993,34585,806.0140064401867,55119169,16622482,44107,921.1756305622474
89042902,2026-07-30T23:00:44.457659800Z,2026-07-30T23:01:39.156516400Z,EPISODE_TYPE_PUBLIC,COMPLETED,55120699,16623226,29836,509.1945189679386,55118239,16621163,40804,638.7257903728203
89042904,2026-07-30T23:00:44.459223200Z,2026-07-30T23:01:50.435537200Z,EPISODE_TYPE_PUBLIC,COMPLETED,55120628,16621153,47232,980.5631071851695,55120008,16622919,46339,875.3505560320236
89042905,2026-07-30T23:00:44.459772100Z,2026-07-30T23:01:37.636500900Z,EPISODE_TYPE_PUBLIC,COMPLETED,55117886,16621716,16305,500.5647275635018,55120648,16623274,3000,379.22183869936606
89042907,2026-07-30T23:00:44.462183Z,2026-07-30T23:01:46.381594300Z,EPISODE_TYPE_PUBLIC,COMPLETED,55118013,16622482,54789,675.1740286013694,55120459,16621683,36446,551.5054910287147
89042909,2026-07-30T23:00:44.463267200Z,2026-07-30T23:01:57.488301500Z,EPISODE_TYPE_PUBLIC,COMPLETED,55117940,16622842,36448,794.3579459492998,55120313,16622809,21250,712.9710110776823
89042910,2026-07-30T23:00:44.463963100Z,2026-07-30T23:01:58.522595700Z,EPISODE_TYPE_PUBLIC,COMPLETED,55120530,16623271,36013,533.1451517826814,55118529,16622251,3000,382.90834314135526
89042912,2026-07-30T23:00:44.465632100Z,2026-07-30T23:01:35.913933400Z,EPISODE_TYPE_PUBLIC,COMPLETED,55117274,16621811,3375,401.55985461683616,55120450,16621683,1943,292.12022669897436
89042914,2026-07-30T23:00:44.467627200Z,2026-07-30T23:02:00.399402200Z,EPISODE_TYPE_PUBLIC,COMPLETED,55118741,16622760,27425,602.2331454842496,55120178,16623135,31931,699.8818521947073
89042915,2026-07-30T23:00:44.467827700Z,2026-07-30T23:02:06.547961600Z,EPISODE_TYPE_PUBLIC,COMPLETED,55116804,16621355,95529,1077.5580463923538,55119531,16622937,46590,966.8537002116836
89043360,2026-07-30T23:04:48.916239600Z,2026-07-30T23:05:56.618056400Z,EPISODE_TYPE_PUBLIC,COMPLETED,55117565,16621523,22953,591.1045388010995,55120835,16623263,25341,779.7675916085635
89043361,2026-07-30T23:04:48.917337Z,2026-07-30T23:05:41.693762700Z,EPISODE_TYPE_PUBLIC,COMPLETED,55118741,16622760,37874,618.1372379852945,55120877,16623189,0,494.74558548109627
89043362,2026-07-30T23:04:48.917631400Z,2026-07-30T23:06:03.425502500Z,EPISODE_TYPE_PUBLIC,COMPLETED,55120890,16623316,62288,660.0237792546415,55116892,16622097,3183,402.1750069692183
89043364,2026-07-30T23:04:48.918951700Z,2026-07-30T23:06:17.341343200Z,EPISODE_TYPE_PUBLIC,COMPLETED,55120628,16621153,39921,956.0202039825069,55118449,16622509,36443,873.115082644301
89043366,2026-07-30T23:04:48.922396300Z,2026-07-30T23:06:07.155640300Z,EPISODE_TYPE_PUBLIC,COMPLETED,55116523,16621294,39830,701.7572463467767,55120595,16621367,37608,575.356940540047
89043367,2026-07-30T23:04:48.922220100Z,2026-07-30T23:05:46.007055400Z,EPISODE_TYPE_PUBLIC,COMPLETED,55118529,16622251,3000,382.33246873934496,55120648,16623274,3000,380.0557786674713
89043368,2026-07-30T23:04:48.922899100Z,2026-07-30T23:05:44.320573400Z,EPISODE_TYPE_PUBLIC,COMPLETED,55117099,16621515,26158,786.9129223699982,55120313,16622809,25407,691.2366088864885
89043369,2026-07-30T23:04:48.924106600Z,2026-07-30T23:06:00.351576300Z,EPISODE_TYPE_PUBLIC,COMPLETED,55118580,16622319,130,223.49894151141027,55118529,16622251,3000,404.81535953514907
89043370,2026-07-30T23:04:48.924400Z,2026-07-30T23:05:41.443206200Z,EPISODE_TYPE_PUBLIC,COMPLETED,55117088,16622312,2557,408.30471538333137,55120660,16623226,2684,412.03282674114047
89043371,2026-07-30T23:04:48.924036Z,2026-07-30T23:05:45.897176400Z,EPISODE_TYPE_PUBLIC,COMPLETED,55120530,16623271,45826,557.5167744706413,55116892,16622097,3332,416.7303382330822
89043372,2026-07-30T23:04:48.925501300Z,2026-07-30T23:05:58.490735700Z,EPISODE_TYPE_PUBLIC,COMPLETED,55118379,16621497,132186,971.8480155337201,55119808,16622919,51071,934.9428989119133
89043373,2026-07-30T23:04:48.926405600Z,2026-07-30T23:06:02.489400200Z,EPISODE_TYPE_PUBLIC,COMPLETED,55119320,16622338,30367,611.7475930930789,55116523,16621294,32084,683.8927238704111
89043374,2026-07-30T23:04:48.926968200Z,2026-07-30T23:05:44.596932400Z,EPISODE_TYPE_PUBLIC,COMPLETED,55117334,16622420,6549,398.56047116627917,55118662,16621716,13357,476.1775812326324
89043846,2026-07-30T23:08:47.191357600Z,2026-07-30T23:10:09.514879700Z,EPISODE_TYPE_PUBLIC,COMPLETED,55120890,16623316,27659,577.9768947294386,55119163,16622937,37179,720.8175838989131
89043848,2026-07-30T23:08:47.194122700Z,2026-07-30T23:09:58.116969800Z,EPISODE_TYPE_PUBLIC,COMPLETED,55120807,16623006,55190,662.53900862256,55115318,16621290,4018,477.7909962729191
89043849,2026-07-30T23:08:47.194065100Z,2026-07-30T23:09:55.746206600Z,EPISODE_TYPE_PUBLIC,COMPLETED,55120835,16623263,39288,848.4577582694747,55119163,16622937,37568,707.1026928695611
89043850,2026-07-30T23:08:47.196460Z,2026-07-30T23:10:09.740493700Z,EPISODE_TYPE_PUBLIC,COMPLETED,55120628,16621153,42943,984.2636444575004,55119169,16622482,41681,884.3354419763886
89043851,2026-07-30T23:08:47.196645700Z,2026-07-30T23:09:45.953114800Z,EPISODE_TYPE_PUBLIC,COMPLETED,55117932,16621219,6062,482.6912989948913,55120877,16623189,0,392.72009076934876
89043853,2026-07-30T23:08:47.198566300Z,2026-07-30T23:09:53.837304200Z,EPISODE_TYPE_PUBLIC,COMPLETED,55120648,16623274,3000,385.71839111504914,55118529,16622251,3000,401.21227456084335
89043854,2026-07-30T23:08:47.200663900Z,2026-07-30T23:09:46.215440200Z,EPISODE_TYPE_PUBLIC,COMPLETED,55117284,16622422,6214,522.2850546534982,55120595,16621367,43956,604.2456300381406
89043855,2026-07-30T23:08:47.201561200Z,2026-07-30T23:09:47.913442200Z,EPISODE_TYPE_PUBLIC,COMPLETED,55116475,16621367,22948,534.2739802317367,55120530,16623271,31443,588.8972784893514
89043856,2026-07-30T23:08:47.201932600Z,2026-07-30T23:09:38.178520300Z,EPISODE_TYPE_PUBLIC,COMPLETED,55117284,16622422,6259,545.1588170088054,55120660,16623226,2716,382.77579126708383
89043858,2026-07-30T23:08:47.204593700Z,2026-07-30T23:09:52.692557Z,EPISODE_TYPE_PUBLIC,COMPLETED,55118449,16622509,50858,894.1807797088594,55119169,16622482,41363,898.5540476911119
89043859,2026-07-30T23:08:47.206252500Z,2026-07-30T23:09:46.536310900Z,EPISODE_TYPE_PUBLIC,COMPLETED,55116691,16621802,50213,1055.5112319815569,55119856,16622965,21611,1020.4617473527153
89044345,2026-07-30T23:12:44.141624500Z,2026-07-30T23:14:03.739070600Z,EPISODE_TYPE_PUBLIC,COMPLETED,55117263,16621515,38222,808.4054693388607,55120835,16623263,32030,765.7097752514702
89044346,2026-07-30T23:12:44.141121900Z,2026-07-30T23:14:03.722404Z,EPISODE_TYPE_PUBLIC,COMPLETED,55115388,16621402,24430,699.1452880597582,55120905,16622367,70193,820.6928091853268
89044348,2026-07-30T23:12:44.143356100Z,2026-07-30T23:14:16.717440900Z,EPISODE_TYPE_PUBLIC,COMPLETED,55120807,16623006,30667,770.1210850630239,55116223,16622032,24286,678.9250924996804
89044349,2026-07-30T23:12:44.145858400Z,2026-07-30T23:13:51.577157400Z,EPISODE_TYPE_PUBLIC,COMPLETED,55120877,16623189,6,314.71929575782724,55117334,16622420,6428,427.97499385076924
89044350,2026-07-30T23:12:44.147175300Z,2026-07-30T23:14:05.837728900Z,EPISODE_TYPE_PUBLIC,COMPLETED,55118379,16621497,98889,985.860860411278,55120628,16621153,26126,951.4878111026209
89044351,2026-07-30T23:12:44.148057300Z,2026-07-30T23:14:14.568739400Z,EPISODE_TYPE_PUBLIC,COMPLETED,55117304,16622420,6551,575.9825191207544,55120699,16623226,38541,624.8019284642979
89044352,2026-07-30T23:12:44.148298200Z,2026-07-30T23:13:51.683236100Z,EPISODE_TYPE_PUBLIC,COMPLETED,55117274,16621811,3380,432.60910608362553,55120648,16623274,3000,339.20403455866773
89044353,2026-07-30T23:12:44.150147200Z,2026-07-30T23:13:55.423137500Z,EPISODE_TYPE_PUBLIC,COMPLETED,55116608,16622251,3000,385.1154382250841,55119357,16623099,6099,479.0782202054563
89044354,2026-07-30T23:12:44.150613700Z,2026-07-30T23:13:56.775661100Z,EPISODE_TYPE_PUBLIC,COMPLETED,55120595,16621367,33395,576.0407656222584,55118741,16622760,44571,636.1914659884158
89044357,2026-07-30T23:12:44.153514200Z,2026-07-30T23:14:17.425242700Z,EPISODE_TYPE_PUBLIC,COMPLETED,55116804,16621355,71458,1087.5706190114772,55120628,16621153,26163,933.876819880561
89044358,2026-07-30T23:12:44.153647500Z,2026-07-30T23:14:06.851244Z,EPISODE_TYPE_PUBLIC,COMPLETED,55115818,16621163,18778,704.3374353358369,55117395,16621153,15506,638.3988799038651
89044835,2026-07-30T23:16:46.584506700Z,2026-07-30T23:18:13.786677800Z,EPISODE_TYPE_PUBLIC,COMPLETED,55120905,16622990,62297,978.2108796158909,55118449,16622509,41522,880.2117646918982
89044836,2026-07-30T23:16:46.585906700Z,2026-07-30T23:18:05.026025500Z,EPISODE_TYPE_PUBLIC,COMPLETED,55120835,16623263,31320,689.149305515398,55117263,16621515,39078,819.2187515616808
89044837,2026-07-30T23:16:46.585485700Z,2026-07-30T23:18:01.807329600Z,EPISODE_TYPE_PUBLIC,COMPLETED,55118741,16622760,29728,632.641655281421,55120890,16623316,28181,468.5792527854719
89044838,2026-07-30T23:16:46.585289300Z,2026-07-30T23:17:59.054689200Z,EPISODE_TYPE_PUBLIC,COMPLETED,55115608,16621168,29528,727.7749368554089,55120807,16623006,41578,817.8731381554902
89044840,2026-07-30T23:16:46.589637100Z,2026-07-30T23:17:59.624916700Z,EPISODE_TYPE_PUBLIC,COMPLETED,55120628,16621153,40727,955.9402809122032,55119169,16622482,37506,870.1668745898982
89044841,2026-07-30T23:16:46.590946300Z,2026-07-30T23:17:58.389450500Z,EPISODE_TYPE_PUBLIC,COMPLETED,55120178,16623135,27376,719.6771899735096,55118741,16622760,25608,621.7696447176909
89044844,2026-07-30T23:16:46.592402500Z,2026-07-30T23:17:57.873106500Z,EPISODE_TYPE_PUBLIC,COMPLETED,55117863,16621811,4318,460.966718467619,55119183,16622943,3000,350.81482129505264
89044845,2026-07-30T23:16:46.593228300Z,2026-07-30T23:18:05.060236900Z,EPISODE_TYPE_PUBLIC,COMPLETED,55118227,16621497,107812,1169.9953459931473,55116804,16621355,87744,1075.2668425185518
89044847,2026-07-30T23:16:46.595046Z,2026-07-30T23:18:02.855802100Z,EPISODE_TYPE_PUBLIC,COMPLETED,55117940,16622842,30103,778.336382775257,55120008,16622919,58277,889.6384125273903
89045322,2026-07-30T23:20:43.559544300Z,2026-07-30T23:21:48.719026700Z,EPISODE_TYPE_PUBLIC,COMPLETED,55121053,16623189,31252,727.0990878263987,55118013,16622482,19028,653.3493508101129
89045323,2026-07-30T23:20:43.559924500Z,2026-07-30T23:21:44.859794900Z,EPISODE_TYPE_PUBLIC,COMPLETED,55117284,16622422,5449,506.78777130232965,55121064,16623189,46802,684.6719463613707
89045325,2026-07-30T23:20:43.561761100Z,2026-07-30T23:21:59.068369300Z,EPISODE_TYPE_PUBLIC,COMPLETED,55119314,16622965,27950,907.0207330461111,55120807,16623006,24423,783.0888675913413
89045326,2026-07-30T23:20:43.564984800Z,2026-07-30T23:22:05.256963800Z,EPISODE_TYPE_PUBLIC,COMPLETED,55120628,16621153,35419,936.6313822432004,55119856,16622965,64240,1033.2688969968235
89045327,2026-07-30T23:20:43.566506900Z,2026-07-30T23:22:06.985079300Z,EPISODE_TYPE_PUBLIC,COMPLETED,55120699,16623226,16505,621.0359622116238,55117565,16621523,12558,571.5054989744342
89045330,2026-07-30T23:20:43.567814500Z,2026-07-30T23:22:13.360844400Z,EPISODE_TYPE_PUBLIC,COMPLETED,55118227,16621497,71508,1182.4011543376873,55116580,16621355,67110,1111.682858162511
89045331,2026-07-30T23:20:43.568604400Z,2026-07-30T23:22:05.214715700Z,EPISODE_TYPE_PUBLIC,COMPLETED,55119314,16622965,28173,888.794659008718,55118445,16622509,36532,922.7311735534071
89045332,2026-07-30T23:20:43.568679800Z,2026-07-30T23:22:02.255678Z,EPISODE_TYPE_PUBLIC,COMPLETED,55120009,16622376,37666,900.0057428093622,55119808,16622919,65626,951.6944575505903
89045334,2026-07-30T23:20:43.569663800Z,2026-07-30T23:21:50.135227900Z,EPISODE_TYPE_PUBLIC,COMPLETED,55118574,16621770,2853,282.36420098817274,55116715,16622097,3000,373.39454455060627
89045335,2026-07-30T23:20:43.570350900Z,2026-07-30T23:22:07.815004200Z,EPISODE_TYPE_PUBLIC,COMPLETED,55116804,16621355,69658,1089.4322707113479,55116691,16621802,49533,1040.4092576632038
89045336,2026-07-30T23:20:43.563149600Z,2026-07-30T23:22:12.176412200Z,EPISODE_TYPE_PUBLIC,COMPLETED,55119808,16622919,61569,937.8857584250309,55120905,16622990,69296,1032.8921692959752
89045813,2026-07-30T23:24:47.260870800Z,2026-07-30T23:26:02.256701Z,EPISODE_TYPE_PUBLIC,COMPLETED,55121110,16623271,25369,487.5140836440786,55117766,16622487,42739,594.5130820365529
89045816,2026-07-30T23:24:47.264408400Z,2026-07-30T23:26:03.459667800Z,EPISODE_TYPE_PUBLIC,COMPLETED,55121009,16621219,5766,429.5450597884824,55117565,16621523,50253,584.3200142570902
89045817,2026-07-30T23:24:47.264452600Z,2026-07-30T23:26:41.295352900Z,EPISODE_TYPE_PUBLIC,COMPLETED,55120905,16622990,42286,983.5623128950396,55116691,16621802,56662,1053.9872172592297
89045818,2026-07-30T23:24:47.266433900Z,2026-07-30T23:25:53.498459400Z,EPISODE_TYPE_PUBLIC,COMPLETED,55120835,16623263,45642,760.7647872817071,55116523,16621294,36460,681.3465903326469
89045820,2026-07-30T23:24:47.267091500Z,2026-07-30T23:26:05.275283500Z,EPISODE_TYPE_PUBLIC,COMPLETED,55120807,16623006,24774,743.5216210501022,55117099,16621515,30573,801.7342138708365
89045821,2026-07-30T23:24:47.267546500Z,2026-07-30T23:26:08.348166900Z,EPISODE_TYPE_PUBLIC,COMPLETED,55119314,16622965,22294,874.5851360623287,55120628,16621153,25782,955.7227604087697
89045822,2026-07-30T23:24:47.268746900Z,2026-07-30T23:26:11.325643100Z,EPISODE_TYPE_PUBLIC,COMPLETED,55120699,16623226,17874,618.4180864237694,55116223,16622032,23025,695.9478299992857
89045823,2026-07-30T23:24:47.269633700Z,2026-07-30T23:25:45.383772900Z,EPISODE_TYPE_PUBLIC,COMPLETED,55118741,16622760,29799,647.1684891615186,55117766,16622487,28344,573.1432872805825
89045825,2026-07-30T23:24:47.270792500Z,2026-07-30T23:25:58.129602100Z,EPISODE_TYPE_PUBLIC,COMPLETED,55115388,16621402,30996,715.5032434783591,55115818,16621163,28200,680.3917970905467
89045826,2026-07-30T23:24:47.272265Z,2026-07-30T23:26:01.243474500Z,EPISODE_TYPE_PUBLIC,COMPLETED,55118533,16621770,1037,322.7105168952539,55116715,16622097,3000,411.4324604070584
89046308,2026-07-30T23:28:45.509116300Z,2026-07-30T23:30:03.076369800Z,EPISODE_TYPE_PUBLIC,COMPLETED,55121168,16623390,0,478.8018058851627,55119028,16622319,49880,565.3580503527145
89046309,2026-07-30T23:28:45.509839100Z,2026-07-30T23:29:46.185185Z,EPISODE_TYPE_PUBLIC,COMPLETED,55117395,16621153,15979,619.1216753015422,55121053,16623189,17858,711.870706638329
89046311,2026-07-30T23:28:45.512558200Z,2026-07-30T23:30:04.279135700Z,EPISODE_TYPE_PUBLIC,COMPLETED,55117886,16621716,19758,475.49152570442266,55121110,16623271,29983,582.7876707097288
89046312,2026-07-30T23:28:45.514288Z,2026-07-30T23:29:49.915566100Z,EPISODE_TYPE_PUBLIC,COMPLETED,55119531,16622937,55307,954.4634124508883,55120905,16622367,67828,1054.511718208516
89046314,2026-07-30T23:28:45.516924800Z,2026-07-30T23:29:55.968435600Z,EPISODE_TYPE_PUBLIC,COMPLETED,55117274,16621811,3365,399.5033309842065,55121009,16621219,6099,453.8336553631789
89046315,2026-07-30T23:28:45.516562400Z,2026-07-30T23:30:03.034573400Z,EPISODE_TYPE_PUBLIC,COMPLETED,55120890,16623316,52979,609.3805051143536,55116010,16621168,21461,494.67534538266636
89046318,2026-07-30T23:28:45.520501500Z,2026-07-30T23:30:48.310611500Z,EPISODE_TYPE_PUBLIC,COMPLETED,55120699,16623226,4998,591.3487908060829,55117395,16621153,12474,639.6973471695256
89046319,2026-07-30T23:28:45.521619100Z,2026-07-30T23:29:42.993871500Z,EPISODE_TYPE_PUBLIC,COMPLETED,55117940,16622842,29389,798.7189569486063,55119776,16622943,19499,761.3212847156066
89046321,2026-07-30T23:28:45.523742700Z,2026-07-30T23:30:06.432605100Z,EPISODE_TYPE_PUBLIC,COMPLETED,55119634,16623006,30205,714.6214384091021,55118396,16622487,28022,646.1068244816913
89046802,2026-07-30T23:32:49.759582300Z,2026-07-30T23:34:05.420794400Z,EPISODE_TYPE_PUBLIC,COMPLETED,55115608,16621168,32145,712.0186178565674,55121243,16623398,37437,745.8161241562148
89046803,2026-07-30T23:32:49.760266900Z,2026-07-30T23:33:44.829424200Z,EPISODE_TYPE_PUBLIC,COMPLETED,55118395,16621585,20731,679.1965455179048,55121053,16623189,33227,778.777346469282
89046804,2026-07-30T23:32:49.760544400Z,2026-07-30T23:34:04.426524900Z,EPISODE_TYPE_PUBLIC,COMPLETED,55116010,16621168,30791,480.69257650716696,55121110,16623271,37786,645.1484609055968
89046805,2026-07-30T23:32:49.763443400Z,2026-07-30T23:34:06.423457200Z,EPISODE_TYPE_PUBLIC,COMPLETED,55119314,16622965,30302,892.0275286019786,55121064,16623189,23408,870.5510635068161
89046806,2026-07-30T23:32:49.764697800Z,2026-07-30T23:34:14.240902100Z,EPISODE_TYPE_PUBLIC,COMPLETED,55120905,16622990,46688,1023.8268521409608,55116804,16621355,87164,1101.6248207886374
89046813,2026-07-30T23:32:49.775654100Z,2026-07-30T23:34:11.556619900Z,EPISODE_TYPE_PUBLIC,COMPLETED,55120008,16622919,72279,910.1163971836263,55118445,16622509,32057,904.0585821038343
89046814,2026-07-30T23:32:49.776688100Z,2026-07-30T23:34:04.454764100Z,EPISODE_TYPE_PUBLIC,COMPLETED,55115827,16621290,5085,422.2796894754751,55119725,16623135,15689,528.6825762410482
89046815,2026-07-30T23:32:49.777104Z,2026-07-30T23:33:56.523845700Z,EPISODE_TYPE_PUBLIC,COMPLETED,55119691,16622940,13800,413.7628061207842,55116715,16622097,3000,371.5968014712996
89047289,2026-07-30T23:36:45.396585600Z,2026-07-30T23:37:57.334396100Z,EPISODE_TYPE_PUBLIC,COMPLETED,55118013,16622482,54491,668.2063737381554,55121271,16623390,15,508.78795654006257
89047290,2026-07-30T23:36:45.398465Z,2026-07-30T23:37:50.253032700Z,EPISODE_TYPE_PUBLIC,COMPLETED,55117347,16622198,41566,805.5276444167872,55121221,16623263,62234,816.961307583179
89047291,2026-07-30T23:36:45.398436600Z,2026-07-30T23:38:06.157746800Z,EPISODE_TYPE_PUBLIC,COMPLETED,55121290,16623316,36555,725.4990154047606,55118396,16622487,32501,649.121667153782
89047292,2026-07-30T23:36:45.400328700Z,2026-07-30T23:37:58.274743Z,EPISODE_TYPE_PUBLIC,COMPLETED,55121243,16623398,23015,742.8953828507299,55119314,16622965,30733,901.9461036685265
89047293,2026-07-30T23:36:45.402812500Z,2026-07-30T23:38:00.390754800Z,EPISODE_TYPE_PUBLIC,COMPLETED,55121110,16623271,48124,701.1960009229269,55117304,16622420,6570,557.6657633231238
89047295,2026-07-30T23:36:45.400748400Z,2026-07-30T23:37:42.571594400Z,EPISODE_TYPE_PUBLIC,COMPLETED,55121229,16623390,305,407.58697062982094,55117766,16622487,44088,608.0506455647275
89047296,2026-07-30T23:36:45.405464200Z,2026-07-30T23:38:07.772797600Z,EPISODE_TYPE_PUBLIC,COMPLETED,55120905,16622990,37797,1000.1922601729808,55116804,16621355,91795,1111.6937632923716
89047297,2026-07-30T23:36:45.406499900Z,2026-07-30T23:37:56.613837900Z,EPISODE_TYPE_PUBLIC,COMPLETED,55121009,16621219,6050,500.4988107459058,55116475,16621367,30926,557.7434954025315
89047298,2026-07-30T23:36:45.406708700Z,2026-07-30T23:37:54.232637600Z,EPISODE_TYPE_PUBLIC,COMPLETED,55120890,16623316,30671,638.5564373017396,55116223,16622032,29792,671.7607513211682
89047299,2026-07-30T23:36:45.404577Z,2026-07-30T23:38:09.008476400Z,EPISODE_TYPE_PUBLIC,COMPLETED,55117099,16621515,26989,777.3822549686467,55121064,16623189,30000,869.2313539774975
89047300,2026-07-30T23:36:45.407823800Z,2026-07-30T23:37:40.955198400Z,EPISODE_TYPE_PUBLIC,COMPLETED,55120807,16623006,25106,748.8350952690153,55117263,16621515,30094,831.5351809779577
89047301,2026-07-30T23:36:45.409502500Z,2026-07-30T23:37:52.585883300Z,EPISODE_TYPE_PUBLIC,COMPLETED,55120835,16623263,25462,636.4141745690567,55118396,16622487,36661,664.9608499539193
89047302,2026-07-30T23:36:45.410673800Z,2026-07-30T23:38:04.823348300Z,EPISODE_TYPE_PUBLIC,COMPLETED,55117099,16621515,33285,789.1024719544343,55119870,16622376,34740,868.9140228142425
89047303,2026-07-30T23:36:45.411094700Z,2026-07-30T23:37:48.755221100Z,EPISODE_TYPE_PUBLIC,COMPLETED,55120628,16621153,51970,933.6240933437964,55119531,16622937,57838,969.5016708597519
89047304,2026-07-30T23:36:45.412064800Z,2026-07-30T23:37:38.199094800Z,EPISODE_TYPE_PUBLIC,COMPLETED,55120648,16623274,3000,351.76405999837607,55118529,16622251,3000,391.8933427996797
89047305,2026-07-30T23:36:45.415788700Z,2026-07-30T23:38:10.953261500Z,EPISODE_TYPE_PUBLIC,COMPLETED,55116580,16621355,80037,1100.2695636207384,55118227,16621497,99946,1193.142939818754
89047377,2026-07-30T23:38:52.437665600Z,2026-07-30T23:40:10.590357100Z,EPISODE_TYPE_VALIDATION,COMPLETED,55121349,16621802,66023,600,55121349,16621802,66912,600
89047819,2026-07-30T23:40:45.370463600Z,2026-07-30T23:42:03.682891Z,EPISODE_TYPE_PUBLIC,COMPLETED,55121349,16621802,110764,729.2571354767495,55116523,16621294,35853,660.3270833925266
89047823,2026-07-30T23:40:45.375361Z,2026-07-30T23:41:58.911824300Z,EPISODE_TYPE_PUBLIC,COMPLETED,55121271,16623390,40,445.85694695378,55117395,16621153,33938,650.5075974901674
89047824,2026-07-30T23:40:45.376714600Z,2026-07-30T23:42:11.897276900Z,EPISODE_TYPE_PUBLIC,COMPLETED,55121110,16623271,40264,631.3944636033029,55118239,16621163,40749,665.0400175005287
89047825,2026-07-30T23:40:45.377675700Z,2026-07-30T23:42:02.526027900Z,EPISODE_TYPE_PUBLIC,COMPLETED,55118013,16622482,17057,652.5291437924093,55121053,16623189,30665,771.2846099664016
89047826,2026-07-30T23:40:45.378224500Z,2026-07-30T23:41:55.811488900Z,EPISODE_TYPE_PUBLIC,COMPLETED,55118533,16621770,675,362.32832467521536,55121229,16623390,331,309.56684138710693
89047828,2026-07-30T23:40:45.379468600Z,2026-07-30T23:42:07.012704500Z,EPISODE_TYPE_PUBLIC,COMPLETED,55118379,16621497,16645,973.4953646732649,55120905,16622367,51399,1027.4305047777918
89047833,2026-07-30T23:40:45.385857500Z,2026-07-30T23:42:11.031237300Z,EPISODE_TYPE_PUBLIC,COMPLETED,55118445,16622509,34567,889.7941023815582,55120628,16621153,51545,949.686932820199
89047834,2026-07-30T23:40:45.385882200Z,2026-07-30T23:42:18.810957100Z,EPISODE_TYPE_PUBLIC,COMPLETED,55118239,16621163,40781,643.2570684099223,55118395,16621585,44323,698.8595679512721
89047835,2026-07-30T23:40:45.386500600Z,2026-07-30T23:42:15.753145400Z,EPISODE_TYPE_PUBLIC,COMPLETED,55117863,16621811,4564,429.97127648868076,55118662,16621716,23878,503.08433991697336
89048376,2026-07-30T23:44:43.572885100Z,2026-07-30T23:46:13.371644400Z,EPISODE_TYPE_PUBLIC,COMPLETED,55121349,16621802,103043,818.8966165622064,55119634,16623006,41263,697.4356887211868
89048380,2026-07-30T23:44:43.574970800Z,2026-07-30T23:46:04.411160800Z,EPISODE_TYPE_PUBLIC,COMPLETED,55117263,16621515,29295,842.618906947682,55121243,16623398,29275,735.9780228552438
89048381,2026-07-30T23:44:43.576364400Z,2026-07-30T23:45:38.595210100Z,EPISODE_TYPE_PUBLIC,COMPLETED,55116892,16622097,3336,430.8662153505558,55121271,16623390,6,355.87425072491266
89048382,2026-07-30T23:44:43.577752800Z,2026-07-30T23:45:52.548127300Z,EPISODE_TYPE_PUBLIC,COMPLETED,55118239,16621163,40644,671.7594133062232,55121053,16623189,40006,708.3797117625872
89048384,2026-07-30T23:44:43.579652200Z,2026-07-30T23:46:07.693793900Z,EPISODE_TYPE_PUBLIC,COMPLETED,55121110,16623271,43095,638.9165707826149,55116475,16621367,23862,539.3588182731315
89048385,2026-07-30T23:44:43.580462900Z,2026-07-30T23:46:00.382845300Z,EPISODE_TYPE_PUBLIC,COMPLETED,55121229,16623390,530,256.5191008633126,55118529,16622251,3000,414.90828077393184
89048387,2026-07-30T23:44:43.581868400Z,2026-07-30T23:46:08.898776200Z,EPISODE_TYPE_PUBLIC,COMPLETED,55116223,16622032,30759,654.1243560032607,55120890,16623316,31024,690.0495621155388
89048388,2026-07-30T23:44:43.582245400Z,2026-07-30T23:45:47.628430900Z,EPISODE_TYPE_PUBLIC,COMPLETED,55116608,16622251,3000,359.98809067105304,55121009,16621219,6099,501.9619988971759
89048390,2026-07-30T23:44:43.584814600Z,2026-07-30T23:45:42.521607100Z,EPISODE_TYPE_PUBLIC,COMPLETED,55120660,16623226,2715,383.42122897974764,55117932,16621219,6099,506.1532833944517
89048391,2026-07-30T23:44:43.585097400Z,2026-07-30T23:46:05.557008900Z,EPISODE_TYPE_PUBLIC,COMPLETED,55120009,16622376,38910,897.9794908339663,55119808,16622919,58672,952.7312379591235
89048392,2026-07-30T23:44:43.585617200Z,2026-07-30T23:46:07.195234600Z,EPISODE_TYPE_PUBLIC,COMPLETED,55120905,16622990,49581,1001.984282857674,55119856,16622965,86445,1048.2637317936098
89048878,2026-07-30T23:48:48.253471200Z,2026-07-30T23:50:11.202087500Z,EPISODE_TYPE_PUBLIC,COMPLETED,55121290,16623316,41065,613.4543902869634,55121349,16621802,82134,863.601388755354
89048882,2026-07-30T23:48:48.259327800Z,2026-07-30T23:50:02.118131900Z,EPISODE_TYPE_PUBLIC,COMPLETED,55118239,16621163,40049,692.9096972797167,55121053,16623189,39200,666.0323532018626
89048883,2026-07-30T23:48:48.259950900Z,2026-07-30T23:50:01.348030300Z,EPISODE_TYPE_PUBLIC,COMPLETED,55115818,16621163,32427,698.2209648082234,55121110,16623271,31634,604.4919020125994
89048885,2026-07-30T23:48:48.261507800Z,2026-07-30T23:50:09.572204300Z,EPISODE_TYPE_PUBLIC,COMPLETED,55120905,16622990,51735,994.1257241537559,55119808,16622919,65154,971.5284430777212
89048886,2026-07-30T23:48:48.257504100Z,2026-07-30T23:50:02.353325Z,EPISODE_TYPE_PUBLIC,COMPLETED,55115827,16621290,3824,438.45398852009043,55121271,16623390,33,299.02971681141753
89048887,2026-07-30T23:48:48.265480900Z,2026-07-30T23:49:59.997425400Z,EPISODE_TYPE_PUBLIC,COMPLETED,55115733,16621519,1868,306.5789305458488,55121229,16623390,509,201.90411300866214
89048888,2026-07-30T23:48:48.263516400Z,2026-07-30T23:50:02.972853100Z,EPISODE_TYPE_PUBLIC,COMPLETED,55121009,16621219,6009,469.23720187520973,55118662,16621716,20941,528.9290747869112
89048891,2026-07-30T23:48:48.269283400Z,2026-07-30T23:50:11.912410200Z,EPISODE_TYPE_PUBLIC,COMPLETED,55118227,16621497,79209,1203.0272292745124,55116804,16621355,75780,1101.8100166954857
89048892,2026-07-30T23:48:48.270209200Z,2026-07-30T23:50:05.784803600Z,EPISODE_TYPE_PUBLIC,COMPLETED,55119725,16623135,18131,546.6557596000237,55117088,16622312,4634,388.02192309056215
89048893,2026-07-30T23:48:48.269598800Z,2026-07-30T23:50:14.543103900Z,EPISODE_TYPE_PUBLIC,COMPLETED,55119870,16622376,37887,870.3130106995259,55120008,16622919,63954,925.9368404494096
89049369,2026-07-30T23:52:46.192782100Z,2026-07-30T23:54:01.066121600Z,EPISODE_TYPE_PUBLIC,COMPLETED,55121349,16621802,94703,920.5538955646105,55119254,16622993,32776,777.9680931507409
89049372,2026-07-30T23:52:46.194633200Z,2026-07-30T23:54:04.031342700Z,EPISODE_TYPE_PUBLIC,COMPLETED,55121349,16621802,84351,969.9322566892207,55121221,16623263,61046,836.7645321973184
89049374,2026-07-30T23:52:46.196704800Z,2026-07-30T23:53:57.740731700Z,EPISODE_TYPE_PUBLIC,COMPLETED,55118741,16622760,21884,632.7933891845844,55121053,16623189,29071,697.7833310482451
89049376,2026-07-30T23:52:46.198763600Z,2026-07-30T23:53:42.753604500Z,EPISODE_TYPE_PUBLIC,COMPLETED,55120905,16622367,58038,1013.3544620678323,55118379,16621497,0,961.6460210349228
89049377,2026-07-30T23:52:46.198846700Z,2026-07-30T23:54:07.491182700Z,EPISODE_TYPE_PUBLIC,COMPLETED,55117766,16622487,41069,629.6794506166292,55121110,16623271,21950,569.7806644133186
89049378,2026-07-30T23:52:46.200274100Z,2026-07-30T23:53:56.536381400Z,EPISODE_TYPE_PUBLIC,COMPLETED,55121271,16623390,64,257.23812805733957,55117274,16621811,3398,418.8662219315273
89049384,2026-07-30T23:52:46.205165700Z,2026-07-30T23:54:09.547257200Z,EPISODE_TYPE_PUBLIC,COMPLETED,55119856,16622965,92553,1061.3773814447902,55120905,16622990,46638,996.3639483472209
89049385,2026-07-30T23:52:46.206063100Z,2026-07-30T23:54:11.688388200Z,EPISODE_TYPE_PUBLIC,COMPLETED,55116691,16621802,58874,1065.8383549566236,55120905,16622990,42011,981.6736037643204
89049866,2026-07-30T23:56:47.304655200Z,2026-07-30T23:58:11.215146500Z,EPISODE_TYPE_PUBLIC,COMPLETED,55121221,16623263,59457,916.0689074364036,55119169,16622482,55557,855.1123904368932
89049867,2026-07-30T23:56:47.303858Z,2026-07-30T23:58:18.505385500Z,EPISODE_TYPE_PUBLIC,COMPLETED,55120008,16622919,34675,899.8719624191802,55121355,16622454,45400,1038.9975660359075
89049868,2026-07-30T23:56:47.306413100Z,2026-07-30T23:58:00.035196300Z,EPISODE_TYPE_PUBLIC,COMPLETED,55121483,16623006,0,422.2943175558681,55117932,16621219,5902,530.4487495553705
89049869,2026-07-30T23:56:47.306780200Z,2026-07-30T23:58:08.677011200Z,EPISODE_TYPE_PUBLIC,COMPLETED,55121053,16623189,34392,723.5197775780604,55118396,16622487,23300,635.628155782558
89049870,2026-07-30T23:56:47.306951800Z,2026-07-30T23:57:50.859605400Z,EPISODE_TYPE_PUBLIC,COMPLETED,55117395,16621153,18875,633.1072365313934,55121290,16623316,24077,701.2767912189786
89049871,2026-07-30T23:56:47.308212700Z,2026-07-30T23:58:07.929863900Z,EPISODE_TYPE_PUBLIC,COMPLETED,55116475,16621367,25577,520.7740255498065,55121110,16623271,38339,598.3857705992951
89049872,2026-07-30T23:56:47.309471700Z,2026-07-30T23:58:07.959869100Z,EPISODE_TYPE_PUBLIC,COMPLETED,55121349,16621802,79625,1007.5644833049411,55119870,16622376,39845,860.179937213728
89049873,2026-07-30T23:56:47.310569800Z,2026-07-30T23:58:09.384364500Z,EPISODE_TYPE_PUBLIC,COMPLETED,55119856,16622965,43097,1048.430729330408,55116580,16621355,84433,1102.9593853197662
89049874,2026-07-30T23:56:47.310202Z,2026-07-30T23:58:04.354429800Z,EPISODE_TYPE_PUBLIC,COMPLETED,55121064,16623189,29811,819.4310844029686,55117940,16622842,27860,792.7142626362078
89049876,2026-07-30T23:56:47.312087Z,2026-07-30T23:58:03.435480200Z,EPISODE_TYPE_PUBLIC,COMPLETED,55118239,16621163,39098,680.3097179147181,55117940,16622842,42548,811.4621615055332
89049877,2026-07-30T23:56:47.306301300Z,2026-07-30T23:58:12.899112400Z,EPISODE_TYPE_PUBLIC,COMPLETED,55117099,16621515,28001,763.0252055085849,55121243,16623398,28345,792.7459795193324
89049878,2026-07-30T23:56:47.313764400Z,2026-07-30T23:58:00.017754700Z,EPISODE_TYPE_PUBLIC,COMPLETED,55117932,16621219,6028,482.8510689963466,55119028,16622319,40376,581.8496424491951
89049879,2026-07-30T23:56:47.313749100Z,2026-07-30T23:57:55.651419500Z,EPISODE_TYPE_PUBLIC,COMPLETED,55118227,16621497,91217,1211.6972381525618,55116580,16621355,83868,1090.6953550619294
89049881,2026-07-30T23:56:47.314770500Z,2026-07-30T23:58:10.622850700Z,EPISODE_TYPE_PUBLIC,COMPLETED,55120628,16621153,44005,951.439011362507,55120008,16622919,37322,910.160048776414
89049882,2026-07-30T23:56:47.318294900Z,2026-07-30T23:58:09.554133300Z,EPISODE_TYPE_PUBLIC,COMPLETED,55119856,16622965,25251,1047.2448320541157,55116691,16621802,48779,1079.7305197799783
89049921,2026-07-31T00:00:19.405459100Z,2026-07-31T00:01:48.929812600Z,EPISODE_TYPE_VALIDATION,COMPLETED,55121710,16622990,67560,600,55121710,16622990,68094,600
89050371,2026-07-31T00:00:42.097792400Z,2026-07-31T00:02:21.279919500Z,EPISODE_TYPE_PUBLIC,COMPLETED,55121349,16621802,113451,1020.0374443150001,55121355,16622454,58680,989.3434020145853
89050373,2026-07-31T00:00:42.098932700Z,2026-07-31T00:02:20.714754700Z,EPISODE_TYPE_PUBLIC,COMPLETED,55121349,16621802,83301,974.1381936596903,55116580,16621355,101905,1111.5078432778766
89050374,2026-07-31T00:00:42.101421300Z,2026-07-31T00:02:20.672013300Z,EPISODE_TYPE_PUBLIC,COMPLETED,55119163,16622937,34088,724.2402464652403,55121290,16623316,32814,661.2292053486419
89050375,2026-07-31T00:00:42.101594600Z,2026-07-31T00:01:55.959875400Z,EPISODE_TYPE_PUBLIC,COMPLETED,55115608,16621168,32347,698.6594411935984,55121053,16623189,36279,750.4292633428669
89050376,2026-07-31T00:00:42.101812600Z,2026-07-31T00:01:57.323394300Z,EPISODE_TYPE_PUBLIC,COMPLETED,55117099,16621515,28812,751.5203483624117,55121243,16623398,28933,825.4638515399959
89050377,2026-07-31T00:00:42.102076900Z,2026-07-31T00:02:19.666222900Z,EPISODE_TYPE_PUBLIC,COMPLETED,55121221,16623263,58317,879.2442613245182,55120008,16622919,67056,914.7631282521835
89050378,2026-07-31T00:00:42.103345Z,2026-07-31T00:02:21.430554100Z,EPISODE_TYPE_PUBLIC,COMPLETED,55119808,16622919,52607,956.6182377656515,55120905,16622990,66124,981.064770460196
89050379,2026-07-31T00:00:42.103306600Z,2026-07-31T00:02:14.492092300Z,EPISODE_TYPE_PUBLIC,COMPLETED,55118396,16622487,43066,649.0637558269169,55121110,16623271,19403,572.6712195119665
89050380,2026-07-31T00:00:42.103984900Z,2026-07-31T00:02:09.038222700Z,EPISODE_TYPE_PUBLIC,COMPLETED,55119163,16622937,25411,708.0411931023284,55121064,16623189,33769,834.4088720858223
89050381,2026-07-31T00:00:42.105415300Z,2026-07-31T00:01:58.893579300Z,EPISODE_TYPE_PUBLIC,COMPLETED,55117565,16621523,25251,571.5688441231512,55120835,16623263,25927,694.7598006253521
89050383,2026-07-31T00:00:42.107805700Z,2026-07-31T00:02:10.527416200Z,EPISODE_TYPE_PUBLIC,COMPLETED,55116715,16622097,3000,348.35647435575856,55121009,16621219,6099,490.10736319719445
89050384,2026-07-31T00:00:42.108110700Z,2026-07-31T00:01:50.949189900Z,EPISODE_TYPE_PUBLIC,COMPLETED,55117284,16622422,6247,531.3083060878921,55117932,16621219,6087,501.6718707103849
89050385,2026-07-31T00:00:42.109376600Z,2026-07-31T00:02:06.403151400Z,EPISODE_TYPE_PUBLIC,COMPLETED,55119866,16622809,3000,343.1596434904337,55118574,16621770,2853,246.22496139213962
89050386,2026-07-31T00:00:42.109378300Z,2026-07-31T00:02:24.390890Z,EPISODE_TYPE_PUBLIC,COMPLETED,55116804,16621355,77569,1120.1034139774529,55118227,16621497,67108,1194.0819981725595
89050870,2026-07-31T00:04:41.916846Z,2026-07-31T00:05:41.302921400Z,EPISODE_TYPE_PUBLIC,COMPLETED,55117766,16622487,30200,615.7416492336677,55121621,16623006,36639,781.8065544453926
89050871,2026-07-31T00:04:41.921236300Z,2026-07-31T00:06:06.262451200Z,EPISODE_TYPE_PUBLIC,COMPLETED,55121710,16622990,73767,729.9941822679677,55118239,16621163,35753,663.2020283460284
89050873,2026-07-31T00:04:41.921938700Z,2026-07-31T00:05:35.095767400Z,EPISODE_TYPE_PUBLIC,COMPLETED,55121811,16621367,40331,526.003959938684,55119163,16622937,50491,733.3674028338282
89050874,2026-07-31T00:04:41.924150300Z,2026-07-31T00:06:05.228207Z,EPISODE_TYPE_PUBLIC,COMPLETED,55118445,16622509,41683,879.8210803016804,55121355,16622454,56865,1016.5774869168631
89050875,2026-07-31T00:04:41.926942500Z,2026-07-31T00:06:13.598306Z,EPISODE_TYPE_PUBLIC,COMPLETED,55121355,16622454,57659,983.7642694427711,55121349,16621802,96045,1054.3504014831599
89050876,2026-07-31T00:04:41.932646Z,2026-07-31T00:05:48.180402700Z,EPISODE_TYPE_PUBLIC,COMPLETED,55121290,16623316,36747,692.0483529026276,55117766,16622487,34895,598.9212738674014
89050877,2026-07-31T00:04:41.932578100Z,2026-07-31T00:05:58.139886500Z,EPISODE_TYPE_PUBLIC,COMPLETED,55117347,16622198,45328,795.2686404517543,55121221,16623263,64769,903.3536297935074
89050878,2026-07-31T00:04:41.932646900Z,2026-07-31T00:05:55.008329100Z,EPISODE_TYPE_PUBLIC,COMPLETED,55121064,16623189,36080,815.3507376203025,55119169,16622482,43520,869.5423716725189
89050881,2026-07-31T00:04:41.935506100Z,2026-07-31T00:05:57.914647400Z,EPISODE_TYPE_PUBLIC,COMPLETED,55117284,16622422,6208,512.952271439442,55121110,16623271,47055,595.5328789494091
89050883,2026-07-31T00:04:41.939096700Z,2026-07-31T00:05:33.115682400Z,EPISODE_TYPE_PUBLIC,COMPLETED,55119866,16622809,3000,314.2323651538088,55117334,16622420,6677,451.21380220243583
89050885,2026-07-31T00:04:41.938947300Z,2026-07-31T00:05:53.141448200Z,EPISODE_TYPE_PUBLIC,COMPLETED,55121271,16623390,39,205.3810714693215,55115641,16621519,2300,275.81558319302644
89050886,2026-07-31T00:04:41.942613700Z,2026-07-31T00:05:53.148449400Z,EPISODE_TYPE_PUBLIC,COMPLETED,55116715,16622097,3000,343.4507340973241,55119866,16622809,3000,320.0374411681555
89051366,2026-07-31T00:08:40.440681600Z,2026-07-31T00:09:42.179435500Z,EPISODE_TYPE_PUBLIC,COMPLETED,55121710,16622990,93096,814.7861289024346,55120835,16623263,37330,679.7948968639771
89051367,2026-07-31T00:08:40.442041100Z,2026-07-31T00:09:44.549290500Z,EPISODE_TYPE_PUBLIC,COMPLETED,55122028,16623412,14026,502.8763681981361,55117395,16621153,29964,646.1105640338078
89051368,2026-07-31T00:08:40.442926600Z,2026-07-31T00:09:38.806227Z,EPISODE_TYPE_PUBLIC,COMPLETED,55118449,16622509,34296,890.8058925749932,55121611,16623006,31565,733.1930212028196
89051369,2026-07-31T00:08:40.443719100Z,2026-07-31T00:09:55.565017900Z,EPISODE_TYPE_PUBLIC,COMPLETED,55121621,16623006,32106,845.205457226562,55115818,16621163,27151,684.8949874921439
89051370,2026-07-31T00:08:40.445437800Z,2026-07-31T00:09:41.207926100Z,EPISODE_TYPE_PUBLIC,COMPLETED,55121349,16621802,103413,1086.6098020233544,55119856,16622965,86136,1034.5841040838818
89051371,2026-07-31T00:08:40.445792900Z,2026-07-31T00:09:52.482826900Z,EPISODE_TYPE_PUBLIC,COMPLETED,55121811,16621367,51770,612.8121971984142,55117932,16621219,6012,482.74089762330624
89051372,2026-07-31T00:08:40.445863100Z,2026-07-31T00:09:48.498949Z,EPISODE_TYPE_PUBLIC,COMPLETED,55118445,16622509,41041,870.2798807253655,55121355,16622454,47796,1005.5349976832487
89051375,2026-07-31T00:08:40.448158500Z,2026-07-31T00:09:55.621712700Z,EPISODE_TYPE_PUBLIC,COMPLETED,55117099,16621515,28942,741.9325146905351,55121243,16623398,29738,846.8853551825746
89051376,2026-07-31T00:08:40.449777800Z,2026-07-31T00:09:38.082705200Z,EPISODE_TYPE_PUBLIC,COMPLETED,55116523,16621294,31098,644.4269307585677,55121053,16623189,38472,749.8272689986785
89051377,2026-07-31T00:08:40.451280600Z,2026-07-31T00:09:56.201868400Z,EPISODE_TYPE_PUBLIC,COMPLETED,55117263,16621515,27530,828.3507225961547,55121064,16623189,30034,850.8497198970616
89051378,2026-07-31T00:08:40.452685600Z,2026-07-31T00:09:58.396564300Z,EPISODE_TYPE_PUBLIC,COMPLETED,55118449,16622509,27030,875.5014643794688,55119314,16622965,37277,916.4073386857401
89051381,2026-07-31T00:08:40.457397400Z,2026-07-31T00:10:04.582343900Z,EPISODE_TYPE_PUBLIC,COMPLETED,55119808,16622919,64971,944.5010009840883,55120905,16622990,67774,1007.7882049591235
89051382,2026-07-31T00:08:40.462605100Z,2026-07-31T00:10:01.646643600Z,EPISODE_TYPE_PUBLIC,COMPLETED,55115818,16621163,29594,673.9744099090698,55121710,16622990,87517,869.0831872875524
89051858,2026-07-31T00:12:42.652531200Z,2026-07-31T00:13:46.488659400Z,EPISODE_TYPE_PUBLIC,COMPLETED,55121710,16622990,80906,949.848869528247,55120008,16622919,65064,900.8650785271562
89051860,2026-07-31T00:12:42.654336200Z,2026-07-31T00:13:57.037823300Z,EPISODE_TYPE_PUBLIC,COMPLETED,55121811,16621367,42891,665.2670255153844,55117886,16621716,12147,460.22267238069605
89051861,2026-07-31T00:12:42.656651400Z,2026-07-31T00:14:03.564661600Z,EPISODE_TYPE_PUBLIC,COMPLETED,55122028,16623412,14628,425.7667094810416,55117565,16621523,37835,583.1141303260006
89051862,2026-07-31T00:12:42.658033700Z,2026-07-31T00:13:57.464586Z,EPISODE_TYPE_PUBLIC,COMPLETED,55120905,16622990,49167,997.6503883511764,55121349,16621802,58376,1109.0332914349126
89051863,2026-07-31T00:12:42.657941800Z,2026-07-31T00:13:46.533596100Z,EPISODE_TYPE_PUBLIC,COMPLETED,55119856,16622965,95621,1045.9617515305779,55121355,16622454,61880,978.9862726330507
89051865,2026-07-31T00:12:42.659065400Z,2026-07-31T00:13:49.671956300Z,EPISODE_TYPE_PUBLIC,COMPLETED,55121221,16623263,54803,925.0372707386733,55120008,16622919,79080,916.7407959909772
89052350,2026-07-31T00:16:39.620134500Z,2026-07-31T00:18:04.763319200Z,EPISODE_TYPE_PUBLIC,COMPLETED,55121710,16622367,79609,1003.6128004465968,55119314,16622965,30322,905.0195533618747
89052351,2026-07-31T00:16:39.621176400Z,2026-07-31T00:17:38.677957100Z,EPISODE_TYPE_PUBLIC,COMPLETED,55119163,16622937,49798,744.7554220129643,55121811,16621367,45048,608.1298939847471
89052352,2026-07-31T00:16:39.623362300Z,2026-07-31T00:17:41.445597Z,EPISODE_TYPE_PUBLIC,COMPLETED,55121611,16623006,39540,732.4567142013466,55115608,16621168,29911,685.310336545209
89052354,2026-07-31T00:16:39.625283900Z,2026-07-31T00:18:04.849168200Z,EPISODE_TYPE_PUBLIC,COMPLETED,55116580,16621355,100594,1123.5675562821361,55121349,16621802,77123,1081.8224754386347
89052355,2026-07-31T00:16:39.625312500Z,2026-07-31T00:17:53.441256400Z,EPISODE_TYPE_PUBLIC,COMPLETED,55122028,16623412,21275,466.55837358871406,55118580,16622319,11,198.92880436229666
89052356,2026-07-31T00:16:39.625559800Z,2026-07-31T00:18:04.660097100Z,EPISODE_TYPE_PUBLIC,COMPLETED,55121355,16622454,67362,1004.8200985394727,55119531,16622937,65245,955.8584331407621
89052357,2026-07-31T00:16:39.627064800Z,2026-07-31T00:17:58.918936400Z,EPISODE_TYPE_PUBLIC,COMPLETED,55118395,16621585,31654,681.3691896024445,55121290,16623316,32685,750.2348359994475
89052843,2026-07-31T00:20:39.545167400Z,2026-07-31T00:21:59.089278100Z,EPISODE_TYPE_PUBLIC,COMPLETED,55118741,16622760,17101,619.8006890780142,55122314,16621153,59409,716.3185581662066
89052844,2026-07-31T00:20:39.546235600Z,2026-07-31T00:21:59.790350800Z,EPISODE_TYPE_PUBLIC,COMPLETED,55117766,16622487,31442,614.2370949381628,55122317,16623412,3790,493.65318093246174
89052847,2026-07-31T00:20:39.552141100Z,2026-07-31T00:21:54.178375Z,EPISODE_TYPE_PUBLIC,COMPLETED,55118449,16622509,34769,886.3763900380246,55121621,16623006,31028,766.3509738183599
89052848,2026-07-31T00:20:39.551554400Z,2026-07-31T00:22:08.829460300Z,EPISODE_TYPE_PUBLIC,COMPLETED,55121355,16622454,57705,982.5010977783385,55121710,16622990,88586,1053.2352355340217
89052850,2026-07-31T00:20:39.555262400Z,2026-07-31T00:22:03.516518600Z,EPISODE_TYPE_PUBLIC,COMPLETED,55121611,16623006,25343,683.970263059483,55117099,16621515,30740,752.9318857041175
89053340,2026-07-31T00:24:41.400241600Z,2026-07-31T00:25:43.431870400Z,EPISODE_TYPE_PUBLIC,COMPLETED,55119314,16622965,24051,889.2314375333909,55122314,16621153,36739,894.9881509333687
89053343,2026-07-31T00:24:41.402687200Z,2026-07-31T00:25:46.020880500Z,EPISODE_TYPE_PUBLIC,COMPLETED,55121710,16622990,69467,1100.9015838475866,55116691,16621802,49328,1066.2914255327378
89053379,2026-07-31T00:27:56.248611600Z,2026-07-31T00:29:08.861396100Z,EPISODE_TYPE_VALIDATION,COMPLETED,55122519,16622919,80421,600,55122519,16622919,74098,600
89053831,2026-07-31T00:28:38.796948500Z,2026-07-31T00:29:34.844046800Z,EPISODE_TYPE_PUBLIC,COMPLETED,55122399,16621683,221,392.0253631425451,55115318,16621290,4018,496.3183973801596
89053832,2026-07-31T00:28:38.796715500Z,2026-07-31T00:30:06.612824300Z,EPISODE_TYPE_PUBLIC,COMPLETED,55117347,16622198,36448,787.2494363681902,55122092,16622454,59995,950.8194660692083
89053834,2026-07-31T00:28:38.798601300Z,2026-07-31T00:29:49.591626200Z,EPISODE_TYPE_PUBLIC,COMPLETED,55116580,16621355,87065,1134.0768170175827,55121710,16622990,60679,1065.4032393981686
89053835,2026-07-31T00:28:38.800136700Z,2026-07-31T00:29:36.900257400Z,EPISODE_TYPE_PUBLIC,COMPLETED,55122317,16656399,17146,456.8287576309641,55118533,16621770,1000,334.792223335187
89053836,2026-07-31T00:28:38.799894600Z,2026-07-31T00:29:34.190857600Z,EPISODE_TYPE_PUBLIC,COMPLETED,55121811,16621367,42924,534.3328688339461,55118395,16621585,44779,692.8973007689058
89053837,2026-07-31T00:28:38.801567Z,2026-07-31T00:30:04.369106Z,EPISODE_TYPE_PUBLIC,COMPLETED,55117565,16621523,12920,573.1546576208758,55121611,16623006,34617,736.1279727015724
89054331,2026-07-31T00:32:44.951818700Z,2026-07-31T00:33:48.141107100Z,EPISODE_TYPE_PUBLIC,COMPLETED,55116523,16621294,44441,627.1669691438179,55122519,16622919,78548,718.7855328053805
89054332,2026-07-31T00:32:44.952414100Z,2026-07-31T00:34:13.794035500Z,EPISODE_TYPE_PUBLIC,COMPLETED,55121349,16621802,77023,1095.4238082191905,55122314,16621153,48398,901.1651327469856
89054333,2026-07-31T00:32:44.953693700Z,2026-07-31T00:33:48.113003500Z,EPISODE_TYPE_PUBLIC,COMPLETED,55119314,16622965,32247,879.4212037181779,55122092,16622454,47874,993.1713106841325
89054334,2026-07-31T00:32:44.955368600Z,2026-07-31T00:34:05.766888600Z,EPISODE_TYPE_PUBLIC,COMPLETED,55115818,16621163,30375,688.2566020725236,55122325,16623189,18025,568.107680046368
89054335,2026-07-31T00:32:44.958526700Z,2026-07-31T00:34:44.156200100Z,EPISODE_TYPE_PUBLIC,COMPLETED,55121710,16622990,60038,1099.5012115238662,55116691,16621802,53656,1054.032547235389
89054338,2026-07-31T00:32:44.960627200Z,2026-07-31T00:33:57.669064100Z,EPISODE_TYPE_PUBLIC,COMPLETED,55118529,16622251,3000,435.74775916670325,55122399,16621683,35,272.94985376893123
89054829,2026-07-31T00:36:42.665862400Z,2026-07-31T00:37:46.846268900Z,EPISODE_TYPE_PUBLIC,COMPLETED,55122519,16622919,79368,786.6973722057435,55120366,16621165,24408,598.7794042647215
89054830,2026-07-31T00:36:42.666834100Z,2026-07-31T00:37:40.891651100Z,EPISODE_TYPE_PUBLIC,COMPLETED,55122590,16623385,39312,713.918893668164,55116523,16621294,27276,611.3219587138374
89054835,2026-07-31T00:36:42.672310200Z,2026-07-31T00:38:13.950119400Z,EPISODE_TYPE_PUBLIC,COMPLETED,55122092,16622454,48726,936.5694156403373,55120008,16622919,58775,931.8601523634336
89054836,2026-07-31T00:36:42.674017900Z,2026-07-31T00:37:55.697015400Z,EPISODE_TYPE_PUBLIC,COMPLETED,55122325,16623189,23768,516.9557415652665,55117766,16622487,29156,628.6625037480123
89054838,2026-07-31T00:36:42.674962200Z,2026-07-31T00:37:40.911988600Z,EPISODE_TYPE_PUBLIC,COMPLETED,55122317,16623412,31565,543.3342438485166,55117863,16621811,4643,407.67593027593983
89055331,2026-07-31T00:40:39.712379Z,2026-07-31T00:41:42.526339600Z,EPISODE_TYPE_PUBLIC,COMPLETED,55122519,16622919,91124,855.2428955849275,55121611,16623006,25206,709.7592797348917
89055332,2026-07-31T00:40:39.714356100Z,2026-07-31T00:42:24.110919600Z,EPISODE_TYPE_PUBLIC,COMPLETED,55122596,16622809,42874,588.3656288701955,55117334,16622420,6052,430.34135441865203
89055333,2026-07-31T00:40:39.715377900Z,2026-07-31T00:41:47.391420400Z,EPISODE_TYPE_PUBLIC,COMPLETED,55122600,16623274,170,359.63825326011374,55116715,16622097,3000,379.46725936179143
89055334,2026-07-31T00:40:39.716526100Z,2026-07-31T00:41:45.996822900Z,EPISODE_TYPE_PUBLIC,COMPLETED,55120008,16622919,56772,943.8074225129453,55122092,16622454,44943,897.2203325781883
89055336,2026-07-31T00:40:39.718369200Z,2026-07-31T00:41:43.103352800Z,EPISODE_TYPE_PUBLIC,COMPLETED,55119856,16622965,12042,1035.976643460582,55121710,16622990,84523,1124.8183073445682
89055337,2026-07-31T00:40:39.720103Z,2026-07-31T00:41:33.606261500Z,EPISODE_TYPE_PUBLIC,COMPLETED,55115318,16621290,3813,478.2195331362583,55122325,16623189,25507,563.9734958559933
89055823,2026-07-31T00:44:46.831084700Z,2026-07-31T00:46:04.328376800Z,EPISODE_TYPE_PUBLIC,COMPLETED,55122595,16623385,28344,880.0359811519547,55117940,16622842,26775,778.7709354433275
89055824,2026-07-31T00:44:46.826107700Z,2026-07-31T00:46:05.752489Z,EPISODE_TYPE_PUBLIC,COMPLETED,55116223,16622032,36559,665.2760419222361,55122785,16621683,23952,508.2877097970053
89055825,2026-07-31T00:44:46.832451700Z,2026-07-31T00:45:49.839815500Z,EPISODE_TYPE_PUBLIC,COMPLETED,55122519,16622919,100465,929.0928504653888,55119169,16622482,38161,856.189548639428
89055826,2026-07-31T00:44:46.834082600Z,2026-07-31T00:46:10.372954400Z,EPISODE_TYPE_PUBLIC,COMPLETED,55122314,16621153,27775,943.9603799834817,55118379,16621497,71189,974.1945170231459
89055828,2026-07-31T00:44:46.835367600Z,2026-07-31T00:45:41.978354100Z,EPISODE_TYPE_PUBLIC,COMPLETED,55118529,16622251,3000,455.6589291392055,55122600,16623274,170,295.5706169230489
89056323,2026-07-31T00:48:43.433985500Z,2026-07-31T00:49:44.395800900Z,EPISODE_TYPE_PUBLIC,COMPLETED,55122779,16623189,36225,699.5005755857788,55119169,16622482,45239,865.0864143038092
89056324,2026-07-31T00:48:43.437500Z,2026-07-31T00:49:48.745022600Z,EPISODE_TYPE_PUBLIC,COMPLETED,55119314,16622965,30453,890.453724448596,55122595,16623385,22763,808.7624081481945
89056326,2026-07-31T00:48:43.438296500Z,2026-07-31T00:49:56.007619100Z,EPISODE_TYPE_PUBLIC,COMPLETED,55122788,16621683,26103,604.1039834306611,55117284,16622422,6190,496.2994858617397
89056327,2026-07-31T00:48:43.438512700Z,2026-07-31T00:50:02.924748Z,EPISODE_TYPE_PUBLIC,COMPLETED,55117274,16621811,3402,405.2763141298265,55122785,16621683,29087,636.8540232638533
89056328,2026-07-31T00:48:43.436757100Z,2026-07-31T00:49:50.477730400Z,EPISODE_TYPE_PUBLIC,COMPLETED,55122519,16622919,69222,988.5307324255305,55122314,16621153,48234,910.7967868362862
89056329,2026-07-31T00:48:43.439748300Z,2026-07-31T00:49:55.151540200Z,EPISODE_TYPE_PUBLIC,COMPLETED,55115388,16621402,33414,699.3621571129964,55122596,16622809,37035,733.071943746342
89056330,2026-07-31T00:48:43.440767700Z,2026-07-31T00:50:03.256490200Z,EPISODE_TYPE_PUBLIC,COMPLETED,55122314,16621153,67741,948.3709872437524,55119531,16622937,58451,940.6040808176502
89056824,2026-07-31T00:52:47.441361700Z,2026-07-31T00:53:44.472106500Z,EPISODE_TYPE_PUBLIC,COMPLETED,55122590,16623385,29213,937.6617987948177,55117940,16622842,28066,768.8613733862594
89056825,2026-07-31T00:52:47.442262400Z,2026-07-31T00:54:07.606803Z,EPISODE_TYPE_PUBLIC,COMPLETED,55122788,16621683,12393,533.2314542487733,55118013,16622482,39419,667.0064790115039
89056827,2026-07-31T00:52:47.444649600Z,2026-07-31T00:54:10.942154700Z,EPISODE_TYPE_PUBLIC,COMPLETED,55122519,16622919,93672,1029.2085736705633,55121221,16623263,60377,908.6328026885294
89056828,2026-07-31T00:52:47.444827100Z,2026-07-31T00:54:00.595903200Z,EPISODE_TYPE_PUBLIC,COMPLETED,55122864,16623274,151,356.5788947806188,55118533,16621770,621,372.53162063107453
89056829,2026-07-31T00:52:47.447884300Z,2026-07-31T00:54:04.317828300Z,EPISODE_TYPE_PUBLIC,COMPLETED,55118395,16621585,39241,705.7929594407082,55122785,16621683,21485,577.5671803414448
89056831,2026-07-31T00:52:47.448135100Z,2026-07-31T00:53:58.948414300Z,EPISODE_TYPE_PUBLIC,COMPLETED,55122595,16623385,28117,752.4460249846944,55117263,16621515,29155,839.3397917051595
89057328,2026-07-31T00:56:43.858977600Z,2026-07-31T00:58:40.284587300Z,EPISODE_TYPE_PUBLIC,COMPLETED,55116523,16621294,36699,610.4866183753572,55123053,16623398,64038,713.5989969007164
89057329,2026-07-31T00:56:43.859577700Z,2026-07-31T00:57:40.023219700Z,EPISODE_TYPE_PUBLIC,COMPLETED,55116523,16621294,41311,625.0862618385192,55123041,16621683,20392,496.88197051203144
89057330,2026-07-31T00:56:43.860069700Z,2026-07-31T00:58:01.822940600Z,EPISODE_TYPE_PUBLIC,COMPLETED,55117099,16621515,27339,741.9104900828942,55122779,16623189,29721,804.1906633725678
89057333,2026-07-31T00:56:43.861557700Z,2026-07-31T00:58:08.143446Z,EPISODE_TYPE_PUBLIC,COMPLETED,55121221,16623263,55768,895.9014102175225,55122519,16622919,85192,1057.9944653852326
89057337,2026-07-31T00:56:43.863151700Z,2026-07-31T00:57:57.092421400Z,EPISODE_TYPE_PUBLIC,COMPLETED,55118395,16621585,36077,719.329414699641,55122596,16622809,33633,619.3411674172582
89057828,2026-07-31T01:00:39.249425Z,2026-07-31T01:01:37.686025700Z,EPISODE_TYPE_PUBLIC,COMPLETED,55123087,16623528,2393,519.7572565087067,55115388,16621402,48849,708.0799552059037
89057831,2026-07-31T01:00:39.251253300Z,2026-07-31T01:01:51.455167600Z,EPISODE_TYPE_PUBLIC,COMPLETED,55122590,16623385,43041,844.8225819655577,55119531,16622937,73962,950.7036074207243
89057832,2026-07-31T01:00:39.251613800Z,2026-07-31T01:01:33.210040Z,EPISODE_TYPE_PUBLIC,COMPLETED,55122931,16623398,58740,662.3543853768584,55117766,16622487,42561,610.9108967640187
89057833,2026-07-31T01:00:39.252264700Z,2026-07-31T01:02:00.768394300Z,EPISODE_TYPE_PUBLIC,COMPLETED,55122779,16623189,38882,846.6839835414933,55119163,16622937,27910,732.9801659255742
89057834,2026-07-31T01:00:39.253751900Z,2026-07-31T01:02:02.991350900Z,EPISODE_TYPE_PUBLIC,COMPLETED,55122519,16622919,73425,1099.3924530176896,55121349,16621802,70980,1052.858145523189
89057836,2026-07-31T01:00:39.257953300Z,2026-07-31T01:01:54.038646900Z,EPISODE_TYPE_PUBLIC,COMPLETED,55122595,16623385,33608,820.5084720559141,55118013,16622482,16601,655.617835532241
89057837,2026-07-31T01:00:39.258653800Z,2026-07-31T01:01:46.408415900Z,EPISODE_TYPE_PUBLIC,COMPLETED,55121710,16622990,82346,1149.373251067591,55121349,16621802,78401,1074.638065656495
89058338,2026-07-31T01:04:40.901934400Z,2026-07-31T01:05:54.209885200Z,EPISODE_TYPE_PUBLIC,COMPLETED,55115318,16621290,3822,460.0518402978683,55123087,16623528,4002,537.2486356932322
89058339,2026-07-31T01:04:40.903026200Z,2026-07-31T01:05:39.509166Z,EPISODE_TYPE_PUBLIC,COMPLETED,55122779,16623189,36342,804.2070144381127,55119169,16622482,43259,877.2157270795874
89058340,2026-07-31T01:04:40.904415100Z,2026-07-31T01:06:00.160079400Z,EPISODE_TYPE_PUBLIC,COMPLETED,55122519,16622919,62682,1074.0000277202457,55118227,16621497,131089,1202.0047329775548
89058341,2026-07-31T01:04:40.905153600Z,2026-07-31T01:05:50.610304700Z,EPISODE_TYPE_PUBLIC,COMPLETED,55116892,16622097,3375,405.7212779839594,55123041,16621683,21421,494.8887614954729
89058343,2026-07-31T01:04:40.908124800Z,2026-07-31T01:06:00.320053700Z,EPISODE_TYPE_PUBLIC,COMPLETED,55122595,16623385,29105,853.734836651068,55117940,16622842,26071,756.3736832259648
89058835,2026-07-31T01:08:39.761753500Z,2026-07-31T01:09:34.451028700Z,EPISODE_TYPE_PUBLIC,COMPLETED,55123223,16623398,61847,786.6662193269316,55118395,16621585,41524,704.7971603291354
89058836,2026-07-31T01:08:39.762401200Z,2026-07-31T01:09:46.832589700Z,EPISODE_TYPE_PUBLIC,COMPLETED,55123053,16623398,62378,973.2846047719302,55119169,16622482,58861,866.7542283011252
89058838,2026-07-31T01:08:39.765409100Z,2026-07-31T01:09:45.158000600Z,EPISODE_TYPE_PUBLIC,COMPLETED,55116715,16622097,3000,362.15847949920345,55123041,16621683,19994,542.7097063746284
89058839,2026-07-31T01:08:39.765147300Z,2026-07-31T01:09:41.768005100Z,EPISODE_TYPE_PUBLIC,COMPLETED,55121355,16622454,54622,966.640695509196,55122519,16622919,94228,1096.8610606675968
89058840,2026-07-31T01:08:39.766726300Z,2026-07-31T01:09:32.669335100Z,EPISODE_TYPE_PUBLIC,COMPLETED,55122779,16623189,29096,837.6686039079729,55117940,16622842,25993,744.2500407753253
89058841,2026-07-31T01:08:39.766728400Z,2026-07-31T01:09:56.142646300Z,EPISODE_TYPE_PUBLIC,COMPLETED,55122590,16623385,28226,754.4976340427321,55117940,16622842,29246,760.4986420867159
89059338,2026-07-31T01:12:38.844717800Z,2026-07-31T01:13:37.833374100Z,EPISODE_TYPE_PUBLIC,COMPLETED,55118449,16622509,57372,871.582691421698,55123200,16621683,62159,911.0660066554886
89059339,2026-07-31T01:12:38.845284900Z,2026-07-31T01:13:34.282924100Z,EPISODE_TYPE_PUBLIC,COMPLETED,55123053,16623398,59247,1015.6355713733644,55118445,16622509,52024,861.4884795372302
89059340,2026-07-31T01:12:38.845728100Z,2026-07-31T01:13:54.846447100Z,EPISODE_TYPE_PUBLIC,COMPLETED,55123223,16623398,71886,889.3620391426009,55119169,16622482,65166,853.3767520203169
89059342,2026-07-31T01:12:38.848250Z,2026-07-31T01:13:48.372019600Z,EPISODE_TYPE_PUBLIC,COMPLETED,55123273,16623603,45304,716.7341735392457,55117284,16622422,5482,487.2781496056868
89059343,2026-07-31T01:12:38.849293500Z,2026-07-31T01:13:43.569875800Z,EPISODE_TYPE_PUBLIC,COMPLETED,55122519,16622919,65373,1070.6448536853943,55116580,16621355,83240,1143.929685338953
89059345,2026-07-31T01:12:38.850786100Z,2026-07-31T01:13:54.553407300Z,EPISODE_TYPE_PUBLIC,COMPLETED,55123087,16623528,2576,419.1875163351814,55117886,16621716,22760,485.3035533703654
89059866,2026-07-31T01:16:36.667368700Z,2026-07-31T01:17:53.562043600Z,EPISODE_TYPE_PUBLIC,COMPLETED,55117565,16621523,51926,586.7165960299543,55123435,16623582,3000,485.6192567187059
89059870,2026-07-31T01:16:36.669635300Z,2026-07-31T01:17:53.797383Z,EPISODE_TYPE_PUBLIC,COMPLETED,55123273,16623603,33091,768.3807981608701,55118013,16622482,15604,642.3271741506342
89059872,2026-07-31T01:16:36.672114300Z,2026-07-31T01:17:27.236904800Z,EPISODE_TYPE_PUBLIC,COMPLETED,55123281,16623274,33,355.12866428249,55115827,16621290,5255,456.5758867988893
89059898,2026-07-31T01:18:35.830392200Z,2026-07-31T01:19:33.398138400Z,EPISODE_TYPE_VALIDATION,COMPLETED,55123488,16623034,84819,600,55123488,16623034,80370,600
89060356,2026-07-31T01:20:41.407106Z,2026-07-31T01:21:38.208016200Z,EPISODE_TYPE_PUBLIC,COMPLETED,55123488,16623034,91000,734.5552367087657,55121611,16623006,48093,675.2844768681267
89060362,2026-07-31T01:20:41.413142900Z,2026-07-31T01:22:07.221285400Z,EPISODE_TYPE_PUBLIC,COMPLETED,55117766,16622487,46166,625.6689567101699,55123041,16621683,19070,547.5745292779284
89060364,2026-07-31T01:20:41.414637200Z,2026-07-31T01:21:47.407915800Z,EPISODE_TYPE_PUBLIC,COMPLETED,55116804,16621355,88936,1133.1479307423872,55121710,16622990,62998,1121.0633684858187
89060840,2026-07-31T01:24:38.437135200Z,2026-07-31T01:25:59.725996100Z,EPISODE_TYPE_PUBLIC,COMPLETED,55123273,16623603,42109,732.2191951551132,55123488,16623034,112248,832.978766217801
89060842,2026-07-31T01:24:38.438610700Z,2026-07-31T01:25:36.725587900Z,EPISODE_TYPE_PUBLIC,COMPLETED,55123427,16623199,102234,829.5472712710157,55119163,16622937,38485,721.0148472423896
89060845,2026-07-31T01:24:38.441742400Z,2026-07-31T01:25:59.092196500Z,EPISODE_TYPE_PUBLIC,COMPLETED,55119169,16622482,44702,863.3571931598543,55123273,16623603,34296,768.8548785073998
89060846,2026-07-31T01:24:38.441582800Z,2026-07-31T01:26:02.141434700Z,EPISODE_TYPE_PUBLIC,COMPLETED,55123200,16621683,69447,943.5956206410576,55119531,16622937,45459,936.5049252171434
89060847,2026-07-31T01:24:38.444339Z,2026-07-31T01:25:47.432344Z,EPISODE_TYPE_PUBLIC,COMPLETED,55121710,16622367,72560,1140.1170132446493,55122519,16622919,55944,1048.4295563424148
89060849,2026-07-31T01:24:38.446340200Z,2026-07-31T01:25:41.974185200Z,EPISODE_TYPE_PUBLIC,COMPLETED,55122092,16622454,46358,958.4706591434257,55119314,16622965,31788,880.0967637609017
89061329,2026-07-31T01:28:42.303379900Z,2026-07-31T01:30:03.519299Z,EPISODE_TYPE_PUBLIC,COMPLETED,55123488,16623034,110973,922.5700999885214,55118445,16622509,50353,849.2811531486178
89061332,2026-07-31T01:28:42.306770300Z,2026-07-31T01:29:57.213862200Z,EPISODE_TYPE_PUBLIC,COMPLETED,55117263,16621515,42805,816.6329932166823,55123452,16623398,74524,880.6523223454427
89061333,2026-07-31T01:28:42.307370400Z,2026-07-31T01:29:54.678920Z,EPISODE_TYPE_PUBLIC,COMPLETED,55118741,16622760,22507,607.637409818133,55123629,16623643,29813,712.6071132734986
89061334,2026-07-31T01:28:42.307044700Z,2026-07-31T01:29:42.746000500Z,EPISODE_TYPE_PUBLIC,COMPLETED,55123427,16623199,107749,902.7783658667793,55117263,16621515,27667,828.086448483543
89061335,2026-07-31T01:28:42.308076800Z,2026-07-31T01:29:51.258040300Z,EPISODE_TYPE_PUBLIC,COMPLETED,55123223,16623398,59081,1062.277775745639,55121710,16622990,78212,1157.7837237046776
89061336,2026-07-31T01:28:42.308561100Z,2026-07-31T01:29:47.576258500Z,EPISODE_TYPE_PUBLIC,COMPLETED,55122519,16622919,73273,1064.7291850429083,55123200,16621683,68336,917.1945048903452
89061338,2026-07-31T01:28:42.311906700Z,2026-07-31T01:29:55.700088400Z,EPISODE_TYPE_PUBLIC,COMPLETED,55119314,16622965,24731,867.7923420733555,55123348,16623381,26354,898.9053529270824
89061830,2026-07-31T01:32:46.030484900Z,2026-07-31T01:34:01.544314800Z,EPISODE_TYPE_PUBLIC,COMPLETED,55115388,16621402,21186,696.5372975241002,55123629,16623643,34777,806.0507170734587
89061831,2026-07-31T01:32:46.032255800Z,2026-07-31T01:33:44.595664Z,EPISODE_TYPE_PUBLIC,COMPLETED,55123724,16621165,21016,506.7336925391192,55118396,16622487,27978,659.322449002671
89061832,2026-07-31T01:32:46.033377700Z,2026-07-31T01:33:41.103298Z,EPISODE_TYPE_PUBLIC,COMPLETED,55117940,16622842,46020,767.1329098775193,55123701,16623582,3000,534.2614936519852
89061833,2026-07-31T01:32:46.035457400Z,2026-07-31T01:34:05.779068400Z,EPISODE_TYPE_PUBLIC,COMPLETED,55119163,16622937,51471,709.9143629124803,55123609,16623034,101580,828.086278998858
89061835,2026-07-31T01:32:46.034990500Z,2026-07-31T01:34:03.462578900Z,EPISODE_TYPE_PUBLIC,COMPLETED,55123200,16621683,43099,886.9811660765458,55123488,16623034,101160,989.4351560459684
89061838,2026-07-31T01:32:46.041452500Z,2026-07-31T01:34:07.892601200Z,EPISODE_TYPE_PUBLIC,COMPLETED,55123427,16623199,45560,855.2278335782256,55118379,16621497,94001,982.5310081867553
89062321,2026-07-31T01:36:41.298233600Z,2026-07-31T01:37:58.608888900Z,EPISODE_TYPE_PUBLIC,COMPLETED,55119856,16622965,66652,1036.2635997342986,55123488,16623034,89609,1060.7358712923167
89062322,2026-07-31T01:36:41.299641200Z,2026-07-31T01:37:47.650453600Z,EPISODE_TYPE_PUBLIC,COMPLETED,55117284,16622422,6259,504.5259296190033,55123701,16623582,3000,427.97502391632446
89062325,2026-07-31T01:36:41.302680500Z,2026-07-31T01:37:57.059354600Z,EPISODE_TYPE_PUBLIC,COMPLETED,55123427,16623199,109689,896.07617682474,55117347,16622198,40067,777.8624218120119
89062326,2026-07-31T01:36:41.302847Z,2026-07-31T01:37:39.190614100Z,EPISODE_TYPE_PUBLIC,COMPLETED,55118396,16622487,51577,669.0701057274032,55123594,16622835,44817,519.4594308302779
89062328,2026-07-31T01:36:41.304788900Z,2026-07-31T01:37:39.243998300Z,EPISODE_TYPE_PUBLIC,COMPLETED,55119856,16622965,52179,1048.4675418913678,55123223,16623398,25067,1024.7424730549428
89062813,2026-07-31T01:40:41.311984300Z,2026-07-31T01:41:38.829779800Z,EPISODE_TYPE_PUBLIC,COMPLETED,55118227,16621497,96422,1208.2428186932132,55123488,16623034,36940,1030.8762099996065
89062814,2026-07-31T01:40:41.312073800Z,2026-07-31T01:41:37.489660200Z,EPISODE_TYPE_PUBLIC,COMPLETED,55117766,16622487,35282,638.3574983352893,55123724,16621165,23423,524.6404050684673
89062816,2026-07-31T01:40:41.316684300Z,2026-07-31T01:42:03.684533300Z,EPISODE_TYPE_PUBLIC,COMPLETED,55123427,16623199,98816,947.8290067403781,55120008,16622919,59225,930.916872283487
89063303,2026-07-31T01:44:48.162302700Z,2026-07-31T01:46:21.536751900Z,EPISODE_TYPE_PUBLIC,COMPLETED,55121355,16622454,74014,973.3491044298361,55123488,16623034,112083,1068.7162427065377
89063306,2026-07-31T01:44:48.164590100Z,2026-07-31T01:46:07.070168Z,EPISODE_TYPE_PUBLIC,COMPLETED,55118379,16621497,121515,992.139593606367,55123452,16623398,53377,910.1861514113646
89063309,2026-07-31T01:44:48.166720900Z,2026-07-31T01:46:07.425440200Z,EPISODE_TYPE_PUBLIC,COMPLETED,55121349,16621802,66771,1070.9558603643634,55123223,16623398,39965,997.3376907003806
89063806,2026-07-31T01:48:40.442782100Z,2026-07-31T01:49:56.710606300Z,EPISODE_TYPE_PUBLIC,COMPLETED,55123629,16623643,37439,784.3705733732055,55119169,16622482,42184,873.2885418815514
89063808,2026-07-31T01:48:40.445383600Z,2026-07-31T01:49:38.013764200Z,EPISODE_TYPE_PUBLIC,COMPLETED,55123488,16623034,96726,1095.3128454813084,55123223,16623398,65757,949.9851334065337
89063812,2026-07-31T01:48:40.448105500Z,2026-07-31T01:49:53.371029300Z,EPISODE_TYPE_PUBLIC,COMPLETED,55123452,16623398,77944,944.4014337897781,55119314,16622965,39435,858.3805482356247
89063815,2026-07-31T01:48:40.449793500Z,2026-07-31T01:49:53.312860300Z,EPISODE_TYPE_PUBLIC,COMPLETED,55123594,16622835,106062,519.6677941744033,55115827,16621290,5035,438.40402923311996
89064289,2026-07-31T01:52:42.714303400Z,2026-07-31T01:53:56.294326300Z,EPISODE_TYPE_PUBLIC,COMPLETED,55124032,16623603,33056,738.208409965726,55118395,16621585,16876,688.9031885690146
89064290,2026-07-31T01:52:42.715469500Z,2026-07-31T01:53:47.466722300Z,EPISODE_TYPE_PUBLIC,COMPLETED,55117334,16622420,6545,453.83048555893623,55123865,16623644,359,344.50406449918097
89064291,2026-07-31T01:52:42.717410600Z,2026-07-31T01:54:01.662250Z,EPISODE_TYPE_PUBLIC,COMPLETED,55123488,16623034,44129,1071.8018652390417,55118227,16621497,105665,1215.2036424296084
89064294,2026-07-31T01:52:42.723601400Z,2026-07-31T01:53:55.562782500Z,EPISODE_TYPE_PUBLIC,COMPLETED,55115318,16621290,3846,447.31608597024234,55123670,16623644,38903,590.2105201192876
89064298,2026-07-31T01:52:42.721924500Z,2026-07-31T01:53:35.673578100Z,EPISODE_TYPE_PUBLIC,COMPLETED,55117263,16621515,28403,804.4521468103553,55123629,16623643,28786,835.0684233842697
89064784,2026-07-31T01:56:39.876254200Z,2026-07-31T01:57:36.713510700Z,EPISODE_TYPE_PUBLIC,COMPLETED,55124032,16623603,24803,644.0667664616986,55117099,16621515,26385,751.1629946823822
89064786,2026-07-31T01:56:39.878894500Z,2026-07-31T01:57:54.576989100Z,EPISODE_TYPE_PUBLIC,COMPLETED,55123978,16623643,27783,656.0263149961843,55118395,16621585,27783,685.9594708388696
89064787,2026-07-31T01:56:39.881690400Z,2026-07-31T01:57:56.594172700Z,EPISODE_TYPE_PUBLIC,COMPLETED,55123488,16623034,69390,1039.6555420726181,55122519,16622919,86667,1087.7011050607598
89064791,2026-07-31T01:56:39.884825100Z,2026-07-31T01:57:53.494473900Z,EPISODE_TYPE_PUBLIC,COMPLETED,55123629,16623643,43645,807.5097133598457,55119531,16622937,61363,944.5255152406777
89064792,2026-07-31T01:56:39.887115600Z,2026-07-31T01:57:37.221929600Z,EPISODE_TYPE_PUBLIC,COMPLETED,55118379,16621497,1009,977.4508280776532,55123348,16623381,27031,931.4821310411348
89065277,2026-07-31T02:00:39.068137400Z,2026-07-31T02:01:52.490209600Z,EPISODE_TYPE_PUBLIC,COMPLETED,55124144,16623697,12686,510.75704106425655,55118239,16621163,39883,674.473157633142
89065282,2026-07-31T02:00:39.074147400Z,2026-07-31T02:01:59.674493400Z,EPISODE_TYPE_PUBLIC,COMPLETED,55116010,16621168,28092,496.9680434734337,55124096,16623616,16076,376.90383671460927
89065284,2026-07-31T02:00:39.076286200Z,2026-07-31T02:01:56.061189900Z,EPISODE_TYPE_PUBLIC,COMPLETED,55123488,16623034,71533,1068.7017953645393,55119856,16622965,69218,1025.5445640625082
89065769,2026-07-31T02:04:44.893705700Z,2026-07-31T02:05:37.598809100Z,EPISODE_TYPE_PUBLIC,COMPLETED,55117304,16622420,5340,540.3590799302658,55124255,16623128,29376,693.7143867011857
89065770,2026-07-31T02:04:44.894483400Z,2026-07-31T02:06:03.924763700Z,EPISODE_TYPE_PUBLIC,COMPLETED,55118013,16622482,16020,629.4384816173034,55124197,16623399,27477,761.3426001986795
89065775,2026-07-31T02:04:44.898772600Z,2026-07-31T02:05:59.817804700Z,EPISODE_TYPE_PUBLIC,COMPLETED,55123978,16623643,27532,686.1226659392138,55118395,16621585,27447,669.2489184489702
89065777,2026-07-31T02:04:44.901815Z,2026-07-31T02:05:59.862438Z,EPISODE_TYPE_PUBLIC,COMPLETED,55123724,16621165,27521,582.0205808743344,55118662,16621716,8597,506.34319539596953
89065778,2026-07-31T02:04:44.901283500Z,2026-07-31T02:05:43.580968200Z,EPISODE_TYPE_PUBLIC,COMPLETED,55119856,16622965,42809,1035.260846961069,55123452,16623398,16897,976.6666454173297
89066261,2026-07-31T02:08:42.593873900Z,2026-07-31T02:09:38.906946Z,EPISODE_TYPE_PUBLIC,COMPLETED,55118529,16622251,3000,486.5691683893927,55124283,16623644,219,453.18179876150464
89066262,2026-07-31T02:08:42.595548100Z,2026-07-31T02:09:58.692874900Z,EPISODE_TYPE_PUBLIC,COMPLETED,55124197,16623399,30030,698.1913361140337,55118445,16622509,36408,857.5990383003399
89066264,2026-07-31T02:08:42.598400Z,2026-07-31T02:09:45.300431300Z,EPISODE_TYPE_PUBLIC,COMPLETED,55118396,16622487,50481,681.5573846957968,55124095,16623503,18537,604.1472871752744
89066266,2026-07-31T02:08:42.605732600Z,2026-07-31T02:09:37.577705800Z,EPISODE_TYPE_PUBLIC,COMPLETED,55124032,16623603,26035,800.9406329054602,55117263,16621515,27869,816.8829998519399
89066267,2026-07-31T02:08:42.607275200Z,2026-07-31T02:09:58.564483400Z,EPISODE_TYPE_PUBLIC,COMPLETED,55116523,16621294,33229,598.7422084890759,55123978,16623643,34698,732.2808379079491
89066268,2026-07-31T02:08:42.607757900Z,2026-07-31T02:09:59.721867600Z,EPISODE_TYPE_PUBLIC,COMPLETED,55124096,16623616,21467,514.0450570545727,55116892,16622097,3329,385.91759470366196
89066269,2026-07-31T02:08:42.613834900Z,2026-07-31T02:09:49.998008900Z,EPISODE_TYPE_PUBLIC,COMPLETED,55118533,16621770,926,396.9054168948176,55123281,16623274,33,289.7966444768351
89066270,2026-07-31T02:08:42.613758200Z,2026-07-31T02:09:50.902943800Z,EPISODE_TYPE_PUBLIC,COMPLETED,55123701,16623582,3000,430.6727618285916,55117088,16622312,2446,359.79854199014324
89066271,2026-07-31T02:08:42.612715900Z,2026-07-31T02:10:37.848531700Z,EPISODE_TYPE_PUBLIC,COMPLETED,55117088,16622312,4517,384.73614125790334,55124201,16623603,2517,302.18381776317284
89066748,2026-07-31T02:12:39.998075300Z,2026-07-31T02:14:04.253440Z,EPISODE_TYPE_PUBLIC,COMPLETED,55117099,16621515,33823,760.8562816548795,55123978,16623643,21130,683.9368271000076
89066750,2026-07-31T02:12:39.998074900Z,2026-07-31T02:13:37.923950900Z,EPISODE_TYPE_PUBLIC,COMPLETED,55115388,16621402,49439,704.4202233405738,55124144,16623697,12616,524.2629448051051
89066751,2026-07-31T02:12:40.000775700Z,2026-07-31T02:13:59.999236300Z,EPISODE_TYPE_PUBLIC,COMPLETED,55124032,16623603,33126,764.8996815735555,55118445,16622509,33821,867.3831038628016
89066754,2026-07-31T02:12:40.009219100Z,2026-07-31T02:13:51.869760100Z,EPISODE_TYPE_PUBLIC,COMPLETED,55117932,16621219,6055,466.07261866930924,55124095,16623503,22383,600.7765903951515
89066755,2026-07-31T02:12:40.014155Z,2026-07-31T02:13:56.956047900Z,EPISODE_TYPE_PUBLIC,COMPLETED,55123488,16623034,107251,1095.0323591631397,55121349,16621802,83497,1051.9006461868623
89067221,2026-07-31T02:16:39.900475300Z,2026-07-31T02:17:58.145872800Z,EPISODE_TYPE_PUBLIC,COMPLETED,55116523,16621294,42144,586.1274429046753,55124424,16623199,106037,706.2837859577778
89067223,2026-07-31T02:16:39.902580700Z,2026-07-31T02:17:56.433345600Z,EPISODE_TYPE_PUBLIC,COMPLETED,55124355,16623730,10622,587.7002822671968,55115318,16621290,3968,434.9653435588329
89067224,2026-07-31T02:16:39.903632200Z,2026-07-31T02:17:33.017997100Z,EPISODE_TYPE_PUBLIC,COMPLETED,55118239,16621163,38175,693.9198046896438,55124197,16623399,37351,694.3546976745769
89067225,2026-07-31T02:16:39.904286600Z,2026-07-31T02:17:45.851396200Z,EPISODE_TYPE_PUBLIC,COMPLETED,55124283,16623644,219,258.5906508731073,55118574,16621770,2853,288.53794134119494
89067231,2026-07-31T02:16:39.909175700Z,2026-07-31T02:17:47.621408300Z,EPISODE_TYPE_PUBLIC,COMPLETED,55117863,16621811,4681,434.87783971150293,55123701,16623582,3000,368.8450313116517
89067711,2026-07-31T02:20:37.989601300Z,2026-07-31T02:21:31.496895400Z,EPISODE_TYPE_PUBLIC,COMPLETED,55116223,16622032,35487,675.7298751786266,55124512,16623736,26541,511.1609807193516
89067712,2026-07-31T02:20:37.990088500Z,2026-07-31T02:21:53.801773800Z,EPISODE_TYPE_PUBLIC,COMPLETED,55124355,16623730,18338,567.9791781639435,55118662,16621716,12523,485.4945210346575
89067717,2026-07-31T02:20:37.995068400Z,2026-07-31T02:21:51.189144300Z,EPISODE_TYPE_PUBLIC,COMPLETED,55123629,16623643,27154,794.2882242233256,55117940,16622842,29739,783.1226135026473
89067718,2026-07-31T02:20:37.998794300Z,2026-07-31T02:21:51.182594700Z,EPISODE_TYPE_PUBLIC,COMPLETED,55124255,16623128,15888,612.2272566613668,55118395,16621585,44805,682.0533051856454
89067719,2026-07-31T02:20:38.002388200Z,2026-07-31T02:21:51.114676200Z,EPISODE_TYPE_PUBLIC,COMPLETED,55123609,16623034,105482,1094.5248893379614,55121349,16621802,75992,1035.1712452638067
89068180,2026-07-31T02:24:40.867846600Z,2026-07-31T02:25:41.278614500Z,EPISODE_TYPE_PUBLIC,COMPLETED,55118662,16621716,11836,473.0107713286633,55124535,16623616,16464,675.9009088284067
89068182,2026-07-31T02:24:40.870454400Z,2026-07-31T02:25:52.917989500Z,EPISODE_TYPE_PUBLIC,COMPLETED,55119028,16622319,30983,594.857363224778,55124512,16623736,28862,434.77124038087635
89068183,2026-07-31T02:24:40.870770700Z,2026-07-31T02:25:36.781764500Z,EPISODE_TYPE_PUBLIC,COMPLETED,55117304,16622420,6584,521.0781986173106,55124355,16623730,12746,621.7414783069933
89068185,2026-07-31T02:24:40.873577600Z,2026-07-31T02:26:02.309056800Z,EPISODE_TYPE_PUBLIC,COMPLETED,55122775,16623189,24662,532.6658850493715,55115827,16621290,4881,423.2412527905146
89068186,2026-07-31T02:24:40.875390Z,2026-07-31T02:25:57.810113500Z,EPISODE_TYPE_PUBLIC,COMPLETED,55123348,16623381,29386,897.2763927682063,55118449,16622509,34291,887.8778228267925
89068189,2026-07-31T02:24:40.877822300Z,2026-07-31T02:26:03.578334400Z,EPISODE_TYPE_PUBLIC,COMPLETED,55123488,16623034,90436,1116.2280004354989,55116691,16621802,52941,1043.5829781575314
89068190,2026-07-31T02:24:40.878730600Z,2026-07-31T02:25:30.667710800Z,EPISODE_TYPE_PUBLIC,COMPLETED,55116715,16622097,3000,358.48364744606187,55123435,16623582,3000,338.2155755941624
89068191,2026-07-31T02:24:40.880158600Z,2026-07-31T02:25:55.363494300Z,EPISODE_TYPE_PUBLIC,COMPLETED,55119531,16622937,41390,934.1607287087122,55123452,16623398,61184,1000.3379855959245
89068211,2026-07-31T02:27:31.245197900Z,2026-07-31T02:28:50.332665Z,EPISODE_TYPE_VALIDATION,COMPLETED,55124664,16622835,65929,600,55124664,16622835,65277,600
89068670,2026-07-31T02:28:38.375853300Z,2026-07-31T02:29:39.089220500Z,EPISODE_TYPE_PUBLIC,COMPLETED,55124355,16623730,19202,572.3491150987735,55118013,16622482,54331,644.4552676639936
89068672,2026-07-31T02:28:38.380869800Z,2026-07-31T02:29:49.964583800Z,EPISODE_TYPE_PUBLIC,COMPLETED,55123435,16623582,3000,399.71321933078605,55115733,16621519,2441,276.60805720939584
89068673,2026-07-31T02:28:38.380413700Z,2026-07-31T02:29:37.845233300Z,EPISODE_TYPE_PUBLIC,COMPLETED,55116691,16621802,55593,1033.8659320591391,55123609,16623034,104093,1114.2256085093263
89068676,2026-07-31T02:28:38.380989700Z,2026-07-31T02:29:50.052726800Z,EPISODE_TYPE_PUBLIC,COMPLETED,55117284,16622422,5702,489.26209514638106,55122775,16623189,22445,573.1156014494429
89069142,2026-07-31T02:32:43.207460100Z,2026-07-31T02:34:06.899995800Z,EPISODE_TYPE_PUBLIC,COMPLETED,55121611,16623006,34432,621.0935352706631,55124664,16622835,135131,717.3754588497854
89069144,2026-07-31T02:32:43.209168Z,2026-07-31T02:34:02.726997100Z,EPISODE_TYPE_PUBLIC,COMPLETED,55117263,16621515,37343,824.259748976278,55124535,16623616,11353,676.485120942146
89069147,2026-07-31T02:32:43.213239Z,2026-07-31T02:33:59.863652800Z,EPISODE_TYPE_PUBLIC,COMPLETED,55124643,16623071,18280,510.84136896675795,55116715,16622097,3000,341.16064683244065
89069148,2026-07-31T02:32:43.214305300Z,2026-07-31T02:33:57.211399200Z,EPISODE_TYPE_PUBLIC,COMPLETED,55118529,16622251,3000,477.1465743480286,55123435,16623582,3000,423.1757035573284
89069150,2026-07-31T02:32:43.215325500Z,2026-07-31T02:34:01.743854100Z,EPISODE_TYPE_PUBLIC,COMPLETED,55123488,16623034,105494,1132.919163292406,55121349,16621802,96402,1022.5070024634266
89069151,2026-07-31T02:32:43.216732700Z,2026-07-31T02:33:59.215107400Z,EPISODE_TYPE_PUBLIC,COMPLETED,55118013,16622482,20827,658.2890179403593,55123724,16621165,16977,580.9713935226673
89069619,2026-07-31T02:36:39.819508600Z,2026-07-31T02:37:57.005121800Z,EPISODE_TYPE_PUBLIC,COMPLETED,55124255,16623128,16702,564.4304603561714,55124664,16622835,134883,778.6780306177103
89069621,2026-07-31T02:36:39.822256Z,2026-07-31T02:37:36.097951600Z,EPISODE_TYPE_PUBLIC,COMPLETED,55118396,16622487,18228,668.4570530126157,55124764,16623824,40171,731.4906247498702
89069623,2026-07-31T02:36:39.825731100Z,2026-07-31T02:37:58.416929200Z,EPISODE_TYPE_PUBLIC,COMPLETED,55115818,16621163,30241,707.628087151647,55124617,16623644,27362,676.815427162472
89069626,2026-07-31T02:36:39.829287300Z,2026-07-31T02:37:35.187685100Z,EPISODE_TYPE_PUBLIC,COMPLETED,55116608,16622251,3000,333.69360103619215,55124635,16623730,16769,454.54741548509094
89069627,2026-07-31T02:36:39.828447500Z,2026-07-31T02:37:52.508472200Z,EPISODE_TYPE_PUBLIC,COMPLETED,55117940,16622842,35905,789.5552188045888,55124535,16623616,7538,585.8545690037749
89069628,2026-07-31T02:36:39.831475900Z,2026-07-31T02:37:47.838318600Z,EPISODE_TYPE_PUBLIC,COMPLETED,55117334,16622420,6476,475.59418533625876,55123435,16623582,3000,370.91219886486874
89069630,2026-07-31T02:36:39.832276400Z,2026-07-31T02:37:38.898597900Z,EPISODE_TYPE_PUBLIC,COMPLETED,55115608,16621168,27305,675.8747766178452,55124032,16623603,34690,790.9530814124812
89070095,2026-07-31T02:40:47.733502400Z,2026-07-31T02:42:05.965946200Z,EPISODE_TYPE_PUBLIC,COMPLETED,55124664,16622835,128478,882.0716110636578,55123348,16623381,36889,846.4215970882349
89070096,2026-07-31T02:40:47.734415800Z,2026-07-31T02:41:36.786025700Z,EPISODE_TYPE_PUBLIC,COMPLETED,55124757,16623274,3793,543.7006114083971,55118574,16621770,2853,274.10777676404416
89070099,2026-07-31T02:40:47.738379Z,2026-07-31T02:41:40.045535800Z,EPISODE_TYPE_PUBLIC,COMPLETED,55117863,16621811,4364,413.25027651953803,55124635,16623730,23538,519.8426237458021
89070101,2026-07-31T02:40:47.740392Z,2026-07-31T02:42:00.514871600Z,EPISODE_TYPE_PUBLIC,COMPLETED,55124643,16623071,22533,507.4129661576499,55117863,16621811,4820,393.83847793419733
89070102,2026-07-31T02:40:47.740787500Z,2026-07-31T02:42:02.292330800Z,EPISODE_TYPE_PUBLIC,COMPLETED,55124512,16623736,30235,621.2686386918892,55116010,16621168,28444,483.41198664805887
89070621,2026-07-31T02:44:40.256949100Z,2026-07-31T02:45:46.471014500Z,EPISODE_TYPE_PUBLIC,COMPLETED,55124664,16622835,120871,964.0329406399808,55120008,16622919,63644,919.4712319286002
89070622,2026-07-31T02:44:40.259507Z,2026-07-31T02:45:39.271773Z,EPISODE_TYPE_PUBLIC,COMPLETED,55124424,16623199,92986,1129.0137279814187,55123488,16623034,77732,1110.0269920234582
89070630,2026-07-31T02:44:40.266892100Z,2026-07-31T02:45:43.450954200Z,EPISODE_TYPE_PUBLIC,COMPLETED,55121710,16622990,70982,1134.0841411615763,55123488,16623034,89850,1132.729539965441
89071091,2026-07-31T02:48:42.023427100Z,2026-07-31T02:49:59.489060Z,EPISODE_TYPE_PUBLIC,COMPLETED,55119531,16622937,21413,924.9121312160426,55124664,16622835,88998,1018.7193467526214
89071094,2026-07-31T02:48:42.026145800Z,2026-07-31T02:49:42.093381400Z,EPISODE_TYPE_PUBLIC,COMPLETED,55117565,16621523,51007,595.7476414112302,55124757,16623274,3812,416.94267609289614
89071095,2026-07-31T02:48:42.027703900Z,2026-07-31T02:49:48.677866700Z,EPISODE_TYPE_PUBLIC,COMPLETED,55124424,16623199,66033,1070.7176095214468,55116804,16621355,92018,1143.0674170763289
89071097,2026-07-31T02:48:42.028803700Z,2026-07-31T02:49:59.378723800Z,EPISODE_TYPE_PUBLIC,COMPLETED,55124197,16623399,27939,689.2890447577184,55118013,16622482,14725,643.4166184580974
89071099,2026-07-31T02:48:42.031039200Z,2026-07-31T02:50:09.972925600Z,EPISODE_TYPE_PUBLIC,COMPLETED,55122519,16622919,46759,1069.2823294869968,55121710,16622367,80107,1150.1017549194842
89071577,2026-07-31T02:53:02.226176400Z,2026-07-31T02:53:58.454174100Z,EPISODE_TYPE_PUBLIC,COMPLETED,55117334,16622420,6182,461.8436766771673,55125082,16623635,44263,673.3333215842506
89071578,2026-07-31T02:53:02.226293500Z,2026-07-31T02:54:01.477187500Z,EPISODE_TYPE_PUBLIC,COMPLETED,55125099,16623616,37163,729.9821203813628,55115608,16621168,34020,663.8868774879656
89071580,2026-07-31T02:53:02.229277900Z,2026-07-31T02:54:04.335624900Z,EPISODE_TYPE_PUBLIC,COMPLETED,55124664,16622835,134302,1071.9402647311174,55116691,16621802,57824,1022.956958315631
89071581,2026-07-31T02:53:02.230699200Z,2026-07-31T02:54:21.151757600Z,EPISODE_TYPE_PUBLIC,COMPLETED,55124764,16623824,27507,824.5132633003583,55118449,16622509,38650,899.4082252555496
89071582,2026-07-31T02:53:02.230436900Z,2026-07-31T02:54:14.974013200Z,EPISODE_TYPE_PUBLIC,COMPLETED,55117263,16621515,25593,814.6733329295006,55124807,16623616,31001,885.7740025601313
89071584,2026-07-31T02:53:02.232949100Z,2026-07-31T02:54:09.719350300Z,EPISODE_TYPE_PUBLIC,COMPLETED,55124757,16623274,3775,461.8224870454948,55116608,16622251,3000,312.6850096174312
89071585,2026-07-31T02:53:02.232139300Z,2026-07-31T02:54:04.541609800Z,EPISODE_TYPE_PUBLIC,COMPLETED,55124424,16623199,21693,1040.7790720184967,55116691,16621802,47745,1046.4311550406087
89072054,2026-07-31T02:56:36.282725100Z,2026-07-31T02:57:31.762893300Z,EPISODE_TYPE_PUBLIC,COMPLETED,55125168,16621811,54118,684.6218385649202,55117304,16622420,5855,507.1038613875341
89072057,2026-07-31T02:56:36.285306200Z,2026-07-31T02:57:33.741261400Z,EPISODE_TYPE_PUBLIC,COMPLETED,55125069,16623528,5367,583.7056887129288,55115827,16621290,4735,411.56666156428145
89072060,2026-07-31T02:56:36.287583800Z,2026-07-31T02:57:47.395086700Z,EPISODE_TYPE_PUBLIC,COMPLETED,55116010,16621168,32649,499.53543283658706,55124757,16623274,3766,413.33203229264353
89072061,2026-07-31T02:56:36.285402Z,2026-07-31T02:57:56.456824800Z,EPISODE_TYPE_PUBLIC,COMPLETED,55124664,16622835,57666,1111.8972978578133,55116691,16621802,50907,1037.0340626483642
89072063,2026-07-31T02:56:36.289327300Z,2026-07-31T02:58:02.968195700Z,EPISODE_TYPE_PUBLIC,COMPLETED,55124424,16623199,93243,1063.2408497875813,55121349,16621802,73940,1007.3604428545224
89072564,2026-07-31T03:00:37.180799Z,2026-07-31T03:01:59.902478800Z,EPISODE_TYPE_PUBLIC,COMPLETED,55123609,16623034,73815,1115.4056393513918,55124664,16622835,131758,1152.1171060153586
89072565,2026-07-31T03:00:37.182426700Z,2026-07-31T03:01:36.328876500Z,EPISODE_TYPE_PUBLIC,COMPLETED,55124807,16623616,43321,882.3231015862564,55119531,16622937,56570,935.2881448124848
89072567,2026-07-31T03:00:37.183771100Z,2026-07-31T03:01:51.211508600Z,EPISODE_TYPE_PUBLIC,COMPLETED,55124764,16623824,22577,823.4991420117216,55119314,16622965,30334,869.0744005213313
89072568,2026-07-31T03:00:37.186493800Z,2026-07-31T03:01:37.564038100Z,EPISODE_TYPE_PUBLIC,COMPLETED,55124424,16623199,97358,1090.6321650208404,55123488,16623034,85543,1110.2068550140184
89073028,2026-07-31T03:04:37.187646Z,2026-07-31T03:05:47.110239300Z,EPISODE_TYPE_PUBLIC,COMPLETED,55118533,16621770,881,385.2299971982803,55125338,16623458,6563,656.1257035153071
89073034,2026-07-31T03:04:37.195318100Z,2026-07-31T03:05:35.482423200Z,EPISODE_TYPE_PUBLIC,COMPLETED,55125069,16623528,4239,419.0156112519372,55117334,16622420,6665,484.6504387843586
89073035,2026-07-31T03:04:37.196426300Z,2026-07-31T03:05:43.438536400Z,EPISODE_TYPE_PUBLIC,COMPLETED,55124424,16623199,38982,1074.7933165737072,55124664,16622835,53477,1178.9460061380294
89073037,2026-07-31T03:04:37.199020100Z,2026-07-31T03:05:35.376290900Z,EPISODE_TYPE_PUBLIC,COMPLETED,55119169,16622482,50446,881.2480427077068,55125082,16623635,33226,745.8701147089016
89073069,2026-07-31T03:05:04.104871800Z,2026-07-31T03:06:09.316322700Z,EPISODE_TYPE_VALIDATION,COMPLETED,55125397,16623459,55719,600,55125397,16623459,55201,600
89073531,2026-07-31T03:08:41.598515200Z,2026-07-31T03:09:35.245794600Z,EPISODE_TYPE_PUBLIC,COMPLETED,55125338,16623458,6325,557.0453894728518,55117766,16622487,37334,651.6827727356319
89073533,2026-07-31T03:08:41.595151300Z,2026-07-31T03:09:46.069762900Z,EPISODE_TYPE_PUBLIC,COMPLETED,55125397,16623459,82583,672.399151602533,55125346,16622940,6653,438.77998147260973
89073535,2026-07-31T03:08:41.599767800Z,2026-07-31T03:10:04.414834300Z,EPISODE_TYPE_PUBLIC,COMPLETED,55125099,16623616,28498,858.9242514714506,55120008,16622919,58206,929.4197174070325
89073536,2026-07-31T03:08:41.600610Z,2026-07-31T03:09:53.163895300Z,EPISODE_TYPE_PUBLIC,COMPLETED,55117932,16621219,5616,445.8830017172749,55125346,16622940,21972,526.442988451623
89073537,2026-07-31T03:08:41.601576100Z,2026-07-31T03:10:02.743497300Z,EPISODE_TYPE_PUBLIC,COMPLETED,55117347,16622198,45378,766.413268347036,55125131,16621811,50671,830.0505149191737
89073539,2026-07-31T03:08:41.602054Z,2026-07-31T03:10:00.352648100Z,EPISODE_TYPE_PUBLIC,COMPLETED,55115608,16621168,42874,678.1411673548547,55125082,16623635,42287,680.5682148621881
89073540,2026-07-31T03:08:41.604758400Z,2026-07-31T03:09:36.212026800Z,EPISODE_TYPE_PUBLIC,COMPLETED,55125246,16621315,4972,343.78595506729545,55118662,16621716,21364,487.87769200979864
89073541,2026-07-31T03:08:41.605409100Z,2026-07-31T03:10:02.590812200Z,EPISODE_TYPE_PUBLIC,COMPLETED,55124664,16622835,85648,1203.211356063689,55123609,16623034,74355,1100.668650554448
89073542,2026-07-31T03:08:41.606289300Z,2026-07-31T03:09:44.886077600Z,EPISODE_TYPE_PUBLIC,COMPLETED,55118445,16622509,35994,878.4397981503164,55124807,16623616,28805,816.9301191408358
89074003,2026-07-31T03:12:40.284316800Z,2026-07-31T03:13:38.135820Z,EPISODE_TYPE_PUBLIC,COMPLETED,55125168,16621811,45715,869.0317336210134,55119531,16622937,55070,944.6140509888294
89074004,2026-07-31T03:12:40.286120100Z,2026-07-31T03:13:34.191151700Z,EPISODE_TYPE_PUBLIC,COMPLETED,55125434,16622940,22147,543.2569914548596,55116892,16622097,3335,370.0773375044195
89074005,2026-07-31T03:12:40.286728600Z,2026-07-31T03:13:54.684013900Z,EPISODE_TYPE_PUBLIC,COMPLETED,55125397,16623459,85581,728.1851579096311,55117304,16622420,6174,496.78457918750166
89074009,2026-07-31T03:12:40.292697600Z,2026-07-31T03:13:37.967034400Z,EPISODE_TYPE_PUBLIC,COMPLETED,55125082,16623635,41625,727.0690609988771,55115388,16621402,32095,690.7589486431795
89074015,2026-07-31T03:12:40.297029700Z,2026-07-31T03:14:01.093393800Z,EPISODE_TYPE_PUBLIC,COMPLETED,55124664,16622835,57838,1232.7019369584907,55118227,16621497,50776,1204.3273057618342
89074017,2026-07-31T03:12:44.728237900Z,2026-07-31T03:13:46.105062900Z,EPISODE_TYPE_VALIDATION,COMPLETED,55125574,16622835,103151,600,55125574,16622835,99672,600
89074475,2026-07-31T03:16:44.419707Z,2026-07-31T03:17:58.548481900Z,EPISODE_TYPE_PUBLIC,COMPLETED,55118741,16622760,24751,596.2171404500125,55125567,16623875,30441,709.1683886879993
89074476,2026-07-31T03:16:44.420324400Z,2026-07-31T03:17:49.287868800Z,EPISODE_TYPE_PUBLIC,COMPLETED,55125574,16622835,129310,706.3536413004842,55120366,16621165,19706,586.238135040619
89074478,2026-07-31T03:16:44.421180400Z,2026-07-31T03:18:08.614820300Z,EPISODE_TYPE_PUBLIC,COMPLETED,55125397,16623459,83918,855.3792581243339,55123200,16621683,74783,881.514027676749
89074479,2026-07-31T03:16:44.423597600Z,2026-07-31T03:18:03.182921400Z,EPISODE_TYPE_PUBLIC,COMPLETED,55125434,16622940,11887,472.7132520372271,55117565,16621523,37262,606.5562293732311
89074483,2026-07-31T03:16:44.428012Z,2026-07-31T03:17:43.274589200Z,EPISODE_TYPE_PUBLIC,COMPLETED,55125199,16623886,13124,534.7974605909272,55118395,16621585,48432,690.7784773938444
89074487,2026-07-31T03:16:44.432237900Z,2026-07-31T03:17:46.645794400Z,EPISODE_TYPE_PUBLIC,COMPLETED,55124664,16622835,112754,1251.2043860543872,55116804,16621355,86372,1135.1771413135718
89074962,2026-07-31T03:20:37.215780700Z,2026-07-31T03:21:33.388995600Z,EPISODE_TYPE_PUBLIC,COMPLETED,55117766,16622487,11805,638.1484995462131,55125669,16623886,12878,721.9709773250455
89074963,2026-07-31T03:20:37.215766300Z,2026-07-31T03:21:39.413979600Z,EPISODE_TYPE_PUBLIC,COMPLETED,55121621,16623006,34795,714.7049352498572,55125574,16622835,143707,807.0690117285752
89074964,2026-07-31T03:20:37.216117900Z,2026-07-31T03:21:36.374625700Z,EPISODE_TYPE_PUBLIC,COMPLETED,55118239,16621163,40675,703.3775694682082,55125670,16622940,20150,518.4863502037871
89074965,2026-07-31T03:20:37.217114300Z,2026-07-31T03:21:43.168091100Z,EPISODE_TYPE_PUBLIC,COMPLETED,55125397,16623459,77611,916.6084848094938,55124807,16623616,17966,793.2224606972313
89074970,2026-07-31T03:20:37.222300700Z,2026-07-31T03:21:33.384865900Z,EPISODE_TYPE_PUBLIC,COMPLETED,55117886,16621716,14712,505.8953808615171,55125434,16622940,12010,405.80250638718087
89074971,2026-07-31T03:20:37.224030400Z,2026-07-31T03:21:46.482693300Z,EPISODE_TYPE_PUBLIC,COMPLETED,55124664,16622835,47720,1271.5244257715353,55118227,16621497,44455,1195.6822008434597
89074972,2026-07-31T03:20:37.228738600Z,2026-07-31T03:21:30.474539400Z,EPISODE_TYPE_PUBLIC,COMPLETED,55118662,16621716,22496,505.6186328198885,55125338,16623458,6462,424.81731656218835
89075429,2026-07-31T03:24:39.524802100Z,2026-07-31T03:25:57.441076900Z,EPISODE_TYPE_PUBLIC,COMPLETED,55117099,16621515,44127,768.7550651096278,55125669,16623886,12023,636.7899596308715
89075431,2026-07-31T03:24:39.526003400Z,2026-07-31T03:25:57.281895600Z,EPISODE_TYPE_PUBLIC,COMPLETED,55124764,16623824,31511,797.6236976044114,55125574,16622835,116794,890.911665065355
89075432,2026-07-31T03:24:39.526608500Z,2026-07-31T03:26:08.812483300Z,EPISODE_TYPE_PUBLIC,COMPLETED,55120905,16622990,51456,991.0821509777877,55125397,16623459,90177,993.6290529716351
89075434,2026-07-31T03:24:39.528900500Z,2026-07-31T03:25:54.004267100Z,EPISODE_TYPE_PUBLIC,COMPLETED,55119531,16622937,56158,954.2300301541504,55125168,16621811,24079,899.0566661413776
89075437,2026-07-31T03:24:39.532103Z,2026-07-31T03:26:02.635896100Z,EPISODE_TYPE_PUBLIC,COMPLETED,55124664,16622835,96309,1284.5699873769681,55116804,16621355,84888,1128.8796816957956
89075923,2026-07-31T03:28:38.710302800Z,2026-07-31T03:29:38.946708900Z,EPISODE_TYPE_PUBLIC,COMPLETED,55125830,16622940,27134,514.033880206785,55115608,16621168,31974,685.5445759182961
89075924,2026-07-31T03:28:38.710969Z,2026-07-31T03:29:57.546959500Z,EPISODE_TYPE_PUBLIC,COMPLETED,55125574,16622835,123659,937.921745502787,55124617,16623644,31649,754.4302719005747
89075926,2026-07-31T03:28:38.713376Z,2026-07-31T03:30:03.633812300Z,EPISODE_TYPE_PUBLIC,COMPLETED,55122519,16622919,53859,1047.7947520454272,55125397,16623459,81272,1076.8207343454278
89075929,2026-07-31T03:28:38.714951100Z,2026-07-31T03:30:00.449626500Z,EPISODE_TYPE_PUBLIC,COMPLETED,55125168,16621811,0,875.4458180910444,55125397,16623459,83677,1028.0000146488453
89075930,2026-07-31T03:28:38.715648400Z,2026-07-31T03:29:45.106387900Z,EPISODE_TYPE_PUBLIC,COMPLETED,55118227,16621497,56304,1208.8897427280874,55124664,16622835,53383,1256.6605066322006
89075931,2026-07-31T03:28:38.715239Z,2026-07-31T03:29:51.292136300Z,EPISODE_TYPE_PUBLIC,COMPLETED,55125131,16621811,38937,800.9740784197379,55118445,16622509,46112,887.9927523035117
89075933,2026-07-31T03:28:38.719103100Z,2026-07-31T03:30:00.547912800Z,EPISODE_TYPE_PUBLIC,COMPLETED,55125099,16623616,36732,796.2493772439451,55125574,16622835,129567,977.0884410353943
89076396,2026-07-31T03:32:43.345470Z,2026-07-31T03:33:41.240796700Z,EPISODE_TYPE_PUBLIC,COMPLETED,55119028,16622319,18879,580.2105526216469,55125862,16622338,34864,704.6980256821726
89076398,2026-07-31T03:32:43.347449600Z,2026-07-31T03:33:41.294043700Z,EPISODE_TYPE_PUBLIC,COMPLETED,55125830,16622940,23465,631.2634769264004,55118741,16622760,18214,582.3165352191329
89076399,2026-07-31T03:32:43.351163300Z,2026-07-31T03:34:04.062493800Z,EPISODE_TYPE_PUBLIC,COMPLETED,55125574,16622835,112777,1040.931199866479,55119856,16622965,54576,1024.037949209145
89076400,2026-07-31T03:32:43.351434300Z,2026-07-31T03:34:04.858110800Z,EPISODE_TYPE_PUBLIC,COMPLETED,55125397,16623459,62977,1114.2122752063292,55124424,16623199,60660,1056.6663827207278
89076404,2026-07-31T03:32:43.356250400Z,2026-07-31T03:34:15.332054400Z,EPISODE_TYPE_PUBLIC,COMPLETED,55121710,16622990,63377,1138.0900533381766,55124664,16622835,97520,1269.4309262115564
89076405,2026-07-31T03:32:43.350157100Z,2026-07-31T03:33:58.684306900Z,EPISODE_TYPE_PUBLIC,COMPLETED,55117284,16622422,6259,476.7364932567669,55125669,16623886,13872,603.2120899638188
89076408,2026-07-31T03:32:43.359211600Z,2026-07-31T03:33:52.589362Z,EPISODE_TYPE_PUBLIC,COMPLETED,55124144,16623697,14678,550.7214828171399,55117932,16621219,6099,430.36769369179484
89076867,2026-07-31T03:36:38.391385600Z,2026-07-31T03:37:52.668452300Z,EPISODE_TYPE_PUBLIC,COMPLETED,55118396,16622487,21182,660.4953118272927,55125862,16622338,37937,833.1919081453035
89076870,2026-07-31T03:36:38.393664800Z,2026-07-31T03:37:53.529508900Z,EPISODE_TYPE_PUBLIC,COMPLETED,55119028,16622319,14271,566.6672265032505,55125971,16622940,31247,700.7526135476054
89076874,2026-07-31T03:36:38.398453300Z,2026-07-31T03:37:58.762620200Z,EPISODE_TYPE_PUBLIC,COMPLETED,55124424,16623199,76140,1038.900225118696,55125574,16622835,106532,1087.4326398522155
89076876,2026-07-31T03:36:38.399599100Z,2026-07-31T03:37:46.336127800Z,EPISODE_TYPE_PUBLIC,COMPLETED,55116804,16621355,66524,1118.2809518086553,55125397,16623459,70990,1150.1463866235645
89076877,2026-07-31T03:36:38.400920200Z,2026-07-31T03:37:56.575777600Z,EPISODE_TYPE_PUBLIC,COMPLETED,55118013,16622482,23551,630.6921617303368,55125567,16623875,30734,705.8118158943148
89076878,2026-07-31T03:36:38.402585300Z,2026-07-31T03:37:55.715452600Z,EPISODE_TYPE_PUBLIC,COMPLETED,55125168,16621811,54653,927.4460991326729,55118449,16622509,51401,886.9686192215414
89076879,2026-07-31T03:36:38.402633100Z,2026-07-31T03:38:15.195259300Z,EPISODE_TYPE_PUBLIC,COMPLETED,55124664,16622835,56988,1284.2413439982015,55118227,16621497,46024,1201.144023271086
89077342,2026-07-31T03:40:35.813816900Z,2026-07-31T03:41:51.017175300Z,EPISODE_TYPE_PUBLIC,COMPLETED,55119028,16622319,13678,557.2273611666061,55125971,16622940,31286,763.1511019350106
89077343,2026-07-31T03:40:35.814475100Z,2026-07-31T03:41:50.212448Z,EPISODE_TYPE_PUBLIC,COMPLETED,55125900,16621811,55576,831.7190659230586,55115818,16621163,31284,695.3212113197665
89077344,2026-07-31T03:40:35.816757800Z,2026-07-31T03:41:49.936644100Z,EPISODE_TYPE_PUBLIC,COMPLETED,55117263,16621515,30264,824.2443891163907,55125862,16622338,23142,757.7389424575424
89077345,2026-07-31T03:40:35.817417100Z,2026-07-31T03:41:30.254108600Z,EPISODE_TYPE_PUBLIC,COMPLETED,55118533,16621770,983,373.0832938056388,55125830,16622940,44484,610.2107598371757
89077347,2026-07-31T03:40:35.818575700Z,2026-07-31T03:41:52.687149100Z,EPISODE_TYPE_PUBLIC,COMPLETED,55125574,16622835,114405,1120.3224902888048,55124424,16623199,81152,1025.0484192620622
89077348,2026-07-31T03:40:35.820035Z,2026-07-31T03:41:58.099545500Z,EPISODE_TYPE_PUBLIC,COMPLETED,55125397,16623459,65564,1169.1004450233704,55124424,16623199,27016,1015.0460029573504
89077350,2026-07-31T03:40:35.822320100Z,2026-07-31T03:41:34.348215100Z,EPISODE_TYPE_PUBLIC,COMPLETED,55116010,16621168,29690,517.26516230395,55125669,16623886,10891,470.57744741814827
89077351,2026-07-31T03:40:35.823523200Z,2026-07-31T03:41:54.033563600Z,EPISODE_TYPE_PUBLIC,COMPLETED,55125168,16621811,54639,951.0651189944317,55118449,16622509,50551,876.5872584648052
89077808,2026-07-31T03:44:36.091285500Z,2026-07-31T03:45:49.583154400Z,EPISODE_TYPE_PUBLIC,COMPLETED,55125982,16623920,31915,683.10808295515,55116223,16622032,33758,693.4751325365722
89077813,2026-07-31T03:44:36.097762100Z,2026-07-31T03:45:54.054022900Z,EPISODE_TYPE_PUBLIC,COMPLETED,55115608,16621168,35315,698.2424090228961,55125862,16622338,30477,683.8335474978833
89077815,2026-07-31T03:44:36.100827700Z,2026-07-31T03:45:41.636636700Z,EPISODE_TYPE_PUBLIC,COMPLETED,55125574,16622835,94996,1084.8363493271333,55116804,16621355,97593,1128.0893858525671
89077816,2026-07-31T03:44:36.101275700Z,2026-07-31T03:45:43.228870700Z,EPISODE_TYPE_PUBLIC,COMPLETED,55118227,16621497,103200,1209.3118889163386,55125397,16623459,86206,1143.6362928354436
89077817,2026-07-31T03:44:36.103055200Z,2026-07-31T03:45:58.825191700Z,EPISODE_TYPE_PUBLIC,COMPLETED,55125168,16621811,45528,982.771300158086,55119856,16622965,42966,1011.5344256940549
89078278,2026-07-31T03:48:36.699013800Z,2026-07-31T03:49:39.839757300Z,EPISODE_TYPE_PUBLIC,COMPLETED,55126121,16623920,44341,673.6163558578074,55118529,16622251,3000,462.74397027352046
89078279,2026-07-31T03:48:36.700697300Z,2026-07-31T03:49:42.694426700Z,EPISODE_TYPE_PUBLIC,COMPLETED,55118741,16622760,23953,572.3065292211453,55126140,16622919,96426,702.1196377990909
89078280,2026-07-31T03:48:36.702287Z,2026-07-31T03:49:58.403492400Z,EPISODE_TYPE_PUBLIC,COMPLETED,55126072,16623749,61556,855.246378196076,55117099,16621515,28039,759.9450228992429
89078281,2026-07-31T03:48:36.701809600Z,2026-07-31T03:49:34.799540200Z,EPISODE_TYPE_PUBLIC,COMPLETED,55117304,16622420,5688,484.77673277645255,55126176,16621811,59180,678.76152146816
89078285,2026-07-31T03:48:36.706858800Z,2026-07-31T03:50:06.558751800Z,EPISODE_TYPE_PUBLIC,COMPLETED,55126134,16623616,109678,759.4453273509071,55117347,16622198,44389,752.4183331820678
89078307,2026-07-31T03:52:19.745745300Z,2026-07-31T03:53:17.137363100Z,EPISODE_TYPE_VALIDATION,COMPLETED,55126293,16623798,29338,600,55126293,16623798,29338,600
89078759,2026-07-31T03:52:39.058039400Z,2026-07-31T03:54:02.974182700Z,EPISODE_TYPE_PUBLIC,COMPLETED,55126140,16622919,88441,786.351187440516,55118396,16622487,27655,651.2497058221259
89078761,2026-07-31T03:52:39.061266900Z,2026-07-31T03:54:43.081848200Z,EPISODE_TYPE_PUBLIC,COMPLETED,55126119,16622809,65077,781.1756418132809,55115818,16621163,32697,681.427583261686
89078762,2026-07-31T03:52:39.062954500Z,2026-07-31T03:53:53.344157800Z,EPISODE_TYPE_PUBLIC,COMPLETED,55115388,16621402,44211,700.804406422228,55126121,16623920,29259,583.2066894508735
89078765,2026-07-31T03:52:39.066059500Z,2026-07-31T03:53:57.992425100Z,EPISODE_TYPE_PUBLIC,COMPLETED,55117565,16621523,50466,615.5239267467282,55126101,16623528,1882,441.84449301590416
89079235,2026-07-31T03:56:41.049168700Z,2026-07-31T03:57:56.067310700Z,EPISODE_TYPE_PUBLIC,COMPLETED,55126306,16623806,13600,536.629703691155,55126293,16623798,103017,754.5054829774481
89079236,2026-07-31T03:56:41.048600600Z,2026-07-31T03:57:46.916294300Z,EPISODE_TYPE_PUBLIC,COMPLETED,55126306,16623806,13081,509.63939629899136,55126293,16623798,111636,690.3606037010086
89079240,2026-07-31T03:56:41.056508800Z,2026-07-31T03:58:03.147715300Z,EPISODE_TYPE_PUBLIC,COMPLETED,55115608,16621168,36876,691.1225527196725,55126140,16622919,100208,849.6269172515755
89079241,2026-07-31T03:56:41.058091700Z,2026-07-31T03:57:42.993534400Z,EPISODE_TYPE_PUBLIC,COMPLETED,55118379,16621497,82796,983.6628765092663,55126176,16621811,45555,809.8002175185067
89079244,2026-07-31T03:56:41.060219800Z,2026-07-31T03:58:02.128110800Z,EPISODE_TYPE_PUBLIC,COMPLETED,55126121,16623920,31947,647.6361210626034,55117886,16621716,9294,490.4121936432645
89079702,2026-07-31T04:00:38.408960200Z,2026-07-31T04:01:54.653579200Z,EPISODE_TYPE_PUBLIC,COMPLETED,55117940,16622842,30899,779.3197553923497,55126227,16623199,126095,879.2435133403766
89079703,2026-07-31T04:00:38.412591Z,2026-07-31T04:01:52.678344500Z,EPISODE_TYPE_PUBLIC,COMPLETED,55126249,16623458,36292,796.7924230462437,55115388,16621402,21575,690.8553636485982
89079704,2026-07-31T04:00:38.412545300Z,2026-07-31T04:01:35.713551300Z,EPISODE_TYPE_PUBLIC,COMPLETED,55118395,16621585,25720,681.4910310943447,55126293,16623798,108082,822.7785746769006
89079711,2026-07-31T04:00:38.420939Z,2026-07-31T04:01:34.816937100Z,EPISODE_TYPE_PUBLIC,COMPLETED,55126306,16623806,10191,455.8816771545065,55117886,16621716,12819,512.1490972634604
89079712,2026-07-31T04:00:45.259683500Z,2026-07-31T04:02:05.584268300Z,EPISODE_TYPE_VALIDATION,COMPLETED,55126439,16622509,74613,600,55126439,16622509,83356,600
89079715,2026-07-31T04:01:35.502045400Z,2026-07-31T04:02:50.689275Z,EPISODE_TYPE_VALIDATION,COMPLETED,55126464,16623381,40672,600,55126464,16623381,40672,600
89080169,2026-07-31T04:04:37.923698900Z,2026-07-31T04:05:36.786022800Z,EPISODE_TYPE_PUBLIC,COMPLETED,55126439,16622509,120661,722.6209978518361,55121811,16621367,48300,638.1084294480664
89080171,2026-07-31T04:04:37.927364800Z,2026-07-31T04:05:53.382782200Z,EPISODE_TYPE_PUBLIC,COMPLETED,55119314,16622965,33096,858.1558020547301,55126342,16623458,63652,898.3552324261511
89080173,2026-07-31T04:04:37.925496Z,2026-07-31T04:05:36.734610700Z,EPISODE_TYPE_PUBLIC,COMPLETED,55119028,16622319,23227,545.3665615178322,55126464,16623381,48875,694.67790762971
89080175,2026-07-31T04:04:37.930875900Z,2026-07-31T04:05:40.945586100Z,EPISODE_TYPE_PUBLIC,COMPLETED,55126293,16623798,57870,912.6485672891006,55122092,16622454,48932,892.5467909827859
89080176,2026-07-31T04:04:37.931642400Z,2026-07-31T04:06:03.852156800Z,EPISODE_TYPE_PUBLIC,COMPLETED,55119169,16622482,47598,871.8422843019026,55126140,16622919,97860,961.2075839204977
89080179,2026-07-31T04:04:37.937520900Z,2026-07-31T04:06:07.757373600Z,EPISODE_TYPE_PUBLIC,COMPLETED,55126119,16622809,39220,733.7187950139062,55119169,16622482,67620,879.0208196898501
89080181,2026-07-31T04:04:37.937478Z,2026-07-31T04:06:00.302244700Z,EPISODE_TYPE_PUBLIC,COMPLETED,55126072,16623749,46796,965.9843791873325,55118379,16621497,105328,994.3803415544762
89080641,2026-07-31T04:08:36.375490Z,2026-07-31T04:09:58.387855300Z,EPISODE_TYPE_PUBLIC,COMPLETED,55126439,16622509,125797,829.7234724810482,55124032,16623603,41114,754.3495438194865
89080643,2026-07-31T04:08:36.377466900Z,2026-07-31T04:09:31.897802600Z,EPISODE_TYPE_PUBLIC,COMPLETED,55126464,16623381,43281,791.1296146870063,55125907,16623988,25369,685.1115063864997
89080644,2026-07-31T04:08:36.374975300Z,2026-07-31T04:09:53.845432200Z,EPISODE_TYPE_PUBLIC,COMPLETED,55115818,16621163,24633,696.9463763416638,55126460,16623805,22747,637.052681761383
89080646,2026-07-31T04:08:36.381786200Z,2026-07-31T04:09:39.737677900Z,EPISODE_TYPE_PUBLIC,COMPLETED,55126293,16623798,91924,970.4783452398808,55121221,16623263,57562,889.6829704003709
89080651,2026-07-31T04:08:36.386820Z,2026-07-31T04:09:47.206840400Z,EPISODE_TYPE_PUBLIC,COMPLETED,55115827,16621290,5230,427.9468066926318,55126101,16623528,1871,352.6664639811377
89080652,2026-07-31T04:08:36.387606300Z,2026-07-31T04:09:28.942307200Z,EPISODE_TYPE_PUBLIC,COMPLETED,55115318,16621290,4158,420.0040464916916,55126303,16624029,6099,512.0836103942283
89080653,2026-07-31T04:08:36.389001400Z,2026-07-31T04:10:42.203280500Z,EPISODE_TYPE_PUBLIC,COMPLETED,55117347,16622198,47925,741.1005919860752,55126119,16622809,67852,788.4483360613655
89081137,2026-07-31T04:12:36.007781400Z,2026-07-31T04:13:53.207714700Z,EPISODE_TYPE_PUBLIC,COMPLETED,55126439,16622509,129750,900.582601235058,55124617,16623644,39875,766.5925702553724
89081140,2026-07-31T04:12:36.011506100Z,2026-07-31T04:13:37.253835200Z,EPISODE_TYPE_PUBLIC,COMPLETED,55126227,16623199,26223,936.3834896658345,55126293,16623798,33702,1055.914244099159
89081141,2026-07-31T04:12:36.011636500Z,2026-07-31T04:13:52.121385200Z,EPISODE_TYPE_PUBLIC,COMPLETED,55126464,16623381,45661,874.8862124602393,55119708,16622993,24945,784.0897936181917
89081144,2026-07-31T04:12:36.014008100Z,2026-07-31T04:13:33.462355500Z,EPISODE_TYPE_PUBLIC,COMPLETED,55123452,16623398,48185,956.0444526248782,55126293,16623798,71793,1020.8754240983409
89081145,2026-07-31T04:12:36.015174200Z,2026-07-31T04:14:10.758845500Z,EPISODE_TYPE_PUBLIC,COMPLETED,55126140,16622919,79465,973.1844087265923,55116804,16621355,91418,1133.9059530000293
89081146,2026-07-31T04:12:36.017351400Z,2026-07-31T04:13:33.461078800Z,EPISODE_TYPE_PUBLIC,COMPLETED,55119531,16622937,42097,946.2611334381396,55126134,16623616,87781,1040.993278009476
89081149,2026-07-31T04:12:36.023636Z,2026-07-31T04:13:36.498342500Z,EPISODE_TYPE_PUBLIC,COMPLETED,55126176,16621811,54174,769.053297527748,55119169,16622482,60016,886.7585103795495
89081672,2026-07-31T04:16:38.801323200Z,2026-07-31T04:18:06.915068Z,EPISODE_TYPE_PUBLIC,COMPLETED,55126439,16622509,78165,981.9298591155733,55126140,16622919,69952,930.5608306683818
89081673,2026-07-31T04:16:38.802412200Z,2026-07-31T04:17:57.241740700Z,EPISODE_TYPE_PUBLIC,COMPLETED,55126464,16623381,46372,809.7043243160896,55125900,16621811,52147,918.8360198922825
89081674,2026-07-31T04:16:38.803500300Z,2026-07-31T04:17:46.470528700Z,EPISODE_TYPE_PUBLIC,COMPLETED,55126589,16623953,3000,395.47005259377374,55117284,16622422,6259,490.7185088041973
89081676,2026-07-31T04:16:38.804970400Z,2026-07-31T04:17:57.561164900Z,EPISODE_TYPE_PUBLIC,COMPLETED,55126342,16623458,67302,977.1547087829603,55122519,16622919,69232,1064.0137233211094
89081680,2026-07-31T04:16:38.808888700Z,2026-07-31T04:18:03.903586900Z,EPISODE_TYPE_PUBLIC,COMPLETED,55126134,16623616,37668,1035.0405955997308,55126293,16623798,63241,1094.7241893873336
89082174,2026-07-31T04:20:39.830097800Z,2026-07-31T04:21:59.633849500Z,EPISODE_TYPE_PUBLIC,COMPLETED,55126439,16622509,96029,1047.8084031145352,55119856,16622965,63244,1002.0724337442851
89082175,2026-07-31T04:20:39.831603500Z,2026-07-31T04:21:56.846233300Z,EPISODE_TYPE_PUBLIC,COMPLETED,55126249,16623458,27316,677.1240054851701,55126464,16623381,44756,850.2240113849138
89082176,2026-07-31T04:20:39.832358200Z,2026-07-31T04:21:58.990530800Z,EPISODE_TYPE_PUBLIC,COMPLETED,55119314,16622965,24363,864.9057798101368,55126460,16623805,14466,720.4434379436191
89082179,2026-07-31T04:20:39.834604600Z,2026-07-31T04:21:55.997382200Z,EPISODE_TYPE_PUBLIC,COMPLETED,55123488,16623034,78698,1092.9950416036197,55126293,16623798,91905,1131.2948318709425
89082184,2026-07-31T04:20:39.839261900Z,2026-07-31T04:22:08.041017Z,EPISODE_TYPE_PUBLIC,COMPLETED,55118239,16621163,39119,688.719134748648,55126337,16623886,42026,742.2223735433653
89082185,2026-07-31T04:20:39.846493200Z,2026-07-31T04:22:27.393818800Z,EPISODE_TYPE_PUBLIC,COMPLETED,55126589,16623953,3000,419.339871870412,55118529,16622251,3000,456.5746844541376
89082650,2026-07-31T04:24:38.996554600Z,2026-07-31T04:25:33.042859100Z,EPISODE_TYPE_PUBLIC,COMPLETED,55115388,16621402,40771,682.9814404226113,55126661,16623603,67735,840.6661704094627
89082652,2026-07-31T04:24:38.998645700Z,2026-07-31T04:25:58.953629Z,EPISODE_TYPE_PUBLIC,COMPLETED,55126464,16623381,42710,905.7551089353468,55119314,16622965,25697,855.1986133842969
89082653,2026-07-31T04:24:38.999084Z,2026-07-31T04:25:41.994704700Z,EPISODE_TYPE_PUBLIC,COMPLETED,55118227,16621497,73832,1213.9026447179658,55126439,16622509,59488,1020.1672633456533
89082655,2026-07-31T04:24:39.000564100Z,2026-07-31T04:25:54.813682900Z,EPISODE_TYPE_PUBLIC,COMPLETED,55117886,16621716,22720,525.3930188155568,55126589,16623953,3000,358.3820272247499
89082657,2026-07-31T04:24:39.002060700Z,2026-07-31T04:25:47.616031900Z,EPISODE_TYPE_PUBLIC,COMPLETED,55116580,16621355,89144,1132.7079487838375,55126293,16623798,103950,1164.24197532081
89083124,2026-07-31T04:28:40.254806900Z,2026-07-31T04:29:32.644882200Z,EPISODE_TYPE_PUBLIC,COMPLETED,55126900,16623823,5999,469.0657363831763,55116010,16621168,32170,533.75490348057
89083125,2026-07-31T04:28:40.254049900Z,2026-07-31T04:29:58.861362800Z,EPISODE_TYPE_PUBLIC,COMPLETED,55117766,16622487,33970,648.4739584093447,55126888,16623736,28734,503.7307589568837
89083128,2026-07-31T04:28:40.257760800Z,2026-07-31T04:29:59.788386600Z,EPISODE_TYPE_PUBLIC,COMPLETED,55126342,16623458,62948,996.1023526614182,55126439,16622509,110298,1063.414280032933
89083129,2026-07-31T04:28:40.258564400Z,2026-07-31T04:29:57.566244600Z,EPISODE_TYPE_PUBLIC,COMPLETED,55126464,16623381,46680,939.7621843448145,55117263,16621515,24938,817.0748983339362
89083131,2026-07-31T04:28:40.261361900Z,2026-07-31T04:29:42.931552700Z,EPISODE_TYPE_PUBLIC,COMPLETED,55125574,16622835,69704,1110.5665246968201,55126227,16623199,43470,1013.5645873884631
89083133,2026-07-31T04:28:40.263893100Z,2026-07-31T04:30:05.434041800Z,EPISODE_TYPE_PUBLIC,COMPLETED,55126134,16623616,62817,1011.3546307936776,55125574,16622835,109839,1131.727586085375
89083134,2026-07-31T04:28:40.265054400Z,2026-07-31T04:30:05.645256Z,EPISODE_TYPE_PUBLIC,COMPLETED,55126227,16623199,106054,1042.193287016603,55118379,16621497,15877,985.2049384926734
89083135,2026-07-31T04:28:40.264291800Z,2026-07-31T04:29:57.391308400Z,EPISODE_TYPE_PUBLIC,COMPLETED,55119169,16622482,52854,880.2104752418978,55126342,16623458,69458,1023.667486145729
89083141,2026-07-31T04:29:34.103765800Z,2026-07-31T04:30:33.013697600Z,EPISODE_TYPE_VALIDATION,COMPLETED,55126983,16623582,4603,600,55126983,16623582,4603,600
89083598,2026-07-31T04:32:46.649843600Z,2026-07-31T04:33:43.914130300Z,EPISODE_TYPE_PUBLIC,COMPLETED,55126983,16623582,3902,515.0380560989956,55118395,16621585,48490,689.5949345270749
89083599,2026-07-31T04:32:46.650729Z,2026-07-31T04:34:17.160670400Z,EPISODE_TYPE_PUBLIC,COMPLETED,55118239,16621163,40884,697.6473193555813,55127024,16623646,26956,517.0610476418898
89083600,2026-07-31T04:32:46.652124400Z,2026-07-31T04:33:53.917422700Z,EPISODE_TYPE_PUBLIC,COMPLETED,55115388,16621402,22140,674.409290126399,55126866,16623805,29429,809.5389359956947
89083604,2026-07-31T04:32:46.658377800Z,2026-07-31T04:34:08.309336700Z,EPISODE_TYPE_PUBLIC,COMPLETED,55126439,16622509,98669,1102.2031604565639,55122519,16622919,83114,1046.8215359225953
89083606,2026-07-31T04:32:46.653585600Z,2026-07-31T04:34:12.797021400Z,EPISODE_TYPE_PUBLIC,COMPLETED,55126439,16622509,107398,1115.1788169695587,55126784,16623645,56893,831.6409146650369
89083607,2026-07-31T04:32:46.661001500Z,2026-07-31T04:34:03.576926200Z,EPISODE_TYPE_PUBLIC,COMPLETED,55126464,16623381,39900,911.5520864998474,55116691,16621802,49679,1044.1076387242128
89083608,2026-07-31T04:32:46.662633Z,2026-07-31T04:34:06.097626500Z,EPISODE_TYPE_PUBLIC,COMPLETED,55126293,16623798,70069,1189.8123883507692,55116580,16621355,56669,1123.311959893148
89084086,2026-07-31T04:36:45.530642400Z,2026-07-31T04:38:02.114574400Z,EPISODE_TYPE_PUBLIC,COMPLETED,55127073,16622993,58659,691.5865402589999,55119028,16622319,30322,534.2794853212491
89084089,2026-07-31T04:36:45.541584100Z,2026-07-31T04:37:41.186325100Z,EPISODE_TYPE_PUBLIC,COMPLETED,55126983,16623582,4809,433.70846377053516,55120699,16623226,37886,577.771061526582
89084093,2026-07-31T04:36:45.554671600Z,2026-07-31T04:37:45.476441300Z,EPISODE_TYPE_PUBLIC,COMPLETED,55126464,16623381,45963,873.4984615903168,55121221,16623263,61695,905.2013631756874
89084094,2026-07-31T04:36:45.555580800Z,2026-07-31T04:38:04.384235300Z,EPISODE_TYPE_PUBLIC,COMPLETED,55126547,16623886,30553,820.9593934928942,55117940,16622842,25755,767.8925043723633
89084095,2026-07-31T04:36:45.555467700Z,2026-07-31T04:37:33.109103600Z,EPISODE_TYPE_PUBLIC,COMPLETED,55126314,16623953,3000,297.5587342723613,55116892,16622097,3340,390.44437303098675
89084096,2026-07-31T04:36:45.555937500Z,2026-07-31T04:38:09.410276600Z,EPISODE_TYPE_PUBLIC,COMPLETED,55115608,16621168,36979,678.3648022988094,55125982,16623920,39535,672.2264183734494
89084097,2026-07-31T04:36:45.553073Z,2026-07-31T04:37:55.199614200Z,EPISODE_TYPE_PUBLIC,COMPLETED,55126900,16623823,3356,500.89244778129193,55115827,16621290,3198,413.03247411290664
89084098,2026-07-31T04:36:45.559173400Z,2026-07-31T04:37:46.171106100Z,EPISODE_TYPE_PUBLIC,COMPLETED,55126460,16623805,28579,790.7326462915595,55115388,16621402,13954,666.2864138022295
89084100,2026-07-31T04:36:45.548948100Z,2026-07-31T04:37:56.383188700Z,EPISODE_TYPE_PUBLIC,COMPLETED,55116804,16621355,78975,1124.051114920537,55126439,16622509,102067,1150.5996060022399
89084579,2026-07-31T04:40:47.564180900Z,2026-07-31T04:41:42.266669200Z,EPISODE_TYPE_PUBLIC,COMPLETED,55126983,16623582,4156,359.8863867903999,55124635,16623730,8816,487.821120241415
89084582,2026-07-31T04:40:47.567572100Z,2026-07-31T04:41:44.278630800Z,EPISODE_TYPE_PUBLIC,COMPLETED,55126900,16623823,6171,431.6603478111583,55118662,16621716,18233,522.0284948663666
89084583,2026-07-31T04:40:47.567916700Z,2026-07-31T04:42:08.202318800Z,EPISODE_TYPE_PUBLIC,COMPLETED,55118227,16621497,41523,1204.4206078123302,55126293,16623798,45931,1218.2151435019316
89084584,2026-07-31T04:40:47.564856Z,2026-07-31T04:42:19.365055500Z,EPISODE_TYPE_PUBLIC,COMPLETED,55127024,16623646,19493,532.0053120725534,55117304,16622420,6159,465.9978628102457
89084585,2026-07-31T04:40:47.573337100Z,2026-07-31T04:41:42.870141600Z,EPISODE_TYPE_PUBLIC,COMPLETED,55126306,16623806,9633,523.0699287220411,55117284,16622422,6259,475.1143173715309
89084586,2026-07-31T04:40:47.572995700Z,2026-07-31T04:42:11.994841300Z,EPISODE_TYPE_PUBLIC,COMPLETED,55118227,16621497,113203,1211.3654797008935,55126439,16622509,103791,1125.8744028679132
89084587,2026-07-31T04:40:47.579084900Z,2026-07-31T04:42:11.347748400Z,EPISODE_TYPE_PUBLIC,COMPLETED,55125574,16622835,118828,1155.3958114135744,55123609,16623034,53692,1084.8268983846729
89084588,2026-07-31T04:40:47.579085100Z,2026-07-31T04:41:46.024576200Z,EPISODE_TYPE_PUBLIC,COMPLETED,55123488,16623034,108302,1101.5487561938016,55125900,16621811,36917,917.517356243436
89085043,2026-07-31T04:44:45.760648800Z,2026-07-31T04:45:58.073804100Z,EPISODE_TYPE_PUBLIC,COMPLETED,55127181,16623448,33737,833.2088462261079,55118396,16622487,12692,644.2527321304653
89085046,2026-07-31T04:44:45.763994800Z,2026-07-31T04:46:03.332987900Z,EPISODE_TYPE_PUBLIC,COMPLETED,55126784,16623645,59932,886.3502180784556,55117099,16621515,22460,752.9575078763942
89085049,2026-07-31T04:44:45.766597Z,2026-07-31T04:46:17.186405100Z,EPISODE_TYPE_PUBLIC,COMPLETED,55125397,16623459,79327,1097.0388827480901,55126439,16622509,115322,1151.6342479765756
89085051,2026-07-31T04:44:45.769132500Z,2026-07-31T04:46:05.647971300Z,EPISODE_TYPE_PUBLIC,COMPLETED,55126460,16623805,29437,747.9070891979625,55117347,16622198,33402,753.6839754873602
89085054,2026-07-31T04:44:45.768869800Z,2026-07-31T04:46:07.471614800Z,EPISODE_TYPE_PUBLIC,COMPLETED,55125574,16622835,104117,1178.2735805101775,55125397,16623459,80599,1119.5582202336764
89085523,2026-07-31T04:48:44.756714Z,2026-07-31T04:50:01.507690Z,EPISODE_TYPE_PUBLIC,COMPLETED,55127073,16622993,56547,890.0091027551264,55117263,16621515,34177,808.5292095246216
89085524,2026-07-31T04:48:44.758453700Z,2026-07-31T04:49:35.250684100Z,EPISODE_TYPE_PUBLIC,COMPLETED,55117932,16621219,6099,449.8455996310424,55127190,16623953,747,387.78184873536236
89085529,2026-07-31T04:48:44.767082900Z,2026-07-31T04:50:03.922027700Z,EPISODE_TYPE_PUBLIC,COMPLETED,55126888,16623736,31966,596.0518942184322,55115818,16621163,28061,673.9527367830406
89085531,2026-07-31T04:48:44.768591Z,2026-07-31T04:50:04.621828Z,EPISODE_TYPE_PUBLIC,COMPLETED,55119169,16622482,40266,871.2402148921545,55126072,16623749,71434,935.9862524041789
89085534,2026-07-31T04:48:44.770223200Z,2026-07-31T04:49:53.030496100Z,EPISODE_TYPE_PUBLIC,COMPLETED,55125246,16621315,4671,396.17660487406715,55126983,16623582,4177,292.3888303607063
89086008,2026-07-31T04:52:43.986465100Z,2026-07-31T04:54:08.398743100Z,EPISODE_TYPE_PUBLIC,COMPLETED,55127170,16624056,33644,561.854439055804,55117565,16621523,37754,628.5978492651284
89086015,2026-07-31T04:52:43.992961400Z,2026-07-31T04:53:42.697550400Z,EPISODE_TYPE_PUBLIC,COMPLETED,55125862,16622338,37308,683.7119007897488,55117766,16622487,24354,634.8006783502104
89086017,2026-07-31T04:52:43.994725100Z,2026-07-31T04:54:03.731434600Z,EPISODE_TYPE_PUBLIC,COMPLETED,55119856,16622965,75652,1009.3017385662952,55126140,16622919,74830,911.4053704077645
89086018,2026-07-31T04:52:43.996182Z,2026-07-31T04:53:59.626933300Z,EPISODE_TYPE_PUBLIC,COMPLETED,55126293,16623798,74358,1193.6538653311013,55118227,16621497,87889,1219.891730755178
89086019,2026-07-31T04:52:43.993925500Z,2026-07-31T04:53:54.747492300Z,EPISODE_TYPE_PUBLIC,COMPLETED,55118379,16621497,85078,996.6805425282548,55126227,16623199,46841,1008.880449089203
89086484,2026-07-31T04:56:42.924875200Z,2026-07-31T04:57:47.857983800Z,EPISODE_TYPE_PUBLIC,COMPLETED,55118013,16622482,33588,618.7849231865594,55127430,16622760,65478,715.9509748576319
89086485,2026-07-31T04:56:42.925638900Z,2026-07-31T04:58:02.399310300Z,EPISODE_TYPE_PUBLIC,COMPLETED,55127418,16621355,93707,702.8214411509957,55116523,16621294,21861,574.3344254113625
89086487,2026-07-31T04:56:42.927617800Z,2026-07-31T04:57:38.724327300Z,EPISODE_TYPE_PUBLIC,COMPLETED,55117099,16621515,19776,746.0697459656062,55127181,16623448,25538,877.707817668262
89086488,2026-07-31T04:56:42.929134500Z,2026-07-31T04:57:43.962367200Z,EPISODE_TYPE_PUBLIC,COMPLETED,55126464,16623381,43599,837.7227728489373,55127281,16623805,47632,863.4737134553885
89086493,2026-07-31T04:56:42.934440200Z,2026-07-31T04:57:50.747925900Z,EPISODE_TYPE_PUBLIC,COMPLETED,55126439,16622509,99281,1175.1622301757964,55121710,16622367,67729,1122.04180381385
89086496,2026-07-31T04:56:42.928768200Z,2026-07-31T04:58:04.892553200Z,EPISODE_TYPE_PUBLIC,COMPLETED,55116523,16621294,37106,560.321605240893,55127170,16624056,40474,623.7065422045263
89086497,2026-07-31T04:56:42.939678100Z,2026-07-31T04:57:38.969596300Z,EPISODE_TYPE_PUBLIC,COMPLETED,55117886,16621716,15277,541.6045653602182,55126303,16624029,6009,441.91347354932793
89086498,2026-07-31T04:56:42.940869600Z,2026-07-31T04:58:01.685080600Z,EPISODE_TYPE_PUBLIC,COMPLETED,55126464,16623381,44294,871.1145814469503,55118449,16622509,36105,863.6197049921147
89086958,2026-07-31T05:00:44.655038700Z,2026-07-31T05:02:01.517171Z,EPISODE_TYPE_PUBLIC,COMPLETED,55119163,16622937,36731,698.229618593625,55127466,16623798,104415,798.1477312413465
89086963,2026-07-31T05:00:44.659414300Z,2026-07-31T05:01:51.770369700Z,EPISODE_TYPE_PUBLIC,COMPLETED,55118013,16622482,39357,631.4567792113692,55127170,16624056,28719,572.8099848345489
89086964,2026-07-31T05:00:44.660824Z,2026-07-31T05:01:40.319798100Z,EPISODE_TYPE_PUBLIC,COMPLETED,55127286,16623823,6155,376.7673132123406,55116010,16621168,31468,543.6873500199357
89086966,2026-07-31T05:00:44.662288700Z,2026-07-31T05:02:03.888896700Z,EPISODE_TYPE_PUBLIC,COMPLETED,55126134,16623616,39895,1052.5733735583751,55119531,16622937,16683,939.2747149125257
89086968,2026-07-31T05:00:44.664980500Z,2026-07-31T05:02:07.312165400Z,EPISODE_TYPE_PUBLIC,COMPLETED,55126370,16623875,26079,782.5211918463679,55126464,16623381,41313,891.5225978580411
89087433,2026-07-31T05:04:48.554707700Z,2026-07-31T05:06:07.828873800Z,EPISODE_TYPE_PUBLIC,COMPLETED,55119163,16622937,53792,690.4557523283291,55127430,16622760,69924,876.0289384395189
89087436,2026-07-31T05:04:48.558209900Z,2026-07-31T05:05:43.274092300Z,EPISODE_TYPE_PUBLIC,COMPLETED,55127520,16624056,12323,563.7064950613211,55115827,16621290,4743,402.2726232578216
89087437,2026-07-31T05:04:48.559960500Z,2026-07-31T05:06:02.858126800Z,EPISODE_TYPE_PUBLIC,COMPLETED,55119169,16622482,37959,879.6445024679506,55127181,16623448,30920,804.9323865967416
89087443,2026-07-31T05:04:48.566333900Z,2026-07-31T05:06:09.319005100Z,EPISODE_TYPE_PUBLIC,COMPLETED,55125574,16622835,92846,1220.5954069095849,55126439,16622509,65353,1154.574641060382
89087446,2026-07-31T05:04:48.567124600Z,2026-07-31T05:06:09.095010Z,EPISODE_TYPE_PUBLIC,COMPLETED,55126293,16623798,65433,1171.2668585633842,55125574,16622835,88974,1201.726798441231
89087447,2026-07-31T05:04:48.574474900Z,2026-07-31T05:06:12.890504200Z,EPISODE_TYPE_PUBLIC,COMPLETED,55121349,16621802,79276,1024.997601393124,55126134,16623616,69945,1023.6601537773255
89087911,2026-07-31T05:08:46.000363300Z,2026-07-31T05:10:04.447680400Z,EPISODE_TYPE_PUBLIC,COMPLETED,55118662,16621716,14541,539.2565734212244,55127520,16624056,9438,471.83855246716763
89087914,2026-07-31T05:08:46.000093600Z,2026-07-31T05:10:04.419202500Z,EPISODE_TYPE_PUBLIC,COMPLETED,55127430,16622760,78565,944.7778174644785,55118449,16622509,49385,854.2019526789373
89087919,2026-07-31T05:08:46.002209500Z,2026-07-31T05:09:52.151899600Z,EPISODE_TYPE_PUBLIC,COMPLETED,55119314,16622965,36015,846.1857441007036,55127073,16622993,41759,902.2566518015688
89088388,2026-07-31T05:12:44.523059300Z,2026-07-31T05:13:56.244147100Z,EPISODE_TYPE_PUBLIC,COMPLETED,55127430,16622760,56872,895.8653107420595,55119856,16622965,83493,1015.9448630137626
89088397,2026-07-31T05:12:44.536146Z,2026-07-31T05:13:43.362566900Z,EPISODE_TYPE_PUBLIC,COMPLETED,55117099,16621515,26797,737.6275281273786,55126370,16623875,27347,809.7656460904172
89088398,2026-07-31T05:12:44.530707100Z,2026-07-31T05:13:45.512487200Z,EPISODE_TYPE_PUBLIC,COMPLETED,55126439,16622509,92744,1168.6037850523705,55124424,16623199,91956,1033.8945304231436
89088867,2026-07-31T05:16:44.941326300Z,2026-07-31T05:17:46.585527200Z,EPISODE_TYPE_PUBLIC,COMPLETED,55117099,16621515,23702,729.9394306794417,55127678,16621355,88176,831.8569138838468
89088869,2026-07-31T05:16:44.943682500Z,2026-07-31T05:17:46.538923300Z,EPISODE_TYPE_PUBLIC,COMPLETED,55119856,16622965,52814,1008.903988773103,55127466,16623798,88315,1104.758329745526
89088870,2026-07-31T05:16:44.943225300Z,2026-07-31T05:18:06.128927600Z,EPISODE_TYPE_PUBLIC,COMPLETED,55117099,16621515,35353,720.4064886957317,55127807,16622993,56264,759.3006647373576
89088874,2026-07-31T05:16:44.947646400Z,2026-07-31T05:17:41.720799400Z,EPISODE_TYPE_PUBLIC,COMPLETED,55127520,16624056,12008,493.2934671748111,55117304,16622420,6246,447.13594856512543
89088876,2026-07-31T05:16:44.949568500Z,2026-07-31T05:17:43.484887Z,EPISODE_TYPE_PUBLIC,COMPLETED,55127466,16623798,97635,1068.0470543403844,55125397,16623459,73937,1070.877345317322
89088879,2026-07-31T05:16:44.953153600Z,2026-07-31T05:18:05.902850600Z,EPISODE_TYPE_PUBLIC,COMPLETED,55121349,16621802,75471,1037.6965078871533,55126342,16623458,47240,965.9641683425347
89088880,2026-07-31T05:16:44.954504600Z,2026-07-31T05:17:48.305482100Z,EPISODE_TYPE_PUBLIC,COMPLETED,55118227,16621497,68985,1211.7256334409442,55125574,16622835,75581,1240.6978685839072
89088881,2026-07-31T05:16:44.956455500Z,2026-07-31T05:18:47.127733900Z,EPISODE_TYPE_PUBLIC,COMPLETED,55126119,16622809,53853,856.2837073293055,55118449,16622509,56549,866.1596564509554
89089348,2026-07-31T05:20:46.579386600Z,2026-07-31T05:22:07.464470600Z,EPISODE_TYPE_PUBLIC,COMPLETED,55126439,16622509,50183,1145.6720787810625,55127466,16623798,70892,1150.3233615094787
89089349,2026-07-31T05:20:46.579846600Z,2026-07-31T05:21:55.511880700Z,EPISODE_TYPE_PUBLIC,COMPLETED,55127418,16621355,92862,1071.6870959171213,55122519,16622919,76329,1029.787194363295
89089351,2026-07-31T05:20:46.581654700Z,2026-07-31T05:21:56.143865200Z,EPISODE_TYPE_PUBLIC,COMPLETED,55127520,16624056,11685,541.7404503289655,55117334,16622420,6149,464.5892596459084
89089353,2026-07-31T05:20:46.583793200Z,2026-07-31T05:21:58.429815200Z,EPISODE_TYPE_PUBLIC,COMPLETED,55117088,16622312,3195,405.0646089491601,55127190,16623953,515,292.3149807856281
89089357,2026-07-31T05:20:46.585374800Z,2026-07-31T05:22:03.382438500Z,EPISODE_TYPE_PUBLIC,COMPLETED,55118227,16621497,73629,1202.6336724413418,55126293,16623798,86724,1194.8875239658514
89089835,2026-07-31T05:24:47.346802400Z,2026-07-31T05:26:07.090934Z,EPISODE_TYPE_PUBLIC,COMPLETED,55127959,16621716,40384,808.866979339325,55118395,16621585,39972,680.1943143784384
89089840,2026-07-31T05:24:47.350259300Z,2026-07-31T05:26:06.960200700Z,EPISODE_TYPE_PUBLIC,COMPLETED,55121710,16622990,59299,1107.913191515195,55127466,16623798,102920,1180.7629874191707
89089842,2026-07-31T05:24:47.351181900Z,2026-07-31T05:26:07.186830200Z,EPISODE_TYPE_PUBLIC,COMPLETED,55119169,16622482,59251,870.9179385717562,55127430,16622760,66949,929.1416793350278
89089846,2026-07-31T05:24:47.355726200Z,2026-07-31T05:26:17.242413300Z,EPISODE_TYPE_PUBLIC,COMPLETED,55124664,16622835,29357,1297.1387161283005,55118227,16621497,20826,1196.9174070062093
89089847,2026-07-31T05:24:47.356785900Z,2026-07-31T05:26:09.985937Z,EPISODE_TYPE_PUBLIC,COMPLETED,55125574,16622835,76386,1253.5481095934738,55126439,16622509,38750,1132.5038994738761
89089849,2026-07-31T05:24:47.357521200Z,2026-07-31T05:26:08.636998700Z,EPISODE_TYPE_PUBLIC,COMPLETED,55117940,16622842,23830,775.5680907071004,55125830,16622940,20033,639.5280935961358
89090316,2026-07-31T05:28:46.900651500Z,2026-07-31T05:30:02.737820200Z,EPISODE_TYPE_PUBLIC,COMPLETED,55119314,16622965,35105,837.2836482356136,55127959,16621716,43275,901.3826326537996
89090320,2026-07-31T05:28:46.905720900Z,2026-07-31T05:30:14.601545800Z,EPISODE_TYPE_PUBLIC,COMPLETED,55127466,16623798,90346,1151.5031282793225,55118227,16621497,101469,1203.8496554646924
89090323,2026-07-31T05:28:46.910054700Z,2026-07-31T05:30:04.490642100Z,EPISODE_TYPE_PUBLIC,COMPLETED,55116010,16621168,28444,555.3498774709906,55126306,16623806,8581,438.661863157413
89090326,2026-07-31T05:28:46.913695Z,2026-07-31T05:30:08.717175900Z,EPISODE_TYPE_PUBLIC,COMPLETED,55126227,16623199,67013,1078.8761234687183,55121349,16621802,58723,1024.719988173228
89090787,2026-07-31T05:32:44.755774500Z,2026-07-31T05:33:59.538097400Z,EPISODE_TYPE_PUBLIC,COMPLETED,55117304,16622420,5685,469.4884554464258,55128142,16624064,3624,483.8360185603622
89090793,2026-07-31T05:32:44.761991100Z,2026-07-31T05:33:42.047056Z,EPISODE_TYPE_PUBLIC,COMPLETED,55127466,16623798,100967,1174.5489462444991,55123488,16623034,96832,1088.706819132645
89090794,2026-07-31T05:32:44.762297100Z,2026-07-31T05:34:04.824087400Z,EPISODE_TYPE_PUBLIC,COMPLETED,55126293,16623798,67495,1176.2782489049941,55118227,16621497,85574,1211.0184999430292
89090795,2026-07-31T05:32:44.761881900Z,2026-07-31T05:33:58.804397800Z,EPISODE_TYPE_PUBLIC,COMPLETED,55126101,16623528,1868,245.54659804348515,55115733,16621519,2490,310.5491632548044
89090797,2026-07-31T05:32:44.764258200Z,2026-07-31T05:33:50.985012300Z,EPISODE_TYPE_PUBLIC,COMPLETED,55126464,16623381,47710,866.4018455135675,55121221,16623263,54863,899.9566481488887
89091263,2026-07-31T05:36:42.744774800Z,2026-07-31T05:37:54.109165900Z,EPISODE_TYPE_PUBLIC,COMPLETED,55117284,16622422,5571,466.88512350826556,55128239,16623645,104291,673.9604442780487
89091266,2026-07-31T05:36:42.746709300Z,2026-07-31T05:37:56.392885Z,EPISODE_TYPE_PUBLIC,COMPLETED,55128184,16621481,3390,369.83157195440236,55115827,16621290,5255,418.4114269676249
89091271,2026-07-31T05:36:42.750641Z,2026-07-31T05:37:47.220761900Z,EPISODE_TYPE_PUBLIC,COMPLETED,55117099,16621515,33820,715.0699211260985,55127807,16622993,53577,875.8948075111807
89091272,2026-07-31T05:36:42.751065Z,2026-07-31T05:38:17.049710200Z,EPISODE_TYPE_PUBLIC,COMPLETED,55118227,16621497,79638,1203.0376182429902,55127466,16623798,81202,1203.6930996007277
89091273,2026-07-31T05:36:42.752308100Z,2026-07-31T05:37:39.480622400Z,EPISODE_TYPE_PUBLIC,COMPLETED,55127430,16622760,63558,948.5888084479122,55126464,16623381,48884,848.5691441761534
89091274,2026-07-31T05:36:42.752695300Z,2026-07-31T05:37:46.016022600Z,EPISODE_TYPE_PUBLIC,COMPLETED,55117565,16621523,20037,616.0566950879862,55125862,16622338,23860,674.5017971901798
89091738,2026-07-31T05:40:44.264697700Z,2026-07-31T05:41:51.348830400Z,EPISODE_TYPE_PUBLIC,COMPLETED,55128239,16623645,113612,848.7679934581049,55117263,16621515,28491,799.0404673368922
89091741,2026-07-31T05:40:44.266017Z,2026-07-31T05:41:44.988942700Z,EPISODE_TYPE_PUBLIC,COMPLETED,55128208,16656399,27915,646.0595166388243,55117347,16622198,33740,761.8624660545895
89091742,2026-07-31T05:40:44.267653600Z,2026-07-31T05:41:50.526668800Z,EPISODE_TYPE_PUBLIC,COMPLETED,55126464,16623381,40617,836.1825234289591,55128018,16621355,86703,1009.4626661301681
89091745,2026-07-31T05:40:44.270762100Z,2026-07-31T05:41:49.600627100Z,EPISODE_TYPE_PUBLIC,COMPLETED,55127678,16621355,81316,1022.4275051085614,55118379,16621497,86457,1007.9037304586883
89091746,2026-07-31T05:40:44.271249Z,2026-07-31T05:41:38.387395800Z,EPISODE_TYPE_PUBLIC,COMPLETED,55116010,16621168,32291,562.20855971661,55128184,16621481,3305,325.4780397500772
89091749,2026-07-31T05:40:44.273990500Z,2026-07-31T05:41:46.346216600Z,EPISODE_TYPE_PUBLIC,COMPLETED,55126439,16622509,88624,1118.9041541284912,55127466,16623798,89785,1221.469233297213
89091752,2026-07-31T05:40:44.277316500Z,2026-07-31T05:42:10.946470700Z,EPISODE_TYPE_PUBLIC,COMPLETED,55121710,16622990,67918,1090.590114573714,55125397,16623459,85777,1094.149063743969
89092218,2026-07-31T05:44:44.818984100Z,2026-07-31T05:46:04.264396800Z,EPISODE_TYPE_PUBLIC,COMPLETED,55118396,16622487,22164,633.5275773655114,55128411,16624414,44523,720.3987273107293
89092222,2026-07-31T05:44:44.824135200Z,2026-07-31T05:45:50.587242700Z,EPISODE_TYPE_PUBLIC,COMPLETED,55128018,16621355,104585,1057.4260945512656,55122519,16622919,73659,1013.6537033436873
89092226,2026-07-31T05:44:44.828801800Z,2026-07-31T05:45:59.074397800Z,EPISODE_TYPE_PUBLIC,COMPLETED,55117263,16621515,34608,792.3624693279712,55127807,16622993,57488,908.7904897550349
89092228,2026-07-31T05:44:44.830128200Z,2026-07-31T05:45:51.876496600Z,EPISODE_TYPE_PUBLIC,COMPLETED,55127678,16621355,96123,1052.6360281459997,55122519,16622919,77175,999.0724567949054
89092231,2026-07-31T05:44:44.833166Z,2026-07-31T05:45:44.455261400Z,EPISODE_TYPE_PUBLIC,COMPLETED,55127466,16623798,91090,1242.1811187206165,55118227,16621497,88584,1196.4992236896803
89092730,2026-07-31T05:48:46.504418600Z,2026-07-31T05:50:11.239585600Z,EPISODE_TYPE_PUBLIC,COMPLETED,55128055,16623459,90869,1102.8862283418175,55118379,16621497,53782,1009.1772904306158
89092732,2026-07-31T05:48:46.504992Z,2026-07-31T05:49:54.410583300Z,EPISODE_TYPE_PUBLIC,COMPLETED,55125397,16623459,67896,1074.018737708139,55128018,16621355,80953,1100.9283442160945
89092733,2026-07-31T05:48:46.506353400Z,2026-07-31T05:49:45.551857Z,EPISODE_TYPE_PUBLIC,COMPLETED,55128411,16624414,38878,852.0291353339826,55119163,16622937,25094,682.3411063789274
89092737,2026-07-31T05:48:46.509879900Z,2026-07-31T05:50:11.595389100Z,EPISODE_TYPE_PUBLIC,COMPLETED,55127678,16621355,87643,1078.4027103970916,55121349,16621802,67694,1012.8182887638432
89092740,2026-07-31T05:48:46.511107300Z,2026-07-31T05:49:42.992398300Z,EPISODE_TYPE_PUBLIC,COMPLETED,55128257,16624064,2929,269.2593924906899,55117088,16622312,2933,421.3460411169354
89092742,2026-07-31T05:48:46.513637900Z,2026-07-31T05:50:06.861160800Z,EPISODE_TYPE_PUBLIC,COMPLETED,55127466,16623798,93429,1253.2148391630851,55121710,16622990,54186,1082.6035067592045
89092743,2026-07-31T05:48:46.514028200Z,2026-07-31T05:49:55.131923100Z,EPISODE_TYPE_PUBLIC,COMPLETED,55118379,16621497,128063,1016.1635727286421,55126140,16622919,55623,960.3275359036514
89092744,2026-07-31T05:48:46.514961Z,2026-07-31T05:50:03.986882900Z,EPISODE_TYPE_PUBLIC,COMPLETED,55125574,16622835,76551,1266.6776926654084,55126293,16623798,44737,1163.089925393401
89092745,2026-07-31T05:48:46.515455600Z,2026-07-31T05:49:46.962499800Z,EPISODE_TYPE_PUBLIC,COMPLETED,55127430,16622760,65393,917.0299422644655,55122519,16622919,79360,1010.7228128134208
89093225,2026-07-31T05:52:46.515044600Z,2026-07-31T05:54:08.589175100Z,EPISODE_TYPE_PUBLIC,COMPLETED,55128577,16622993,48740,711.8361420307441,55117565,16621523,29345,605.3408149740928
89093226,2026-07-31T05:52:46.515561500Z,2026-07-31T05:54:01.729271Z,EPISODE_TYPE_PUBLIC,COMPLETED,55128583,16624088,25277,444.2918654591662,55118013,16622482,34325,638.7625877094803
89093227,2026-07-31T05:52:46.517389900Z,2026-07-31T05:54:02.680274600Z,EPISODE_TYPE_PUBLIC,COMPLETED,55117263,16621515,24854,785.762106301788,55128411,16624414,38026,911.4586042080281
89093236,2026-07-31T05:52:46.523336100Z,2026-07-31T05:53:55.547154200Z,EPISODE_TYPE_PUBLIC,COMPLETED,55127678,16621355,74460,1103.6782995821393,55125397,16623459,69662,1056.6887016421692
89093237,2026-07-31T05:52:46.526349700Z,2026-07-31T05:53:42.141915100Z,EPISODE_TYPE_PUBLIC,COMPLETED,55126303,16624029,6087,395.47633158526446,55117284,16622422,6247,479.3197037351705
89093238,2026-07-31T05:52:46.527541400Z,2026-07-31T05:54:04.980972400Z,EPISODE_TYPE_PUBLIC,COMPLETED,55119856,16622965,60965,1002.1407300022248,55126227,16623199,63501,1094.491873301754
89093239,2026-07-31T05:52:46.525975100Z,2026-07-31T05:54:02.195260700Z,EPISODE_TYPE_PUBLIC,COMPLETED,55128145,16624571,34123,607.4588273975916,55118662,16621716,10410,524.4622747617412
89093701,2026-07-31T05:56:43.584271500Z,2026-07-31T05:58:08.654114Z,EPISODE_TYPE_PUBLIC,COMPLETED,55128577,16622993,50911,799.1062681275449,55119163,16622937,44788,672.7111320126659
89093704,2026-07-31T05:56:43.587638900Z,2026-07-31T05:58:04.594241200Z,EPISODE_TYPE_PUBLIC,COMPLETED,55121349,16621802,106171,1021.0132843739129,55128411,16624414,47600,868.7927779061243
89093713,2026-07-31T05:56:43.596135800Z,2026-07-31T05:57:54.877593300Z,EPISODE_TYPE_PUBLIC,COMPLETED,55126464,16623381,45033,861.111328132029,55127807,16622993,25410,880.4387060611452
89093714,2026-07-31T05:56:43.597471600Z,2026-07-31T05:57:45.146105900Z,EPISODE_TYPE_PUBLIC,COMPLETED,55118227,16621497,105734,1204.081287690258,55127466,16623798,92288,1204.5405273088156
89094189,2026-07-31T06:00:47.274701300Z,2026-07-31T06:02:18.254063400Z,EPISODE_TYPE_PUBLIC,COMPLETED,55128239,16623645,77577,1101.605738101614,55118379,16621497,50675,1002.5372462008356
89094653,2026-07-31T06:04:49.155672500Z,2026-07-31T06:06:10.661550200Z,EPISODE_TYPE_PUBLIC,COMPLETED,55128655,16621481,71997,823.3803878500142,55117347,16622198,42189,752.140512891331
89094654,2026-07-31T06:04:49.158420200Z,2026-07-31T06:06:05.155310400Z,EPISODE_TYPE_PUBLIC,COMPLETED,55118395,16621585,15499,670.6678498842219,55128694,16623697,41241,789.0472842765885
89094663,2026-07-31T06:04:49.168989200Z,2026-07-31T06:06:08.174773400Z,EPISODE_TYPE_PUBLIC,COMPLETED,55117940,16622842,41442,781.5209875298591,55128583,16624088,24544,591.1459092151919
89094664,2026-07-31T06:04:49.169763600Z,2026-07-31T06:06:11.391153100Z,EPISODE_TYPE_PUBLIC,COMPLETED,55128018,16621355,73052,1053.8600075781906,55126293,16623798,102270,1174.7251625666045
89094666,2026-07-31T06:04:49.171968700Z,2026-07-31T06:05:52.015539900Z,EPISODE_TYPE_PUBLIC,COMPLETED,55116691,16621802,53084,1035.8080863832079,55127678,16621355,93023,1119.6647749644228
89095134,2026-07-31T06:08:47.180549300Z,2026-07-31T06:10:15.334618500Z,EPISODE_TYPE_PUBLIC,COMPLETED,55128859,16622990,126325,671.0507123332097,55117334,16622420,6492,453.38827936171424
89095135,2026-07-31T06:08:47.183717Z,2026-07-31T06:10:00.593671Z,EPISODE_TYPE_PUBLIC,COMPLETED,55118395,16621585,21165,659.3565109029071,55128879,16624934,35084,728.5110381249424
89095137,2026-07-31T06:08:47.184914Z,2026-07-31T06:10:05.783755900Z,EPISODE_TYPE_PUBLIC,COMPLETED,55128694,16623697,37479,870.3687702707687,55117940,16622842,20268,772.4225602709663
89095141,2026-07-31T06:08:47.189372900Z,2026-07-31T06:09:37.587820600Z,EPISODE_TYPE_PUBLIC,COMPLETED,55128745,16624919,712,409.0912854479426,55118662,16621716,22592,536.9449175007445
89095615,2026-07-31T06:12:43.437241Z,2026-07-31T06:13:55.999179900Z,EPISODE_TYPE_PUBLIC,COMPLETED,55117099,16621515,47068,720.0460217148271,55128987,16622567,7874,523.1586723765864
89095616,2026-07-31T06:12:43.438286600Z,2026-07-31T06:14:01.826142900Z,EPISODE_TYPE_PUBLIC,COMPLETED,55118449,16622509,31404,857.1240239236291,55128694,16623697,42219,940.9382843567248
89095617,2026-07-31T06:12:43.438424100Z,2026-07-31T06:13:55.838123300Z,EPISODE_TYPE_PUBLIC,COMPLETED,55115818,16621163,34730,680.7633071884663,55128977,16623480,3496,445.9152060540484
89095621,2026-07-31T06:12:43.442985700Z,2026-07-31T06:14:13.189764200Z,EPISODE_TYPE_PUBLIC,COMPLETED,55118396,16622487,27991,626.3428448162618,55128859,16622367,124611,797.5788587958434
89096088,2026-07-31T06:16:42.633329200Z,2026-07-31T06:18:02.985457200Z,EPISODE_TYPE_PUBLIC,COMPLETED,55117099,16621515,36174,712.6992167900834,55128984,16621481,58320,807.2739839961636
89096093,2026-07-31T06:16:42.638291300Z,2026-07-31T06:18:04.337061800Z,EPISODE_TYPE_PUBLIC,COMPLETED,55128879,16624934,32543,655.8638950860436,55117565,16621523,14978,593.4399456566051
89096095,2026-07-31T06:16:42.639248700Z,2026-07-31T06:17:49.062087700Z,EPISODE_TYPE_PUBLIC,COMPLETED,55128987,16622567,7775,592.376553949589,55115318,16621290,3846,409.98327765174815
89096577,2026-07-31T06:20:42.568288600Z,2026-07-31T06:21:55.284830700Z,EPISODE_TYPE_PUBLIC,COMPLETED,55128987,16622567,6399,528.5976743666623,55115608,16621168,52499,685.1255883752459
89096582,2026-07-31T06:20:42.576547300Z,2026-07-31T06:21:36.841740400Z,EPISODE_TYPE_PUBLIC,COMPLETED,55119314,16622965,25263,829.8386449682071,55128694,16623697,31612,924.6098645658003
89097046,2026-07-31T06:24:45.872699200Z,2026-07-31T06:26:01.062797600Z,EPISODE_TYPE_PUBLIC,COMPLETED,55118662,16621716,8724,526.3646289829326,55129229,16624879,33315,689.4104150756664
89097047,2026-07-31T06:24:45.873515700Z,2026-07-31T06:25:57.634689900Z,EPISODE_TYPE_PUBLIC,COMPLETED,55116523,16621294,36815,572.9300021804272,55129236,16624990,207,481.4871193217601
89097057,2026-07-31T06:24:45.886977400Z,2026-07-31T06:25:47.744291800Z,EPISODE_TYPE_PUBLIC,COMPLETED,55128984,16621481,48244,818.6221553682126,55119531,16622937,49514,946.0598627510361
89097539,2026-07-31T06:28:42.809431700Z,2026-07-31T06:29:39.137137100Z,EPISODE_TYPE_PUBLIC,COMPLETED,55129229,16624879,29509,785.0151285569564,55116223,16622032,19940,681.2653668226009
89097541,2026-07-31T06:28:42.810998200Z,2026-07-31T06:29:40.682950100Z,EPISODE_TYPE_PUBLIC,COMPLETED,55129246,16624625,46784,831.0157553977369,55117099,16621515,17809,706.392585436635
89097548,2026-07-31T06:28:42.820677600Z,2026-07-31T06:29:52.102673900Z,EPISODE_TYPE_PUBLIC,COMPLETED,55129078,16624253,11812,537.1098371707969,55117932,16621219,6092,434.1419955462701
89098025,2026-07-31T06:32:42.825084300Z,2026-07-31T06:33:37.168057300Z,EPISODE_TYPE_PUBLIC,COMPLETED,55129078,16624253,12043,596.413523269718,55117284,16622422,6252,469.0698864974729
89098031,2026-07-31T06:32:42.828998400Z,2026-07-31T06:34:04.883887100Z,EPISODE_TYPE_PUBLIC,COMPLETED,55117347,16622198,48880,744.5679470974809,55128714,16621523,50420,857.8541117709133
89098498,2026-07-31T06:36:48.749218600Z,2026-07-31T06:38:15.517686800Z,EPISODE_TYPE_PUBLIC,COMPLETED,55117347,16622198,37661,735.6819752915828,55129359,16624893,39486,816.5378426373442
89098500,2026-07-31T06:36:48.751950800Z,2026-07-31T06:37:45.771618500Z,EPISODE_TYPE_PUBLIC,COMPLETED,55119531,16622937,32825,937.2026859462653,55129098,16623798,77840,989.6372866044505
89098974,2026-07-31T06:40:42.920930300Z,2026-07-31T06:41:54.647366300Z,EPISODE_TYPE_PUBLIC,COMPLETED,55118529,16622251,3000,478.41082304284237,55129467,16624990,19,385.43743931943163
89098976,2026-07-31T06:40:42.922896500Z,2026-07-31T06:41:59.904312Z,EPISODE_TYPE_PUBLIC,COMPLETED,55129098,16623798,91229,1032.592822186019,55119531,16622937,36590,930.2132355383277
89098977,2026-07-31T06:40:42.923105Z,2026-07-31T06:41:44.064636300Z,EPISODE_TYPE_PUBLIC,COMPLETED,55117766,16622487,30103,624.389537597474,55129327,16623631,36237,738.0378627123938
89098978,2026-07-31T06:40:42.925584500Z,2026-07-31T06:42:00.577583400Z,EPISODE_TYPE_PUBLIC,COMPLETED,55119169,16622482,50122,862.6321853092529,55129173,16624919,82712,927.6294069255991
89098982,2026-07-31T06:40:42.927628800Z,2026-07-31T06:41:44.145708700Z,EPISODE_TYPE_PUBLIC,COMPLETED,55117565,16621523,17289,584.5228771673013,55129229,16624879,26145,707.2271571097765
89098983,2026-07-31T06:40:42.929603900Z,2026-07-31T06:42:17.706600100Z,EPISODE_TYPE_PUBLIC,COMPLETED,55121349,16621802,68071,1002.5314725943477,55129067,16622990,112048,1108.796554535147
89098984,2026-07-31T06:40:42.932053900Z,2026-07-31T06:42:03.441989100Z,EPISODE_TYPE_PUBLIC,COMPLETED,55129078,16624253,12029,599.3413012976313,55117940,16622842,46720,778.389484930607
89098985,2026-07-31T06:40:42.931842Z,2026-07-31T06:42:06.146180900Z,EPISODE_TYPE_PUBLIC,COMPLETED,55121349,16621802,59539,1011.5487441563973,55128859,16622990,102713,1114.6104044443039
89098989,2026-07-31T06:40:42.936116100Z,2026-07-31T06:42:02.825315300Z,EPISODE_TYPE_PUBLIC,COMPLETED,55128239,16623645,56796,1221.6694844782617,55125574,16622835,37110,1246.0923234449301
89099469,2026-07-31T06:44:45.664932700Z,2026-07-31T06:45:47.853870800Z,EPISODE_TYPE_PUBLIC,COMPLETED,55119856,16622965,51654,994.940173838472,55129098,16623798,96969,1072.7089450164165
89099475,2026-07-31T06:44:45.669879100Z,2026-07-31T06:45:59.436094Z,EPISODE_TYPE_PUBLIC,COMPLETED,55115827,16621290,3041,430.109886163415,55129467,16624990,7,310.59366097275483
89099480,2026-07-31T06:44:45.676782100Z,2026-07-31T06:46:30.453397400Z,EPISODE_TYPE_PUBLIC,COMPLETED,55126439,16622509,103288,1102.2064816920522,55128859,16622367,117694,1142.4681051494042
89099949,2026-07-31T06:48:45.119177Z,2026-07-31T06:50:02.537534300Z,EPISODE_TYPE_PUBLIC,COMPLETED,55129679,16621163,56663,697.0968205617894,55116523,16621294,30252,554.6488725888673
89099951,2026-07-31T06:48:45.119886200Z,2026-07-31T06:50:08.480467Z,EPISODE_TYPE_PUBLIC,COMPLETED,55129724,16625047,86574,759.3714577219081,55117565,16621523,27776,577.4857024044528
89099953,2026-07-31T06:48:45.121347700Z,2026-07-31T06:50:05.614040300Z,EPISODE_TYPE_PUBLIC,COMPLETED,55115388,16621402,48650,675.6311997619252,55129663,16625060,9548,576.6078421484536
89099954,2026-07-31T06:48:45.122540100Z,2026-07-31T06:49:42.548945300Z,EPISODE_TYPE_PUBLIC,COMPLETED,55129658,16624893,48260,740.085320751962,55116523,16621294,32582,564.3751035176989
89099955,2026-07-31T06:48:45.123411600Z,2026-07-31T06:49:46.118431600Z,EPISODE_TYPE_PUBLIC,COMPLETED,55129098,16623798,116846,1106.9318298551136,55116691,16621802,37418,1027.4542114098972
89099962,2026-07-31T06:48:45.131561800Z,2026-07-31T06:49:53.681153600Z,EPISODE_TYPE_PUBLIC,COMPLETED,55129067,16622367,81231,1174.0907066532163,55125574,16622835,56067,1224.9504307645943
89100029,2026-07-31T06:52:35.529991500Z,2026-07-31T06:54:07.706237300Z,EPISODE_TYPE_VALIDATION,COMPLETED,55129871,16623805,50630,600,55129871,16623805,46379,600
89100440,2026-07-31T06:52:47.222544600Z,2026-07-31T06:54:08.891492700Z,EPISODE_TYPE_PUBLIC,COMPLETED,55129724,16625047,71595,825.6839689446488,55115608,16621168,40121,678.2541001460678
89100441,2026-07-31T06:52:47.223861400Z,2026-07-31T06:54:02.112104300Z,EPISODE_TYPE_PUBLIC,COMPLETED,55119531,16622937,59545,934.0923651960908,55129658,16624893,51374,696.3934358825757
89100451,2026-07-31T06:52:47.235843800Z,2026-07-31T06:54:07.400096200Z,EPISODE_TYPE_PUBLIC,COMPLETED,55128859,16622367,81526,1164.3702012725453,55126439,16622509,48195,1088.5499494270446
89100454,2026-07-31T06:52:47.238166900Z,2026-07-31T06:53:46.965611300Z,EPISODE_TYPE_PUBLIC,COMPLETED,55117099,16621515,29613,705.5042147047317,55129327,16623631,29613,689.1560739486245
89100455,2026-07-31T06:52:47.233784200Z,2026-07-31T06:54:03.763379Z,EPISODE_TYPE_PUBLIC,COMPLETED,55129173,16624919,73267,1043.7832210310146,55119856,16622965,69796,987.4015063738938
89100923,2026-07-31T06:56:43.093978Z,2026-07-31T06:57:45.450974500Z,EPISODE_TYPE_PUBLIC,COMPLETED,55129861,16624879,30666,674.1072368981366,55118529,16622251,3000,465.38835143488046
89100924,2026-07-31T06:56:43.096464900Z,2026-07-31T06:58:04.043970900Z,EPISODE_TYPE_PUBLIC,COMPLETED,55129871,16623805,117760,701.8008431109893,55121611,16623006,32266,569.6344178987076
89100925,2026-07-31T06:56:43.096684100Z,2026-07-31T06:58:02.291650100Z,EPISODE_TYPE_PUBLIC,COMPLETED,55118396,16622487,45338,616.604478590023,55129896,16625047,87097,715.1691608573417
89100933,2026-07-31T06:56:43.104956200Z,2026-07-31T06:58:01.016978100Z,EPISODE_TYPE_PUBLIC,COMPLETED,55123488,16623034,89532,1076.2788616980201,55129098,16623798,116997,1159.2650647886574
89100936,2026-07-31T06:56:43.107141200Z,2026-07-31T06:58:01.922478100Z,EPISODE_TYPE_PUBLIC,COMPLETED,55125574,16622835,63569,1250.2369726062266,55128239,16623645,57676,1199.402767336456
89100937,2026-07-31T06:56:43.108612100Z,2026-07-31T06:57:52.365738400Z,EPISODE_TYPE_PUBLIC,COMPLETED,55129067,16622367,89148,1153.8317084303021,55125574,16622835,92102,1237.0578692442643
89101404,2026-07-31T07:00:42.457491600Z,2026-07-31T07:01:36.979138200Z,EPISODE_TYPE_PUBLIC,COMPLETED,55129871,16623805,116419,785.4959753207821,55125862,16622338,23804,646.0012716042111
89101406,2026-07-31T07:00:42.459328300Z,2026-07-31T07:01:57.498529600Z,EPISODE_TYPE_PUBLIC,COMPLETED,55129925,16624990,19169,499.72018976264104,55117766,16622487,32751,634.0535890132435
89101416,2026-07-31T07:00:42.467805500Z,2026-07-31T07:02:04.132751800Z,EPISODE_TYPE_PUBLIC,COMPLETED,55119531,16622937,49177,925.3886857704463,55129724,16625047,75514,964.285346996435
89101419,2026-07-31T07:00:42.470259800Z,2026-07-31T07:01:30.700706500Z,EPISODE_TYPE_PUBLIC,COMPLETED,55129801,16623836,4996,528.4264509780425,55115318,16621290,3679,398.09761942427565
89101885,2026-07-31T07:04:44.838505800Z,2026-07-31T07:06:12.619681700Z,EPISODE_TYPE_PUBLIC,COMPLETED,55117099,16621515,36206,698.8105042662311,55129923,16622509,149627,806.8182494357933
89101887,2026-07-31T07:04:44.839129100Z,2026-07-31T07:06:04.211915Z,EPISODE_TYPE_PUBLIC,COMPLETED,55117347,16622198,34587,742.959015756479,55129930,16624935,20283,617.1313776604876
89101889,2026-07-31T07:04:44.840861900Z,2026-07-31T07:05:41.284504Z,EPISODE_TYPE_PUBLIC,COMPLETED,55117284,16622422,6259,483.8369976985662,55130083,16624990,4989,452.8373916633453
89101890,2026-07-31T07:04:44.842341400Z,2026-07-31T07:05:41.111740400Z,EPISODE_TYPE_PUBLIC,COMPLETED,55129871,16623805,119371,851.4352936545092,55119776,16622943,23458,702.1844460812707
89101895,2026-07-31T07:04:44.845170Z,2026-07-31T07:05:40.585399300Z,EPISODE_TYPE_PUBLIC,COMPLETED,55129925,16624990,26393,603.2427057546458,55119028,16622319,20515,520.1030794166332
89101898,2026-07-31T07:04:44.848882400Z,2026-07-31T07:06:05.942655300Z,EPISODE_TYPE_PUBLIC,COMPLETED,55129724,16625047,83964,1024.6586204719654,55116691,16621802,60681,1016.6964714530734
89101899,2026-07-31T07:04:44.850344200Z,2026-07-31T07:05:59.685189100Z,EPISODE_TYPE_PUBLIC,COMPLETED,55115827,16621290,2155,446.8956589160413,55129801,16623836,1332,435.8948950112821
89102380,2026-07-31T07:08:43.309388900Z,2026-07-31T07:09:56.323350500Z,EPISODE_TYPE_PUBLIC,COMPLETED,55121349,16621802,82272,992.2857592124473,55129812,16624919,103108,1066.8797786814407
89102382,2026-07-31T07:08:43.307969Z,2026-07-31T07:10:02.704386700Z,EPISODE_TYPE_PUBLIC,COMPLETED,55129733,16625149,29614,725.0068847215867,55129871,16623805,121224,901.2852887766406
89102389,2026-07-31T07:08:43.318594800Z,2026-07-31T07:10:00.378262200Z,EPISODE_TYPE_PUBLIC,COMPLETED,55119169,16622482,51721,853.6852742587494,55129679,16621163,59685,893.2677160195647
89102858,2026-07-31T07:12:43.118245900Z,2026-07-31T07:14:10.331953Z,EPISODE_TYPE_PUBLIC,COMPLETED,55119314,16622965,38681,833.2167616131413,55130208,16621294,32513,548.9060150428297
89102861,2026-07-31T07:12:43.122046500Z,2026-07-31T07:13:43.266013200Z,EPISODE_TYPE_PUBLIC,COMPLETED,55117940,16622842,37380,771.9464499053497,55129923,16622509,136647,935.8341318089608
89102864,2026-07-31T07:12:43.125900200Z,2026-07-31T07:14:01.384014100Z,EPISODE_TYPE_PUBLIC,COMPLETED,55129871,16623805,104391,972.0685611333298,55126342,16623458,39568,936.515424773837
89102865,2026-07-31T07:12:43.128473700Z,2026-07-31T07:14:12.613466900Z,EPISODE_TYPE_PUBLIC,COMPLETED,55118662,16621716,22320,513.8088256071688,55130170,16623646,46459,622.849619002376
89102870,2026-07-31T07:12:43.132242300Z,2026-07-31T07:13:40.289832400Z,EPISODE_TYPE_PUBLIC,COMPLETED,55130083,16624990,4822,607.1368104868055,55118529,16622251,3000,450.34752855190027
89103347,2026-07-31T07:16:42.694235600Z,2026-07-31T07:17:47.493310800Z,EPISODE_TYPE_PUBLIC,COMPLETED,55117940,16622842,35970,764.602056876345,55130110,16622376,42531,893.0909443921669
89103351,2026-07-31T07:16:42.698699600Z,2026-07-31T07:18:08.360698900Z,EPISODE_TYPE_PUBLIC,COMPLETED,55129934,16624277,45263,757.4706511993013,55119169,16622482,54454,860.519178594502
89103352,2026-07-31T07:16:42.699651Z,2026-07-31T07:17:45.481411100Z,EPISODE_TYPE_PUBLIC,COMPLETED,55129871,16623805,75581,1044.5423510035675,55123609,16623034,65751,1081.0328880008346
89103357,2026-07-31T07:16:42.704083200Z,2026-07-31T07:17:55.272331800Z,EPISODE_TYPE_PUBLIC,COMPLETED,55129773,16621481,42106,822.5376576910307,55119531,16622937,45154,931.6610369636614
89103867,2026-07-31T07:20:43.526216400Z,2026-07-31T07:22:08.561506800Z,EPISODE_TYPE_PUBLIC,COMPLETED,55130359,16624893,44002,794.1364694640441,55117766,16622487,25441,626.0157123258731
89103870,2026-07-31T07:20:43.528697600Z,2026-07-31T07:21:54.704493100Z,EPISODE_TYPE_PUBLIC,COMPLETED,55130444,16625219,36538,696.338051879872,55116010,16621168,25776,551.7331315997636
89103877,2026-07-31T07:20:43.536449200Z,2026-07-31T07:22:02.145929500Z,EPISODE_TYPE_PUBLIC,COMPLETED,55130186,16623458,9872,796.123194098223,55126464,16623381,47029,877.5182689704923
89103880,2026-07-31T07:20:43.540132600Z,2026-07-31T07:22:13.490835100Z,EPISODE_TYPE_PUBLIC,COMPLETED,55129923,16622509,63227,1072.803237394344,55119531,16622937,28469,926.4468833206762
89103881,2026-07-31T07:20:43.540431300Z,2026-07-31T07:21:48.711951200Z,EPISODE_TYPE_PUBLIC,COMPLETED,55129923,16622509,77982,1042.5077700881068,55129871,16623805,32005,998.8110974276856
89103884,2026-07-31T07:20:43.543829400Z,2026-07-31T07:22:02.107178300Z,EPISODE_TYPE_PUBLIC,COMPLETED,55129812,16624919,90740,1024.799787236494,55121349,16621802,86840,981.3179782893434
89103885,2026-07-31T07:20:43.545032500Z,2026-07-31T07:22:08.998000800Z,EPISODE_TYPE_PUBLIC,COMPLETED,55130082,16623515,3748,427.2272062023872,55117565,16621523,51356,584.8488492511196
89104359,2026-07-31T07:24:44.927641400Z,2026-07-31T07:25:38.777467800Z,EPISODE_TYPE_PUBLIC,COMPLETED,55130551,16621481,63016,738.4216532920195,55117099,16621515,34311,690.5007351076094
89104363,2026-07-31T07:24:44.931028400Z,2026-07-31T07:25:58.390764300Z,EPISODE_TYPE_PUBLIC,COMPLETED,55130407,16624990,4716,427.4529815534668,55116010,16621168,32243,562.1508087279761
89104369,2026-07-31T07:24:44.940505Z,2026-07-31T07:25:56.496377300Z,EPISODE_TYPE_PUBLIC,COMPLETED,55129871,16623805,97448,1035.8068551531685,55119856,16622965,37222,979.9842545439136
89104372,2026-07-31T07:24:44.941515200Z,2026-07-31T07:25:47.855618200Z,EPISODE_TYPE_PUBLIC,COMPLETED,55116691,16621802,61850,1007.1455904248025,55129896,16625047,86004,1036.4472456970918
89104846,2026-07-31T07:28:42.493985700Z,2026-07-31T07:29:58.559657900Z,EPISODE_TYPE_PUBLIC,COMPLETED,55115608,16621168,41903,671.4112809727521,55130551,16621481,69494,818.4157496897877
89104853,2026-07-31T07:28:42.502004200Z,2026-07-31T07:29:55.681906900Z,EPISODE_TYPE_PUBLIC,COMPLETED,55118533,16621770,926,354.9637136782812,55130407,16624990,2353,496.4394802790474
89104854,2026-07-31T07:28:42.503177Z,2026-07-31T07:30:06.575267700Z,EPISODE_TYPE_PUBLIC,COMPLETED,55129923,16622509,82209,1125.5239326354329,55122519,16622919,50010,1000.8459911711988
89104860,2026-07-31T07:28:42.507922600Z,2026-07-31T07:29:54.847720900Z,EPISODE_TYPE_PUBLIC,COMPLETED,55129812,16624919,63682,997.6000949453672,55126439,16622509,70084,1100.2560406788464
89104861,2026-07-31T07:28:42.509581500Z,2026-07-31T07:30:02.600854200Z,EPISODE_TYPE_PUBLIC,COMPLETED,55129871,16623805,79622,1067.9420488554767,55129896,16625047,65840,1005.7944654249401
89105352,2026-07-31T07:32:47.189088Z,2026-07-31T07:34:15.500895100Z,EPISODE_TYPE_PUBLIC,COMPLETED,55130753,16624651,33229,714.8829163806546,55117766,16622487,32404,615.5175919292628
89105838,2026-07-31T07:36:42.527060900Z,2026-07-31T07:37:58.863268200Z,EPISODE_TYPE_PUBLIC,COMPLETED,55119163,16622937,34164,663.1154240174244,55130703,16622482,65187,783.2747567311221
89105839,2026-07-31T07:36:42.530061700Z,2026-07-31T07:38:05.003484900Z,EPISODE_TYPE_PUBLIC,COMPLETED,55118395,16621585,49329,649.4021045756289,55130594,16623646,51447,736.1134379293479
89105845,2026-07-31T07:36:42.528298500Z,2026-07-31T07:37:59.057328400Z,EPISODE_TYPE_PUBLIC,COMPLETED,55130745,16625149,28590,593.186772153841,55118662,16621716,9595,500.8828957600557
89105846,2026-07-31T07:36:42.536883700Z,2026-07-31T07:37:47.297911Z,EPISODE_TYPE_PUBLIC,COMPLETED,55129923,16622509,71948,1122.3554785455349,55129871,16623805,59243,1041.2711441901054
89105850,2026-07-31T07:36:42.540279600Z,2026-07-31T07:37:55.135115700Z,EPISODE_TYPE_PUBLIC,COMPLETED,55117284,16622422,5584,471.29034419611287,55129861,16624879,30216,529.1642646468727
89105851,2026-07-31T07:36:42.541607800Z,2026-07-31T07:38:01.799745800Z,EPISODE_TYPE_PUBLIC,COMPLETED,55129934,16624277,37304,799.4920287478163,55117940,16622842,35965,754.8860933412016
89105852,2026-07-31T07:36:42.542961200Z,2026-07-31T07:38:02.050120600Z,EPISODE_TYPE_PUBLIC,COMPLETED,55117565,16621523,19516,573.5377096147168,55130444,16625219,26979,614.3955319024489
89106342,2026-07-31T07:40:42.955504600Z,2026-07-31T07:42:05.594386700Z,EPISODE_TYPE_PUBLIC,COMPLETED,55121349,16621802,98983,971.3064638428932,55129812,16624919,99015,1027.0737651179822
89106835,2026-07-31T07:44:48.753714900Z,2026-07-31T07:45:45.566819500Z,EPISODE_TYPE_PUBLIC,COMPLETED,55126464,16623381,44294,862.8041846050853,55130551,16621481,69883,955.5825684836091
89106836,2026-07-31T07:44:48.754954600Z,2026-07-31T07:46:18.528031300Z,EPISODE_TYPE_PUBLIC,COMPLETED,55130594,16623646,69177,856.7449196211021,55117940,16622842,48455,747.5860206948474
89106838,2026-07-31T07:44:48.756505600Z,2026-07-31T07:46:02.831010300Z,EPISODE_TYPE_PUBLIC,COMPLETED,55118662,16621716,16790,489.1721327630568,55130745,16625149,27155,591.2675911013647
89107322,2026-07-31T07:48:47.979565600Z,2026-07-31T07:49:55.371746300Z,EPISODE_TYPE_PUBLIC,COMPLETED,55130977,16625663,3372,404.26968267512746,55118662,16621716,14935,500.9926229171731
89107808,2026-07-31T07:52:50.286813100Z,2026-07-31T07:53:47.360891800Z,EPISODE_TYPE_PUBLIC,COMPLETED,55131209,16625029,3000,479.5219731498279,55116523,16621294,35768,566.3855835690025
89107815,2026-07-31T07:52:50.295968700Z,2026-07-31T07:54:11.073869Z,EPISODE_TYPE_PUBLIC,COMPLETED,55119314,16622965,36291,824.6969907479382,55130875,16621163,61489,878.0515278909794
89108291,2026-07-31T07:56:46.230739300Z,2026-07-31T07:58:05.357974300Z,EPISODE_TYPE_PUBLIC,COMPLETED,55115608,16621168,32509,662.146065651388,55131239,16626655,39582,729.3026729526183
89108303,2026-07-31T07:56:46.241852900Z,2026-07-31T07:57:54.713662800Z,EPISODE_TYPE_PUBLIC,COMPLETED,55131133,16624921,13,440.5336122012361,55118395,16621585,46842,655.1785037134506
89108309,2026-07-31T07:56:46.247643100Z,2026-07-31T07:58:00.514132300Z,EPISODE_TYPE_PUBLIC,COMPLETED,55130907,16626272,40205,815.5893983198484,55115388,16621402,21771,668.58902301202
89108795,2026-07-31T08:00:48.783717600Z,2026-07-31T08:01:46.128680300Z,EPISODE_TYPE_PUBLIC,COMPLETED,55131203,16626655,36790,845.0814924986349,55117263,16621515,23925,777.5174035948329
89108798,2026-07-31T08:00:48.788022200Z,2026-07-31T08:02:11.595053800Z,EPISODE_TYPE_PUBLIC,COMPLETED,55130970,16623381,68526,1008.3234424352922,55121349,16621802,57161,961.0499137417985
89108800,2026-07-31T08:00:48.791380700Z,2026-07-31T08:01:42.600336400Z,EPISODE_TYPE_PUBLIC,COMPLETED,55118662,16621716,12287,511.8904631020382,55131236,16623846,3836,402.71296390672535
89108801,2026-07-31T08:00:48.792641800Z,2026-07-31T08:01:46.682044Z,EPISODE_TYPE_PUBLIC,COMPLETED,55117263,16621515,24281,770.2723737675334,55131007,16623988,38328,856.8169401136698
89108802,2026-07-31T08:00:48.793804Z,2026-07-31T08:01:48.760300100Z,EPISODE_TYPE_PUBLIC,COMPLETED,55130978,16622319,50138,657.1673698003389,55117334,16622420,5316,443.31969235694567
89108803,2026-07-31T08:00:48.796827100Z,2026-07-31T08:02:05.821892100Z,EPISODE_TYPE_PUBLIC,COMPLETED,55117565,16621523,51393,579.4859688604374,55131149,16623846,3758,383.8249166774988
89108805,2026-07-31T08:00:48.797183200Z,2026-07-31T08:01:58.119238800Z,EPISODE_TYPE_PUBLIC,COMPLETED,55130985,16623697,31829,731.7129995739641,55115388,16621402,14158,659.1128041483718
89109280,2026-07-31T08:04:49.257808400Z,2026-07-31T08:05:42.521259800Z,EPISODE_TYPE_PUBLIC,COMPLETED,55118395,16621585,27704,648.0506805414635,55131363,16624088,98900,810.6733032157329
89109291,2026-07-31T08:04:49.267305500Z,2026-07-31T08:06:11.466593200Z,EPISODE_TYPE_PUBLIC,COMPLETED,55116691,16621802,64665,1013.05854972165,55131064,16626191,25099,867.9159915145982
89109293,2026-07-31T08:04:49.269892300Z,2026-07-31T08:06:09.005719200Z,EPISODE_TYPE_PUBLIC,COMPLETED,55119028,16622319,52676,535.3982834872522,55131245,16625418,15143,485.8469223901819
89109294,2026-07-31T08:04:49.271102900Z,2026-07-31T08:05:50.245355200Z,EPISODE_TYPE_PUBLIC,COMPLETED,55131011,16622198,35089,917.2660436397497,55118379,16621497,138333,1009.3248337803664
89109297,2026-07-31T08:04:49.274254400Z,2026-07-31T08:05:44.190499Z,EPISODE_TYPE_PUBLIC,COMPLETED,55119856,16622965,42730,973.3613105218236,55130970,16623381,79991,1054.262696324974
89109298,2026-07-31T08:04:49.276880900Z,2026-07-31T08:06:03.042238300Z,EPISODE_TYPE_PUBLIC,COMPLETED,55131007,16623988,36625,889.8533953030982,55117263,16621515,24460,764.3411769542415
89109775,2026-07-31T08:08:45.597118800Z,2026-07-31T08:09:47.312665900Z,EPISODE_TYPE_PUBLIC,COMPLETED,55116010,16621168,33397,549.761596686455,55131393,16624277,48149,632.2722489615069
89109776,2026-07-31T08:08:45.596794Z,2026-07-31T08:09:44.894569Z,EPISODE_TYPE_PUBLIC,COMPLETED,55121349,16621802,94514,966.8230961178526,55131203,16626655,46854,786.0176650665982
89109786,2026-07-31T08:08:45.605449100Z,2026-07-31T08:10:05.831860Z,EPISODE_TYPE_PUBLIC,COMPLETED,55116691,16621802,64211,1021.2609618560205,55130703,16622482,41502,966.1918929848872
89110262,2026-07-31T08:12:44.339084300Z,2026-07-31T08:13:47.536935800Z,EPISODE_TYPE_PUBLIC,COMPLETED,55131393,16624277,46052,772.6773643961171,55117263,16621515,37375,755.2011791994072
89110268,2026-07-31T08:12:44.343115900Z,2026-07-31T08:13:42.620629700Z,EPISODE_TYPE_PUBLIC,COMPLETED,55119531,16622937,22484,919.5707027409634,55131142,16622242,36982,997.6333831667441
89110269,2026-07-31T08:12:44.343764700Z,2026-07-31T08:13:51.761845500Z,EPISODE_TYPE_PUBLIC,COMPLETED,55131203,16626655,29706,739.3180670719172,55126464,16623381,42821,874.6514488963007
89110744,2026-07-31T08:16:45.209423600Z,2026-07-31T08:17:59.421441400Z,EPISODE_TYPE_PUBLIC,COMPLETED,55131700,16623875,24765,683.2433816583044,55118662,16621716,10519,503.842186800658
89110745,2026-07-31T08:16:45.212297600Z,2026-07-31T08:17:41.321458400Z,EPISODE_TYPE_PUBLIC,COMPLETED,55131719,16623745,16699,505.90696910652525,55118395,16621585,45944,655.5334195331751
89110747,2026-07-31T08:16:45.211531400Z,2026-07-31T08:17:43.434203800Z,EPISODE_TYPE_PUBLIC,COMPLETED,55118395,16621585,40846,647.6776001620144,55131618,16625611,56480,776.1283463229656
89110750,2026-07-31T08:16:45.218784500Z,2026-07-31T08:18:02.445577900Z,EPISODE_TYPE_PUBLIC,COMPLETED,55117284,16622422,6259,481.99047221250964,55131625,16623739,4259,384.62643324991893
89110753,2026-07-31T08:16:45.223676700Z,2026-07-31T08:17:41.269003900Z,EPISODE_TYPE_PUBLIC,COMPLETED,55117263,16621515,36880,748.9248753944875,55131363,16624088,91828,855.2797379278786
89110761,2026-07-31T08:16:45.233871300Z,2026-07-31T08:18:10.060562Z,EPISODE_TYPE_PUBLIC,COMPLETED,55119856,16622965,78273,980.9557813273019,55131064,16626191,56626,943.997512505947
89111239,2026-07-31T08:20:46.454397700Z,2026-07-31T08:22:02.584715900Z,EPISODE_TYPE_PUBLIC,COMPLETED,55131511,16623389,45209,789.8522703144911,55115608,16621168,33915,655.5460259804776
89111241,2026-07-31T08:20:46.456062100Z,2026-07-31T08:22:09.874303600Z,EPISODE_TYPE_PUBLIC,COMPLETED,55121349,16621802,71820,966.5850364242382,55131349,16623645,112558,1041.1363980326664
89111250,2026-07-31T08:20:46.465328900Z,2026-07-31T08:22:00.245339400Z,EPISODE_TYPE_PUBLIC,COMPLETED,55131142,16622242,72979,999.7425739939038,55116691,16621802,62855,1011.0691167265024
89111251,2026-07-31T08:20:46.467571800Z,2026-07-31T08:22:18.292481900Z,EPISODE_TYPE_PUBLIC,COMPLETED,55130970,16623381,135926,1137.57608681165,55125397,16623459,85262,1043.175422478833
89111254,2026-07-31T08:20:46.469757300Z,2026-07-31T08:22:01.898058500Z,EPISODE_TYPE_PUBLIC,COMPLETED,55121349,16621802,66503,974.9609802286523,55130594,16623646,2950,889.1095330864053
89111730,2026-07-31T08:24:49.901250300Z,2026-07-31T08:26:04.429312700Z,EPISODE_TYPE_PUBLIC,COMPLETED,55131700,16623875,21303,528.720747880502,55115388,16621402,33658,666.3635832068846
89111732,2026-07-31T08:24:49.901511900Z,2026-07-31T08:26:08.893040700Z,EPISODE_TYPE_PUBLIC,COMPLETED,55131823,16623603,104898,726.1390461906935,55119163,16622937,31454,651.8572102218957
89111739,2026-07-31T08:24:49.907320200Z,2026-07-31T08:26:13.659542100Z,EPISODE_TYPE_PUBLIC,COMPLETED,55131349,16623645,107723,1048.006040599646,55122519,16622919,45121,988.3618987750776
89111749,2026-07-31T08:24:49.919425400Z,2026-07-31T08:26:05.279829900Z,EPISODE_TYPE_PUBLIC,COMPLETED,55119314,16622965,28846,834.0333094542192,55131007,16623988,28704,817.5785196573946
89112219,2026-07-31T08:28:42.706268800Z,2026-07-31T08:29:38.477384900Z,EPISODE_TYPE_PUBLIC,COMPLETED,55131901,16625029,3000,531.2846146489973,55117263,16621515,47046,752.9199933679753
89112220,2026-07-31T08:28:42.706826Z,2026-07-31T08:29:58.203913700Z,EPISODE_TYPE_PUBLIC,COMPLETED,55115608,16621168,36740,661.8586270840974,55131953,16627032,32956,507.74330026422473
89112230,2026-07-31T08:28:42.717208600Z,2026-07-31T08:29:38.976178Z,EPISODE_TYPE_PUBLIC,COMPLETED,55131561,16625434,11696,535.2541708673994,55116523,16621294,37031,579.1485794814083
89112234,2026-07-31T08:28:42.719487700Z,2026-07-31T08:29:46.824985900Z,EPISODE_TYPE_PUBLIC,COMPLETED,55118529,16622251,3000,410.88702379189937,55131245,16625418,12652,504.57465453197005
89112235,2026-07-31T08:28:42.720871700Z,2026-07-31T08:29:37.337957400Z,EPISODE_TYPE_PUBLIC,COMPLETED,55118529,16622251,3000,427.9453853737008,55131149,16623846,3888,467.7166395360106
89112732,2026-07-31T08:32:43.173341300Z,2026-07-31T08:33:40.644866200Z,EPISODE_TYPE_PUBLIC,COMPLETED,55131149,16623846,3880,414.28686341173227,55118662,16621716,16324,514.1240848439177
89112735,2026-07-31T08:32:43.177167700Z,2026-07-31T08:34:06.734460200Z,EPISODE_TYPE_PUBLIC,COMPLETED,55126464,16623381,42922,887.5319788612808,55130488,16625219,28700,789.0247809445025
89113212,2026-07-31T08:36:43.370154100Z,2026-07-31T08:38:18.972936900Z,EPISODE_TYPE_PUBLIC,COMPLETED,55122519,16622919,80612,1001.5562835168186,55130703,16622482,47484,968.8489318604608
89113213,2026-07-31T08:36:43.372722200Z,2026-07-31T08:37:46.286109600Z,EPISODE_TYPE_PUBLIC,COMPLETED,55129871,16623805,82775,1024.112731218222,55129067,16622367,104226,1180.0628491581565
89113694,2026-07-31T08:40:43.410759400Z,2026-07-31T08:41:52.759067Z,EPISODE_TYPE_PUBLIC,COMPLETED,55122519,16622919,72253,989.8400215339773,55131823,16623603,95450,1047.544833722106
89113695,2026-07-31T08:40:43.411567600Z,2026-07-31T08:41:55.321349500Z,EPISODE_TYPE_PUBLIC,COMPLETED,55132143,16627717,6099,548.6831077517434,55117334,16622420,5943,428.02800494266415
89113700,2026-07-31T08:40:43.417651600Z,2026-07-31T08:42:43.004060900Z,EPISODE_TYPE_PUBLIC,COMPLETED,55125397,16623459,77239,1026.2089404795374,55129724,16625047,86182,1049.8471370663547
89113704,2026-07-31T08:40:43.421952400Z,2026-07-31T08:41:57.641737200Z,EPISODE_TYPE_PUBLIC,COMPLETED,55117932,16621219,5459,421.8422503698532,55129930,16624935,36126,562.502714578831
89113705,2026-07-31T08:40:43.423540400Z,2026-07-31T08:41:56.599844100Z,EPISODE_TYPE_PUBLIC,COMPLETED,55117284,16622422,6259,489.0159564560587,55131133,16624921,13,306.77319597628895
89114179,2026-07-31T08:44:56.697493800Z,2026-07-31T08:46:10.383087300Z,EPISODE_TYPE_PUBLIC,COMPLETED,55132001,16623389,45230,757.6525802547537,55117099,16621515,24088,683.3355537884405
89114182,2026-07-31T08:44:56.698934800Z,2026-07-31T08:45:57.706949800Z,EPISODE_TYPE_PUBLIC,COMPLETED,55121349,16621802,74912,959.924075412596,55131823,16623603,102573,1081.9738982511742
89114183,2026-07-31T08:44:56.699752900Z,2026-07-31T08:46:07.695384600Z,EPISODE_TYPE_PUBLIC,COMPLETED,55116010,16621168,30441,537.4244500710313,55131993,16623515,43140,606.4676757492532
89114188,2026-07-31T08:44:56.704547400Z,2026-07-31T08:46:21.094203200Z,EPISODE_TYPE_PUBLIC,COMPLETED,55117099,16621515,27089,690.0203545482171,55130444,16625219,25802,611.643293687016
89114714,2026-07-31T08:48:49.913462300Z,2026-07-31T08:50:15.150446Z,EPISODE_TYPE_PUBLIC,COMPLETED,55126464,16623381,37517,873.3554853196355,55131958,16626655,39049,940.5155512378562
89114716,2026-07-31T08:48:49.915643200Z,2026-07-31T08:50:13.440813500Z,EPISODE_TYPE_PUBLIC,COMPLETED,55132258,16625418,16389,515.4136309650378,55117088,16622312,1347,402.9479476039222
89115201,2026-07-31T08:52:52.464055400Z,2026-07-31T08:54:05.325494200Z,EPISODE_TYPE_PUBLIC,COMPLETED,55117099,16621515,41905,695.2725041667537,55132445,16623577,19664,552.2922257873076
89115208,2026-07-31T08:52:52.467276600Z,2026-07-31T08:54:01.279341500Z,EPISODE_TYPE_PUBLIC,COMPLETED,55132258,16625418,19208,581.1731849836973,55117284,16622422,6259,479.3302793464304
89115211,2026-07-31T08:52:52.470532300Z,2026-07-31T08:53:59.410821700Z,EPISODE_TYPE_PUBLIC,COMPLETED,55117347,16622198,34771,734.190881064333,55132001,16623389,48961,794.320453185166
89115213,2026-07-31T08:52:52.472001600Z,2026-07-31T08:54:09.735074300Z,EPISODE_TYPE_PUBLIC,COMPLETED,55117766,16622487,42914,625.8221906598899,55131993,16623515,26638,544.8207893169019
89115680,2026-07-31T08:56:52.525843800Z,2026-07-31T08:58:24.991562800Z,EPISODE_TYPE_PUBLIC,COMPLETED,55132631,16622330,500,499.8986413917251,55117766,16622487,44002,634.4156145309191
89115689,2026-07-31T08:56:52.538070Z,2026-07-31T08:58:07.576978500Z,EPISODE_TYPE_PUBLIC,COMPLETED,55132437,16621315,4361,530.8218096580359,55118395,16621585,21258,655.3586949577151
89115696,2026-07-31T08:56:52.545585200Z,2026-07-31T08:58:15.064055700Z,EPISODE_TYPE_PUBLIC,COMPLETED,55131823,16623603,90864,1114.102984049226,55125397,16623459,83696,1014.3278645434932
89115699,2026-07-31T08:56:52.548349800Z,2026-07-31T08:57:55.103847300Z,EPISODE_TYPE_PUBLIC,COMPLETED,55129173,16624919,66549,1039.4707286670566,55118379,16621497,125065,1019.2314581440033
89115700,2026-07-31T08:56:52.550373200Z,2026-07-31T08:57:55.478023500Z,EPISODE_TYPE_PUBLIC,COMPLETED,55117940,16622842,24399,739.5437471452905,55131239,16626655,38209,815.28029873691
89116163,2026-07-31T09:00:43.717428800Z,2026-07-31T09:01:51.830188700Z,EPISODE_TYPE_PUBLIC,COMPLETED,55117099,16621515,30901,689.77976317805,55132652,16621709,101419,821.7621442532953
89116165,2026-07-31T09:00:43.722573700Z,2026-07-31T09:01:41.547972800Z,EPISODE_TYPE_PUBLIC,COMPLETED,55132746,16625434,18390,507.7941605269315,55118395,16621585,47713,662.2004511030327
89116167,2026-07-31T09:00:43.727020100Z,2026-07-31T09:02:05.052297300Z,EPISODE_TYPE_PUBLIC,COMPLETED,55132512,16623316,40065,722.2742471058688,55126464,16623381,45450,868.9206707748277
89116168,2026-07-31T09:00:43.727822100Z,2026-07-31T09:01:59.004847200Z,EPISODE_TYPE_PUBLIC,COMPLETED,55126464,16623381,43879,859.3017143628016,55132434,16623389,78875,921.6178718590498
89116176,2026-07-31T09:00:43.735007200Z,2026-07-31T09:01:49.535738800Z,EPISODE_TYPE_PUBLIC,COMPLETED,55118396,16622487,26381,622.7908188364628,55132607,16625856,17419,424.86801422705526
89116181,2026-07-31T09:00:43.741818400Z,2026-07-31T09:02:16.359381900Z,EPISODE_TYPE_PUBLIC,COMPLETED,55132258,16625418,21988,556.9051467496771,55116523,16621294,51655,591.8360204109478
89116658,2026-07-31T09:04:46.520500800Z,2026-07-31T09:05:45.204602300Z,EPISODE_TYPE_PUBLIC,COMPLETED,55116691,16621802,57727,1019.2789588107829,55132370,16624941,50980,977.179878396599
89116661,2026-07-31T09:04:46.523555Z,2026-07-31T09:06:14.848334Z,EPISODE_TYPE_PUBLIC,COMPLETED,55119856,16622965,85737,980.2035864435119,55132285,16623635,45592,878.5171820537668
89116667,2026-07-31T09:04:46.532788500Z,2026-07-31T09:05:57.673479500Z,EPISODE_TYPE_PUBLIC,COMPLETED,55126464,16623381,37928,881.1556392691202,55131958,16626655,35856,812.0245651492692
89116670,2026-07-31T09:04:46.534553200Z,2026-07-31T09:06:01.882901600Z,EPISODE_TYPE_PUBLIC,COMPLETED,55129871,16623805,109738,1046.8548188272177,55119856,16622965,15402,974.5859699446901
89116672,2026-07-31T09:04:46.538069300Z,2026-07-31T09:06:09.761800700Z,EPISODE_TYPE_PUBLIC,COMPLETED,55129930,16624935,27392,618.1700200157152,55117766,16622487,25273,621.122635650656
89117144,2026-07-31T09:08:44.315071200Z,2026-07-31T09:10:00.779520800Z,EPISODE_TYPE_PUBLIC,COMPLETED,55132858,16625434,22276,667.3993492493476,55115827,16621290,5065,439.8611716391378
89117146,2026-07-31T09:08:44.316529200Z,2026-07-31T09:10:03.320505400Z,EPISODE_TYPE_PUBLIC,COMPLETED,55132876,16623645,126242,713.7298461947971,55117766,16622487,27287,611.9493939810995
89117153,2026-07-31T09:08:44.324164100Z,2026-07-31T09:10:00.792156400Z,EPISODE_TYPE_PUBLIC,COMPLETED,55132370,16624941,51088,942.1646420010593,55116691,16621802,55056,1026.013411863855
89117160,2026-07-31T09:08:44.330260200Z,2026-07-31T09:10:00.070513700Z,EPISODE_TYPE_PUBLIC,COMPLETED,55132629,16623515,41048,594.5994679663071,55117304,16622420,5494,457.55139763493344
89117638,2026-07-31T09:12:44.100993100Z,2026-07-31T09:13:59.676720600Z,EPISODE_TYPE_PUBLIC,COMPLETED,55117940,16622842,41702,752.875903692359,55132858,16625434,19409,592.0267408878359
89117640,2026-07-31T09:12:44.101910100Z,2026-07-31T09:14:01.711016800Z,EPISODE_TYPE_PUBLIC,COMPLETED,55115318,16621290,4055,389.22128028101935,55132842,16623316,50439,582.9064364750917
89117650,2026-07-31T09:12:44.114319Z,2026-07-31T09:14:05.921438400Z,EPISODE_TYPE_PUBLIC,COMPLETED,55132438,16624893,37332,860.091310189546,55117263,16621515,23592,747.1905757420919
89117653,2026-07-31T09:12:44.108837200Z,2026-07-31T09:13:53.807538200Z,EPISODE_TYPE_PUBLIC,COMPLETED,55117940,16622842,40800,747.1197505945175,55132512,16623316,31797,660.4236516707363
89117654,2026-07-31T09:12:44.116416Z,2026-07-31T09:13:44.671801100Z,EPISODE_TYPE_PUBLIC,COMPLETED,55116608,16622251,3000,288.8237388685036,55130977,16625663,3391,392.1182547941272
89118135,2026-07-31T09:16:46.310408Z,2026-07-31T09:18:08.271215400Z,EPISODE_TYPE_PUBLIC,COMPLETED,55125397,16623459,70954,1002.6386872944803,55132652,16621709,106991,1099.4848837875525
89118136,2026-07-31T09:16:46.311468300Z,2026-07-31T09:18:13.603782200Z,EPISODE_TYPE_PUBLIC,COMPLETED,55121349,16621802,75350,969.327408169863,55132434,16623389,64772,940.1017919960235
89118138,2026-07-31T09:16:46.313737500Z,2026-07-31T09:18:08.035733300Z,EPISODE_TYPE_PUBLIC,COMPLETED,55118379,16621497,113942,1027.7314903764388,55132596,16623199,98319,1012.0831404924068
89118140,2026-07-31T09:16:46.315490400Z,2026-07-31T09:18:04.536528600Z,EPISODE_TYPE_PUBLIC,COMPLETED,55122519,16622919,63363,1000.8563980712614,55132370,16624941,59769,941.9864688498217
89118142,2026-07-31T09:16:46.316606500Z,2026-07-31T09:17:45.501488700Z,EPISODE_TYPE_PUBLIC,COMPLETED,55132746,16625434,18679,520.1978913064353,55118529,16622251,3000,396.63666137626274
89118143,2026-07-31T09:16:46.318658300Z,2026-07-31T09:17:43.852265300Z,EPISODE_TYPE_PUBLIC,COMPLETED,55132285,16623635,63272,977.0040171107617,55119531,16622937,54213,912.5837508273097
89118144,2026-07-31T09:16:46.320302700Z,2026-07-31T09:17:53.190709400Z,EPISODE_TYPE_PUBLIC,COMPLETED,55118662,16621716,19675,503.6237433934204,55132629,16623515,37271,587.420025343431
89118612,2026-07-31T09:20:47.092652900Z,2026-07-31T09:22:09.987925300Z,EPISODE_TYPE_PUBLIC,COMPLETED,55132876,16623645,118371,948.1712414948345,55126464,16623381,41863,869.4231117047756
89118614,2026-07-31T09:20:47.091349900Z,2026-07-31T09:22:16.602409900Z,EPISODE_TYPE_PUBLIC,COMPLETED,55133093,16623646,64215,871.3159818660836,55117940,16622842,47843,739.2431818547842
89118615,2026-07-31T09:20:47.095880100Z,2026-07-31T09:21:45.523376900Z,EPISODE_TYPE_PUBLIC,COMPLETED,55116223,16622032,23092,673.849744206237,55132932,16624941,80332,877.3039701610518
89118618,2026-07-31T09:20:47.099142500Z,2026-07-31T09:22:06.257254100Z,EPISODE_TYPE_PUBLIC,COMPLETED,55132855,16621294,46470,830.0556395482555,55117940,16622842,36799,745.3742447193058
89118621,2026-07-31T09:20:47.103312Z,2026-07-31T09:21:47.257308Z,EPISODE_TYPE_PUBLIC,COMPLETED,55117304,16622420,6006,446.86539881306425,55132858,16625434,23152,600.8026261872042
89118623,2026-07-31T09:20:47.104112100Z,2026-07-31T09:22:00.449754600Z,EPISODE_TYPE_PUBLIC,COMPLETED,55118395,16621585,47311,667.2793820943177,55133071,16627751,18503,453.97320511074963
89119101,2026-07-31T09:24:47.274965200Z,2026-07-31T09:25:52.524058300Z,EPISODE_TYPE_PUBLIC,COMPLETED,55133209,16624056,56310,722.7736235957024,55119163,16622937,41098,641.2000997955136
89119113,2026-07-31T09:24:47.285637600Z,2026-07-31T09:26:00.266833100Z,EPISODE_TYPE_PUBLIC,COMPLETED,55117334,16622420,5520,413.3610549844008,55133071,16627751,29516,529.9326686684041
89119593,2026-07-31T09:28:48.742988800Z,2026-07-31T09:29:49.288274100Z,EPISODE_TYPE_PUBLIC,COMPLETED,55132855,16621294,49826,825.8287260565269,55117347,16622198,44300,726.8633729935405
89119601,2026-07-31T09:28:48.751358900Z,2026-07-31T09:29:52.875621400Z,EPISODE_TYPE_PUBLIC,COMPLETED,55129098,16623798,81343,1263.6370535999606,55124664,16622835,51826,1277.7359791663823
89120090,2026-07-31T09:32:42.272672800Z,2026-07-31T09:33:41.555122300Z,EPISODE_TYPE_PUBLIC,COMPLETED,55121349,16621802,78223,978.585308222388,55133094,16623034,77278,951.8819738989235
89120099,2026-07-31T09:32:42.280533400Z,2026-07-31T09:34:10.860840800Z,EPISODE_TYPE_PUBLIC,COMPLETED,55117766,16622487,35142,602.7178342642984,55132842,16623316,40278,680.8392328472584
89120114,2026-07-31T09:36:28.767261400Z,2026-07-31T09:37:45.695478700Z,EPISODE_TYPE_VALIDATION,COMPLETED,55133558,16623034,78598,600,55133558,16623034,88231,600
89120567,2026-07-31T09:36:42.475924800Z,2026-07-31T09:37:45.297183400Z,EPISODE_TYPE_PUBLIC,COMPLETED,55133410,16623515,44399,592.7736596102592,55119163,16622937,50486,652.3305170799455
89120578,2026-07-31T09:36:42.487268900Z,2026-07-31T09:38:02.278162200Z,EPISODE_TYPE_PUBLIC,COMPLETED,55133262,16621163,59525,827.2047242921146,55117263,16621515,40634,740.7606427584502
89120589,2026-07-31T09:36:42.498269200Z,2026-07-31T09:37:36.265147900Z,EPISODE_TYPE_PUBLIC,COMPLETED,55133055,16625216,26293,710.1695750868794,55118395,16621585,18977,657.9851364259384
89121055,2026-07-31T09:40:42.503274800Z,2026-07-31T09:42:01.627651900Z,EPISODE_TYPE_PUBLIC,COMPLETED,55133514,16622760,89696,811.7646117919118,55117940,16622842,47269,731.7505502831018
89121057,2026-07-31T09:40:42.506878800Z,2026-07-31T09:41:43.521526700Z,EPISODE_TYPE_PUBLIC,COMPLETED,55118396,16622487,22275,613.5741789112085,55133563,16623128,39532,714.2227016950854
89121058,2026-07-31T09:40:42.505100300Z,2026-07-31T09:42:00.749789Z,EPISODE_TYPE_PUBLIC,COMPLETED,55130884,16621315,11856,532.5428738726354,55133558,16623034,106391,692.2806380529562
89121068,2026-07-31T09:40:42.519772400Z,2026-07-31T09:42:08.079073300Z,EPISODE_TYPE_PUBLIC,COMPLETED,55126439,16622509,109447,1088.6991986561202,55132978,16621709,120016,1185.1745058578788
89121069,2026-07-31T09:40:42.520153100Z,2026-07-31T09:41:57.363580600Z,EPISODE_TYPE_PUBLIC,COMPLETED,55133262,16621163,60104,855.2793343795101,55115388,16621402,40164,661.1860136469951
89121074,2026-07-31T09:40:42.524921400Z,2026-07-31T09:41:47.404016700Z,EPISODE_TYPE_PUBLIC,COMPLETED,55132839,16625047,77399,1004.4037256053667,55118379,16621497,126632,1035.548977483315
89121078,2026-07-31T09:42:19.753482100Z,2026-07-31T09:43:46.403822800Z,EPISODE_TYPE_VALIDATION,COMPLETED,55133690,16623645,79253,600,55133690,16623645,77710,600
89121538,2026-07-31T09:44:44.674737900Z,2026-07-31T09:45:46.490068800Z,EPISODE_TYPE_PUBLIC,COMPLETED,55132842,16623316,42077,641.0820121570252,55133690,16623645,115548,724.0961124691623
89121540,2026-07-31T09:44:44.677069800Z,2026-07-31T09:46:01.208976400Z,EPISODE_TYPE_PUBLIC,COMPLETED,55133039,16623399,39893,778.4536895526965,55133558,16623034,106144,815.6578230594916
89121541,2026-07-31T09:44:44.677419300Z,2026-07-31T09:45:42.855731900Z,EPISODE_TYPE_PUBLIC,COMPLETED,55133514,16622760,69947,868.3279316898679,55117099,16621515,47721,685.5196302153246
89121544,2026-07-31T09:44:44.680417100Z,2026-07-31T09:45:46.449408400Z,EPISODE_TYPE_PUBLIC,COMPLETED,55126464,16623381,42812,856.6566529307036,55133422,16623389,72389,903.7269906188606
89121552,2026-07-31T09:44:44.687798200Z,2026-07-31T09:45:46.182680100Z,EPISODE_TYPE_PUBLIC,COMPLETED,55133400,16626732,80764,745.5015075654829,55115608,16621168,38693,654.2796144002339
89121553,2026-07-31T09:44:44.688510100Z,2026-07-31T09:46:05.084497Z,EPISODE_TYPE_PUBLIC,COMPLETED,55119856,16622965,46667,974.3279532723262,55133215,16621355,115740,1060.1260431957614
89121559,2026-07-31T09:44:44.694484400Z,2026-07-31T09:45:42.643081500Z,EPISODE_TYPE_PUBLIC,COMPLETED,55132932,16624941,83093,920.0553986121591,55121349,16621802,85860,986.2460545625784
89122025,2026-07-31T09:48:42.146735100Z,2026-07-31T09:49:58.243130700Z,EPISODE_TYPE_PUBLIC,COMPLETED,55133690,16623645,126273,809.8311641422761,55117099,16621515,18726,680.1497264130179
89122029,2026-07-31T09:48:42.150148400Z,2026-07-31T09:50:05.170096200Z,EPISODE_TYPE_PUBLIC,COMPLETED,55131333,16626839,41543,901.7000351835264,55133558,16623034,110113,923.9281026065045
89122043,2026-07-31T09:48:42.162926600Z,2026-07-31T09:50:05.268091400Z,EPISODE_TYPE_PUBLIC,COMPLETED,55132978,16621709,104470,1249.4742378161113,55118227,16621497,90066,1197.9439476310502
89122046,2026-07-31T09:48:42.164314500Z,2026-07-31T09:50:05.298058300Z,EPISODE_TYPE_PUBLIC,COMPLETED,55133410,16623515,40681,687.9698089040629,55117565,16621523,29498,571.5978062902021
89122047,2026-07-31T09:48:42.165068Z,2026-07-31T09:49:45.389151300Z,EPISODE_TYPE_PUBLIC,COMPLETED,55117263,16621515,40111,735.5315887084354,55133209,16624056,59498,861.7216029422603
89122511,2026-07-31T09:52:45.819803400Z,2026-07-31T09:54:02.604911400Z,EPISODE_TYPE_PUBLIC,COMPLETED,55133690,16623645,100927,897.9897271276625,55133500,16621163,30606,816.5867442624328
89122513,2026-07-31T09:52:45.822359900Z,2026-07-31T09:54:09.341341200Z,EPISODE_TYPE_PUBLIC,COMPLETED,55133137,16628664,40702,862.7161398790382,55133558,16623034,117666,985.4957417563771
89122514,2026-07-31T09:52:45.824230900Z,2026-07-31T09:54:06.728049500Z,EPISODE_TYPE_PUBLIC,COMPLETED,55133460,16626655,40766,901.4170545859008,55119856,16622965,67388,980.3541120934545
89122517,2026-07-31T09:52:45.828228400Z,2026-07-31T09:54:02.828283600Z,EPISODE_TYPE_PUBLIC,COMPLETED,55115318,16621290,3835,380.3339279170235,55133770,16623745,28124,566.8277109997662
89122527,2026-07-31T09:52:45.839342500Z,2026-07-31T09:54:12.654786400Z,EPISODE_TYPE_PUBLIC,COMPLETED,55133215,16621355,113552,1070.9610655668257,55126439,16622509,94708,1072.5851252071636
89122530,2026-07-31T09:52:45.842648900Z,2026-07-31T09:54:01.509138Z,EPISODE_TYPE_PUBLIC,COMPLETED,55133500,16621163,61816,850.110709698367,55119314,16622965,38028,825.2082226856154
89122532,2026-07-31T09:52:45.844427600Z,2026-07-31T09:54:18.905670Z,EPISODE_TYPE_PUBLIC,COMPLETED,55115608,16621168,44425,646.7427112896798,55133410,16623515,46289,728.4956040833154
89122994,2026-07-31T09:56:45.885664100Z,2026-07-31T09:57:50.545313500Z,EPISODE_TYPE_PUBLIC,COMPLETED,55133690,16623645,99183,965.757037020603,55131404,16625060,41110,868.627901299517
89122995,2026-07-31T09:56:45.886798Z,2026-07-31T09:57:50.499818500Z,EPISODE_TYPE_PUBLIC,COMPLETED,55133558,16623034,80852,1030.5272210590974,55130594,16623646,47867,887.441819464936
89123004,2026-07-31T09:56:45.895731400Z,2026-07-31T09:57:46.352166900Z,EPISODE_TYPE_PUBLIC,COMPLETED,55133745,16629201,20753,498.1350446676006,55115318,16621290,3760,369.4857581067874
89123009,2026-07-31T09:56:45.901398400Z,2026-07-31T09:57:52.531445600Z,EPISODE_TYPE_PUBLIC,COMPLETED,55122519,16622919,68363,992.0476606500865,55133215,16621355,110284,1094.936791677932
89123010,2026-07-31T09:56:45.902874Z,2026-07-31T09:57:50.576883Z,EPISODE_TYPE_PUBLIC,COMPLETED,55133400,16626732,84207,820.0319407688943,55119314,16622965,25715,815.9606431354713
89123015,2026-07-31T09:56:45.907885900Z,2026-07-31T09:57:43.401276500Z,EPISODE_TYPE_PUBLIC,COMPLETED,55119856,16622965,74847,972.791089069884,55133094,16623034,100787,980.3145225339714
89123485,2026-07-31T10:00:47.174582800Z,2026-07-31T10:01:56.028720800Z,EPISODE_TYPE_PUBLIC,COMPLETED,55118395,16621585,48971,664.3359014113222,55134038,16628727,17,508.41897699684876
89123488,2026-07-31T10:00:47.178680300Z,2026-07-31T10:01:48.201829300Z,EPISODE_TYPE_PUBLIC,COMPLETED,55132162,16622482,61853,908.0614466650707,55133690,16623645,105222,1017.6621406120128
89123489,2026-07-31T10:00:47.179638900Z,2026-07-31T10:01:55.906115900Z,EPISODE_TYPE_PUBLIC,COMPLETED,55133558,16623034,89890,1074.440425245812,55126072,16623749,74976,968.8606282044141
89123490,2026-07-31T10:00:47.180601900Z,2026-07-31T10:02:09.821942200Z,EPISODE_TYPE_PUBLIC,COMPLETED,55115608,16621168,32699,641.8996987869954,55133712,16626332,98600,816.8009691520215
89123500,2026-07-31T10:00:47.194465Z,2026-07-31T10:02:09.441399900Z,EPISODE_TYPE_PUBLIC,COMPLETED,55125397,16623459,78347,1014.7199453194456,55133422,16623389,57359,939.4917541891006
89123974,2026-07-31T10:04:44.513094800Z,2026-07-31T10:06:07.012374800Z,EPISODE_TYPE_PUBLIC,COMPLETED,55133882,16622420,63816,902.3713524136386,55119314,16622965,24422,802.164808495817
89123975,2026-07-31T10:04:44.513775300Z,2026-07-31T10:05:52.489348300Z,EPISODE_TYPE_PUBLIC,COMPLETED,55134127,16626655,41600,732.726081688074,55117099,16621515,19756,673.1505025410539
89123977,2026-07-31T10:04:44.516500900Z,2026-07-31T10:05:39.603509Z,EPISODE_TYPE_PUBLIC,COMPLETED,55116010,16621168,30385,547.0242824058763,55134019,16629426,3000,417.1141164992044
89123979,2026-07-31T10:04:44.518084100Z,2026-07-31T10:05:50.950656Z,EPISODE_TYPE_PUBLIC,COMPLETED,55133882,16622420,60760,846.8966379031024,55133690,16623645,114289,1048.2510776638285
89123980,2026-07-31T10:04:44.519856100Z,2026-07-31T10:05:46.038029900Z,EPISODE_TYPE_PUBLIC,COMPLETED,55133558,16623034,104969,1120.7085863652824,55132876,16623645,100530,1068.9732431266748
89123985,2026-07-31T10:04:44.524156200Z,2026-07-31T10:06:02.880771100Z,EPISODE_TYPE_PUBLIC,COMPLETED,55119314,16622965,31168,808.3548939291862,55133712,16626332,58245,857.6621685802444
89123995,2026-07-31T10:04:44.534076500Z,2026-07-31T10:06:07.807713500Z,EPISODE_TYPE_PUBLIC,COMPLETED,55125574,16622835,78099,1234.4097737193208,55132978,16621709,101756,1223.4543494026593
89124000,2026-07-31T10:05:38.327968300Z,2026-07-31T10:07:08.507346300Z,EPISODE_TYPE_VALIDATION,COMPLETED,55134195,16628727,24002,600,55134195,16628727,24002,600
89124461,2026-07-31T10:08:45.579224300Z,2026-07-31T10:10:03.335217400Z,EPISODE_TYPE_PUBLIC,COMPLETED,55115388,16621402,30325,644.7834351918628,55134145,16625047,94988,723.7969051641635
89124462,2026-07-31T10:08:45.581427900Z,2026-07-31T10:09:47.732162900Z,EPISODE_TYPE_PUBLIC,COMPLETED,55132607,16625856,6802,501.17777299074606,55134195,16628727,33129,684.4916161703078
89124463,2026-07-31T10:08:45.583361700Z,2026-07-31T10:10:03.599823900Z,EPISODE_TYPE_PUBLIC,COMPLETED,55118662,16621716,18516,497.33262732687757,55134038,16628727,31462,701.1441490133088
89124464,2026-07-31T10:08:45.583336600Z,2026-07-31T10:09:50.897009900Z,EPISODE_TYPE_PUBLIC,COMPLETED,55115388,16621402,34478,653.5490024136546,55134116,16623034,97240,770.9844712610941
89124467,2026-07-31T10:08:45.586904300Z,2026-07-31T10:09:50.083294300Z,EPISODE_TYPE_PUBLIC,COMPLETED,55133690,16623645,88422,1099.337046942283,55128055,16623459,86760,1064.4758944980547
89124470,2026-07-31T10:08:45.588408800Z,2026-07-31T10:09:47.196202600Z,EPISODE_TYPE_PUBLIC,COMPLETED,55131823,16623603,62084,1116.9919697220464,55133558,16623034,83642,1161.4338948044874
89124479,2026-07-31T10:08:45.602970500Z,2026-07-31T10:10:00.100257600Z,EPISODE_TYPE_PUBLIC,COMPLETED,55117263,16621515,21699,729.0714442989577,55133563,16623128,31442,797.582914559319
89124488,2026-07-31T10:09:09.251114200Z,2026-07-31T10:10:08.394527700Z,EPISODE_TYPE_VALIDATION,COMPLETED,55134274,16625611,17526,600,55134274,16625611,17526,600
89124492,2026-07-31T10:09:33.545248900Z,2026-07-31T10:10:49.241426400Z,EPISODE_TYPE_VALIDATION,COMPLETED,55134286,16624919,43244,600,55134286,16624919,34091,600
89124955,2026-07-31T10:12:45.112913300Z,2026-07-31T10:14:08.463531500Z,EPISODE_TYPE_PUBLIC,COMPLETED,55117932,16621219,4027,410.88608095188425,55134242,16624979,7051,582.2854219402541
89124958,2026-07-31T10:12:45.115977100Z,2026-07-31T10:13:48.531885900Z,EPISODE_TYPE_PUBLIC,COMPLETED,55122775,16623189,15747,576.8264416628983,55134274,16625611,14628,482.0135373766483
89124960,2026-07-31T10:12:45.120244Z,2026-07-31T10:14:06.874843Z,EPISODE_TYPE_PUBLIC,COMPLETED,55134286,16624919,87684,690.3606037010086,55134242,16624979,8029,509.63939629899136
89124962,2026-07-31T10:12:45.122593900Z,2026-07-31T10:13:50.289703800Z,EPISODE_TYPE_PUBLIC,COMPLETED,55134195,16628727,18612,628.815353936115,55134127,16626655,38912,879.989242158499
89124969,2026-07-31T10:12:45.130127700Z,2026-07-31T10:14:01.131631700Z,EPISODE_TYPE_PUBLIC,COMPLETED,55132652,16621709,101093,1152.1323152183832,55133558,16623034,102342,1196.9104512647905
89124970,2026-07-31T10:12:45.129874800Z,2026-07-31T10:14:12.579083600Z,EPISODE_TYPE_PUBLIC,COMPLETED,55126439,16622509,37609,1061.0459640141862,55133690,16623645,54402,1136.1321170492624
89124972,2026-07-31T10:12:45.133824700Z,2026-07-31T10:14:07.210410400Z,EPISODE_TYPE_PUBLIC,COMPLETED,55133194,16623199,105211,1071.5032845991673,55118379,16621497,118541,1044.8693082547118
89125019,2026-07-31T10:13:13.976224Z,2026-07-31T10:14:36.948059500Z,EPISODE_TYPE_VALIDATION,COMPLETED,55134354,16624934,34278,600,55134354,16624934,35407,600
89125481,2026-07-31T10:16:44.214016100Z,2026-07-31T10:18:05.882230Z,EPISODE_TYPE_PUBLIC,COMPLETED,55130745,16625149,10460,578.0599216130232,55134354,16624934,46476,704.7294267586226
89125482,2026-07-31T10:16:44.215258300Z,2026-07-31T10:18:06.677847200Z,EPISODE_TYPE_PUBLIC,COMPLETED,55118396,16622487,19038,598.149519787465,55134384,16624979,43398,709.5579444303314
89125483,2026-07-31T10:16:44.218227400Z,2026-07-31T10:17:50.622862700Z,EPISODE_TYPE_PUBLIC,COMPLETED,55134278,16623271,66756,803.5327161923905,55117347,16622198,42193,718.9377029439557
89125484,2026-07-31T10:16:44.218567700Z,2026-07-31T10:17:51.211207400Z,EPISODE_TYPE_PUBLIC,COMPLETED,55134286,16624919,77744,766.2484594279281,55118396,16622487,26126,606.5886683639766
89125490,2026-07-31T10:16:44.225744800Z,2026-07-31T10:17:44.036979900Z,EPISODE_TYPE_PUBLIC,COMPLETED,55117284,16622422,5440,473.27526169222824,55134195,16628727,50966,679.7966154345686
89125493,2026-07-31T10:16:44.229579300Z,2026-07-31T10:18:08.326090600Z,EPISODE_TYPE_PUBLIC,COMPLETED,55134274,16625611,28960,560.8001059249434,55130880,16624935,7083,400.64728519778123
89125495,2026-07-31T10:16:44.233938400Z,2026-07-31T10:18:00.560278600Z,EPISODE_TYPE_PUBLIC,COMPLETED,55133690,16623645,57522,1184.011262318744,55125574,16622835,51301,1217.998793523131
89125496,2026-07-31T10:16:44.236920900Z,2026-07-31T10:17:48.019278900Z,EPISODE_TYPE_PUBLIC,COMPLETED,55131823,16623603,74794,1101.643236752327,55133558,16623034,87007,1220.118365427731
89125511,2026-07-31T10:18:50.129883Z,2026-07-31T10:20:10.340453Z,EPISODE_TYPE_VALIDATION,COMPLETED,55134478,16622319,32069,600,55134478,16622319,33109,600
89125971,2026-07-31T10:20:49.326566200Z,2026-07-31T10:22:09.543057100Z,EPISODE_TYPE_PUBLIC,COMPLETED,55127959,16621716,38273,745.6702461778345,55134354,16624934,41343,814.1406363784914
89125972,2026-07-31T10:20:49.327985Z,2026-07-31T10:22:12.079846900Z,EPISODE_TYPE_PUBLIC,COMPLETED,55134354,16624934,46996,707.7747987644542,55134478,16622319,79248,747.219152406972
89125974,2026-07-31T10:20:49.329488Z,2026-07-31T10:22:09.129837800Z,EPISODE_TYPE_PUBLIC,COMPLETED,55134313,16624979,39947,712.5481252422294,55134286,16624919,95858,902.1111701741212
89125975,2026-07-31T10:20:49.330531200Z,2026-07-31T10:22:04.205213600Z,EPISODE_TYPE_PUBLIC,COMPLETED,55134286,16624919,72702,852.8851315961804,55128577,16622993,33414,768.8580489882485
89125978,2026-07-31T10:20:49.334377600Z,2026-07-31T10:22:16.361161600Z,EPISODE_TYPE_PUBLIC,COMPLETED,55134195,16628727,31793,743.482743288371,55123978,16623643,19242,632.160401985821
89125980,2026-07-31T10:20:49.336044800Z,2026-07-31T10:22:04.670581900Z,EPISODE_TYPE_PUBLIC,COMPLETED,55122775,16623189,19747,598.3545820222048,55134274,16625611,13457,483.7465105272105
89125983,2026-07-31T10:20:49.338543200Z,2026-07-31T10:22:12.162561600Z,EPISODE_TYPE_PUBLIC,COMPLETED,55133690,16623645,50131,1156.0203366045291,55125574,16622835,58358,1228.543027328566
89125984,2026-07-31T10:20:49.339530200Z,2026-07-31T10:22:15.466492400Z,EPISODE_TYPE_PUBLIC,COMPLETED,55133558,16623034,44584,1188.603310484291,55118227,16621497,110173,1204.806335789564
89125987,2026-07-31T10:20:49.344265900Z,2026-07-31T10:21:58.728745200Z,EPISODE_TYPE_PUBLIC,COMPLETED,55133480,16625060,31876,1018.0570144947164,55125397,16623459,75374,1029.42189667771
89125998,2026-07-31T10:22:01.815749100Z,2026-07-31T10:22:57.837109400Z,EPISODE_TYPE_VALIDATION,COMPLETED,55134543,16623920,9199,600,55134543,16623920,9199,600
89126457,2026-07-31T10:24:46.389116Z,2026-07-31T10:26:04.442712100Z,EPISODE_TYPE_PUBLIC,COMPLETED,55134478,16622319,80839,911.3916210904001,55127807,16622993,46597,795.5871851877929
89126461,2026-07-31T10:24:46.393591Z,2026-07-31T10:27:58.106670500Z,EPISODE_TYPE_PUBLIC,COMPLETED,55134543,16623920,9857,524.0089176862896,55134496,16622330,24578,745.7224758890658
89126465,2026-07-31T10:24:46.396455300Z,2026-07-31T10:25:51.736170800Z,EPISODE_TYPE_PUBLIC,COMPLETED,55134278,16623271,75014,700.4865038154094,55134478,16622319,83577,835.5833493806733
89126466,2026-07-31T10:24:46.398725100Z,2026-07-31T10:26:05.292798700Z,EPISODE_TYPE_PUBLIC,COMPLETED,55133400,16626732,65249,913.4064851683161,55134286,16624919,86970,969.5789204985191
89126469,2026-07-31T10:24:46.400709800Z,2026-07-31T10:26:26.788642300Z,EPISODE_TYPE_PUBLIC,COMPLETED,55121621,16623006,23023,696.0450678781035,55134354,16624934,35407,778.8581654929784
89126471,2026-07-31T10:24:46.402488600Z,2026-07-31T10:26:01.464084500Z,EPISODE_TYPE_PUBLIC,COMPLETED,55129229,16624879,18782,671.2207182112975,55134195,16628727,26280,792.8450672921385
89126473,2026-07-31T10:24:46.403847200Z,2026-07-31T10:25:50.923876200Z,EPISODE_TYPE_PUBLIC,COMPLETED,55134274,16625611,885,429.5267233154157,55125830,16622940,30648,579.2705427571514
89126474,2026-07-31T10:24:46.406501800Z,2026-07-31T10:26:04.385267300Z,EPISODE_TYPE_PUBLIC,COMPLETED,55133690,16623645,63265,1127.6645359049614,55129923,16622509,93727,1171.0114564919668
89126476,2026-07-31T10:24:46.407077800Z,2026-07-31T10:25:48.079642800Z,EPISODE_TYPE_PUBLIC,COMPLETED,55133558,16623034,85156,1170.284664676189,55129098,16623798,109234,1294.6942219570697
89126478,2026-07-31T10:24:46.409498200Z,2026-07-31T10:25:59.267704Z,EPISODE_TYPE_PUBLIC,COMPLETED,55115827,16621290,5505,425.103552097376,55134272,16629403,8517,453.51388189125976
89126481,2026-07-31T10:24:46.412697400Z,2026-07-31T10:25:51.812275400Z,EPISODE_TYPE_PUBLIC,COMPLETED,55129871,16623805,35615,1022.2580840931447,55118379,16621497,82562,1052.240556496463
89126490,2026-07-31T10:28:05.358755300Z,2026-07-31T10:29:32.761702200Z,EPISODE_TYPE_VALIDATION,COMPLETED,55134673,16625856,38031,600,55134673,16625856,33301,600
89126953,2026-07-31T10:28:53.708905800Z,2026-07-31T10:29:52.941706100Z,EPISODE_TYPE_PUBLIC,COMPLETED,55128055,16623459,92277,1072.0834264492105,55134478,16622319,79551,869.103554921229
89126955,2026-07-31T10:28:53.711994200Z,2026-07-31T10:30:02.942164600Z,EPISODE_TYPE_PUBLIC,COMPLETED,55134543,16623920,9329,441.12079055009565,55128145,16624571,41141,582.1705953020066
89126957,2026-07-31T10:28:53.712728500Z,2026-07-31T10:31:10.718867900Z,EPISODE_TYPE_PUBLIC,COMPLETED,55134354,16624934,36436,869.0680611112889,55134496,16622330,7370,686.2210519500636
89126959,2026-07-31T10:28:53.715071800Z,2026-07-31T10:30:02.221654300Z,EPISODE_TYPE_PUBLIC,COMPLETED,55133093,16623646,39510,923.521213803941,55134286,16624919,86257,1016.5175331702462
89126960,2026-07-31T10:28:53.716837900Z,2026-07-31T10:30:04.430643200Z,EPISODE_TYPE_PUBLIC,COMPLETED,55128577,16622993,24484,748.9175295089233,55134354,16624934,38976,835.6745232249834
89126962,2026-07-31T10:28:53.718745Z,2026-07-31T10:30:05.158644400Z,EPISODE_TYPE_PUBLIC,COMPLETED,55134116,16623034,83034,980.5304075815003,55122519,16622919,83623,1003.8988576734591
89126964,2026-07-31T10:28:53.720487400Z,2026-07-31T10:30:16.027528200Z,EPISODE_TYPE_PUBLIC,COMPLETED,55131780,16624977,60593,900.9103455168627,55134195,16628727,32040,755.8990738797498
89126965,2026-07-31T10:28:53.724635200Z,2026-07-31T10:29:53.698536500Z,EPISODE_TYPE_PUBLIC,COMPLETED,55133690,16623645,95846,1145.650883004202,55116691,16621802,45037,1020.6261870308226
89126968,2026-07-31T10:28:53.774028Z,2026-07-31T10:30:17.350780200Z,EPISODE_TYPE_PUBLIC,COMPLETED,55133558,16623034,75153,1142.5429019108733,55133215,16621355,125363,1145.426952023298
89126969,2026-07-31T10:28:53.726420100Z,2026-07-31T10:30:10.046285500Z,EPISODE_TYPE_PUBLIC,COMPLETED,55134274,16625611,28960,525.5162932452013,55134272,16629403,8378,403.0249502708454
89126971,2026-07-31T10:28:53.777598600Z,2026-07-31T10:29:53.643937100Z,EPISODE_TYPE_PUBLIC,COMPLETED,55134274,16625611,28213,483.55178228869534,55121009,16621219,6052,384.35573371065044
89126972,2026-07-31T10:28:56.057095100Z,2026-07-31T10:30:27.317793600Z,EPISODE_TYPE_VALIDATION,COMPLETED,55134690,16621709,108158,600,55134690,16621709,105933,600
89126993,2026-07-31T10:30:59.915202100Z,2026-07-31T10:32:13.208788500Z,EPISODE_TYPE_VALIDATION,COMPLETED,55134735,16622820,34278,600,55134735,16622820,35407,600
89127449,2026-07-31T10:32:54.501631600Z,2026-07-31T10:34:19.018010800Z,EPISODE_TYPE_PUBLIC,COMPLETED,55132512,16623316,32804,576.4279267006153,55134690,16621709,121951,704.3580586194659
89127450,2026-07-31T10:32:54.502335Z,2026-07-31T10:34:28.095182200Z,EPISODE_TYPE_PUBLIC,COMPLETED,55133410,16623515,31381,695.6766559073063,55134673,16625856,52215,741.1009300061596
89127452,2026-07-31T10:32:54.502947600Z,2026-07-31T10:34:15.073525400Z,EPISODE_TYPE_PUBLIC,COMPLETED,55134735,16622820,39729,725.4392160581903,55125862,16622338,13821,648.796636547126
89127457,2026-07-31T10:32:54.508009600Z,2026-07-31T10:34:01.183753400Z,EPISODE_TYPE_PUBLIC,COMPLETED,55134478,16622319,81520,918.5250553610759,55133460,16626655,48119,789.0444724713528
89127463,2026-07-31T10:32:54.519667500Z,2026-07-31T10:34:29.394159700Z,EPISODE_TYPE_PUBLIC,COMPLETED,55134286,16624919,91834,1062.5181343430413,55132839,16625047,61341,1007.2030746512594
89127466,2026-07-31T10:32:54.527525900Z,2026-07-31T10:34:08.925050400Z,EPISODE_TYPE_PUBLIC,COMPLETED,55125830,16622940,44460,589.6247858244516,55134543,16623920,9087,388.3607890280928
89127470,2026-07-31T10:32:54.535859400Z,2026-07-31T10:34:16.486504700Z,EPISODE_TYPE_PUBLIC,COMPLETED,55133137,16628664,46195,820.456237330134,55134195,16628727,19270,717.6990961993461
89127472,2026-07-31T10:32:54.535930200Z,2026-07-31T10:34:17.557732Z,EPISODE_TYPE_PUBLIC,COMPLETED,55128714,16621523,55594,856.4448289157602,55134354,16624934,53940,818.7984611397602
89127473,2026-07-31T10:32:59.164531700Z,2026-07-31T10:34:27.092550500Z,EPISODE_TYPE_VALIDATION,COMPLETED,55134770,16629844,32408,600,55134770,16629844,32408,600
89127480,2026-07-31T10:35:20.566377200Z,2026-07-31T10:36:27.119057700Z,EPISODE_TYPE_VALIDATION,COMPLETED,55134810,16629972,34278,600,55134810,16629972,35407,600
89127941,2026-07-31T10:36:54.464064300Z,2026-07-31T10:38:15.119743300Z,EPISODE_TYPE_PUBLIC,COMPLETED,55125900,16621811,27594,796.5732439014853,55134673,16625856,42453,854.6334590088125
89127942,2026-07-31T10:36:54.466630500Z,2026-07-31T10:38:23.035856Z,EPISODE_TYPE_PUBLIC,COMPLETED,55134735,16622820,44731,796.4483794207332,55122595,16623385,20415,620.6374866246413
89127943,2026-07-31T10:36:54.468522400Z,2026-07-31T10:38:15.801350300Z,EPISODE_TYPE_PUBLIC,COMPLETED,55134690,16621709,125361,767.5178962262037,55128810,16621735,41774,560.9567908172171
89127944,2026-07-31T10:36:54.471310200Z,2026-07-31T10:38:02.922809700Z,EPISODE_TYPE_PUBLIC,COMPLETED,55134810,16629972,57966,769.9455983443178,55131393,16624277,36983,617.2311070922538
89127947,2026-07-31T10:36:54.471491600Z,2026-07-31T10:37:53.280979700Z,EPISODE_TYPE_PUBLIC,COMPLETED,55134770,16629844,16541,509.63939629899136,55134810,16629972,53893,690.3606037010086
89127955,2026-07-31T10:36:54.527099900Z,2026-07-31T10:38:12.995233900Z,EPISODE_TYPE_PUBLIC,COMPLETED,55134278,16623271,72302,912.9107727545871,55134478,16622319,64892,861.9117422039574
89127957,2026-07-31T10:36:54.532501200Z,2026-07-31T10:38:14.156941300Z,EPISODE_TYPE_PUBLIC,COMPLETED,55134145,16625047,76018,1021.254888373985,55121349,16621802,76842,996.698584727807
89127958,2026-07-31T10:36:54.532644800Z,2026-07-31T10:37:58.147361700Z,EPISODE_TYPE_PUBLIC,COMPLETED,55134286,16624919,71501,1024.474047479605,55132596,16623199,104980,1087.6806187307589
89128425,2026-07-31T10:40:54.055374600Z,2026-07-31T10:41:57.776903400Z,EPISODE_TYPE_PUBLIC,COMPLETED,55134812,16623990,18949,673.599721384757,55134478,16622319,39759,887.9557061786709
89128426,2026-07-31T10:40:54.056312200Z,2026-07-31T10:42:17.584237600Z,EPISODE_TYPE_PUBLIC,COMPLETED,55134673,16625856,31221,769.762026203176,55133262,16621163,56954,859.369159113886
89128434,2026-07-31T10:40:54.063801800Z,2026-07-31T10:42:25.534876Z,EPISODE_TYPE_PUBLIC,COMPLETED,55134735,16622820,34711,722.855241845006,55132370,16624941,62694,847.0317817523132
89128435,2026-07-31T10:40:54.067768400Z,2026-07-31T10:42:13.598626400Z,EPISODE_TYPE_PUBLIC,COMPLETED,55134770,16629844,19472,585.2323233599909,55134844,16623824,1569,404.659587925249
89128436,2026-07-31T10:40:54.067371500Z,2026-07-31T10:41:59.647177600Z,EPISODE_TYPE_PUBLIC,COMPLETED,55133039,16623399,31897,756.0697133411804,55134690,16621709,126792,850.8079112753122
89128439,2026-07-31T10:40:54.071563300Z,2026-07-31T10:41:52.625567300Z,EPISODE_TYPE_PUBLIC,COMPLETED,55118662,16621716,12907,505.72379686901,55134715,16627313,9967,372.52394899558607
89128440,2026-07-31T10:40:54.072167800Z,2026-07-31T10:42:14.428387200Z,EPISODE_TYPE_PUBLIC,COMPLETED,55134810,16629972,45953,840.4610229366644,55133563,16623128,19712,704.286221411115
89128442,2026-07-31T10:40:54.072739700Z,2026-07-31T10:41:58.889126500Z,EPISODE_TYPE_PUBLIC,COMPLETED,55120628,16621153,56219,814.3372245359174,55134478,16622319,91126,921.7484287974737
89128448,2026-07-31T10:40:54.081107100Z,2026-07-31T10:42:17.735903300Z,EPISODE_TYPE_PUBLIC,COMPLETED,55131404,16625060,58644,913.1606399851819,55134354,16624934,39765,788.7283214373883
89128449,2026-07-31T10:40:54.081401Z,2026-07-31T10:42:14.963752Z,EPISODE_TYPE_PUBLIC,COMPLETED,55134286,16624919,71641,985.4586002907951,55134549,16621355,92615,1012.5295029105043
89128451,2026-07-31T10:41:11.810753Z,2026-07-31T10:42:19.448537500Z,EPISODE_TYPE_VALIDATION,COMPLETED,55134912,16624977,50865,600,55134912,16624977,49037,600
89128463,2026-07-31T10:44:10.483597900Z,2026-07-31T10:45:29.535963Z,EPISODE_TYPE_VALIDATION,COMPLETED,55134973,16624941,41354,600,55134973,16624941,41354,600
89128916,2026-07-31T10:44:54.266997900Z,2026-07-31T10:46:13.404429600Z,EPISODE_TYPE_PUBLIC,COMPLETED,55134770,16629844,38484,602.9080069255451,55134838,16624919,101951,777.4014364725379
89128918,2026-07-31T10:44:54.268996900Z,2026-07-31T10:45:54.591249600Z,EPISODE_TYPE_PUBLIC,COMPLETED,55134912,16624977,59742,727.2205952053896,55118395,16621585,28029,655.6788417473473
89128923,2026-07-31T10:44:54.277705200Z,2026-07-31T10:46:20.547128600Z,EPISODE_TYPE_PUBLIC,COMPLETED,55134690,16621709,112739,935.158289645254,55131780,16624977,52492,897.0700884594432
89128925,2026-07-31T10:44:54.280963300Z,2026-07-31T10:46:01.099731200Z,EPISODE_TYPE_PUBLIC,COMPLETED,55134810,16629972,38269,914.3295119996662,55131381,16626979,35038,840.2074942787219
89128926,2026-07-31T10:44:54.283442900Z,2026-07-31T10:46:16.249156Z,EPISODE_TYPE_PUBLIC,COMPLETED,55134673,16625856,53381,830.9670011171243,55117347,16622198,28804,712.3403104035392
89128927,2026-07-31T10:44:54.286692400Z,2026-07-31T10:46:14.974820100Z,EPISODE_TYPE_PUBLIC,COMPLETED,55118395,16621585,19341,649.2506354901243,55134735,16622820,45529,780.8204355436628
89128928,2026-07-31T10:44:54.288890200Z,2026-07-31T10:46:09.190035300Z,EPISODE_TYPE_PUBLIC,COMPLETED,55134770,16629844,54133,656.0136556099017,55133745,16629201,15963,518.2023268625095
89128932,2026-07-31T10:44:54.301388400Z,2026-07-31T10:45:59.620763300Z,EPISODE_TYPE_PUBLIC,COMPLETED,55134478,16622319,75900,947.0264604693667,55133500,16621163,46202,799.8743945813876
89128939,2026-07-31T10:44:54.317316600Z,2026-07-31T10:46:11.394065200Z,EPISODE_TYPE_PUBLIC,COMPLETED,55134286,16624919,78266,957.0189552037601,55131363,16624088,78595,1032.0378278649991
89128951,2026-07-31T10:47:42.719622700Z,2026-07-31T10:49:01.519866100Z,EPISODE_TYPE_VALIDATION,COMPLETED,55135047,16630315,32069,600,55135047,16630315,33109,600
89129405,2026-07-31T10:48:54.388658300Z,2026-07-31T10:50:27.215033Z,EPISODE_TYPE_PUBLIC,COMPLETED,55134912,16624977,78851,841.9611925941667,55126119,16622809,36706,787.2473644589779
89129407,2026-07-31T10:48:54.390969700Z,2026-07-31T10:49:57.229975400Z,EPISODE_TYPE_PUBLIC,COMPLETED,55131700,16623875,20185,584.168041717294,55134973,16624941,87022,706.4114324865556
89129409,2026-07-31T10:48:54.393281200Z,2026-07-31T10:50:47.600083600Z,EPISODE_TYPE_PUBLIC,COMPLETED,55117263,16621515,37298,723.798833359346,55134838,16624919,112328,849.7797873337694
89129411,2026-07-31T10:48:54.395096100Z,2026-07-31T10:50:16.171912700Z,EPISODE_TYPE_PUBLIC,COMPLETED,55134690,16621709,122820,973.8124272657772,55129773,16621481,46628,797.9629842385291
89129413,2026-07-31T10:48:54.396823900Z,2026-07-31T10:50:08.037489400Z,EPISODE_TYPE_PUBLIC,COMPLETED,55134810,16629972,56935,854.7440629317155,55130594,16623646,59371,929.0437972951385
89129418,2026-07-31T10:48:54.401547500Z,2026-07-31T10:50:13.044680300Z,EPISODE_TYPE_PUBLIC,COMPLETED,55134673,16625856,43513,882.0848388809528,55125900,16621811,24681,771.2416300482158
89129419,2026-07-31T10:48:54.405240100Z,2026-07-31T10:50:30.369986300Z,EPISODE_TYPE_PUBLIC,COMPLETED,55134735,16622820,48200,831.4645637056481,55125099,16623616,20997,717.5359669893069
89129421,2026-07-31T10:48:54.407689600Z,2026-07-31T10:49:56.568229Z,EPISODE_TYPE_PUBLIC,COMPLETED,55134770,16629844,23948,548.4501295456454,55118395,16621585,36273,656.1282603585513
89129422,2026-07-31T10:48:54.408636900Z,2026-07-31T10:50:17.019133100Z,EPISODE_TYPE_PUBLIC,COMPLETED,55119856,16622965,71395,978.7626614570235,55134478,16622319,70786,915.2326155880698
89129428,2026-07-31T10:48:54.413369900Z,2026-07-31T10:50:04.048434300Z,EPISODE_TYPE_PUBLIC,COMPLETED,55134543,16623920,8836,464.06830303912346,55125069,16623528,4342,394.5240260838123
89129430,2026-07-31T10:48:54.420526100Z,2026-07-31T10:50:24.614698500Z,EPISODE_TYPE_PUBLIC,COMPLETED,55134195,16628727,31194,681.5431828878592,55129246,16624625,31573,761.9792752884155
89129432,2026-07-31T10:49:01.342842800Z,2026-07-31T10:50:06.429148800Z,EPISODE_TYPE_VALIDATION,COMPLETED,55135077,16629844,37030,600,55135077,16629844,37030,600
89129439,2026-07-31T10:51:37.634398300Z,2026-07-31T10:52:35.045379100Z,EPISODE_TYPE_VALIDATION,COMPLETED,55135136,16622760,41971,600,55135136,16622760,41911,600
89129441,2026-07-31T10:52:31.651434100Z,2026-07-31T10:53:50.630836600Z,EPISODE_TYPE_VALIDATION,COMPLETED,55135151,16622330,32069,600,55135151,16622330,33109,600
89129894,2026-07-31T10:52:55.324512700Z,2026-07-31T10:54:14.794292900Z,EPISODE_TYPE_PUBLIC,COMPLETED,55130815,16622242,45373,816.7599482550954,55134912,16624977,55194,921.6853903378798
89129895,2026-07-31T10:52:55.325480Z,2026-07-31T10:54:17.616883400Z,EPISODE_TYPE_PUBLIC,COMPLETED,55134973,16624941,88640,770.6220903147396,55131700,16623875,22141,568.2964412920287
89129896,2026-07-31T10:52:55.327490Z,2026-07-31T10:54:17.808510100Z,EPISODE_TYPE_PUBLIC,COMPLETED,55120835,16623263,48325,585.731142756073,55135047,16630315,83437,629.0709377471549
89129898,2026-07-31T10:52:55.332753100Z,2026-07-31T10:53:51.661505900Z,EPISODE_TYPE_PUBLIC,COMPLETED,55132445,16623577,25317,495.59214274638896,55135077,16629844,37856,682.9191715430107
89129899,2026-07-31T10:52:55.336535300Z,2026-07-31T10:54:05.321589800Z,EPISODE_TYPE_PUBLIC,COMPLETED,55135079,16625047,65927,690.3606037010086,55135047,16630315,50494,509.63939629899136
89129901,2026-07-31T10:52:55.343499600Z,2026-07-31T10:54:16.237686100Z,EPISODE_TYPE_PUBLIC,COMPLETED,55135136,16622760,64918,719.0342457695797,55133012,16623399,36725,625.6730317928854
89129908,2026-07-31T10:52:55.356041100Z,2026-07-31T10:54:10.422877700Z,EPISODE_TYPE_PUBLIC,COMPLETED,55134690,16621709,103972,1034.6097445166247,55131363,16624088,76546,1009.39367601933
89129910,2026-07-31T10:52:55.361977500Z,2026-07-31T10:54:04.285245800Z,EPISODE_TYPE_PUBLIC,COMPLETED,55126342,16623458,65443,960.0969649117268,55134673,16625856,47002,841.4994042629786
89129911,2026-07-31T10:52:55.362045Z,2026-07-31T10:54:20.611175200Z,EPISODE_TYPE_PUBLIC,COMPLETED,55134838,16624919,115181,966.4678032988736,55134810,16629972,36452,817.5111632150246
89129913,2026-07-31T10:52:55.367549100Z,2026-07-31T10:54:30.482016500Z,EPISODE_TYPE_PUBLIC,COMPLETED,55134735,16622820,43741,877.0545530047021,55127807,16622993,37147,785.5718304835091
89129916,2026-07-31T10:52:55.370933900Z,2026-07-31T10:54:02.389921Z,EPISODE_TYPE_PUBLIC,COMPLETED,55126439,16622509,94147,1050.3219493428307,55134549,16621355,137220,1131.264432619712
89129917,2026-07-31T10:52:55.372557900Z,2026-07-31T10:54:17.631105100Z,EPISODE_TYPE_PUBLIC,COMPLETED,55134770,16629844,12027,499.22245415543046,55117565,16621523,41986,580.4801915820458
89129918,2026-07-31T10:52:55.373174700Z,2026-07-31T10:54:14.631169200Z,EPISODE_TYPE_PUBLIC,COMPLETED,55134543,16623920,9168,411.4542031183461,55118662,16621716,14625,514.7115313226094
89129924,2026-07-31T10:54:18.178706600Z,2026-07-31T10:55:47.459431300Z,EPISODE_TYPE_VALIDATION,COMPLETED,55135182,16627906,58331,600,55135182,16627906,57690,600
89130382,2026-07-31T10:56:57.844102400Z,2026-07-31T10:57:55.449418600Z,EPISODE_TYPE_PUBLIC,COMPLETED,55133563,16623128,37507,685.6004983857428,55135136,16622760,61310,808.3473085532497
89130383,2026-07-31T10:56:57.844796700Z,2026-07-31T10:58:04.387050400Z,EPISODE_TYPE_PUBLIC,COMPLETED,55134491,16629201,29231,577.1305479451314,55135182,16627906,90950,704.8365325369557
89130385,2026-07-31T10:56:57.847961400Z,2026-07-31T10:58:22.573861300Z,EPISODE_TYPE_PUBLIC,COMPLETED,55134973,16624941,87467,866.5267616198893,55135067,16623824,27221,802.3116205466753
89130386,2026-07-31T10:56:57.849774900Z,2026-07-31T10:58:20.438161600Z,EPISODE_TYPE_PUBLIC,COMPLETED,55134912,16624977,53011,866.7406952958682,55122519,16622919,83899,1011.1436943193205
89130387,2026-07-31T10:56:57.850891900Z,2026-07-31T10:57:58.431816300Z,EPISODE_TYPE_PUBLIC,COMPLETED,55135077,16629844,38772,584.5164373107234,55121811,16621367,46695,681.2853311244307
89130388,2026-07-31T10:56:57.850683500Z,2026-07-31T10:58:22.122207200Z,EPISODE_TYPE_PUBLIC,COMPLETED,55126121,16623920,43185,627.8566548900845,55135151,16622330,85606,719.0362300212103
89130392,2026-07-31T10:56:57.854410Z,2026-07-31T10:58:15.286535500Z,EPISODE_TYPE_PUBLIC,COMPLETED,55135047,16630315,55146,583.4576995072755,55135079,16625047,81533,837.2693679177758
89130393,2026-07-31T10:56:57.855624200Z,2026-07-31T10:58:03.603766600Z,EPISODE_TYPE_PUBLIC,COMPLETED,55134690,16621709,119753,1076.6800542174774,55133880,16622420,31299,1003.6225393079989
89130396,2026-07-31T10:56:57.858513500Z,2026-07-31T10:58:21.556582400Z,EPISODE_TYPE_PUBLIC,COMPLETED,55134812,16623990,68210,907.6609581346218,55126464,16623381,45511,845.2352300209845
89130401,2026-07-31T10:56:57.865446200Z,2026-07-31T10:58:25.776983800Z,EPISODE_TYPE_PUBLIC,COMPLETED,55134735,16622820,32729,820.6469244404499,55134127,16626655,34818,812.9852112026946
89130403,2026-07-31T10:56:57.861552500Z,2026-07-31T10:58:29.602754200Z,EPISODE_TYPE_PUBLIC,COMPLETED,55123200,16621683,79438,933.3534003468097,55134673,16625856,46609,808.0653152793551
89130405,2026-07-31T10:56:57.867789500Z,2026-07-31T10:58:18.665016100Z,EPISODE_TYPE_PUBLIC,COMPLETED,55134549,16621355,111508,1153.433662195037,55118379,16621497,67331,1046.9680532923137
89130406,2026-07-31T10:56:57.869564100Z,2026-07-31T10:58:15.316439200Z,EPISODE_TYPE_PUBLIC,COMPLETED,55134354,16624934,48229,817.8803588088845,55117263,16621515,19495,718.3425516907095
89130407,2026-07-31T10:56:57.869445100Z,2026-07-31T10:58:16.609733400Z,EPISODE_TYPE_PUBLIC,COMPLETED,55128411,16624414,25332,725.4163817330129,55134810,16629972,45422,851.8310233684599
89130878,2026-07-31T11:00:57.123534Z,2026-07-31T11:02:06.774539600Z,EPISODE_TYPE_PUBLIC,COMPLETED,55135151,16622330,86044,803.7344510396359,55129934,16624277,42767,667.3310028021974
89130879,2026-07-31T11:00:57.126121900Z,2026-07-31T11:02:11.370034900Z,EPISODE_TYPE_PUBLIC,COMPLETED,55115608,16621168,50176,634.3647316104783,55135226,16630323,88826,720.4902508400623
89130880,2026-07-31T11:00:57.125720100Z,2026-07-31T11:02:17.673072300Z,EPISODE_TYPE_PUBLIC,COMPLETED,55135182,16627906,72256,782.0342250888672,55130444,16625219,22067,621.5132888091381
89130882,2026-07-31T11:00:57.132031100Z,2026-07-31T11:02:17.641082900Z,EPISODE_TYPE_PUBLIC,COMPLETED,55133882,16622420,57678,831.5086875835431,55135136,16622760,68353,900.3110752613104
89130884,2026-07-31T11:00:57.136022300Z,2026-07-31T11:02:20.554549700Z,EPISODE_TYPE_PUBLIC,COMPLETED,55134973,16624941,84660,993.1865983249861,55131333,16626839,34475,880.9124083901344
89130886,2026-07-31T11:00:57.135217800Z,2026-07-31T11:02:08.663854800Z,EPISODE_TYPE_PUBLIC,COMPLETED,55135079,16625047,92081,900.7693137285918,55134673,16625856,43397,776.7239525624814
89130888,2026-07-31T11:00:57.138081Z,2026-07-31T11:02:17.668714800Z,EPISODE_TYPE_PUBLIC,COMPLETED,55134912,16624977,52349,868.8489881871811,55134973,16624941,73975,942.145265590812
89130889,2026-07-31T11:00:57.140501900Z,2026-07-31T11:01:51.611701700Z,EPISODE_TYPE_PUBLIC,COMPLETED,55135047,16630315,79805,654.725380885737,55130623,16623875,35583,562.2715751874381
89130891,2026-07-31T11:00:57.141532900Z,2026-07-31T11:02:20.825859700Z,EPISODE_TYPE_PUBLIC,COMPLETED,55125397,16623459,82981,1017.6189303544671,55134838,16624919,98956,1078.5998245403391
89130892,2026-07-31T11:00:57.142972200Z,2026-07-31T11:02:20.758395600Z,EPISODE_TYPE_PUBLIC,COMPLETED,55123200,16621683,58354,926.4872702959133,55134690,16621709,123610,1099.6781528782512
89130893,2026-07-31T11:00:57.145383600Z,2026-07-31T11:02:09.473156300Z,EPISODE_TYPE_PUBLIC,COMPLETED,55135092,16629624,45388,556.6390383155275,55134543,16623920,10273,378.02290316697326
89130895,2026-07-31T11:00:57.137883200Z,2026-07-31T11:01:56.713007500Z,EPISODE_TYPE_PUBLIC,COMPLETED,55120595,16621367,35228,586.2017821330187,55135077,16629844,39453,670.4543967152661
89130897,2026-07-31T11:00:57.148672Z,2026-07-31T11:02:05.161861200Z,EPISODE_TYPE_PUBLIC,COMPLETED,55134810,16629972,43531,817.4368497853126,55134912,16624977,53199,920.730260950715
89130900,2026-07-31T11:00:57.156358Z,2026-07-31T11:02:17.662646500Z,EPISODE_TYPE_PUBLIC,COMPLETED,55117347,16622198,28813,705.6700133776487,55134673,16625856,38330,805.9192345039223
89130901,2026-07-31T11:00:57.160290300Z,2026-07-31T11:02:36.367815300Z,EPISODE_TYPE_PUBLIC,COMPLETED,55134735,16622820,31291,854.0516075475375,55133460,16626655,30552,764.5903942468562
89130908,2026-07-31T11:01:56.076922400Z,2026-07-31T11:02:59.113498500Z,EPISODE_TYPE_VALIDATION,COMPLETED,55135317,16624977,38882,600,55135317,16624977,48270,600
89130912,2026-07-31T11:02:40.883849Z,2026-07-31T11:03:45.681043100Z,EPISODE_TYPE_VALIDATION,COMPLETED,55135327,16623732,1215,600,55135327,16623732,1215,600
89131369,2026-07-31T11:05:02.987749900Z,2026-07-31T11:06:05.789405900Z,EPISODE_TYPE_PUBLIC,COMPLETED,55117099,16621515,44314,668.0878328990221,55135226,16630323,80331,804.0333277004407
89131371,2026-07-31T11:05:02.992900Z,2026-07-31T11:06:07.336294700Z,EPISODE_TYPE_PUBLIC,COMPLETED,55135291,16623732,2879,509.63939629899136,55135317,16624977,121821,690.3606037010086
89131374,2026-07-31T11:05:03.002582300Z,2026-07-31T11:06:28.531131500Z,EPISODE_TYPE_PUBLIC,COMPLETED,55135317,16624977,113796,771.5757540666149,55115608,16621168,43110,628.5420557473656
89131375,2026-07-31T11:05:03.004944600Z,2026-07-31T11:06:09.878313400Z,EPISODE_TYPE_PUBLIC,COMPLETED,55135182,16627906,83890,844.8472866443609,55126547,16623886,23810,684.168601289959
89131376,2026-07-31T11:05:03.004944600Z,2026-07-31T11:06:21.287423800Z,EPISODE_TYPE_PUBLIC,COMPLETED,55135327,16623732,1236,505.3893494408391,55122590,16623385,47068,655.0836711951498
89131377,2026-07-31T11:05:03.009431900Z,2026-07-31T11:06:21.800841900Z,EPISODE_TYPE_PUBLIC,COMPLETED,55133262,16621163,51746,834.342989266094,55135136,16622760,60680,960.3734074493655
89131379,2026-07-31T11:05:03.010430800Z,2026-07-31T11:06:25.393593Z,EPISODE_TYPE_PUBLIC,COMPLETED,55130907,16626272,47926,788.5173201152207,55135077,16629844,28935,620.3452575507084
89131380,2026-07-31T11:05:03.004944500Z,2026-07-31T11:06:30.160162Z,EPISODE_TYPE_PUBLIC,COMPLETED,55135151,16622330,76772,884.1337446562225,55130815,16622242,40002,781.7751920001207
89131382,2026-07-31T11:05:03.013988Z,2026-07-31T11:06:04.646327900Z,EPISODE_TYPE_PUBLIC,COMPLETED,55131363,16624088,80209,990.4601609144021,55134973,16624941,84213,1046.0487210753874
89131385,2026-07-31T11:05:03.027798200Z,2026-07-31T11:06:36.397132300Z,EPISODE_TYPE_PUBLIC,COMPLETED,55134690,16621709,118158,1126.9140999174576,55116691,16621802,34362,1014.9607729144009
89131386,2026-07-31T11:05:03.029727800Z,2026-07-31T11:05:59.429171Z,EPISODE_TYPE_PUBLIC,COMPLETED,55134286,16624919,87397,976.9301512703503,55134912,16624977,48603,836.0645812915255
89131387,2026-07-31T11:05:03.030661800Z,2026-07-31T11:06:04.473216600Z,EPISODE_TYPE_PUBLIC,COMPLETED,55135047,16630315,76341,708.860000191211,55133012,16623399,43491,599.5878998135319
89131388,2026-07-31T11:05:03.030095400Z,2026-07-31T11:06:16.366817Z,EPISODE_TYPE_PUBLIC,COMPLETED,55135092,16629624,44723,610.7231436199709,55118662,16621716,16378,506.02715618832735
89131390,2026-07-31T11:05:03.030602Z,2026-07-31T11:06:25.369689600Z,EPISODE_TYPE_PUBLIC,COMPLETED,55118379,16621497,127658,1054.3832320448055,55134838,16624919,98263,1035.1736065180485
89131392,2026-07-31T11:05:03.035436500Z,2026-07-31T11:06:28.476048400Z,EPISODE_TYPE_PUBLIC,COMPLETED,55134810,16629972,36111,853.2808459415897,55130815,16622242,31855,797.5084238393596
89131395,2026-07-31T11:05:03.039030800Z,2026-07-31T11:06:25.398363400Z,EPISODE_TYPE_PUBLIC,COMPLETED,55128714,16621523,59327,875.1229622899389,55134735,16622820,54052,820.3292614656998
89131865,2026-07-31T11:08:55.523943600Z,2026-07-31T11:10:19.704938300Z,EPISODE_TYPE_PUBLIC,COMPLETED,55135317,16624977,128178,887.919280576782,55121221,16623263,56163,888.383389973728
89131866,2026-07-31T11:08:55.529314900Z,2026-07-31T11:10:12.075438800Z,EPISODE_TYPE_PUBLIC,COMPLETED,55135151,16622330,66801,832.0646406371134,55132434,16623389,68198,991.3521048901687
89131867,2026-07-31T11:08:55.532836700Z,2026-07-31T11:10:21.032708300Z,EPISODE_TYPE_PUBLIC,COMPLETED,55126134,16623616,80267,945.0373368418003,55135182,16627906,68259,791.8314836230419
89131868,2026-07-31T11:08:55.535962Z,2026-07-31T11:10:12.329355100Z,EPISODE_TYPE_PUBLIC,COMPLETED,55135079,16625047,81961,1009.7936710629923,55135136,16622760,44859,905.9726620930118
89131871,2026-07-31T11:08:55.544104800Z,2026-07-31T11:09:51.357729Z,EPISODE_TYPE_PUBLIC,COMPLETED,55135327,16623732,1236,408.7114639175735,55129801,16623836,46423,514.678624409167
89131875,2026-07-31T11:08:55.552700600Z,2026-07-31T11:10:12.017664800Z,EPISODE_TYPE_PUBLIC,COMPLETED,55134973,16624941,81231,1013.6253537477045,55130970,16623381,102312,1144.654993530797
89131877,2026-07-31T11:08:55.552562300Z,2026-07-31T11:10:15.463532100Z,EPISODE_TYPE_PUBLIC,COMPLETED,55119163,16622937,42613,661.4227556166131,55135077,16629844,36448,565.4168958526052
89131878,2026-07-31T11:08:55.557229100Z,2026-07-31T11:10:01.104346200Z,EPISODE_TYPE_PUBLIC,COMPLETED,55135047,16630315,81362,763.826642188098,55117263,16621515,44713,711.7427255752928
89131880,2026-07-31T11:08:55.558693600Z,2026-07-31T11:10:20.353256700Z,EPISODE_TYPE_PUBLIC,COMPLETED,55134690,16621709,121373,1159.995641735624,55133558,16623034,102057,1120.2019877321457
89131881,2026-07-31T11:08:55.558838400Z,2026-07-31T11:10:04.763464400Z,EPISODE_TYPE_PUBLIC,COMPLETED,55134912,16624977,51693,867.3829937325353,55132388,16626732,35870,747.4132286505763
89131882,2026-07-31T11:08:55.558693600Z,2026-07-31T11:10:05.407815300Z,EPISODE_TYPE_PUBLIC,COMPLETED,55125397,16623459,80015,1006.3782144399004,55134838,16624919,90597,1067.221713028518
89131892,2026-07-31T11:10:12.212618800Z,2026-07-31T11:11:31.585034300Z,EPISODE_TYPE_VALIDATION,COMPLETED,55135483,16621294,47087,600,55135483,16621294,47087,600
89131894,2026-07-31T11:10:29.035017500Z,2026-07-31T11:11:48.450618700Z,EPISODE_TYPE_VALIDATION,COMPLETED,55135491,16629699,15559,600,55135491,16629699,19877,600
89131901,2026-07-31T11:11:48.109546400Z,2026-07-31T11:12:48.970262800Z,EPISODE_TYPE_VALIDATION,COMPLETED,55135522,16630274,6849,600,55135522,16630274,6849,600
89132356,2026-07-31T11:12:55.285054800Z,2026-07-31T11:14:19.172150600Z,EPISODE_TYPE_PUBLIC,COMPLETED,55135483,16621294,31157,715.2879096285111,55128208,16656399,29892,615.6086124721628
89132358,2026-07-31T11:12:55.289730100Z,2026-07-31T11:14:07.323784800Z,EPISODE_TYPE_PUBLIC,COMPLETED,55126337,16623886,46298,643.6696485258394,55135491,16629699,108695,724.0375900397293
89132361,2026-07-31T11:12:55.290491400Z,2026-07-31T11:13:51.638934200Z,EPISODE_TYPE_PUBLIC,COMPLETED,55135522,16630274,8877,517.6510037151938,55123817,16656399,43921,700.2591948230603
89132362,2026-07-31T11:12:55.293403400Z,2026-07-31T11:14:02.547953900Z,EPISODE_TYPE_PUBLIC,COMPLETED,55135317,16624977,111176,948.4657593161636,55133209,16624056,67014,823.8792147894364
89132366,2026-07-31T11:12:55.299671200Z,2026-07-31T11:14:14.712291800Z,EPISODE_TYPE_PUBLIC,COMPLETED,55135151,16622330,65296,901.3392422709868,55130186,16623458,45538,865.5560689954997
89132367,2026-07-31T11:12:55.303011700Z,2026-07-31T11:14:25.916415500Z,EPISODE_TYPE_PUBLIC,COMPLETED,55135047,16630315,53270,766.4415703488629,55135182,16627906,70684,850.1473737357968
89132368,2026-07-31T11:12:55.305388100Z,2026-07-31T11:13:55.458720300Z,EPISODE_TYPE_PUBLIC,COMPLETED,55125900,16621811,24539,763.4267027298586,55135136,16622760,40118,938.1245486090564
89132369,2026-07-31T11:12:55.308828400Z,2026-07-31T11:14:08.270498200Z,EPISODE_TYPE_PUBLIC,COMPLETED,55135228,16630249,47213,722.8600356718696,55117263,16621515,37157,704.3648943779347
89132372,2026-07-31T11:12:55.316966600Z,2026-07-31T11:14:01.826406Z,EPISODE_TYPE_PUBLIC,COMPLETED,55116691,16621802,37042,1007.6518518808864,55134973,16624941,81410,1053.534811314677
89132374,2026-07-31T11:12:55.322065900Z,2026-07-31T11:14:15.148584800Z,EPISODE_TYPE_PUBLIC,COMPLETED,55135327,16623732,1236,323.9513766216072,55118529,16622251,3000,412.6328324147721
89132375,2026-07-31T11:12:55.327531800Z,2026-07-31T11:14:15.385048100Z,EPISODE_TYPE_PUBLIC,COMPLETED,55135047,16630315,75556,802.7404352885944,55130488,16625219,49467,709.0789859867053
89132378,2026-07-31T11:12:55.334005600Z,2026-07-31T11:14:16.236590600Z,EPISODE_TYPE_PUBLIC,COMPLETED,55132932,16624941,69569,1001.6420686128263,55134690,16621709,112748,1176.5171776563404
89132379,2026-07-31T11:12:55.335434800Z,2026-07-31T11:13:59.691891100Z,EPISODE_TYPE_PUBLIC,COMPLETED,55118379,16621497,90565,1061.3852051929491,55134838,16624919,77386,1034.8517948206545
89132380,2026-07-31T11:12:55.337254400Z,2026-07-31T11:14:21.726826700Z,EPISODE_TYPE_PUBLIC,COMPLETED,55134912,16624977,54171,896.8729461713262,55133435,16629165,34346,789.9765274464864
89132381,2026-07-31T11:12:55.339104400Z,2026-07-31T11:14:16.682826900Z,EPISODE_TYPE_PUBLIC,COMPLETED,55135522,16630274,8151,439.8242815477807,55135077,16629844,38182,602.5387419156305
89132382,2026-07-31T11:12:55.343051500Z,2026-07-31T11:14:19.825478800Z,EPISODE_TYPE_PUBLIC,COMPLETED,55122519,16622919,77906,1000.51162660679,55134116,16623034,94868,1033.057572432945
89132392,2026-07-31T11:15:53.791187Z,2026-07-31T11:16:56.135486200Z,EPISODE_TYPE_VALIDATION,COMPLETED,55135596,16627472,90607,600,55135596,16627472,90621,600
89132848,2026-07-31T11:16:57.933517Z,2026-07-31T11:18:14.052434100Z,EPISODE_TYPE_PUBLIC,COMPLETED,55123629,16623643,47398,698.8015950307574,55135491,16629699,106873,815.2594104434482
89132849,2026-07-31T11:16:57.937217700Z,2026-07-31T11:18:28.675743500Z,EPISODE_TYPE_PUBLIC,COMPLETED,55135483,16621294,82152,801.362040978166,55121621,16623006,30798,671.3454650861355
89132851,2026-07-31T11:16:57.938015500Z,2026-07-31T11:18:05.495331700Z,EPISODE_TYPE_PUBLIC,COMPLETED,55131245,16625418,13457,454.1672045772803,55135596,16627472,109991,672.0496173257844
89132856,2026-07-31T11:16:57.944456Z,2026-07-31T11:18:17.920403400Z,EPISODE_TYPE_PUBLIC,COMPLETED,55135317,16624977,80212,1008.641872937561,55126342,16623458,40049,938.6458726707345
89132858,2026-07-31T11:16:57.949636400Z,2026-07-31T11:17:58.114452100Z,EPISODE_TYPE_PUBLIC,COMPLETED,55118529,16622251,3000,402.5199871679248,55135279,16627313,38213,585.5143256316288
89132859,2026-07-31T11:16:57.948864300Z,2026-07-31T11:18:15.246659400Z,EPISODE_TYPE_PUBLIC,COMPLETED,55131142,16622242,37835,930.5108427269531,55135151,16622330,50639,958.5006543021525
89132860,2026-07-31T11:16:57.951993100Z,2026-07-31T11:18:14.153917700Z,EPISODE_TYPE_PUBLIC,COMPLETED,55135522,16630274,7982,548.5651200016397,55118533,16621770,846,342.3615828224081
89132861,2026-07-31T11:16:57.953093600Z,2026-07-31T11:18:19.345017500Z,EPISODE_TYPE_PUBLIC,COMPLETED,55123452,16623398,58579,905.5571490797666,55135182,16627906,80033,913.0909551317794
89132862,2026-07-31T11:16:57.952970600Z,2026-07-31T11:18:09.008571500Z,EPISODE_TYPE_PUBLIC,COMPLETED,55135522,16630274,8366,506.34387454455083,55135376,16623390,480,342.23307930900853
89132863,2026-07-31T11:16:57.953168500Z,2026-07-31T11:18:00.563093900Z,EPISODE_TYPE_PUBLIC,COMPLETED,55135136,16622760,54276,908.4384338406879,55134973,16624941,87962,1075.1660997169163
89132864,2026-07-31T11:16:57.953654300Z,2026-07-31T11:18:27.177563400Z,EPISODE_TYPE_PUBLIC,COMPLETED,55135079,16625047,50398,1010.2958069637293,55134973,16624941,57288,1072.068963677942
89132865,2026-07-31T11:16:57.955634200Z,2026-07-31T11:18:15.919053400Z,EPISODE_TYPE_PUBLIC,COMPLETED,55132596,16623199,55960,1103.7283883678817,55134973,16624941,53447,1044.784964877726
89132866,2026-07-31T11:16:57.955279600Z,2026-07-31T11:18:04.406484400Z,EPISODE_TYPE_PUBLIC,COMPLETED,55126439,16622509,54836,1036.6272981378745,55135016,16624088,56412,1044.8471382135167
89132867,2026-07-31T11:16:57.955828200Z,2026-07-31T11:18:05.278176400Z,EPISODE_TYPE_PUBLIC,COMPLETED,55133215,16621355,103784,1127.6750123252057,55134690,16621709,112602,1200.5713601509003
89132869,2026-07-31T11:16:57.959298Z,2026-07-31T11:18:36.810727200Z,EPISODE_TYPE_PUBLIC,COMPLETED,55134912,16624977,59369,931.8056474351787,55122314,16621153,49349,898.824148798773
89132871,2026-07-31T11:16:57.961970800Z,2026-07-31T11:18:18.219594600Z,EPISODE_TYPE_PUBLIC,COMPLETED,55135077,16629844,39176,642.3404514740006,55133770,16623745,31491,539.6272698067677
89132936,2026-07-31T11:20:47.531667700Z,2026-07-31T11:21:53.780803500Z,EPISODE_TYPE_VALIDATION,COMPLETED,55135673,16626979,33633,600,55135673,16626979,35658,600
89133131,2026-07-31T11:20:48.234508200Z,2026-07-31T11:21:56.224137200Z,EPISODE_TYPE_VALIDATION,COMPLETED,55135674,16630249,2880,600,55135674,16630249,2880,600
89133342,2026-07-31T11:20:54.844879500Z,2026-07-31T11:22:18.464519Z,EPISODE_TYPE_PUBLIC,COMPLETED,55135504,16625856,40745,886.9987014479309,55135483,16621294,31924,787.9965940040084
89133343,2026-07-31T11:20:54.843971900Z,2026-07-31T11:21:56.636037900Z,EPISODE_TYPE_PUBLIC,COMPLETED,55126464,16623381,48393,834.271943841103,55135491,16629699,112746,905.4768791325909
89133344,2026-07-31T11:20:54.846220200Z,2026-07-31T11:21:49.201952100Z,EPISODE_TYPE_PUBLIC,COMPLETED,55135483,16621294,56891,858.3079109797254,55122779,16623189,31572,674.8641174023669
89133345,2026-07-31T11:20:54.854698600Z,2026-07-31T11:22:55.370392200Z,EPISODE_TYPE_PUBLIC,COMPLETED,55135596,16627472,114100,788.6614528126589,55128600,16624056,46307,737.091223810377
89133349,2026-07-31T11:20:54.859996200Z,2026-07-31T11:22:19.180932200Z,EPISODE_TYPE_PUBLIC,COMPLETED,55126342,16623458,49044,929.8536376458648,55135317,16624977,91330,1048.4505964011971
89133350,2026-07-31T11:20:54.862372600Z,2026-07-31T11:22:18.268695200Z,EPISODE_TYPE_PUBLIC,COMPLETED,55135182,16627906,74604,956.8370545168452,55119531,16622937,45202,905.3267185663519
89133352,2026-07-31T11:20:54.864072100Z,2026-07-31T11:21:56.287663300Z,EPISODE_TYPE_PUBLIC,COMPLETED,55132285,16623635,59439,865.6703887284468,55135151,16622330,80601,990.815180321427
89133353,2026-07-31T11:20:54.865038Z,2026-07-31T11:22:12.094959400Z,EPISODE_TYPE_PUBLIC,COMPLETED,55128714,16621523,47081,859.5110114837892,55135136,16622760,57760,945.0773384524243
89133355,2026-07-31T11:20:54.869172600Z,2026-07-31T11:22:07.325428400Z,EPISODE_TYPE_PUBLIC,COMPLETED,55123978,16623643,48624,644.8496362893321,55135522,16630274,7331,502.1920947244788
89133356,2026-07-31T11:20:54.863012900Z,2026-07-31T11:22:21.860422200Z,EPISODE_TYPE_PUBLIC,COMPLETED,55126439,16622509,108056,1044.5242761173051,55135226,16630323,80109,905.8041980257816
89133357,2026-07-31T11:20:54.877468300Z,2026-07-31T11:22:18.392681Z,EPISODE_TYPE_PUBLIC,COMPLETED,55135016,16624088,45842,1014.5740356477323,55118379,16621497,91593,1067.5656740995519
89133358,2026-07-31T11:20:54.878527900Z,2026-07-31T11:22:17.442719900Z,EPISODE_TYPE_PUBLIC,COMPLETED,55129871,16623805,71267,1000.2235429016156,55135079,16625047,75636,1040.3898545294574
89133359,2026-07-31T11:20:54.873943100Z,2026-07-31T11:22:10.605623800Z,EPISODE_TYPE_PUBLIC,COMPLETED,55117347,16622198,46993,699.5804812653514,55135228,16630249,49328,817.3256653713835
89133360,2026-07-31T11:20:54.882906100Z,2026-07-31T11:22:06.682737500Z,EPISODE_TYPE_PUBLIC,COMPLETED,55134690,16621709,121243,1222.4072372166304,55128859,16622367,108563,1148.4248421041975
89133361,2026-07-31T11:20:54.887715700Z,2026-07-31T11:21:59.992629500Z,EPISODE_TYPE_PUBLIC,COMPLETED,55134973,16624941,81869,1049.9148123838497,55133558,16623034,104117,1137.2799921720136
89133362,2026-07-31T11:20:54.891308100Z,2026-07-31T11:22:05.996362100Z,EPISODE_TYPE_PUBLIC,COMPLETED,55119314,16622965,17957,795.9306195402372,55134810,16629972,42709,881.0191052743718
89133363,2026-07-31T11:20:54.892439100Z,2026-07-31T11:22:24.979037800Z,EPISODE_TYPE_PUBLIC,COMPLETED,55134478,16622319,72009,892.9291661209102,55129871,16623805,82179,1014.8570153821488
89133365,2026-07-31T11:20:54.896876700Z,2026-07-31T11:22:10.131766900Z,EPISODE_TYPE_PUBLIC,COMPLETED,55120009,16622376,53481,762.6117585508515,55135047,16630315,80323,803.1464306017177
89133377,2026-07-31T11:24:04.622946600Z,2026-07-31T11:25:11.590016700Z,EPISODE_TYPE_VALIDATION,COMPLETED,55135737,16624625,74469,600,55135737,16624625,81742,600
89133832,2026-07-31T11:24:58.773566300Z,2026-07-31T11:26:10.780763400Z,EPISODE_TYPE_PUBLIC,COMPLETED,55132855,16621294,23732,666.5053517231404,55135673,16626979,73610,731.2268752421038
89133835,2026-07-31T11:24:58.774318200Z,2026-07-31T11:26:03.440927800Z,EPISODE_TYPE_PUBLIC,COMPLETED,55126337,16623886,47347,658.6480921466597,55135674,16630249,2880,506.1885981270825
89133837,2026-07-31T11:24:58.778736200Z,2026-07-31T11:26:00.338530800Z,EPISODE_TYPE_PUBLIC,COMPLETED,55131064,16626191,53847,832.3169303201822,55135596,16627472,108230,885.4335256476862
89133838,2026-07-31T11:24:58.779572600Z,2026-07-31T11:26:20.152147800Z,EPISODE_TYPE_PUBLIC,COMPLETED,55135491,16629699,124678,958.2889602167237,55134735,16622820,55479,799.684013818216
89133842,2026-07-31T11:24:58.785216300Z,2026-07-31T11:25:56.529450500Z,EPISODE_TYPE_PUBLIC,COMPLETED,55117940,16622842,31311,725.5699042142095,55135483,16621294,64581,839.4109732543056
89133845,2026-07-31T11:24:58.791131200Z,2026-07-31T11:26:20.165981400Z,EPISODE_TYPE_PUBLIC,COMPLETED,55131823,16623603,45706,1079.9128927247205,55135317,16624977,71548,1099.0415671608037
89133848,2026-07-31T11:24:58.795611800Z,2026-07-31T11:26:19.236296900Z,EPISODE_TYPE_PUBLIC,COMPLETED,55116691,16621802,61234,1000.1276536524005,55135151,16622330,69734,1031.8045079696574
89133852,2026-07-31T11:24:58.799020500Z,2026-07-31T11:25:57.190084800Z,EPISODE_TYPE_PUBLIC,COMPLETED,55135136,16622760,53462,905.9500403364812,55123200,16621683,55087,938.6380957737161
89133853,2026-07-31T11:24:58.798632300Z,2026-07-31T11:26:04.465295100Z,EPISODE_TYPE_PUBLIC,COMPLETED,55133141,16622482,48659,917.1723947843159,55135182,16627906,37223,912.0192492311746
89133855,2026-07-31T11:24:58.806816800Z,2026-07-31T11:26:29.960235300Z,EPISODE_TYPE_PUBLIC,COMPLETED,55135016,16624088,70745,990.62453434745,55118379,16621497,125861,1072.9113153018343
89133856,2026-07-31T11:24:58.810536100Z,2026-07-31T11:26:16.853067Z,EPISODE_TYPE_PUBLIC,COMPLETED,55118662,16621716,13999,515.7872411037928,55135522,16630274,7807,449.7104100390333
89133857,2026-07-31T11:24:58.812419400Z,2026-07-31T11:26:22.996746600Z,EPISODE_TYPE_PUBLIC,COMPLETED,55134549,16621355,103462,1182.7261157120402,55134690,16621709,116109,1243.693704034201
89134322,2026-07-31T11:28:58.337310100Z,2026-07-31T11:30:27.051167Z,EPISODE_TYPE_PUBLIC,COMPLETED,55130815,16622242,50148,746.0688207071519,55135673,16626979,94772,833.2145104707148
89134324,2026-07-31T11:28:58.339298900Z,2026-07-31T11:30:19.039932200Z,EPISODE_TYPE_PUBLIC,COMPLETED,55135737,16624625,100968,703.2332146642898,55120595,16621367,30468,576.1775913494338
89134327,2026-07-31T11:28:58.345449400Z,2026-07-31T11:29:58.907038600Z,EPISODE_TYPE_PUBLIC,COMPLETED,55135596,16627472,74945,962.8404892258619,55135491,16629699,37241,894.2982785405773
89134328,2026-07-31T11:28:58.346145400Z,2026-07-31T11:30:02.103913700Z,EPISODE_TYPE_PUBLIC,COMPLETED,55135491,16629699,56208,938.6751310054007,55135632,16624934,49852,819.1500134369231
89134329,2026-07-31T11:28:58.347469Z,2026-07-31T11:30:02.559273Z,EPISODE_TYPE_PUBLIC,COMPLETED,55126140,16622919,73415,979.4055345359808,55135491,16629699,76688,993.8576191904472
89134330,2026-07-31T11:28:58.348983300Z,2026-07-31T11:29:58.294430200Z,EPISODE_TYPE_PUBLIC,COMPLETED,55135674,16630249,2880,434.8935187152716,55135592,16630274,11546,627.0523986776775
89134333,2026-07-31T11:28:58.353432700Z,2026-07-31T11:30:18.980240500Z,EPISODE_TYPE_PUBLIC,COMPLETED,55131064,16626191,52003,817.6642517062711,55135483,16621294,52620,889.5930221628732
89134334,2026-07-31T11:28:58.356014200Z,2026-07-31T11:30:17.914165500Z,EPISODE_TYPE_PUBLIC,COMPLETED,55135317,16624977,96705,1141.2659780814292,55133558,16623034,53070,1116.5924785774312
89134337,2026-07-31T11:28:58.358088700Z,2026-07-31T11:30:00.976146700Z,EPISODE_TYPE_PUBLIC,COMPLETED,55134838,16624919,102949,1083.6726648367967,55135151,16622330,67604,1002.1646876437062
89134339,2026-07-31T11:28:58.358776Z,2026-07-31T11:29:57.700746Z,EPISODE_TYPE_PUBLIC,COMPLETED,55135360,16627751,26522,746.8614247381869,55115388,16621402,25927,637.6033060978214
89134340,2026-07-31T11:28:58.361927900Z,2026-07-31T11:30:20.849755900Z,EPISODE_TYPE_PUBLIC,COMPLETED,55117099,16621515,39672,674.7929963490843,55135279,16627313,19718,626.2469514469259
89134341,2026-07-31T11:28:58.365884100Z,2026-07-31T11:30:18.840823Z,EPISODE_TYPE_PUBLIC,COMPLETED,55135136,16622760,56295,937.7961862846092,55122314,16621153,56196,886.4794161196842
89134343,2026-07-31T11:28:58.368032800Z,2026-07-31T11:30:27.540449500Z,EPISODE_TYPE_PUBLIC,COMPLETED,55134549,16621355,108388,1200.818506270131,55133690,16623645,104868,1124.7762708858972
89134344,2026-07-31T11:28:58.367853500Z,2026-07-31T11:30:23.045794700Z,EPISODE_TYPE_PUBLIC,COMPLETED,55134912,16624977,70357,957.8745149427889,55133712,16626332,51738,879.184677802785
89134345,2026-07-31T11:28:58.365534900Z,2026-07-31T11:30:35.913651300Z,EPISODE_TYPE_PUBLIC,COMPLETED,55135182,16627906,73548,946.5857178778016,55126176,16621811,38036,910.0305114695925
89134347,2026-07-31T11:28:58.370541600Z,2026-07-31T11:30:24.600553100Z,EPISODE_TYPE_PUBLIC,COMPLETED,55121611,16623006,53346,674.3186442579988,55135077,16629844,19603,603.708667185299
89134349,2026-07-31T11:28:58.372989100Z,2026-07-31T11:30:03.295359600Z,EPISODE_TYPE_PUBLIC,COMPLETED,55134812,16623990,41336,849.9628882012375,55134478,16622319,46536,918.6662653699725
89134367,2026-07-31T11:30:05.939823600Z,2026-07-31T11:31:00.919538Z,EPISODE_TYPE_VALIDATION,COMPLETED,55135874,16629201,24198,600,55135874,16629201,24198,600
89134829,2026-07-31T11:32:56.465951200Z,2026-07-31T11:34:03.301120700Z,EPISODE_TYPE_PUBLIC,COMPLETED,55117940,16622842,48021,720.7163362719164,55135673,16626979,78213,892.6573118084375
89134831,2026-07-31T11:32:56.468809800Z,2026-07-31T11:34:20.786536800Z,EPISODE_TYPE_PUBLIC,COMPLETED,55135737,16624625,103311,811.6989164719506,55133435,16629165,29422,739.5109819177999
89134834,2026-07-31T11:32:56.474983200Z,2026-07-31T11:33:58.182307400Z,EPISODE_TYPE_PUBLIC,COMPLETED,55118662,16621716,12293,509.3220917852307,55135874,16629201,20232,684.5282757388553
89134837,2026-07-31T11:32:56.486947800Z,2026-07-31T11:34:12.937477500Z,EPISODE_TYPE_PUBLIC,COMPLETED,55135596,16627472,113040,1008.8926892851993,55135136,16622760,64730,870.8829009149841
89134840,2026-07-31T11:32:56.497297800Z,2026-07-31T11:34:06.770142800Z,EPISODE_TYPE_PUBLIC,COMPLETED,55117088,16622312,2353,386.2554175461444,55135674,16630249,2880,509.1261768410768
89134842,2026-07-31T11:32:56.499130Z,2026-07-31T11:34:22.092765100Z,EPISODE_TYPE_PUBLIC,COMPLETED,55132162,16622482,67583,905.3313078988278,55135483,16621294,64638,845.393889334549
89134843,2026-07-31T11:32:56.500174900Z,2026-07-31T11:34:26.468239900Z,EPISODE_TYPE_PUBLIC,COMPLETED,55135491,16629699,29188,968.3215399528814,55133558,16623034,56379,1127.6898164989916
89134844,2026-07-31T11:32:56.503490500Z,2026-07-31T11:34:03.313525700Z,EPISODE_TYPE_PUBLIC,COMPLETED,55135317,16624977,104218,1165.1362368070975,55134973,16624941,79861,1032.8983573419782
89134848,2026-07-31T11:32:56.509715100Z,2026-07-31T11:34:00.326746300Z,EPISODE_TYPE_PUBLIC,COMPLETED,55135226,16630323,76919,950.8318594720822,55135136,16622760,55230,907.9457011444447
89134849,2026-07-31T11:32:56.513420100Z,2026-07-31T11:34:16.656289400Z,EPISODE_TYPE_PUBLIC,COMPLETED,55135151,16622330,74635,971.4265149919498,55135016,16624088,89454,1016.4492809736691
89134850,2026-07-31T11:32:56.514669100Z,2026-07-31T11:34:05.892375400Z,EPISODE_TYPE_PUBLIC,COMPLETED,55118533,16621770,926,325.31805417735586,55135322,16629441,3338,449.5241762502051
89134851,2026-07-31T11:32:56.514544Z,2026-07-31T11:34:01.248200900Z,EPISODE_TYPE_PUBLIC,COMPLETED,55135136,16622760,48723,888.2908090842651,55121349,16621802,98662,1002.5298557710473
89134852,2026-07-31T11:32:56.513796400Z,2026-07-31T11:34:17.910757300Z,EPISODE_TYPE_PUBLIC,COMPLETED,55135182,16627906,79600,972.6296605767387,55123452,16623398,57853,895.562941104258
89134857,2026-07-31T11:32:56.518770800Z,2026-07-31T11:34:22.007221900Z,EPISODE_TYPE_PUBLIC,COMPLETED,55134354,16624934,32965,828.1906607513557,55131333,16626839,32965,875.3421431286729
89135322,2026-07-31T11:36:58.471743500Z,2026-07-31T11:38:33.016435900Z,EPISODE_TYPE_PUBLIC,COMPLETED,55135737,16624625,77343,897.8159677421133,55120628,16621153,35421,815.2259323479541
89135324,2026-07-31T11:36:58.475368100Z,2026-07-31T11:38:49.610592500Z,EPISODE_TYPE_PUBLIC,COMPLETED,55129229,16624879,41827,624.1830442806297,55135874,16629201,16862,569.3853601313858
89135325,2026-07-31T11:36:58.475314400Z,2026-07-31T11:38:03.368183Z,EPISODE_TYPE_PUBLIC,COMPLETED,55134478,16622319,60672,894.6217086808756,55135673,16626979,65212,967.1739061227042
89135328,2026-07-31T11:36:58.481808200Z,2026-07-31T11:38:09.401032Z,EPISODE_TYPE_PUBLIC,COMPLETED,55135744,16628727,37726,675.2411560361096,55115608,16621168,34312,620.5584104226093
89135329,2026-07-31T11:36:58.481554800Z,2026-07-31T11:38:19.362644300Z,EPISODE_TYPE_PUBLIC,COMPLETED,55116691,16621802,49839,993.618417735616,55135596,16627472,104546,1059.8283221355641
89135330,2026-07-31T11:36:58.483878900Z,2026-07-31T11:38:15.513652200Z,EPISODE_TYPE_PUBLIC,COMPLETED,55135674,16630249,2880,458.9946053440742,55129930,16624935,37842,630.1043934233348
89135333,2026-07-31T11:36:58.486247100Z,2026-07-31T11:38:13.350719700Z,EPISODE_TYPE_PUBLIC,COMPLETED,55135632,16624934,86913,871.2109538028996,55119314,16622965,42507,789.6619348658998
89135334,2026-07-31T11:36:58.488561500Z,2026-07-31T11:38:18.490226400Z,EPISODE_TYPE_PUBLIC,COMPLETED,55135491,16629699,53388,997.7180378990345,55130594,16623646,236,894.9314011991577
89135335,2026-07-31T11:36:58.491126500Z,2026-07-31T11:38:21.467998600Z,EPISODE_TYPE_PUBLIC,COMPLETED,55135047,16630315,79212,834.6345077209174,55135406,16622487,65217,781.5510822772541
89135336,2026-07-31T11:36:58.491357900Z,2026-07-31T11:38:20.972350500Z,EPISODE_TYPE_PUBLIC,COMPLETED,55135317,16624977,88061,1193.6651671968248,55127466,16623798,85572,1129.6506669112662
89135337,2026-07-31T11:36:58.496380400Z,2026-07-31T11:38:27.625018500Z,EPISODE_TYPE_PUBLIC,COMPLETED,55133712,16626332,65868,896.4392465440112,55134354,16624934,50672,801.5528209961882
89135338,2026-07-31T11:36:58.491059300Z,2026-07-31T11:38:05.332948400Z,EPISODE_TYPE_PUBLIC,COMPLETED,55135483,16621294,62082,883.104148509404,55126464,16623381,44842,823.6010408094039
89135340,2026-07-31T11:36:58.499113700Z,2026-07-31T11:38:45.047988300Z,EPISODE_TYPE_PUBLIC,COMPLETED,55135226,16630323,70420,922.2489742688105,55135182,16627906,77026,996.8754551811368
89135341,2026-07-31T11:36:58.499606300Z,2026-07-31T11:38:21.534248400Z,EPISODE_TYPE_PUBLIC,COMPLETED,55126140,16622919,91698,993.1674320206174,55135151,16622330,80493,944.3776650219448
89135346,2026-07-31T11:36:58.506957900Z,2026-07-31T11:38:00.934853900Z,EPISODE_TYPE_PUBLIC,COMPLETED,55134145,16625047,55669,1014.4297284760206,55121349,16621802,71810,1011.6335518619723
89135348,2026-07-31T11:36:58.506300100Z,2026-07-31T11:38:19.420749300Z,EPISODE_TYPE_PUBLIC,COMPLETED,55134673,16625856,31915,782.4559042804202,55122314,16621153,41530,905.9900687147257
89135819,2026-07-31T11:40:58.275696Z,2026-07-31T11:42:05.158533200Z,EPISODE_TYPE_PUBLIC,COMPLETED,55135737,16624625,101534,973.2190347589782,55133523,16626979,43550,904.362944612243
89135820,2026-07-31T11:40:58.277430600Z,2026-07-31T11:42:30.446630700Z,EPISODE_TYPE_PUBLIC,COMPLETED,55135673,16626979,84332,912.0738863093623,55126140,16622919,86972,1004.552576351632
89135822,2026-07-31T11:40:58.288974400Z,2026-07-31T11:42:15.121971700Z,EPISODE_TYPE_PUBLIC,COMPLETED,55135874,16629201,11828,497.9772535789353,55128208,16656399,50990,629.8232009549539
89135824,2026-07-31T11:40:58.288992600Z,2026-07-31T11:42:17.626406300Z,EPISODE_TYPE_PUBLIC,COMPLETED,55135744,16628727,32970,608.5825563722349,55117347,16622198,38165,706.2807499023726
89135825,2026-07-31T11:40:58.293695600Z,2026-07-31T11:42:17.616638400Z,EPISODE_TYPE_PUBLIC,COMPLETED,55134116,16623034,83697,1033.3250135414962,55135596,16627472,84443,1102.2464252956902
89135828,2026-07-31T11:40:58.298068400Z,2026-07-31T11:42:07.702852200Z,EPISODE_TYPE_PUBLIC,COMPLETED,55132978,16621709,108024,1268.8830772068163,55135317,16624977,104364,1171.2235114362018
89135829,2026-07-31T11:40:58.301133300Z,2026-07-31T11:42:04.788827600Z,EPISODE_TYPE_PUBLIC,COMPLETED,55135491,16629699,90283,1031.9308491148847,55133480,16625060,78357,994.8988400431555
89135830,2026-07-31T11:40:58.302759600Z,2026-07-31T11:42:02.027045100Z,EPISODE_TYPE_PUBLIC,COMPLETED,55134478,16622319,64394,916.8549747739926,55135483,16621294,57838,850.7420468982526
89135836,2026-07-31T11:40:58.312501800Z,2026-07-31T11:42:41.981907500Z,EPISODE_TYPE_PUBLIC,COMPLETED,55125574,16622835,79261,1217.40671354614,55134690,16621709,103357,1264.326518349738
89135838,2026-07-31T11:40:58.313350300Z,2026-07-31T11:42:37.980612800Z,EPISODE_TYPE_PUBLIC,COMPLETED,55134286,16624919,115016,1002.2514378033984,55133093,16623646,60382,944.028514654035
89135843,2026-07-31T11:42:10.910188Z,2026-07-31T11:43:14.047968400Z,EPISODE_TYPE_VALIDATION,COMPLETED,55136099,16623799,32069,600,55136099,16623799,33109,600
89135851,2026-07-31T11:43:36.345401500Z,2026-07-31T11:44:51.724809400Z,EPISODE_TYPE_VALIDATION,COMPLETED,55136134,16623389,51729,600,55136134,16623389,54948,600
89136318,2026-07-31T11:44:56.249986800Z,2026-07-31T11:45:58.905492200Z,EPISODE_TYPE_PUBLIC,COMPLETED,55136134,16623389,85323,712.2604967481071,55129930,16624935,20902,603.8162404694372
89136320,2026-07-31T11:44:56.252637300Z,2026-07-31T11:46:09.948788700Z,EPISODE_TYPE_PUBLIC,COMPLETED,55136099,16623799,90955,673.2648643351841,55136033,16630249,41482,442.5545567922673
89136321,2026-07-31T11:44:56.251485700Z,2026-07-31T11:46:21.507705800Z,EPISODE_TYPE_PUBLIC,COMPLETED,55136099,16623799,84181,725.7559882951466,55136071,16628268,3340,456.86564098120186
89136322,2026-07-31T11:44:56.251044600Z,2026-07-31T11:46:17.806069500Z,EPISODE_TYPE_PUBLIC,COMPLETED,55135737,16624625,52120,913.5581787937407,55119856,16622965,72418,984.5904071675416
89136327,2026-07-31T11:44:56.255464300Z,2026-07-31T11:46:27.850646500Z,EPISODE_TYPE_PUBLIC,COMPLETED,55135673,16626979,84134,950.4049887663509,55131064,16626191,53970,820.070688639223
89136331,2026-07-31T11:44:56.260059Z,2026-07-31T11:46:03.382170200Z,EPISODE_TYPE_PUBLIC,COMPLETED,55125574,16622835,101831,1224.4841447254605,55135596,16627472,86591,1076.5507898316246
89136332,2026-07-31T11:44:56.260823700Z,2026-07-31T11:46:10.636543200Z,EPISODE_TYPE_PUBLIC,COMPLETED,55135874,16629201,19351,442.185741745402,55131700,16623875,35914,586.9227859831739
89136336,2026-07-31T11:44:56.268479700Z,2026-07-31T11:46:15.976531Z,EPISODE_TYPE_PUBLIC,COMPLETED,55135491,16629699,49609,1063.88435961415,55133194,16623199,40207,1039.644465113644
89136337,2026-07-31T11:44:56.270276500Z,2026-07-31T11:46:19.636563500Z,EPISODE_TYPE_PUBLIC,COMPLETED,55127466,16623798,87321,1119.5503124593147,55135317,16624977,119644,1193.7140522912418
89136339,2026-07-31T11:44:56.272564200Z,2026-07-31T11:46:19.671505900Z,EPISODE_TYPE_PUBLIC,COMPLETED,55133141,16622482,64655,892.8653541679619,55135483,16621294,77188,888.2192661732897
89136341,2026-07-31T11:44:56.278890900Z,2026-07-31T11:46:21.924871600Z,EPISODE_TYPE_PUBLIC,COMPLETED,55134810,16629972,38047,913.2807913762073,55122314,16621153,24389,893.5859757697016
89136343,2026-07-31T11:44:56.288545700Z,2026-07-31T11:46:14.134922200Z,EPISODE_TYPE_PUBLIC,COMPLETED,55134844,16623824,1612,324.0164997346696,55117088,16622312,1861,404.60186528322834
89136350,2026-07-31T11:46:45.213807700Z,2026-07-31T11:47:39.114815500Z,EPISODE_TYPE_VALIDATION,COMPLETED,55136190,16625418,19104,600,55136190,16625418,32830,600
89136810,2026-07-31T11:48:54.148695200Z,2026-07-31T11:49:51.996528500Z,EPISODE_TYPE_PUBLIC,COMPLETED,55117940,16622842,24309,714.0734824463184,55136134,16623389,68601,810.2562493056756
89136812,2026-07-31T11:48:54.153357800Z,2026-07-31T11:50:10.968111800Z,EPISODE_TYPE_PUBLIC,COMPLETED,55136190,16625418,5793,523.2020971943385,55128411,16624414,46493,722.3439879333265
89136815,2026-07-31T11:48:54.162053800Z,2026-07-31T11:50:14.928233800Z,EPISODE_TYPE_PUBLIC,COMPLETED,55119163,16622937,56508,653.8743418594779,55136099,16623799,85570,794.1575191423201
89136819,2026-07-31T11:48:54.169657600Z,2026-07-31T11:50:18.466107300Z,EPISODE_TYPE_PUBLIC,COMPLETED,55135737,16624625,87245,965.9158021778336,55133400,16626732,67342,914.0515655442019
89136820,2026-07-31T11:48:54.170808300Z,2026-07-31T11:50:04.472237800Z,EPISODE_TYPE_PUBLIC,COMPLETED,55135673,16626979,46353,993.430765814934,55133093,16623646,24284,927.9463081969932
89136823,2026-07-31T11:48:54.173146800Z,2026-07-31T11:49:57.979154400Z,EPISODE_TYPE_PUBLIC,COMPLETED,55135659,16626093,48353,893.7131491853795,55134973,16624941,78661,1047.5143948801594
89136826,2026-07-31T11:48:54.177705900Z,2026-07-31T11:50:13.844846Z,EPISODE_TYPE_PUBLIC,COMPLETED,55121349,16621802,77523,1005.6603138825828,55135596,16627472,106574,1104.909993362589
89136827,2026-07-31T11:48:54.180922700Z,2026-07-31T11:50:17.746540800Z,EPISODE_TYPE_PUBLIC,COMPLETED,55134735,16622820,48930,771.4967978821714,55135680,16626191,55486,828.6027384779669
89136832,2026-07-31T11:48:54.190006400Z,2026-07-31T11:50:04.668200200Z,EPISODE_TYPE_PUBLIC,COMPLETED,55116715,16622097,3000,324.66579206562375,55135874,16629201,24537,484.32772513156715
89136833,2026-07-31T11:48:54.193963800Z,2026-07-31T11:49:59.113673400Z,EPISODE_TYPE_PUBLIC,COMPLETED,55135491,16629699,47571,1042.5762622773568,55133690,16623645,64818,1142.3561840310415
89136834,2026-07-31T11:48:54.195824800Z,2026-07-31T11:50:11.578798600Z,EPISODE_TYPE_PUBLIC,COMPLETED,55130970,16623381,68932,1128.510427051226,55135317,16624977,87934,1213.559302549602
89136838,2026-07-31T11:48:54.201319300Z,2026-07-31T11:49:56.543447600Z,EPISODE_TYPE_PUBLIC,COMPLETED,55121009,16621219,6099,397.11888214639816,55135327,16623732,1236,265.500649131442
89137306,2026-07-31T11:52:55.600592100Z,2026-07-31T11:53:51.719157100Z,EPISODE_TYPE_PUBLIC,COMPLETED,55136134,16623389,72552,735.311263255482,55135047,16630315,74769,857.2794374436195
89137307,2026-07-31T11:52:55.602871200Z,2026-07-31T11:54:31.890939Z,EPISODE_TYPE_PUBLIC,COMPLETED,55132842,16623316,51217,655.359591817821,55136099,16623799,62152,840.9867236331991
89137312,2026-07-31T11:52:55.609755800Z,2026-07-31T11:54:11.239331700Z,EPISODE_TYPE_PUBLIC,COMPLETED,55136190,16625418,20368,457.52707615239444,55136255,16624934,90080,676.7567813492407
89137315,2026-07-31T11:52:55.613499200Z,2026-07-31T11:54:20.699531800Z,EPISODE_TYPE_PUBLIC,COMPLETED,55135737,16624625,95648,1005.9806562874305,55131142,16622242,54049,931.5861756193048
89137317,2026-07-31T11:52:55.617472500Z,2026-07-31T11:54:05.179397100Z,EPISODE_TYPE_PUBLIC,COMPLETED,55135151,16622330,47815,924.0847973380017,55135673,16626979,60720,1025.5621118373429
89137321,2026-07-31T11:52:55.620987300Z,2026-07-31T11:53:53.379918200Z,EPISODE_TYPE_PUBLIC,COMPLETED,55135596,16627472,95522,1120.6832245090918,55123223,16623398,50076,922.7669900757173
89137325,2026-07-31T11:52:55.627844900Z,2026-07-31T11:54:04.139489900Z,EPISODE_TYPE_PUBLIC,COMPLETED,55117099,16621515,30701,681.7462786537499,55135840,16630249,24920,650.1535347768607
89137326,2026-07-31T11:52:55.630376900Z,2026-07-31T11:54:20.820510600Z,EPISODE_TYPE_PUBLIC,COMPLETED,55135861,16622319,44285,559.6199274608822,55115608,16621168,47367,627.7154189378526
89137327,2026-07-31T11:52:55.632454900Z,2026-07-31T11:54:11.754079300Z,EPISODE_TYPE_PUBLIC,COMPLETED,55116010,16621168,26201,537.1654616824683,55135744,16628727,46507,638.6218685732949
89137328,2026-07-31T11:52:55.635473Z,2026-07-31T11:53:54.760275400Z,EPISODE_TYPE_PUBLIC,COMPLETED,55136033,16630249,38612,574.1242347541421,55135874,16629201,19946,442.2257601064799
89137330,2026-07-31T11:52:55.641047500Z,2026-07-31T11:54:16.239994Z,EPISODE_TYPE_PUBLIC,COMPLETED,55135317,16624977,110562,1190.6993337140768,55134549,16621355,129747,1221.035211811503
89137333,2026-07-31T11:53:10.763414Z,2026-07-31T11:54:00.712050100Z,EPISODE_TYPE_VALIDATION,COMPLETED,55136308,16624824,5135,600,55136308,16624824,12684,600
89137338,2026-07-31T11:54:16.764937300Z,2026-07-31T11:55:22.414220800Z,EPISODE_TYPE_VALIDATION,COMPLETED,55136333,16630713,32069,600,55136333,16630713,33109,600
89137341,2026-07-31T11:54:34.560021800Z,2026-07-31T11:55:55.940846800Z,EPISODE_TYPE_VALIDATION,COMPLETED,55136341,16624625,74469,600,55136341,16624625,81742,600
89137806,2026-07-31T11:56:59.158313400Z,2026-07-31T11:58:26.837611700Z,EPISODE_TYPE_PUBLIC,COMPLETED,55132438,16624893,49751,798.4822880037335,55136099,16623799,76873,896.638824225134
89137807,2026-07-31T11:56:59.159403200Z,2026-07-31T11:57:58.293935900Z,EPISODE_TYPE_PUBLIC,COMPLETED,55136308,16624824,9514,519.5008619461795,55129723,16621402,46071,710.9793007379383
89137809,2026-07-31T11:56:59.160157400Z,2026-07-31T11:58:31.522638Z,EPISODE_TYPE_PUBLIC,COMPLETED,55132512,16623316,26652,602.8591655675735,55136341,16624625,107401,711.6539268862459
89137812,2026-07-31T11:56:59.159438300Z,2026-07-31T11:58:16.004349800Z,EPISODE_TYPE_PUBLIC,COMPLETED,55122779,16623189,23295,664.0923051594141,55136134,16623389,88175,794.0208575813095
89137813,2026-07-31T11:56:59.166066800Z,2026-07-31T11:58:07.362723900Z,EPISODE_TYPE_PUBLIC,COMPLETED,55135077,16629844,40890,574.6433495298724,55136333,16630713,80951,703.9979241071345
89137818,2026-07-31T11:56:59.172979800Z,2026-07-31T11:58:01.938744900Z,EPISODE_TYPE_PUBLIC,COMPLETED,55135673,16626979,56809,1053.342387499401,55126661,16623603,55924,948.4980651561214
89137821,2026-07-31T11:56:59.166866600Z,2026-07-31T11:58:03.829390400Z,EPISODE_TYPE_PUBLIC,COMPLETED,55135737,16624625,89555,1032.1796620440123,55132162,16622482,57190,891.7174243789893
89137822,2026-07-31T11:56:59.179565500Z,2026-07-31T11:58:24.428087Z,EPISODE_TYPE_PUBLIC,COMPLETED,55131823,16623603,59554,1046.5435657012954,55135596,16627472,75321,1144.3656493131728
89137823,2026-07-31T11:56:59.162341Z,2026-07-31T11:58:00.960666200Z,EPISODE_TYPE_PUBLIC,COMPLETED,55135364,16623732,6866,390.38259651067335,55136190,16625418,15068,528.6874830526027
89137828,2026-07-31T11:56:59.195420100Z,2026-07-31T11:58:13.021989Z,EPISODE_TYPE_PUBLIC,COMPLETED,55130977,16625663,3368,497.18802779069,55115827,16621290,3041,413.7739799317827
89137831,2026-07-31T11:56:59.192418400Z,2026-07-31T11:58:00.970005100Z,EPISODE_TYPE_PUBLIC,COMPLETED,55135491,16629699,57114,1064.9376527507784,55129871,16623805,40497,997.5791972522501
89138299,2026-07-31T12:00:55.891525500Z,2026-07-31T12:02:31.602415100Z,EPISODE_TYPE_PUBLIC,COMPLETED,55134686,16626814,30410,702.622116515397,55136341,16624625,97660,807.7542042878182
89138301,2026-07-31T12:00:55.895936300Z,2026-07-31T12:02:01.222388Z,EPISODE_TYPE_PUBLIC,COMPLETED,55129723,16621402,45956,689.5538168351454,55136333,16630713,82683,833.6919082604836
89138303,2026-07-31T12:00:55.897374500Z,2026-07-31T12:02:12.706676800Z,EPISODE_TYPE_PUBLIC,COMPLETED,55136242,16629972,52296,751.355170433102,55116223,16622032,20897,661.8874868131716
89138306,2026-07-31T12:00:55.898754600Z,2026-07-31T12:02:11.548421800Z,EPISODE_TYPE_PUBLIC,COMPLETED,55136308,16624824,8572,445.58052881341484,55122775,16623189,21396,614.7205985476694
89138307,2026-07-31T12:00:55.899162500Z,2026-07-31T12:02:04.471395900Z,EPISODE_TYPE_PUBLIC,COMPLETED,55136134,16623389,71806,819.7667303084442,55133209,16624056,55740,813.2935055961242
89138308,2026-07-31T12:00:55.893320700Z,2026-07-31T12:01:46.769792300Z,EPISODE_TYPE_PUBLIC,COMPLETED,55136372,16628727,3000,528.5013608992384,55136333,16630713,81664,765.1739471877237
89138310,2026-07-31T12:00:55.902379600Z,2026-07-31T12:01:55.404276500Z,EPISODE_TYPE_PUBLIC,COMPLETED,55136134,16623389,67697,753.8360399972134,55136099,16623799,68674,930.6949456623324
89138311,2026-07-31T12:00:55.903288100Z,2026-07-31T12:02:18.988418200Z,EPISODE_TYPE_PUBLIC,COMPLETED,55136190,16625418,9557,473.2892599698843,55132512,16623316,51115,618.831167896501
89138314,2026-07-31T12:00:55.910241200Z,2026-07-31T12:02:04.255211500Z,EPISODE_TYPE_PUBLIC,COMPLETED,55126140,16622919,70301,1018.5190526229843,55135737,16624625,69661,994.5629783678517
89138316,2026-07-31T12:00:55.911729200Z,2026-07-31T12:02:20.158199800Z,EPISODE_TYPE_PUBLIC,COMPLETED,55135673,16626979,76631,1018.7398809130693,55135016,16624088,83383,1042.1614904651324
89138322,2026-07-31T12:00:55.915929400Z,2026-07-31T12:02:15.449714700Z,EPISODE_TYPE_PUBLIC,COMPLETED,55135483,16621294,30657,867.7403775056397,55134817,16623990,78460,988.2145293982459
89138325,2026-07-31T12:00:55.916631400Z,2026-07-31T12:02:03.685341200Z,EPISODE_TYPE_PUBLIC,COMPLETED,55135596,16627472,72770,1166.0750154223028,55135079,16625047,50958,1068.5031556720485
89138326,2026-07-31T12:00:55.916964400Z,2026-07-31T12:02:20.791038700Z,EPISODE_TYPE_PUBLIC,COMPLETED,55134274,16625611,28233,563.7748999222858,55117284,16622422,6212,464.283457543582
89138327,2026-07-31T12:00:55.916927800Z,2026-07-31T12:01:58.512643400Z,EPISODE_TYPE_PUBLIC,COMPLETED,55136139,16630007,9840,429.85900076778,55115733,16621519,34,288.05176878804264
89138328,2026-07-31T12:01:08.053406700Z,2026-07-31T12:02:33.740931500Z,EPISODE_TYPE_VALIDATION,COMPLETED,55136474,16626332,59210,600,55136474,16626332,60918,600
89138331,2026-07-31T12:02:20.184783800Z,2026-07-31T12:03:35.310805500Z,EPISODE_TYPE_VALIDATION,COMPLETED,55136500,16627313,19512,600,55136500,16627313,19512,600
89138791,2026-07-31T12:04:56.237820300Z,2026-07-31T12:06:20.433742800Z,EPISODE_TYPE_PUBLIC,COMPLETED,55136019,16627313,3871,507.85455455003915,55136474,16626332,103310,685.996363033668
89138794,2026-07-31T12:04:56.244549800Z,2026-07-31T12:06:08.161101700Z,EPISODE_TYPE_PUBLIC,COMPLETED,55136500,16627313,18860,500.9390399088282,55123978,16623643,28055,639.0653010140874
89138795,2026-07-31T12:04:56.247642500Z,2026-07-31T12:06:04.662137600Z,EPISODE_TYPE_PUBLIC,COMPLETED,55136341,16624625,89766,894.6513974559275,55126464,16623381,44787,813.7195995574791
89138796,2026-07-31T12:04:56.252496900Z,2026-07-31T12:06:17.380537100Z,EPISODE_TYPE_PUBLIC,COMPLETED,55136333,16630713,83028,894.9279139015424,55135067,16623824,51465,771.8321510123473
89138800,2026-07-31T12:04:56.260808400Z,2026-07-31T12:06:00.364556600Z,EPISODE_TYPE_PUBLIC,COMPLETED,55131142,16622242,45088,917.8875445566913,55136099,16623799,67083,977.3281069055067
89138802,2026-07-31T12:04:56.264548700Z,2026-07-31T12:05:48.525514500Z,EPISODE_TYPE_PUBLIC,COMPLETED,55136308,16624824,2358,335.28252861048276,55116715,16622097,3000,352.3680758379878
89138806,2026-07-31T12:04:56.278566Z,2026-07-31T12:06:00.440485300Z,EPISODE_TYPE_PUBLIC,COMPLETED,55136134,16623389,74098,859.8824882490542,55135406,16622487,56769,772.5239240205492
89138807,2026-07-31T12:04:56.278600100Z,2026-07-31T12:06:01.796895500Z,EPISODE_TYPE_PUBLIC,COMPLETED,55129871,16623805,82416,1011.8398712819211,55136026,16626093,47020,909.936304159659
89138808,2026-07-31T12:04:56.279871100Z,2026-07-31T12:06:08.556858300Z,EPISODE_TYPE_PUBLIC,COMPLETED,55117284,16622422,6222,454.5965029824204,55136190,16625418,22603,531.8914039486931
89138809,2026-07-31T12:04:56.282687400Z,2026-07-31T12:06:04.728263Z,EPISODE_TYPE_PUBLIC,COMPLETED,55133093,16623646,29655,896.9258951166111,55135737,16624625,85213,1016.9921557785547
89138810,2026-07-31T12:04:56.284021300Z,2026-07-31T12:06:03.436391900Z,EPISODE_TYPE_PUBLIC,COMPLETED,55135596,16627472,65872,1196.565719021464,55125574,16622835,52096,1211.3843703182172
89138811,2026-07-31T12:04:56.285583100Z,2026-07-31T12:06:32.980229800Z,EPISODE_TYPE_PUBLIC,COMPLETED,55135673,16626979,59265,992.3889052501478,55126439,16622509,62074,1054.8256244619186
89138817,2026-07-31T12:04:56.291782300Z,2026-07-31T12:06:08.051649600Z,EPISODE_TYPE_PUBLIC,COMPLETED,55135182,16627906,54350,1018.3314016827062,55126072,16623749,51769,938.6664706359071
89138818,2026-07-31T12:04:56.299762800Z,2026-07-31T12:06:15.697313100Z,EPISODE_TYPE_PUBLIC,COMPLETED,55134690,16621709,115610,1286.3471898357336,55129098,16623798,106787,1275.426181246709
89139296,2026-07-31T12:08:54.371135900Z,2026-07-31T12:10:17.381034700Z,EPISODE_TYPE_PUBLIC,COMPLETED,55136474,16626332,105088,787.1791424081623,55117347,16622198,35722,699.2902241721015
89139297,2026-07-31T12:08:54.372767800Z,2026-07-31T12:10:00.559508100Z,EPISODE_TYPE_PUBLIC,COMPLETED,55133262,16621163,42538,839.5541466624501,55136341,16624625,78793,956.7997050558855
89139298,2026-07-31T12:08:54.375940800Z,2026-07-31T12:09:51.458399300Z,EPISODE_TYPE_PUBLIC,COMPLETED,55118662,16621716,8281,500.77393106992525,55136500,16627313,32169,598.5006049257033
89139299,2026-07-31T12:08:54.375132900Z,2026-07-31T12:09:54.487233400Z,EPISODE_TYPE_PUBLIC,COMPLETED,55119531,16622937,41927,898.3374910980249,55136333,16630713,72505,957.4571201798714
89139304,2026-07-31T12:08:54.383124200Z,2026-07-31T12:10:14.241786600Z,EPISODE_TYPE_PUBLIC,COMPLETED,55119531,16622937,25859,893.0306594549651,55136099,16623799,57298,1008.4466302879192
89139307,2026-07-31T12:08:54.390263900Z,2026-07-31T12:09:55.495011500Z,EPISODE_TYPE_PUBLIC,COMPLETED,55131142,16622242,62151,928.8524939838534,55136134,16623389,59568,827.5179123220133
89139310,2026-07-31T12:08:54.395112500Z,2026-07-31T12:10:07.250368900Z,EPISODE_TYPE_PUBLIC,COMPLETED,55135737,16624625,101215,1042.2041607777792,55135673,16626979,68369,969.1672846981633
89139311,2026-07-31T12:08:54.396818600Z,2026-07-31T12:10:12.062547200Z,EPISODE_TYPE_PUBLIC,COMPLETED,55135990,16624888,32826,579.0119931759389,55136190,16625418,27269,486.284962279227
89139312,2026-07-31T12:08:54.398558600Z,2026-07-31T12:10:14.373055700Z,EPISODE_TYPE_PUBLIC,COMPLETED,55133215,16621355,104154,1112.983426032884,55135596,16627472,111610,1214.2590276804845
89139313,2026-07-31T12:08:54.398808200Z,2026-07-31T12:09:53.162210100Z,EPISODE_TYPE_PUBLIC,COMPLETED,55119183,16622943,3000,390.033454357657,55136308,16624824,2381,272.9711371398418
89139314,2026-07-31T12:08:54.400704700Z,2026-07-31T12:10:07.375597100Z,EPISODE_TYPE_PUBLIC,COMPLETED,55135673,16626979,86601,1012.4155004043943,55121355,16622454,79361,909.2777747322814
89139315,2026-07-31T12:08:54.404079900Z,2026-07-31T12:10:21.042720100Z,EPISODE_TYPE_PUBLIC,COMPLETED,55134286,16624919,75737,981.0367736192438,55135016,16624088,81026,1061.05374758254
89139319,2026-07-31T12:08:54.410499500Z,2026-07-31T12:10:32.517687400Z,EPISODE_TYPE_PUBLIC,COMPLETED,55135632,16624934,68209,909.2347214258531,55135182,16627906,69993,1034.7191702120042
89139320,2026-07-31T12:08:54.413332700Z,2026-07-31T12:10:22.347714500Z,EPISODE_TYPE_PUBLIC,COMPLETED,55134810,16629972,32072,888.17824923467,55126134,16623616,96024,944.5280310421847
89139796,2026-07-31T12:12:53.966015700Z,2026-07-31T12:14:08.284627500Z,EPISODE_TYPE_PUBLIC,COMPLETED,55136474,16626332,87733,871.8455294318923,55134313,16624979,41024,781.1671811499194
89139798,2026-07-31T12:12:53.970145300Z,2026-07-31T12:14:11.913976700Z,EPISODE_TYPE_PUBLIC,COMPLETED,55134274,16625611,3046,533.2683057774656,55136500,16627313,36235,669.8319183114392
89139799,2026-07-31T12:12:53.971406800Z,2026-07-31T12:14:27.152417400Z,EPISODE_TYPE_PUBLIC,COMPLETED,55136333,16630713,85791,1000.4080576840593,55121355,16622454,76548,902.4292798610776
89139803,2026-07-31T12:12:53.973135200Z,2026-07-31T12:14:18.069062300Z,EPISODE_TYPE_PUBLIC,COMPLETED,55136341,16624625,90317,1005.4814253337823,55133712,16626332,71224,881.637044328529
89139805,2026-07-31T12:12:53.974235800Z,2026-07-31T12:14:12.860282600Z,EPISODE_TYPE_PUBLIC,COMPLETED,55136099,16623799,73509,980.5002626072331,55132876,16623645,109085,1093.308688569353
89139807,2026-07-31T12:12:53.979875100Z,2026-07-31T12:14:15.898377200Z,EPISODE_TYPE_PUBLIC,COMPLETED,55136474,16626332,90351,931.4937090907966,55136134,16623389,55415,800.6876452429245
89139811,2026-07-31T12:12:53.990525700Z,2026-07-31T12:13:57.579062200Z,EPISODE_TYPE_PUBLIC,COMPLETED,55134838,16624919,93296,1122.7133854486926,55135737,16624625,78872,1021.8050595090572
89139813,2026-07-31T12:12:53.999557100Z,2026-07-31T12:14:09.777738Z,EPISODE_TYPE_PUBLIC,COMPLETED,55135491,16629699,49420,1046.399428449166,55134838,16624919,79290,1139.1649587757859
89139814,2026-07-31T12:12:53.998261100Z,2026-07-31T12:14:17.414099500Z,EPISODE_TYPE_PUBLIC,COMPLETED,55135596,16627472,78786,1191.4884887842738,55135317,16624977,79824,1212.6050439496335
89139816,2026-07-31T12:12:54.008447900Z,2026-07-31T12:14:14.298487900Z,EPISODE_TYPE_PUBLIC,COMPLETED,55135673,16626979,55453,1036.356147503791,55129871,16623805,31638,994.8130829684939
89139817,2026-07-31T12:12:54.010925400Z,2026-07-31T12:14:17.979765400Z,EPISODE_TYPE_PUBLIC,COMPLETED,55135317,16624977,88825,1193.0168107321228,55125574,16622835,105875,1222.052098382804
89139821,2026-07-31T12:12:54.023104500Z,2026-07-31T12:14:06.842348200Z,EPISODE_TYPE_PUBLIC,COMPLETED,55118533,16621770,983,304.05704351733385,55126983,16623582,4448,357.3028549019598
89140299,2026-07-31T12:16:54.137562200Z,2026-07-31T12:18:29.035594400Z,EPISODE_TYPE_PUBLIC,COMPLETED,55134673,16625856,46968,808.2826600959344,55136590,16624888,17696,712.7536314987254
89140302,2026-07-31T12:16:54.140675400Z,2026-07-31T12:17:56.547758300Z,EPISODE_TYPE_PUBLIC,COMPLETED,55133422,16623389,81041,964.4526853073681,55136474,16626332,68125,875.0847489613161
89140306,2026-07-31T12:16:54.146611500Z,2026-07-31T12:18:23.776110600Z,EPISODE_TYPE_PUBLIC,COMPLETED,55134116,16623034,98183,1069.0636278636396,55136341,16624625,94277,1008.7311224881398
89140307,2026-07-31T12:16:54.146946600Z,2026-07-31T12:18:21.894491300Z,EPISODE_TYPE_PUBLIC,COMPLETED,55135737,16624625,93346,1042.677448354804,55136333,16630713,67164,961.0321974148958
89140309,2026-07-31T12:16:54.147140500Z,2026-07-31T12:17:55.184114Z,EPISODE_TYPE_PUBLIC,COMPLETED,55136500,16627313,10534,607.0883298624061,55133563,16623128,31953,722.444758219832
89140313,2026-07-31T12:16:54.152590800Z,2026-07-31T12:18:19.139908Z,EPISODE_TYPE_PUBLIC,COMPLETED,55136099,16623799,77538,943.3281982305965,55126072,16623749,83935,955.5163380218138
89140315,2026-07-31T12:16:54.158472400Z,2026-07-31T12:17:57.316108800Z,EPISODE_TYPE_PUBLIC,COMPLETED,55136134,16623389,75897,830.2865684507144,55135504,16625856,36143,756.6853149845408
89140316,2026-07-31T12:16:54.157659700Z,2026-07-31T12:18:26.347821300Z,EPISODE_TYPE_PUBLIC,COMPLETED,55126439,16622509,104462,1065.4180490554033,55135737,16624625,96951,1020.8303772836172
89140320,2026-07-31T12:16:54.162419Z,2026-07-31T12:17:57.267652500Z,EPISODE_TYPE_PUBLIC,COMPLETED,55134770,16629844,43829,534.3726620845391,55134577,16625611,8994,407.3893092006381
89140321,2026-07-31T12:16:54.162750500Z,2026-07-31T12:17:56.350853600Z,EPISODE_TYPE_PUBLIC,COMPLETED,55136341,16624625,65082,1052.9237931039156,55134817,16623990,23175,967.3236686996953
89140322,2026-07-31T12:16:54.164828300Z,2026-07-31T12:18:12.335873200Z,EPISODE_TYPE_PUBLIC,COMPLETED,55133690,16623645,95754,1156.981881363189,55135016,16624088,78703,1033.1051759812738
89140795,2026-07-31T12:20:56.187070600Z,2026-07-31T12:21:57.708033200Z,EPISODE_TYPE_PUBLIC,COMPLETED,55136474,16626332,100060,936.8888208888626,55123200,16621683,61611,926.3572504138091
89140797,2026-07-31T12:20:56.191091100Z,2026-07-31T12:22:18.813618100Z,EPISODE_TYPE_PUBLIC,COMPLETED,55134145,16625047,59578,1017.5689359996821,55136341,16624625,93810,1050.8062016065612
89140799,2026-07-31T12:20:56.194748300Z,2026-07-31T12:21:53.384305100Z,EPISODE_TYPE_PUBLIC,COMPLETED,55130745,16625149,25501,627.074818781004,55136500,16627313,20734,548.2574762791279
89140800,2026-07-31T12:20:56.197156200Z,2026-07-31T12:22:14.527893500Z,EPISODE_TYPE_PUBLIC,COMPLETED,55115733,16621519,499,269.7252381965286,55136688,16628268,3695,447.8394430170875
89140804,2026-07-31T12:20:56.206971100Z,2026-07-31T12:21:57.302875900Z,EPISODE_TYPE_PUBLIC,COMPLETED,55136099,16623799,77593,973.5137045189142,55128438,16623805,56662,937.2784065364519
89140806,2026-07-31T12:20:56.213719300Z,2026-07-31T12:22:12.591297400Z,EPISODE_TYPE_PUBLIC,COMPLETED,55129773,16621481,45787,789.1770295292156,55136134,16623389,70122,857.2693104977091
89140807,2026-07-31T12:20:56.216080100Z,2026-07-31T12:22:00.477911300Z,EPISODE_TYPE_PUBLIC,COMPLETED,55135491,16629699,56837,1023.0636459530224,55134145,16625047,68267,1039.9473606519423
89140809,2026-07-31T12:20:56.226182800Z,2026-07-31T12:22:03.301157300Z,EPISODE_TYPE_PUBLIC,COMPLETED,55134690,16621709,124449,1302.2188505403135,55129067,16622367,107084,1227.213094168848
89140810,2026-07-31T12:20:56.228794100Z,2026-07-31T12:21:50.115458700Z,EPISODE_TYPE_PUBLIC,COMPLETED,55135874,16629201,23141,492.7514437294433,55130977,16625663,3391,448.5176198637937
89140814,2026-07-31T12:20:56.239903900Z,2026-07-31T12:22:17.639278500Z,EPISODE_TYPE_PUBLIC,COMPLETED,55134812,16623990,50134,877.153805392377,55135047,16630315,62033,887.9768303404231
89141287,2026-07-31T12:24:54.977713200Z,2026-07-31T12:26:20.644712600Z,EPISODE_TYPE_PUBLIC,COMPLETED,55136474,16626332,91698,962.5758278245921,55134386,16627472,30595,783.8901316826892
89141290,2026-07-31T12:24:54.980994600Z,2026-07-31T12:26:03.368568600Z,EPISODE_TYPE_PUBLIC,COMPLETED,55134116,16623034,79271,1048.9839340866106,55136341,16624625,90329,1086.78300173675
89141294,2026-07-31T12:24:54.986510600Z,2026-07-31T12:26:09.909343200Z,EPISODE_TYPE_PUBLIC,COMPLETED,55136500,16627313,40088,591.9732124210681,55132858,16625434,20640,485.9941557328062
89141297,2026-07-31T12:24:54.996702800Z,2026-07-31T12:26:13.120479600Z,EPISODE_TYPE_PUBLIC,COMPLETED,55136099,16623799,71005,946.5287057015099,55133422,16623389,76262,985.3526904073818
89141299,2026-07-31T12:24:55.001010100Z,2026-07-31T12:26:15.931965500Z,EPISODE_TYPE_PUBLIC,COMPLETED,55133558,16623034,61153,1109.675960980026,55135865,16624977,102230,1138.542864360339
89141300,2026-07-31T12:24:55.001348200Z,2026-07-31T12:26:16.233153500Z,EPISODE_TYPE_PUBLIC,COMPLETED,55135317,16624977,43299,1175.1245004152402,55135596,16627472,64164,1211.369177134043
89141302,2026-07-31T12:24:55.004783200Z,2026-07-31T12:26:00.958427900Z,EPISODE_TYPE_PUBLIC,COMPLETED,55136134,16623389,66625,878.6887146272109,55134384,16624979,38448,776.8253642696657
89141304,2026-07-31T12:24:55.009523100Z,2026-07-31T12:26:19.340146400Z,EPISODE_TYPE_PUBLIC,COMPLETED,55135226,16630323,73431,908.3537034242165,55122519,16622919,82811,1008.2681340070463
89141306,2026-07-31T12:24:55.011405700Z,2026-07-31T12:26:05.416946700Z,EPISODE_TYPE_PUBLIC,COMPLETED,55135673,16626979,77446,1014.1079643510722,55135079,16625047,95529,1053.0209090228236
89141780,2026-07-31T12:29:00.264841300Z,2026-07-31T12:30:04.396741100Z,EPISODE_TYPE_PUBLIC,COMPLETED,55136341,16624625,93328,1119.8325881437115,55133558,16623034,92420,1092.5199398268203
89141783,2026-07-31T12:29:00.273595500Z,2026-07-31T12:30:00.327331200Z,EPISODE_TYPE_PUBLIC,COMPLETED,55126464,16623381,46028,825.9967411976186,55136385,16628487,25810,821.64378528319
89141784,2026-07-31T12:29:00.274443300Z,2026-07-31T12:30:10.072332400Z,EPISODE_TYPE_PUBLIC,COMPLETED,55136255,16624934,72299,1012.4730480729124,55134973,16624941,72902,1050.835410806563
89141785,2026-07-31T12:29:00.265647800Z,2026-07-31T12:30:26.933499900Z,EPISODE_TYPE_PUBLIC,COMPLETED,55126072,16623749,44909,942.0294212298126,55136474,16626332,87161,1000.6264061340204
89141786,2026-07-31T12:29:00.277403500Z,2026-07-31T12:30:14.993473500Z,EPISODE_TYPE_PUBLIC,COMPLETED,55120595,16621367,30900,555.8843313301896,55136500,16627313,43919,633.143667459712
89141788,2026-07-31T12:29:00.281939Z,2026-07-31T12:30:20.548689300Z,EPISODE_TYPE_PUBLIC,COMPLETED,55126439,16622509,26439,1057.2433583226566,55135865,16624977,53410,1154.5807711825755
89141789,2026-07-31T12:29:00.290290400Z,2026-07-31T12:30:13.791562700Z,EPISODE_TYPE_PUBLIC,COMPLETED,55136099,16623799,50700,925.2412513749143,55134286,16624919,86795,1001.0117184492623
89141790,2026-07-31T12:29:00.289792900Z,2026-07-31T12:30:08.328720800Z,EPISODE_TYPE_PUBLIC,COMPLETED,55133215,16621355,94013,1127.0932756643338,55134973,16624941,79843,1030.353843818042
89141792,2026-07-31T12:29:00.298366600Z,2026-07-31T12:30:28.029348100Z,EPISODE_TYPE_PUBLIC,COMPLETED,55136134,16623389,74493,919.824955838775,55133882,16622420,54955,811.1367210457114
89141794,2026-07-31T12:29:00.302158500Z,2026-07-31T12:30:22.025248900Z,EPISODE_TYPE_PUBLIC,COMPLETED,55133690,16623645,61910,1136.6373140680737,55128859,16622367,74761,1165.5182899838273
89141795,2026-07-31T12:29:00.304979400Z,2026-07-31T12:30:26.772893600Z,EPISODE_TYPE_PUBLIC,COMPLETED,55135483,16621294,23684,843.3714157553788,55136134,16623389,79211,902.2063644350735
89141796,2026-07-31T12:29:00.301088100Z,2026-07-31T12:30:09.719728200Z,EPISODE_TYPE_PUBLIC,COMPLETED,55136308,16624824,2359,232.38261335275806,55132143,16627717,6094,407.3359857099937
89141797,2026-07-31T12:29:00.306237Z,2026-07-31T12:30:26.915877500Z,EPISODE_TYPE_PUBLIC,COMPLETED,55134673,16625856,36672,779.1297852827615,55134386,16627472,48457,810.4270716864891
89142288,2026-07-31T12:32:56.747968500Z,2026-07-31T12:34:09.841399100Z,EPISODE_TYPE_PUBLIC,COMPLETED,55136725,16630675,77380,930.5363844845742,55135737,16624625,84322,1037.311500682922
89142290,2026-07-31T12:32:56.750353800Z,2026-07-31T12:34:05.901907500Z,EPISODE_TYPE_PUBLIC,COMPLETED,55136535,16621497,172964,1082.1925389817945,55126439,16622509,84576,1046.820727372425
89142295,2026-07-31T12:32:56.754930600Z,2026-07-31T12:33:59.720153500Z,EPISODE_TYPE_PUBLIC,COMPLETED,55133422,16623389,74603,1004.8625647078659,55136474,16626332,45995,964.8303001641854
89142298,2026-07-31T12:32:56.756920100Z,2026-07-31T12:34:22.914143500Z,EPISODE_TYPE_PUBLIC,COMPLETED,55126439,16622509,98863,1059.1959377104117,55136341,16624625,84652,1084.3412712141674
89142302,2026-07-31T12:32:56.760891100Z,2026-07-31T12:33:56.013348100Z,EPISODE_TYPE_PUBLIC,COMPLETED,55136500,16627313,15168,598.5261546742904,55125862,16622338,26701,681.203387096165
89142306,2026-07-31T12:32:56.770139Z,2026-07-31T12:34:03.638356200Z,EPISODE_TYPE_PUBLIC,COMPLETED,55134690,16621709,112956,1282.9774573744266,55129098,16623798,117603,1293.4945329044365
89142307,2026-07-31T12:32:56.775515900Z,2026-07-31T12:33:48.505318Z,EPISODE_TYPE_PUBLIC,COMPLETED,55136190,16625418,13975,526.2809814165572,55117284,16622422,6228,445.4899325563042
89142308,2026-07-31T12:32:56.776952600Z,2026-07-31T12:34:09.746442300Z,EPISODE_TYPE_PUBLIC,COMPLETED,55134770,16629844,6900,498.6437254870234,55136019,16627313,33266,588.4763936078905
89142309,2026-07-31T12:32:56.780338700Z,2026-07-31T12:34:25.601500800Z,EPISODE_TYPE_PUBLIC,COMPLETED,55126140,16622919,60778,1006.5189961439345,55135182,16627906,67939,1055.557886921138
89142787,2026-07-31T12:36:56.930756300Z,2026-07-31T12:38:00.553976200Z,EPISODE_TYPE_PUBLIC,COMPLETED,55136711,16630804,57889,848.0775861474029,55135151,16622330,85018,943.6658314250454
89142790,2026-07-31T12:36:56.937522200Z,2026-07-31T12:38:13.338467600Z,EPISODE_TYPE_PUBLIC,COMPLETED,55136474,16626332,66090,995.2137677448968,55126072,16623749,37917,945.6038214236596
89142792,2026-07-31T12:36:56.939346500Z,2026-07-31T12:37:50.402939800Z,EPISODE_TYPE_PUBLIC,COMPLETED,55126983,16623582,4800,400.94003907868694,55136961,16621572,53,288.43316393725433
89142794,2026-07-31T12:36:56.941722300Z,2026-07-31T12:38:20.211120200Z,EPISODE_TYPE_PUBLIC,COMPLETED,55136341,16624625,100088,1110.1370557760872,55133558,16623034,97015,1076.7411278791692
89142795,2026-07-31T12:36:56.943428900Z,2026-07-31T12:38:19.489264Z,EPISODE_TYPE_PUBLIC,COMPLETED,55119314,16622965,37706,783.5051890369082,55136487,16624056,52776,860.5047044834386
89142800,2026-07-31T12:36:56.950455400Z,2026-07-31T12:37:56.797620900Z,EPISODE_TYPE_PUBLIC,COMPLETED,55136385,16628487,63729,892.6039377535091,55135136,16622760,60627,847.7533361426131
89142803,2026-07-31T12:36:56.956837800Z,2026-07-31T12:38:16.584790400Z,EPISODE_TYPE_PUBLIC,COMPLETED,55119163,16622937,30419,665.7109522575776,55135360,16627751,30340,659.526828242608
89142804,2026-07-31T12:36:56.958165400Z,2026-07-31T12:38:16.405115400Z,EPISODE_TYPE_PUBLIC,COMPLETED,55117099,16621515,42434,672.5245713877213,55135861,16622319,44699,615.8783200626408
89143290,2026-07-31T12:40:58.600457800Z,2026-07-31T12:42:28.612127900Z,EPISODE_TYPE_PUBLIC,COMPLETED,55136474,16626332,75242,1017.4237993337169,55131142,16622242,55084,918.3729874131758
89143297,2026-07-31T12:40:58.601161300Z,2026-07-31T12:42:19.607259900Z,EPISODE_TYPE_PUBLIC,COMPLETED,55135491,16629699,63363,1008.7350114758538,55136341,16624625,94944,1126.8138154609978
89143298,2026-07-31T12:40:58.606503400Z,2026-07-31T12:42:15.812461100Z,EPISODE_TYPE_PUBLIC,COMPLETED,55135047,16630315,72461,914.0433827119834,55123452,16623398,67985,887.9673152129684
89143299,2026-07-31T12:40:58.595285600Z,2026-07-31T12:41:54.185572100Z,EPISODE_TYPE_PUBLIC,COMPLETED,55134770,16629844,61543,522.1222809443806,55137115,16629308,3634,348.2555768499992
89143301,2026-07-31T12:40:58.607402600Z,2026-07-31T12:42:07.185229500Z,EPISODE_TYPE_PUBLIC,COMPLETED,55129923,16622509,128448,1175.691448963141,55135596,16627472,96276,1189.167139590819
89143776,2026-07-31T12:44:55.493703700Z,2026-07-31T12:46:03.232586500Z,EPISODE_TYPE_PUBLIC,COMPLETED,55137276,16627324,209,384.6204166927103,55117284,16622422,6259,455.1433667062199
89143781,2026-07-31T12:44:55.500948500Z,2026-07-31T12:46:24.310506800Z,EPISODE_TYPE_PUBLIC,COMPLETED,55119531,16622937,34882,887.4854980008058,55136946,16630323,62538,987.8672895958535
89143786,2026-07-31T12:44:55.512735300Z,2026-07-31T12:46:15.347470Z,EPISODE_TYPE_PUBLIC,COMPLETED,55136474,16626332,62035,1042.2467164000673,55135491,16629699,37692,990.8220095205054
89143787,2026-07-31T12:44:55.505406100Z,2026-07-31T12:46:14.187280400Z,EPISODE_TYPE_PUBLIC,COMPLETED,55133690,16623645,54733,1121.253084236296,55136535,16621497,80039,1205.32490892601
89143790,2026-07-31T12:44:55.521670200Z,2026-07-31T12:46:52.790295Z,EPISODE_TYPE_PUBLIC,COMPLETED,55127466,16623798,94594,1131.2331996534585,55136341,16624625,79170,1104.3422898525987
89143796,2026-07-31T12:44:55.530207700Z,2026-07-31T12:46:46.618747100Z,EPISODE_TYPE_PUBLIC,COMPLETED,55134770,16629844,45942,555.3453871065668,55136441,16630752,14067,497.9953627239895
89144282,2026-07-31T12:48:55.727658400Z,2026-07-31T12:50:12.083870400Z,EPISODE_TYPE_PUBLIC,COMPLETED,55137210,16625418,15679,544.350211862473,55135522,16630274,6978,383.1836290142089
89144293,2026-07-31T12:48:55.757311500Z,2026-07-31T12:50:00.717398200Z,EPISODE_TYPE_PUBLIC,COMPLETED,55116715,16622097,3000,332.16347403078186,55137089,16621572,3647,412.26588513126967
89144294,2026-07-31T12:48:55.756250900Z,2026-07-31T12:50:15.143308900Z,EPISODE_TYPE_PUBLIC,COMPLETED,55118379,16621497,1075,1065.8051557069293,55136474,16626332,80561,1069.214732533785
89144296,2026-07-31T12:48:55.763626500Z,2026-07-31T12:50:21.933320800Z,EPISODE_TYPE_PUBLIC,COMPLETED,55129871,16623805,80348,1017.5995032622827,55136341,16624625,78346,1076.2802057140339
89144297,2026-07-31T12:48:55.766257Z,2026-07-31T12:50:08.124893700Z,EPISODE_TYPE_PUBLIC,COMPLETED,55135522,16630274,9759,410.0796032608014,55123041,16621683,17116,499.61312268391816
89144299,2026-07-31T12:48:55.769657700Z,2026-07-31T12:50:00.100804700Z,EPISODE_TYPE_PUBLIC,COMPLETED,55134286,16624919,91443,1023.0829511148003,55126140,16622919,87766,994.1025283630249
89144300,2026-07-31T12:48:55.769138900Z,2026-07-31T12:50:49.001136600Z,EPISODE_TYPE_PUBLIC,COMPLETED,55136500,16627313,28616,564.6372204993348,55136718,16630007,29475,623.9067657240777
89144302,2026-07-31T12:48:55.774232Z,2026-07-31T12:50:33.315401500Z,EPISODE_TYPE_PUBLIC,COMPLETED,55134973,16624941,82393,1070.0831641634188,55135182,16627906,59157,1035.0721357128782
89144303,2026-07-31T12:48:55.777496800Z,2026-07-31T12:50:01.398725900Z,EPISODE_TYPE_PUBLIC,COMPLETED,55135317,16624977,95703,1161.5908297043125,55134549,16621355,126022,1250.4516616111678
89144788,2026-07-31T12:52:54.572682300Z,2026-07-31T12:54:07.923808800Z,EPISODE_TYPE_PUBLIC,COMPLETED,55137267,16629308,3618,369.1142362564067,55115827,16621290,4878,425.99491608871114
89144790,2026-07-31T12:52:54.572712400Z,2026-07-31T12:54:03.635319200Z,EPISODE_TYPE_PUBLIC,COMPLETED,55135182,16627906,72584,1053.0016582169183,55136725,16630675,66488,999.7793620021926
89144791,2026-07-31T12:52:54.573814200Z,2026-07-31T12:54:20.298471200Z,EPISODE_TYPE_PUBLIC,COMPLETED,55125574,16622835,90054,1212.4551675350044,55136535,16621497,115726,1260.1010214825233
89144792,2026-07-31T12:52:54.574570600Z,2026-07-31T12:53:49.788009500Z,EPISODE_TYPE_PUBLIC,COMPLETED,55137276,16627324,203,263.00535626418144,55135522,16630274,7682,409.28418445045673
89144793,2026-07-31T12:52:54.577030Z,2026-07-31T12:54:18.264001500Z,EPISODE_TYPE_PUBLIC,COMPLETED,55136474,16626332,41130,1042.282143953728,55125397,16623459,84552,1020.9031696191129
89144795,2026-07-31T12:52:54.580305300Z,2026-07-31T12:54:17.154061500Z,EPISODE_TYPE_PUBLIC,COMPLETED,55117263,16621515,22124,699.7472202524865,55136730,16629972,44807,821.3508356005857
89144799,2026-07-31T12:52:54.592641300Z,2026-07-31T12:54:04.804974600Z,EPISODE_TYPE_PUBLIC,COMPLETED,55135874,16629201,23126,462.9269103912329,55137109,16630335,24784,601.6645906337171
89144800,2026-07-31T12:52:54.590988900Z,2026-07-31T12:53:49.096321100Z,EPISODE_TYPE_PUBLIC,COMPLETED,55136190,16625418,14387,558.34028881851,55134272,16629403,8471,454.7329840083174
89145279,2026-07-31T12:56:54.468598700Z,2026-07-31T12:57:59.611019100Z,EPISODE_TYPE_PUBLIC,COMPLETED,55137510,16622367,132953,777.7986557993411,55116223,16622032,21966,651.7574090084618
89145283,2026-07-31T12:56:54.474684300Z,2026-07-31T12:58:14.905209200Z,EPISODE_TYPE_PUBLIC,COMPLETED,55126464,16623381,48243,820.0514898773364,55137246,16630689,101137,997.612341886665
89145285,2026-07-31T12:56:54.475371900Z,2026-07-31T12:58:30.168144Z,EPISODE_TYPE_PUBLIC,COMPLETED,55135182,16627906,58474,1070.2961266753532,55137102,16623398,56607,1019.8260333872828
89145286,2026-07-31T12:56:54.474540Z,2026-07-31T12:57:57.622083800Z,EPISODE_TYPE_PUBLIC,COMPLETED,55115608,16621168,38444,632.2433781849086,55137512,16629201,17798,445.69941504253393
89145294,2026-07-31T12:56:54.489478900Z,2026-07-31T12:58:23.383820800Z,EPISODE_TYPE_PUBLIC,COMPLETED,55136725,16630675,90410,978.3175490590837,55118379,16621497,129974,1070.6950735868547
89145296,2026-07-31T12:56:54.494403900Z,2026-07-31T12:58:03.143252500Z,EPISODE_TYPE_PUBLIC,COMPLETED,55136026,16626093,56816,879.0520831991124,55134478,16622319,78098,937.7844190068435
89145297,2026-07-31T12:56:54.495255700Z,2026-07-31T12:58:00.941880200Z,EPISODE_TYPE_PUBLIC,COMPLETED,55134735,16622820,39064,802.2561713800742,55120628,16621153,30217,800.1661536008728
89145300,2026-07-31T12:56:54.502048300Z,2026-07-31T12:58:21.958829200Z,EPISODE_TYPE_PUBLIC,COMPLETED,55136099,16623799,56870,947.5555033530068,55131142,16622242,45823,905.7239671989809
89145301,2026-07-31T12:56:54.503383100Z,2026-07-31T12:58:12.741165700Z,EPISODE_TYPE_PUBLIC,COMPLETED,55135151,16622330,32921,939.6755207918904,55135226,16630323,32921,912.4862676130177
89145303,2026-07-31T12:56:54.505175900Z,2026-07-31T12:58:11.301996200Z,EPISODE_TYPE_PUBLIC,COMPLETED,55129098,16623798,120662,1322.2355858753633,55134690,16621709,114726,1267.772736379929
89145775,2026-07-31T13:00:58.393029300Z,2026-07-31T13:02:04.322887800Z,EPISODE_TYPE_PUBLIC,COMPLETED,55118662,16621716,22614,510.8799422360407,55137657,16630896,3515,461.95602668845663
89145781,2026-07-31T13:00:58.401421200Z,2026-07-31T13:02:29.323645500Z,EPISODE_TYPE_PUBLIC,COMPLETED,55135182,16627906,74462,1051.2396509694997,55137246,16630689,82175,1061.3934851502781
89145790,2026-07-31T13:00:58.420407700Z,2026-07-31T13:02:13.759694400Z,EPISODE_TYPE_PUBLIC,COMPLETED,55137496,16627600,5292,307.076571923086,55134543,16623920,9156,417.8077919066509
89145797,2026-07-31T13:00:58.445158500Z,2026-07-31T13:02:19.280578300Z,EPISODE_TYPE_PUBLIC,COMPLETED,55126464,16623381,40338,809.2548113614655,55136730,16629972,40384,830.0755425197301
89145798,2026-07-31T13:00:58.444022100Z,2026-07-31T13:02:12.288864900Z,EPISODE_TYPE_PUBLIC,COMPLETED,55136725,16630675,63491,959.8012787660452,55126439,16622509,81309,1066.3097968692819
89145799,2026-07-31T13:00:58.446398500Z,2026-07-31T13:02:05.348197700Z,EPISODE_TYPE_PUBLIC,COMPLETED,55135673,16626979,70718,995.1722918038689,55135737,16624625,101962,1055.3921917114544
89145800,2026-07-31T13:00:58.447926800Z,2026-07-31T13:01:58.979869600Z,EPISODE_TYPE_PUBLIC,COMPLETED,55132162,16622482,79945,906.2754952048468,55135151,16622330,84674,960.5687635150738
89146275,2026-07-31T13:04:59.725936Z,2026-07-31T13:06:22.844886200Z,EPISODE_TYPE_PUBLIC,COMPLETED,55137644,16630441,122921,859.2525692715665,55134735,16622820,42689,780.1621825164985
89146283,2026-07-31T13:04:59.733454700Z,2026-07-31T13:06:23.427258400Z,EPISODE_TYPE_PUBLIC,COMPLETED,55137246,16630689,78629,1100.1404543855147,55136474,16626332,77775,1010.5315708823755
89146287,2026-07-31T13:04:59.737352Z,2026-07-31T13:06:19.520653600Z,EPISODE_TYPE_PUBLIC,COMPLETED,55136500,16627313,24393,588.6102195046338,55137512,16629201,18103,461.4921531013622
89146294,2026-07-31T13:04:59.756601200Z,2026-07-31T13:06:03.521052600Z,EPISODE_TYPE_PUBLIC,COMPLETED,55135317,16624977,88396,1148.5856746685952,55136535,16621497,158368,1234.5362218065713
89146295,2026-07-31T13:04:59.758661600Z,2026-07-31T13:06:19.427712300Z,EPISODE_TYPE_PUBLIC,COMPLETED,55136946,16630323,70607,898.2499503721975,55134478,16622319,71177,957.2335592809881
89146300,2026-07-31T13:04:59.771399Z,2026-07-31T13:06:21.917899700Z,EPISODE_TYPE_PUBLIC,COMPLETED,55136474,16626332,44783,1026.178629496702,55132596,16623199,77652,1116.875399450172
89146301,2026-07-31T13:04:59.770469200Z,2026-07-31T13:06:01.014821600Z,EPISODE_TYPE_PUBLIC,COMPLETED,55136255,16624934,54925,981.0534100127204,55135047,16630315,54438,895.1370942127911
89146775,2026-07-31T13:08:56.079604700Z,2026-07-31T13:10:11.536745600Z,EPISODE_TYPE_PUBLIC,COMPLETED,55137789,16623488,34233,783.5658169182996,55119163,16622937,27257,658.0520397337434
89146781,2026-07-31T13:08:56.090336300Z,2026-07-31T13:10:25.457889200Z,EPISODE_TYPE_PUBLIC,COMPLETED,55134673,16625856,32079,759.4538375619601,55137499,16630713,36896,874.3263847399932
89146783,2026-07-31T13:08:56.091676300Z,2026-07-31T13:10:22.161903Z,EPISODE_TYPE_PUBLIC,COMPLETED,55133690,16623645,104879,1136.6533684901187,55137246,16630689,88108,1064.2358089726283
89146791,2026-07-31T13:08:56.108566700Z,2026-07-31T13:10:28.486928700Z,EPISODE_TYPE_PUBLIC,COMPLETED,55136099,16623799,83499,931.2247431297267,55137098,16626191,92554,1033.1628993792328
89146796,2026-07-31T13:08:56.118476700Z,2026-07-31T13:10:17.727964400Z,EPISODE_TYPE_PUBLIC,COMPLETED,55125574,16622835,92934,1203.2597109280166,55136535,16621497,165388,1251.5586254960026
89147277,2026-07-31T13:12:55.695071900Z,2026-07-31T13:14:13.873720900Z,EPISODE_TYPE_PUBLIC,COMPLETED,55117263,16621515,39517,694.2912890409585,55137817,16623515,43506,790.8444673273369
89147279,2026-07-31T13:12:55.696233900Z,2026-07-31T13:13:59.790983700Z,EPISODE_TYPE_PUBLIC,COMPLETED,55137510,16622367,96117,1056.3191480240857,55135491,16629699,46581,975.5394918843158
89147282,2026-07-31T13:12:55.695675200Z,2026-07-31T13:14:04.999162700Z,EPISODE_TYPE_PUBLIC,COMPLETED,55119531,16622937,63572,881.5407493770648,55137568,16630675,92869,965.8922012672699
89147285,2026-07-31T13:12:55.699973200Z,2026-07-31T13:14:12.339858800Z,EPISODE_TYPE_PUBLIC,COMPLETED,55135077,16629844,28839,555.1098029694599,55137693,16623920,38559,748.8698185114939
89147298,2026-07-31T13:12:55.727514500Z,2026-07-31T13:14:20.031564Z,EPISODE_TYPE_PUBLIC,COMPLETED,55134690,16621709,115129,1283.1341341043342,55136535,16621497,106165,1245.3861040460617
89147303,2026-07-31T13:12:55.735480200Z,2026-07-31T13:14:01.934032700Z,EPISODE_TYPE_PUBLIC,COMPLETED,55129067,16622367,102526,1227.392205444639,55135596,16627472,95513,1173.167605497108
89147792,2026-07-31T13:16:56.199294900Z,2026-07-31T13:18:03.133384900Z,EPISODE_TYPE_PUBLIC,COMPLETED,55135182,16627906,69133,1036.3721798159102,55137510,16622367,119988,1096.5289753501572
89147794,2026-07-31T13:16:56.201911900Z,2026-07-31T13:18:08.172105700Z,EPISODE_TYPE_PUBLIC,COMPLETED,55135483,16621294,25997,820.9773577162837,55137499,16630713,56847,884.2485127172423
89147797,2026-07-31T13:16:56.208578500Z,2026-07-31T13:18:26.840895100Z,EPISODE_TYPE_PUBLIC,COMPLETED,55136134,16623389,74201,937.1132968861385,55137435,16630964,45987,838.0339670912152
89147799,2026-07-31T13:16:56.211728Z,2026-07-31T13:18:16.133126600Z,EPISODE_TYPE_PUBLIC,COMPLETED,55137248,16630689,88428,1070.5866092099286,55133558,16623034,97819,1092.3692086119338
89147800,2026-07-31T13:16:56.215103700Z,2026-07-31T13:18:08.069054200Z,EPISODE_TYPE_PUBLIC,COMPLETED,55126983,16623582,3693,444.41000143744947,55137657,16630896,3135,367.91091352738636
89147804,2026-07-31T13:16:56.223009800Z,2026-07-31T13:18:13.225982900Z,EPISODE_TYPE_PUBLIC,COMPLETED,55137469,16627313,42861,601.6898664051638,55134770,16629844,16969,527.3882471786128
89147807,2026-07-31T13:16:56.227896200Z,2026-07-31T13:18:09.360889600Z,EPISODE_TYPE_PUBLIC,COMPLETED,55126900,16623823,6669,458.12768479209757,55134274,16625611,29047,562.8192527856054
89147808,2026-07-31T13:16:56.230157100Z,2026-07-31T13:18:44.236388100Z,EPISODE_TYPE_PUBLIC,COMPLETED,55135483,16621294,23191,800.9773460869586,55136242,16629972,53270,867.8668328304136
89147809,2026-07-31T13:16:56.226447100Z,2026-07-31T13:18:23.062011900Z,EPISODE_TYPE_PUBLIC,COMPLETED,55137098,16626191,68320,971.9222813285782,55136474,16626332,104360,1027.1771316224174
89148279,2026-07-31T13:20:56.251392600Z,2026-07-31T13:23:28.038711200Z,EPISODE_TYPE_PUBLIC,COMPLETED,55115608,16621168,34996,639.8399864655099,55138021,16623678,25663,585.6259513646514
89148283,2026-07-31T13:20:56.254526400Z,2026-07-31T13:22:11.629514700Z,EPISODE_TYPE_PUBLIC,COMPLETED,55138022,16628487,68136,776.9555525734329,55116223,16622032,17010,642.2665502094396
89148286,2026-07-31T13:20:56.255841200Z,2026-07-31T13:21:58.273045Z,EPISODE_TYPE_PUBLIC,COMPLETED,55137817,16623515,51281,778.9667851287434,55135136,16622760,76504,866.5948113651631
89148287,2026-07-31T13:20:56.259327800Z,2026-07-31T13:23:04.772769800Z,EPISODE_TYPE_PUBLIC,COMPLETED,55137955,16626979,76423,942.9773014793326,55135151,16622330,60487,936.3734719151091
89148289,2026-07-31T13:20:56.262108700Z,2026-07-31T13:22:13.300846300Z,EPISODE_TYPE_PUBLIC,COMPLETED,55126464,16623381,47019,816.6654619249466,55137789,16623488,25836,701.8594770285711
89148291,2026-07-31T13:20:56.263973Z,2026-07-31T13:22:20.829978100Z,EPISODE_TYPE_PUBLIC,COMPLETED,55136474,16626332,99641,1043.1448841820388,55137598,16629699,66411,987.2625905737718
89148294,2026-07-31T13:20:56.272064100Z,2026-07-31T13:22:05.677331500Z,EPISODE_TYPE_PUBLIC,COMPLETED,55137568,16630675,98516,1085.7611775823354,55136341,16624625,89793,1075.3775727041077
89148300,2026-07-31T13:20:56.282069700Z,2026-07-31T13:22:01.022009500Z,EPISODE_TYPE_PUBLIC,COMPLETED,55137261,16621315,54760,894.1083962239555,55135047,16630315,77725,917.7785925269667
89148302,2026-07-31T13:20:56.286746400Z,2026-07-31T13:22:01.018555500Z,EPISODE_TYPE_PUBLIC,COMPLETED,55137102,16623398,71603,1057.8048060647245,55136341,16624625,75880,1094.8428278974782
89148306,2026-07-31T13:20:56.289450700Z,2026-07-31T13:21:55.180317200Z,EPISODE_TYPE_PUBLIC,COMPLETED,55137469,16627313,22911,571.8817261187986,55118395,16621585,27865,663.0931109162082
89148308,2026-07-31T13:20:56.293896400Z,2026-07-31T13:22:13.190827200Z,EPISODE_TYPE_PUBLIC,COMPLETED,55134286,16624919,90389,1048.0666057105846,55133558,16623034,87975,1074.7998472306924
89148792,2026-07-31T13:24:55.345413100Z,2026-07-31T13:26:05.310537300Z,EPISODE_TYPE_PUBLIC,COMPLETED,55138072,16629165,55514,819.7851027506774,55135483,16621294,21860,779.1229664146811
89148799,2026-07-31T13:24:55.418678800Z,2026-07-31T13:26:12.810198500Z,EPISODE_TYPE_PUBLIC,COMPLETED,55137848,16622993,97799,943.5067352882471,55135136,16622760,54931,849.4447716139066
89148818,2026-07-31T13:24:55.464068200Z,2026-07-31T13:25:56.058946100Z,EPISODE_TYPE_PUBLIC,COMPLETED,55137102,16623398,84529,1079.5960674046364,55134973,16624941,83660,1051.5872588369643
89148820,2026-07-31T13:24:55.474503300Z,2026-07-31T13:25:50.651703300Z,EPISODE_TYPE_PUBLIC,COMPLETED,55134274,16625611,28960,593.597605136168,55137109,16630335,22446,523.4594772007887
89149311,2026-07-31T13:28:55.272760300Z,2026-07-31T13:30:21.327378300Z,EPISODE_TYPE_PUBLIC,COMPLETED,55137848,16622993,96095,1009.5439394857103,55135182,16627906,73077,1018.0515304803914
89149315,2026-07-31T13:28:55.282606200Z,2026-07-31T13:30:04.299824800Z,EPISODE_TYPE_PUBLIC,COMPLETED,55117088,16622312,4114,421.9720438480433,55138099,16625615,3000,336.8178408313028
89149316,2026-07-31T13:28:55.282362100Z,2026-07-31T13:29:58.308153900Z,EPISODE_TYPE_PUBLIC,COMPLETED,55126439,16622509,65543,1056.9230003738999,55137664,16627472,80589,1092.3744670175026
89149322,2026-07-31T13:28:55.288755900Z,2026-07-31T13:30:22.573570300Z,EPISODE_TYPE_PUBLIC,COMPLETED,55129871,16623805,94894,1039.048033471512,55137568,16630675,86938,1097.9014932368789
89149323,2026-07-31T13:28:55.290534800Z,2026-07-31T13:30:15.907978900Z,EPISODE_TYPE_PUBLIC,COMPLETED,55126464,16623381,36800,807.4440894772948,55137499,16630713,42800,854.6510837465829
89149327,2026-07-31T13:28:55.295096700Z,2026-07-31T13:30:12.905927100Z,EPISODE_TYPE_PUBLIC,COMPLETED,55135136,16622760,64616,868.7174815994609,55137495,16630713,62482,826.4076997200056
89149795,2026-07-31T13:33:02.783903300Z,2026-07-31T13:34:20.946403800Z,EPISODE_TYPE_PUBLIC,COMPLETED,55138448,16631480,85402,719.0346923494201,55115388,16621402,47228,629.5642386056256
89149799,2026-07-31T13:33:02.789834500Z,2026-07-31T13:34:14.942191200Z,EPISODE_TYPE_PUBLIC,COMPLETED,55135151,16622330,82530,940.1595032078956,55138072,16629165,59628,818.4228355301299
89149806,2026-07-31T13:33:02.795577400Z,2026-07-31T13:34:04.776507600Z,EPISODE_TYPE_PUBLIC,COMPLETED,55117263,16621515,22659,689.6681680580823,55138022,16628487,79607,812.6647193126881
89149811,2026-07-31T13:33:02.800605900Z,2026-07-31T13:34:19.489387400Z,EPISODE_TYPE_PUBLIC,COMPLETED,55129871,16623805,38337,1024.1431754869388,55137848,16622993,73179,1056.380708741923
89149815,2026-07-31T13:33:02.806322100Z,2026-07-31T13:34:10.786525100Z,EPISODE_TYPE_PUBLIC,COMPLETED,55137644,16630441,113012,1093.1314774679165,55122519,16622919,51927,1000.4458454626262
89149816,2026-07-31T13:33:02.810486800Z,2026-07-31T13:34:11.136358700Z,EPISODE_TYPE_PUBLIC,COMPLETED,55136474,16626332,91651,1062.0568320637367,55137598,16629699,89868,1069.96807205071
89149818,2026-07-31T13:33:02.807478300Z,2026-07-31T13:34:07.979270700Z,EPISODE_TYPE_PUBLIC,COMPLETED,55137510,16622367,103484,1161.9296799570152,55125574,16622835,118354,1212.1544894045123
89149822,2026-07-31T13:33:02.816005300Z,2026-07-31T13:34:10.493876500Z,EPISODE_TYPE_PUBLIC,COMPLETED,55137568,16630675,100274,1111.629491804172,55135151,16622330,75088,926.1532117521722
89150316,2026-07-31T13:37:04.036814100Z,2026-07-31T13:38:19.629397400Z,EPISODE_TYPE_PUBLIC,COMPLETED,55134770,16629844,12466,509.2481732453753,55138569,16628487,88132,685.5312929570492
89150328,2026-07-31T13:37:04.049253500Z,2026-07-31T13:38:22.412802500Z,EPISODE_TYPE_PUBLIC,COMPLETED,55119531,16622937,34518,873.1797995359933,55137987,16629165,56431,858.2668923675626
89150818,2026-07-31T13:41:03.295556900Z,2026-07-31T13:42:16.091671700Z,EPISODE_TYPE_PUBLIC,COMPLETED,55135483,16621294,37157,769.1705579272214,55138237,16625856,84554,977.2300413337271
89150829,2026-07-31T13:41:03.314676500Z,2026-07-31T13:42:13.231027600Z,EPISODE_TYPE_PUBLIC,COMPLETED,55137848,16622993,94715,1113.0935483474705,55135047,16630315,72834,908.2409016080862
89150832,2026-07-31T13:41:03.320671500Z,2026-07-31T13:42:19.203204800Z,EPISODE_TYPE_PUBLIC,COMPLETED,55138021,16623678,20199,606.1410323544997,55118662,16621716,7063,503.3289935885201
89150835,2026-07-31T13:41:03.319638400Z,2026-07-31T13:42:07.126278Z,EPISODE_TYPE_PUBLIC,COMPLETED,55138042,16630323,43880,647.7235938773509,55119163,16622937,58111,668.6747903945597
89150840,2026-07-31T13:41:03.330557800Z,2026-07-31T13:43:02.513194900Z,EPISODE_TYPE_PUBLIC,COMPLETED,55126464,16623381,45703,796.6720595292479,55137817,16623515,46595,793.5815279851658
89150841,2026-07-31T13:41:03.331352400Z,2026-07-31T13:42:21.628481700Z,EPISODE_TYPE_PUBLIC,COMPLETED,55133558,16623034,102008,1088.6418933843293,55137598,16629699,79523,1063.50121714238
89150843,2026-07-31T13:41:03.330970500Z,2026-07-31T13:42:06.285120300Z,EPISODE_TYPE_PUBLIC,COMPLETED,55137510,16622367,96969,1155.1984697373284,55134973,16624941,77480,1039.4744612641723
89151315,2026-07-31T13:45:07.666078300Z,2026-07-31T13:46:17.035819Z,EPISODE_TYPE_PUBLIC,COMPLETED,55122519,16622919,71218,991.4572822178108,55138375,16621709,138789,1049.8979103205577
89151324,2026-07-31T13:45:07.682251700Z,2026-07-31T13:46:26.931871700Z,EPISODE_TYPE_PUBLIC,COMPLETED,55137848,16622993,87630,1088.0936120619028,55135596,16627472,96238,1185.977661124162
89151816,2026-07-31T13:49:10.570472800Z,2026-07-31T13:50:05.728461200Z,EPISODE_TYPE_PUBLIC,COMPLETED,55138515,16631536,44886,585.6815849071968,55136190,16625418,8568,523.6277349662944
89151817,2026-07-31T13:49:10.570577Z,2026-07-31T13:50:11.957783800Z,EPISODE_TYPE_PUBLIC,COMPLETED,55134770,16629844,30707,533.3051445954587,55138539,16623189,16290,451.3299351285043
89151822,2026-07-31T13:49:10.573915300Z,2026-07-31T13:50:16.597580700Z,EPISODE_TYPE_PUBLIC,COMPLETED,55136099,16623799,75514,947.9804435795108,55138072,16629165,58632,865.5497533353526
89151824,2026-07-31T13:49:10.577536600Z,2026-07-31T13:50:30.654424800Z,EPISODE_TYPE_PUBLIC,COMPLETED,55126439,16622509,54260,1048.8909685932572,55137848,16622993,75398,1113.8597818870433
89151826,2026-07-31T13:49:10.582880400Z,2026-07-31T13:50:27.539608300Z,EPISODE_TYPE_PUBLIC,COMPLETED,55136134,16623389,51735,954.7518300144507,55137987,16629165,51390,876.9723172760205
89151829,2026-07-31T13:49:10.592474600Z,2026-07-31T13:50:31.063307600Z,EPISODE_TYPE_PUBLIC,COMPLETED,55135874,16629201,24750,495.5879454833737,55138342,16631101,10729,403.89270288310456
89151832,2026-07-31T13:49:10.600252400Z,2026-07-31T13:50:36.364428500Z,EPISODE_TYPE_PUBLIC,COMPLETED,55135317,16624977,91001,1134.476552216967,55137510,16622367,115936,1188.4202511247086
89151833,2026-07-31T13:49:10.604382100Z,2026-07-31T13:50:44.467934Z,EPISODE_TYPE_PUBLIC,COMPLETED,55137568,16630675,98364,1119.9022031565144,55133690,16623645,99473,1153.365694502415
89152315,2026-07-31T13:53:03.552967600Z,2026-07-31T13:54:11.749412500Z,EPISODE_TYPE_PUBLIC,COMPLETED,55138198,16630675,97819,1145.114008180248,55133558,16623034,96205,1077.3066305343145
89152317,2026-07-31T13:53:03.553459800Z,2026-07-31T13:54:08.828520100Z,EPISODE_TYPE_PUBLIC,COMPLETED,55138237,16625856,69749,950.9348906767381,55136099,16623799,82468,968.3542440684313
89152322,2026-07-31T13:53:03.567438100Z,2026-07-31T13:54:32.360609300Z,EPISODE_TYPE_PUBLIC,COMPLETED,55135136,16622760,65773,886.2205321760347,55138072,16629165,54259,835.2084763130042
89152331,2026-07-31T13:53:03.574675Z,2026-07-31T13:54:26.355255800Z,EPISODE_TYPE_PUBLIC,COMPLETED,55135596,16627472,101428,1201.6939228785893,55137510,16622367,100491,1169.4942499064769
89152333,2026-07-31T13:53:03.581815800Z,2026-07-31T13:54:31.107571Z,EPISODE_TYPE_PUBLIC,COMPLETED,55133558,16623034,80105,1064.1352912044536,55137644,16630441,89469,1078.7059064574885
89152806,2026-07-31T13:57:02.405993900Z,2026-07-31T13:58:23.965127500Z,EPISODE_TYPE_PUBLIC,COMPLETED,55138990,16621515,84434,702.4091980985601,55134274,16625611,26407,570.2587661102151
89152824,2026-07-31T13:57:02.446005600Z,2026-07-31T13:58:05.414396Z,EPISODE_TYPE_PUBLIC,COMPLETED,55138022,16628487,47432,868.9483496238825,55136134,16623389,80706,969.7240955755104
89152825,2026-07-31T13:57:02.449855900Z,2026-07-31T13:58:23.604662400Z,EPISODE_TYPE_PUBLIC,COMPLETED,55126439,16622509,46336,1040.7055079325012,55137848,16622993,74971,1092.1432311151434
89152826,2026-07-31T13:57:02.450002800Z,2026-07-31T13:58:27.035555500Z,EPISODE_TYPE_PUBLIC,COMPLETED,55134286,16624919,95699,1063.3082473593352,55137955,16626979,69302,978.2449348634369
89152833,2026-07-31T13:57:02.464765400Z,2026-07-31T13:58:06.968789800Z,EPISODE_TYPE_PUBLIC,COMPLETED,55137510,16622367,73669,1186.1570016231833,55133690,16623645,69178,1138.4819908450145
89153314,2026-07-31T14:01:04.501609100Z,2026-07-31T14:03:01.534379300Z,EPISODE_TYPE_PUBLIC,COMPLETED,55138931,16630323,43452,661.8209062409813,55135077,16629844,39480,530.9405881924372
89153333,2026-07-31T14:01:04.531051800Z,2026-07-31T14:02:06.242119Z,EPISODE_TYPE_PUBLIC,COMPLETED,55137848,16622993,100338,1110.182590843588,55135737,16624625,88266,1039.1990354055565
89153336,2026-07-31T14:01:04.536919400Z,2026-07-31T14:02:34.965508700Z,EPISODE_TYPE_PUBLIC,COMPLETED,55125574,16622835,63421,1201.2702858568323,55137664,16627472,78714,1187.2181673510904
89153822,2026-07-31T14:05:03.613325700Z,2026-07-31T14:06:06.789498200Z,EPISODE_TYPE_PUBLIC,COMPLETED,55135047,16630315,51751,900.6782916378694,55138990,16621515,51751,839.9517526827437
89153826,2026-07-31T14:05:03.626279300Z,2026-07-31T14:06:05.571734200Z,EPISODE_TYPE_PUBLIC,COMPLETED,55115827,16621290,3990,417.3466664570862,55139143,16631101,10738,560.8891914136221
89153827,2026-07-31T14:05:03.628321700Z,2026-07-31T14:06:21.949446Z,EPISODE_TYPE_PUBLIC,COMPLETED,55136500,16627313,21121,612.0309676890357,55138982,16624824,5233,495.17340577805527
89153835,2026-07-31T14:05:03.651620300Z,2026-07-31T14:06:28.362241200Z,EPISODE_TYPE_PUBLIC,COMPLETED,55133558,16623034,92525,1055.6395911581135,55138198,16630675,99697,1168.7539214513283
89153836,2026-07-31T14:05:03.651833700Z,2026-07-31T14:05:53.033467Z,EPISODE_TYPE_PUBLIC,COMPLETED,55138927,16630548,3000,316.2162339472294,55117284,16622422,6259,461.91135111018065
89153837,2026-07-31T14:05:03.655735700Z,2026-07-31T14:06:24.645333600Z,EPISODE_TYPE_PUBLIC,COMPLETED,55138237,16625856,67074,914.1050701561214,55136099,16623799,81809,983.8859221571271
89154317,2026-07-31T14:09:03.355003700Z,2026-07-31T14:10:02.031548700Z,EPISODE_TYPE_PUBLIC,COMPLETED,55135077,16629844,40702,516.3846676914352,55139152,16630804,80599,750.9683919386446
89154327,2026-07-31T14:09:03.369022600Z,2026-07-31T14:10:27.892607Z,EPISODE_TYPE_PUBLIC,COMPLETED,55138931,16630323,43228,663.6669025071488,55119163,16622937,54441,679.3133557712245
89154330,2026-07-31T14:09:03.375220100Z,2026-07-31T14:10:08.314370200Z,EPISODE_TYPE_PUBLIC,COMPLETED,55118395,16621585,18464,656.1669567422457,55138770,16626217,44282,747.1886960977268
89154341,2026-07-31T14:09:03.394321900Z,2026-07-31T14:10:05.079639400Z,EPISODE_TYPE_PUBLIC,COMPLETED,55133215,16621355,104519,1114.0007258189994,55135596,16627472,105611,1212.9776752863731
89154830,2026-07-31T14:13:03.388211100Z,2026-07-31T14:14:07.526420300Z,EPISODE_TYPE_PUBLIC,COMPLETED,55136190,16625418,19370,506.1375263677654,55139217,16623503,42749,709.957464093958
89154844,2026-07-31T14:13:03.409818700Z,2026-07-31T14:14:06.257085900Z,EPISODE_TYPE_PUBLIC,COMPLETED,55138569,16628487,64281,793.6912864624078,55135047,16630315,72778,914.1634226579515
89154846,2026-07-31T14:13:03.411262100Z,2026-07-31T14:14:07.947784700Z,EPISODE_TYPE_PUBLIC,COMPLETED,55135483,16621294,69750,785.3734765745571,55138442,16630323,44324,706.2120606726019
89154847,2026-07-31T14:13:03.410251500Z,2026-07-31T14:14:21.798695800Z,EPISODE_TYPE_PUBLIC,COMPLETED,55119531,16622937,50484,866.7329267469017,55138237,16625856,74252,911.1367722815651
89154848,2026-07-31T14:13:03.414597400Z,2026-07-31T14:14:12.159844400Z,EPISODE_TYPE_PUBLIC,COMPLETED,55138927,16630548,3000,327.9295138466491,55126983,16623582,4751,473.06917575124737
89154852,2026-07-31T14:13:03.423768100Z,2026-07-31T14:14:16.542872300Z,EPISODE_TYPE_PUBLIC,COMPLETED,55136341,16624625,78483,1062.1207021581022,55137568,16630675,90999,1150.4962784855002
89155323,2026-07-31T14:17:03.929549700Z,2026-07-31T14:18:08.321457Z,EPISODE_TYPE_PUBLIC,COMPLETED,55139122,16629844,75436,927.0833095778096,55136474,16626332,76065,1072.1152601472627
89155327,2026-07-31T14:17:03.943615600Z,2026-07-31T14:18:14.736554800Z,EPISODE_TYPE_PUBLIC,COMPLETED,55116223,16622032,48997,649.9095270253849,55139191,16622097,3000,479.5947646269758
89155333,2026-07-31T14:17:03.957843700Z,2026-07-31T14:18:29.742895300Z,EPISODE_TYPE_PUBLIC,COMPLETED,55138375,16621709,102276,1290.6859513592615,55125574,16622835,62392,1194.4237141774183
89155334,2026-07-31T14:17:03.959110300Z,2026-07-31T14:18:27.658367Z,EPISODE_TYPE_PUBLIC,COMPLETED,55138931,16630323,43074,579.050110246792,55116223,16622032,47464,660.3984418167718
89155348,2026-07-31T14:17:03.988668900Z,2026-07-31T14:18:32.894241900Z,EPISODE_TYPE_PUBLIC,COMPLETED,55135673,16626979,44693,1017.9343577688546,55133194,16623199,44242,1025.8580795050677
89155831,2026-07-31T14:21:02.727582800Z,2026-07-31T14:22:06.151791500Z,EPISODE_TYPE_PUBLIC,COMPLETED,55136099,16623799,77233,967.9946548552784,55139214,16621153,80192,1024.950713877862
89155840,2026-07-31T14:21:02.780899900Z,2026-07-31T14:22:22.165540100Z,EPISODE_TYPE_PUBLIC,COMPLETED,55119531,16622937,49444,861.3240962778766,55138976,16624941,83841,946.9945027117759
89155853,2026-07-31T14:21:02.822809800Z,2026-07-31T14:22:02.469529400Z,EPISODE_TYPE_PUBLIC,COMPLETED,55137848,16622993,94614,1107.5535902115012,55134286,16624919,91659,1047.4779649641546
89156328,2026-07-31T14:25:03.538132500Z,2026-07-31T14:26:21.932417200Z,EPISODE_TYPE_PUBLIC,COMPLETED,55117347,16622198,43331,691.2487781741928,55139678,16630752,92087,738.655723460238
89156339,2026-07-31T14:25:03.562601Z,2026-07-31T14:26:08.215337900Z,EPISODE_TYPE_PUBLIC,COMPLETED,55135317,16624977,105467,1144.7492433472873,55138990,16621515,59146,1021.2594675127629
89156341,2026-07-31T14:25:03.568111600Z,2026-07-31T14:26:24.915289100Z,EPISODE_TYPE_PUBLIC,COMPLETED,55136099,16623799,67063,949.057006201201,55139122,16629844,82654,941.0991069742114
89156352,2026-07-31T14:25:03.584422100Z,2026-07-31T14:26:28.625596600Z,EPISODE_TYPE_PUBLIC,COMPLETED,55125574,16622835,80806,1195.2380498618672,55138198,16630675,89134,1226.9443200299374
89156356,2026-07-31T14:25:03.600045900Z,2026-07-31T14:26:27.974138600Z,EPISODE_TYPE_PUBLIC,COMPLETED,55116223,16622032,20285,652.1141030319495,55134127,16626655,42684,774.1534007123499
89156358,2026-07-31T14:25:03.605170500Z,2026-07-31T14:26:21.248915700Z,EPISODE_TYPE_PUBLIC,COMPLETED,55137248,16630689,79518,1086.6409055620188,55122519,16622919,41998,984.4938616383763
89156359,2026-07-31T14:25:03.608852700Z,2026-07-31T14:26:23.541431300Z,EPISODE_TYPE_PUBLIC,COMPLETED,55137664,16627472,91278,1188.4679557588383,55125574,16622835,93368,1203.6026264227762
89156360,2026-07-31T14:25:03.612011300Z,2026-07-31T14:26:37.791907200Z,EPISODE_TYPE_PUBLIC,COMPLETED,55136535,16621497,97375,1231.9623820741463,55134690,16621709,114306,1296.1785321707234
89156361,2026-07-31T14:25:03.612016300Z,2026-07-31T14:26:05.619158700Z,EPISODE_TYPE_PUBLIC,COMPLETED,55134812,16623990,78078,920.235674875024,55134478,16622319,60467,933.5610896266732
89156857,2026-07-31T14:29:03.012534800Z,2026-07-31T14:30:31.058289Z,EPISODE_TYPE_PUBLIC,COMPLETED,55134286,16624919,71903,1030.6081614925415,55139381,16622835,83631,1065.129189614695
89156858,2026-07-31T14:29:03.013769400Z,2026-07-31T14:30:32.312889300Z,EPISODE_TYPE_PUBLIC,COMPLETED,55135182,16627906,74114,1029.837187239805,55139214,16621153,35598,936.5083570606687
89156863,2026-07-31T14:29:03.024867100Z,2026-07-31T14:30:31.203376700Z,EPISODE_TYPE_PUBLIC,COMPLETED,55139133,16623920,73341,878.0282052056532,55134973,16624941,76192,1048.6337319579343
89156875,2026-07-31T14:29:03.047490300Z,2026-07-31T14:30:00.842991400Z,EPISODE_TYPE_PUBLIC,COMPLETED,55135592,16630274,12974,492.63135112342906,55118662,16621716,13449,513.3835805521036
89156878,2026-07-31T14:29:03.048093600Z,2026-07-31T14:30:32.306334300Z,EPISODE_TYPE_PUBLIC,COMPLETED,55137955,16626979,64145,954.9536897218545,55122519,16622919,67493,993.3369434158988
89156879,2026-07-31T14:29:03.048029100Z,2026-07-31T14:30:23.466746200Z,EPISODE_TYPE_PUBLIC,COMPLETED,55134478,16622319,53787,953.3631738336519,55138237,16625856,49424,937.6500649438431
89157366,2026-07-31T14:33:03.581768300Z,2026-07-31T14:34:51.678817400Z,EPISODE_TYPE_PUBLIC,COMPLETED,55116223,16622032,49161,659.9856614394295,55139846,16621497,3000,507.1036378095344
89157373,2026-07-31T14:33:03.588645500Z,2026-07-31T14:34:11.397413Z,EPISODE_TYPE_PUBLIC,COMPLETED,55139381,16622835,88183,1122.9809013712063,55126439,16622509,45597,1033.8049964761046
89157375,2026-07-31T14:33:03.591713800Z,2026-07-31T14:34:02.383466800Z,EPISODE_TYPE_PUBLIC,COMPLETED,55139573,16623152,8159,402.56492442826624,55118662,16621716,14227,520.2788194076877
89157388,2026-07-31T14:33:03.613627400Z,2026-07-31T14:34:31.326002200Z,EPISODE_TYPE_PUBLIC,COMPLETED,55138198,16630675,99252,1223.8853118907982,55135596,16627472,97655,1198.4373257069324
89157883,2026-07-31T14:37:03.841882700Z,2026-07-31T14:38:09.944322500Z,EPISODE_TYPE_PUBLIC,COMPLETED,55139678,16630752,77306,1023.7046151535405,55134478,16622319,74036,938.6480189858677
89157899,2026-07-31T14:37:03.862236Z,2026-07-31T14:38:13.745413Z,EPISODE_TYPE_PUBLIC,COMPLETED,55136099,16623799,51406,938.0572088255578,55138976,16624941,65813,1050.9048508757903
89158382,2026-07-31T14:41:05.058593600Z,2026-07-31T14:42:30.244322Z,EPISODE_TYPE_PUBLIC,COMPLETED,55118396,16622487,24766,591.7876772502897,55140081,16628487,86377,762.6504168007199
89158394,2026-07-31T14:41:05.075880400Z,2026-07-31T14:42:28.114888300Z,EPISODE_TYPE_PUBLIC,COMPLETED,55139678,16630752,77336,977.6919522744486,55133558,16623034,104122,1065.0726962920537
89158901,2026-07-31T14:45:06.538536300Z,2026-07-31T14:46:12.983708900Z,EPISODE_TYPE_PUBLIC,COMPLETED,55135151,16622330,71970,925.4278367735922,55139678,16630752,72966,1016.0778932579191
89158907,2026-07-31T14:45:06.546906600Z,2026-07-31T14:46:31.423381600Z,EPISODE_TYPE_PUBLIC,COMPLETED,55135047,16630315,60743,897.1592191406229,55139401,16623128,77800,951.0848666304109
89158917,2026-07-31T14:45:06.556588600Z,2026-07-31T14:46:13.822043200Z,EPISODE_TYPE_PUBLIC,COMPLETED,55133558,16623034,86394,1072.5374300440844,55139122,16629844,78191,946.7537101190652
89159404,2026-07-31T14:49:02.961712500Z,2026-07-31T14:50:15.579553900Z,EPISODE_TYPE_PUBLIC,COMPLETED,55140109,16626979,78561,959.3801153920965,55134478,16622319,45418,921.6867739100189
89159407,2026-07-31T14:49:02.965397300Z,2026-07-31T14:50:09.512171500Z,EPISODE_TYPE_PUBLIC,COMPLETED,55134735,16622820,44255,803.0834360898664,55140081,16628487,29444,753.04943950963
89159411,2026-07-31T14:49:02.968291600Z,2026-07-31T14:50:14.358996200Z,EPISODE_TYPE_PUBLIC,COMPLETED,55134735,16622820,52702,818.9590476233835,55139829,16624277,30692,694.6775596442163
89159412,2026-07-31T14:49:02.969023200Z,2026-07-31T14:50:13.040440100Z,EPISODE_TYPE_PUBLIC,COMPLETED,55139678,16630752,68705,1055.7659883161225,55129871,16623805,61086,1010.638634940448
89159414,2026-07-31T14:49:02.970503700Z,2026-07-31T14:50:17.547556700Z,EPISODE_TYPE_PUBLIC,COMPLETED,55140015,16631609,16753,532.7051314681016,55115827,16621290,4518,408.49870813010364
89159418,2026-07-31T14:49:02.974540900Z,2026-07-31T14:50:04.775966200Z,EPISODE_TYPE_PUBLIC,COMPLETED,55117263,16621515,41992,683.5781687372051,55139802,16631595,48001,730.6197900374981
89159423,2026-07-31T14:49:02.985525Z,2026-07-31T14:50:25.163675200Z,EPISODE_TYPE_PUBLIC,COMPLETED,55133690,16623645,55910,1123.6059652529304,55139381,16622835,67599,1158.9655373484131
89159424,2026-07-31T14:49:02.984665400Z,2026-07-31T14:50:06.487271100Z,EPISODE_TYPE_PUBLIC,COMPLETED,55136099,16623799,65010,953.7531463642189,55138990,16621515,60863,940.3595025863348
89159425,2026-07-31T14:49:02.986472600Z,2026-07-31T14:50:34.594431300Z,EPISODE_TYPE_PUBLIC,COMPLETED,55135047,16630315,67880,883.0543198483749,55139122,16629844,80968,965.5176725269787
89159907,2026-07-31T14:53:04.948004400Z,2026-07-31T14:54:31.833423900Z,EPISODE_TYPE_PUBLIC,COMPLETED,55135491,16629699,74105,959.7267679058507,55140109,16626979,92681,1021.7858901980536
89159926,2026-07-31T14:53:04.976844600Z,2026-07-31T14:54:25.186127Z,EPISODE_TYPE_PUBLIC,COMPLETED,55139381,16622835,70668,1173.7740092026104,55134973,16624941,56174,1038.5163055466226
89160411,2026-07-31T14:57:04.888536700Z,2026-07-31T14:58:08.483771300Z,EPISODE_TYPE_PUBLIC,COMPLETED,55115608,16621168,50987,633.1639682917495,55140522,16621515,80538,720.0729124072994
89160428,2026-07-31T14:57:04.926757100Z,2026-07-31T14:58:13.233178300Z,EPISODE_TYPE_PUBLIC,COMPLETED,55139684,16631353,47231,820.0175022791967,55119314,16622965,33850,776.5962893137979
89160433,2026-07-31T14:57:04.928808700Z,2026-07-31T14:58:22.601386100Z,EPISODE_TYPE_PUBLIC,COMPLETED,55139828,16625216,34125,710.5868729580136,55115608,16621168,31735,626.9762698574117
89160923,2026-07-31T15:01:04.423599400Z,2026-07-31T15:02:13.727056100Z,EPISODE_TYPE_PUBLIC,COMPLETED,55135182,16627906,73254,1016.8043650480909,55140228,16630675,105190,1078.7869893611755
89160931,2026-07-31T15:01:04.435488500Z,2026-07-31T15:02:25.959958700Z,EPISODE_TYPE_PUBLIC,COMPLETED,55134286,16624919,51912,1017.7771030834732,55139960,16630441,99287,1107.556832749767
89161430,2026-07-31T15:05:07.704423200Z,2026-07-31T15:06:03.909704100Z,EPISODE_TYPE_PUBLIC,COMPLETED,55116010,16621168,24161,529.1114800653318,55140763,16623485,49439,689.9403817218166
89161435,2026-07-31T15:05:07.708536600Z,2026-07-31T15:06:08.058956700Z,EPISODE_TYPE_PUBLIC,COMPLETED,55118395,16621585,43097,649.4067908893716,55140399,16631595,44711,745.8963704784007
89161436,2026-07-31T15:05:07.707532400Z,2026-07-31T15:06:13.033397800Z,EPISODE_TYPE_PUBLIC,COMPLETED,55134478,16622319,78410,909.7845745584941,55140221,16621153,87524,1021.0847507626478
89161441,2026-07-31T15:05:07.717322600Z,2026-07-31T15:06:30.477512300Z,EPISODE_TYPE_PUBLIC,COMPLETED,55134478,16622319,70226,891.7232764950226,55140249,16626272,70627,883.9746092857932
89161445,2026-07-31T15:05:07.721823Z,2026-07-31T15:06:25.086025400Z,EPISODE_TYPE_PUBLIC,COMPLETED,55119531,16622937,41195,866.7033479434286,55140187,16631101,19617,784.9250308952182
89161447,2026-07-31T15:05:07.728387800Z,2026-07-31T15:06:36.972366300Z,EPISODE_TYPE_PUBLIC,COMPLETED,55119314,16622965,39697,769.4541201226359,55139959,16622809,60007,799.0684502441206
89161448,2026-07-31T15:05:07.734153600Z,2026-07-31T15:06:29.611055500Z,EPISODE_TYPE_PUBLIC,COMPLETED,55139973,16623875,29612,657.3455505058128,55118395,16621585,20067,640.6956762593987
89161453,2026-07-31T15:05:07.741734400Z,2026-07-31T15:06:12.828271300Z,EPISODE_TYPE_PUBLIC,COMPLETED,55122519,16622919,74084,1002.6642085980264,55139678,16630752,73665,985.3250689315591
89161936,2026-07-31T15:09:04.987310700Z,2026-07-31T15:10:20.147965700Z,EPISODE_TYPE_PUBLIC,COMPLETED,55126464,16623381,50220,788.9665304338699,55140647,16632231,84337,878.3325599434617
89161943,2026-07-31T15:09:05.005123Z,2026-07-31T15:10:19.353692200Z,EPISODE_TYPE_PUBLIC,COMPLETED,55140284,16621811,87574,1105.032861845076,55134286,16624919,80115,1005.8621704170131
89161944,2026-07-31T15:09:05.003736900Z,2026-07-31T15:10:21.881421100Z,EPISODE_TYPE_PUBLIC,COMPLETED,55115827,16621290,3677,401.2010387677324,55140734,16623071,40706,571.549171445809
89161947,2026-07-31T15:09:05.013897200Z,2026-07-31T15:10:44.491930100Z,EPISODE_TYPE_PUBLIC,COMPLETED,55136341,16624625,79058,1049.9734873573695,55140109,16626979,104641,1151.4297513653842
89161949,2026-07-31T15:09:05.017246500Z,2026-07-31T15:10:00.233979Z,EPISODE_TYPE_PUBLIC,COMPLETED,55140423,16630111,13022,632.6060418419396,55117284,16622422,6259,456.2492388099196
89161953,2026-07-31T15:09:05.022920800Z,2026-07-31T15:10:23.342221800Z,EPISODE_TYPE_PUBLIC,COMPLETED,55135136,16622760,40024,897.7722778631806,55140187,16631101,28489,761.8951669943006
89161957,2026-07-31T15:09:05.025589900Z,2026-07-31T15:09:58.006450700Z,EPISODE_TYPE_PUBLIC,COMPLETED,55135522,16630274,7682,437.74203585865655,55140397,16631981,6205,337.03029766428125
89162439,2026-07-31T15:13:03.002777900Z,2026-07-31T15:14:25.844086300Z,EPISODE_TYPE_PUBLIC,COMPLETED,55135151,16622330,36330,889.8188031844626,55140733,16632097,37012,840.1139016084505
89162440,2026-07-31T15:13:03.005408800Z,2026-07-31T15:14:29.627352800Z,EPISODE_TYPE_PUBLIC,COMPLETED,55140836,16632294,80288,780.7998858054701,55134274,16625611,26009,555.7578351073986
89162444,2026-07-31T15:13:03.012123400Z,2026-07-31T15:13:59.883717500Z,EPISODE_TYPE_PUBLIC,COMPLETED,55135874,16629201,21400,475.64615359238684,55140916,16631595,83375,677.2694852438972
89162464,2026-07-31T15:13:03.046525Z,2026-07-31T15:14:28.966726100Z,EPISODE_TYPE_PUBLIC,COMPLETED,55140284,16621811,71289,1139.169162988281,55126439,16622509,70145,1027.631705270391
89162472,2026-07-31T15:13:03.061481900Z,2026-07-31T15:14:21.662201900Z,EPISODE_TYPE_PUBLIC,COMPLETED,55135151,16622330,46514,912.3604783413238,55140151,16630825,63973,1015.3659479126504
89162945,2026-07-31T15:17:04.346942100Z,2026-07-31T15:18:07.443062500Z,EPISODE_TYPE_PUBLIC,COMPLETED,55140934,16631353,50897,636.3398921281105,55135483,16621294,74034,797.1556062884852
89162953,2026-07-31T15:17:04.363374700Z,2026-07-31T15:18:17.313842600Z,EPISODE_TYPE_PUBLIC,COMPLETED,55141002,16632055,44106,613.9327834095935,55134274,16625611,2787,530.9785736356207
89162972,2026-07-31T15:17:04.393424400Z,2026-07-31T15:18:10.859844800Z,EPISODE_TYPE_PUBLIC,COMPLETED,55135317,16624977,96365,1157.7468602556569,55140284,16621811,80505,1101.6808273014904
89162976,2026-07-31T15:17:04.399011800Z,2026-07-31T15:17:56.146663400Z,EPISODE_TYPE_PUBLIC,COMPLETED,55116010,16621168,29271,539.2715411908221,55140714,16631981,22765,452.42685663898436
89163967,2026-07-31T15:25:03.870416300Z,2026-07-31T15:26:16.964353100Z,EPISODE_TYPE_PUBLIC,COMPLETED,55134478,16622319,46610,879.6262453751428,55140786,16632097,70311,967.7836871611449
89164490,2026-07-31T15:29:03.474907500Z,2026-07-31T15:30:11.650894700Z,EPISODE_TYPE_PUBLIC,COMPLETED,55135047,16630315,71843,870.509236081827,55140772,16623459,88345,976.3965146334648
89164504,2026-07-31T15:29:03.498015Z,2026-07-31T15:30:11.351763400Z,EPISODE_TYPE_PUBLIC,COMPLETED,55140544,16622198,85020,1104.6330976523977,55136474,16626332,67315,1058.0025622409364
89164506,2026-07-31T15:29:03.499005800Z,2026-07-31T15:30:25.435368100Z,EPISODE_TYPE_PUBLIC,COMPLETED,55129871,16623805,44664,1000.1146155683108,55140284,16621811,59061,1093.852075419799
89164996,2026-07-31T15:33:04.338573800Z,2026-07-31T15:34:32.444849900Z,EPISODE_TYPE_PUBLIC,COMPLETED,55140944,16629844,87417,972.3496645270002,55134478,16622319,78922,868.82041057646
89164997,2026-07-31T15:33:04.338453600Z,2026-07-31T15:34:20.315472200Z,EPISODE_TYPE_PUBLIC,COMPLETED,55140912,16632294,74586,965.9632439875678,55136134,16623389,71697,973.3441246424865
89165002,2026-07-31T15:33:04.348710800Z,2026-07-31T15:34:05.304406400Z,EPISODE_TYPE_PUBLIC,COMPLETED,55129871,16623805,85823,1014.4426074251736,55140783,16631595,78668,1008.1796936738576
89165009,2026-07-31T15:33:04.370419600Z,2026-07-31T15:34:48.406776700Z,EPISODE_TYPE_PUBLIC,COMPLETED,55134973,16624941,52388,1048.0292242989494,55140916,16631595,46478,903.5485805785142
89165015,2026-07-31T15:33:04.387816900Z,2026-07-31T15:34:09.574738900Z,EPISODE_TYPE_PUBLIC,COMPLETED,55136134,16623389,75060,993.7098079791565,55140221,16621153,74256,1032.9993037105519
89165017,2026-07-31T15:33:04.394500600Z,2026-07-31T15:34:24.247830700Z,EPISODE_TYPE_PUBLIC,COMPLETED,55140249,16626272,74262,914.4682560995662,55134286,16624919,108684,1016.9139079585469
89165495,2026-07-31T15:37:03.480247400Z,2026-07-31T15:39:51.897714800Z,EPISODE_TYPE_PUBLIC,COMPLETED,55141230,16621497,153787,897.67602698052,55135047,16630315,54611,854.7383233391016
89165504,2026-07-31T15:37:03.493920200Z,2026-07-31T15:38:28.659765600Z,EPISODE_TYPE_PUBLIC,COMPLETED,55135151,16622330,71193,880.1913574359869,55140971,16632138,92229,1033.6631709119058
89165523,2026-07-31T15:37:03.517000900Z,2026-07-31T15:38:12.346905600Z,EPISODE_TYPE_PUBLIC,COMPLETED,55122519,16622919,70125,993.7389545647966,55140772,16623459,85076,1016.6746216322422
89166534,2026-07-31T15:45:13.389641400Z,2026-07-31T15:46:04.907497100Z,EPISODE_TYPE_PUBLIC,COMPLETED,55126983,16623582,3593,436.2031394609408,55141032,16626105,6524,494.64993806989
89167040,2026-07-31T15:49:05.932331700Z,2026-07-31T15:51:05.070150Z,EPISODE_TYPE_PUBLIC,COMPLETED,55136099,16623799,76133,971.5695055166561,55140977,16629165,73123,1008.4700709310223
89167042,2026-07-31T15:49:05.931436200Z,2026-07-31T15:50:31.046596600Z,EPISODE_TYPE_PUBLIC,COMPLETED,55140971,16632138,76716,1006.2424960356697,55135737,16624625,91830,1055.962933519721
89167043,2026-07-31T15:49:05.929661100Z,2026-07-31T15:50:04.203222600Z,EPISODE_TYPE_PUBLIC,COMPLETED,55136134,16623389,78951,989.556210068789,55141219,16630825,62561,951.2882825366804
89167051,2026-07-31T15:49:05.942325900Z,2026-07-31T15:50:17.586003600Z,EPISODE_TYPE_PUBLIC,COMPLETED,55116010,16621168,30263,548.4699598719279,55141032,16626105,7449,450.26087304181885
89167053,2026-07-31T15:49:05.942459Z,2026-07-31T15:50:24.765679300Z,EPISODE_TYPE_PUBLIC,COMPLETED,55135522,16630274,9090,418.09588899409613,55140714,16631981,36955,579.9898105526478
89167055,2026-07-31T15:49:05.943000400Z,2026-07-31T15:50:17.926750400Z,EPISODE_TYPE_PUBLIC,COMPLETED,55117088,16622312,1749,401.14851974009326,55141110,16632105,1830,420.81808581744656
89167061,2026-07-31T15:49:05.947446300Z,2026-07-31T15:50:11.122275300Z,EPISODE_TYPE_PUBLIC,COMPLETED,55122519,16622919,79038,999.6172424283372,55140733,16632097,77909,883.3942809215556
89167544,2026-07-31T15:53:04.562236500Z,2026-07-31T15:54:12.019976Z,EPISODE_TYPE_PUBLIC,COMPLETED,55134735,16622820,41007,792.3092308917502,55141648,16626332,80535,921.3582289153857
89167550,2026-07-31T15:53:04.566999800Z,2026-07-31T15:54:09.035026600Z,EPISODE_TYPE_PUBLIC,COMPLETED,55141565,16632138,71108,979.2716070718509,55134735,16622820,47005,806.7718153636791
89167553,2026-07-31T15:53:04.566825Z,2026-07-31T15:54:15.192012100Z,EPISODE_TYPE_PUBLIC,COMPLETED,55115388,16621402,18333,621.8473001217773,55141846,16624026,74852,716.6507094805102
89167560,2026-07-31T15:53:04.576058300Z,2026-07-31T15:54:22.852418100Z,EPISODE_TYPE_PUBLIC,COMPLETED,55115827,16621290,5026,392.9910243837,55141500,16630007,48953,518.6800709931758
89168060,2026-07-31T15:57:03.268697600Z,2026-07-31T15:58:22.265258300Z,EPISODE_TYPE_PUBLIC,COMPLETED,55116010,16621168,27233,540.8259943711174,55141947,16627472,115556,693.1014053204046
89168062,2026-07-31T15:57:03.274062600Z,2026-07-31T15:58:06.938243800Z,EPISODE_TYPE_PUBLIC,COMPLETED,55135483,16621294,69514,783.1969105878884,55141710,16631115,86840,889.8770232632625
89168063,2026-07-31T15:57:03.277044500Z,2026-07-31T15:58:21.077237300Z,EPISODE_TYPE_PUBLIC,COMPLETED,55141818,16626462,81522,872.0171773631927,55119314,16622965,41512,764.0831031573604
89168070,2026-07-31T15:57:03.288829400Z,2026-07-31T15:58:05.574390600Z,EPISODE_TYPE_PUBLIC,COMPLETED,55135136,16622760,63567,886.315212394659,55141565,16632138,87942,1020.0774243024792
89168074,2026-07-31T15:57:03.292247900Z,2026-07-31T16:00:01.458804400Z,EPISODE_TYPE_PUBLIC,COMPLETED,55141230,16621497,172970,1164.6064813062249,55136474,16626332,64476,1060.4997586222705
89168078,2026-07-31T15:57:03.298346800Z,2026-07-31T15:58:24.163313900Z,EPISODE_TYPE_PUBLIC,COMPLETED,55136190,16625418,21556,529.1844672754478,55141640,16632293,3719,404.0344922111529
89168083,2026-07-31T15:57:03.304601600Z,2026-07-31T15:58:12.811119800Z,EPISODE_TYPE_PUBLIC,COMPLETED,55140944,16629844,58465,1034.4414004176288,55136341,16624625,72342,1065.2528058181356
89168085,2026-07-31T15:57:03.307064800Z,2026-07-31T15:58:38.673501300Z,EPISODE_TYPE_PUBLIC,COMPLETED,55140971,16632138,75042,1010.5570845576493,55136474,16626332,84417,1070.6875081033731
89168582,2026-07-31T16:01:06.033368500Z,2026-07-31T16:03:58.963666Z,EPISODE_TYPE_PUBLIC,COMPLETED,55136341,16624625,81555,1055.635681999858,55141230,16621497,155688,1186.6116714936088
89168584,2026-07-31T16:01:06.043685300Z,2026-07-31T16:02:33.172075200Z,EPISODE_TYPE_PUBLIC,COMPLETED,55141283,16628487,77356,1032.9044314952505,55136474,16626332,63383,1045.144721137579
89168587,2026-07-31T16:01:06.047552300Z,2026-07-31T16:02:02.055205700Z,EPISODE_TYPE_PUBLIC,COMPLETED,55141643,16632262,11466,505.5526283326745,55117088,16622312,2365,387.75535283454974
89168591,2026-07-31T16:01:06.056971100Z,2026-07-31T16:02:16.665381600Z,EPISODE_TYPE_PUBLIC,COMPLETED,55140109,16626979,75501,1075.388648825212,55133690,16623645,93185,1136.3660547883364
89168593,2026-07-31T16:01:06.060723600Z,2026-07-31T16:02:07.362295100Z,EPISODE_TYPE_PUBLIC,COMPLETED,55140651,16621075,75767,915.0030237269327,55135047,16630315,75700,841.9110796051181
89169084,2026-07-31T16:05:05.292538100Z,2026-07-31T16:06:28.531029100Z,EPISODE_TYPE_PUBLIC,COMPLETED,55134286,16624919,83533,1005.1651108227904,55141648,16626332,85627,1087.6356170192194
89169096,2026-07-31T16:05:05.304998100Z,2026-07-31T16:05:58.281144400Z,EPISODE_TYPE_PUBLIC,COMPLETED,55126983,16623582,5010,463.10235277039084,55141956,16632224,3884,345.23075981299957
89169099,2026-07-31T16:05:05.307925Z,2026-07-31T16:06:09.504366Z,EPISODE_TYPE_PUBLIC,COMPLETED,55134478,16622319,75142,881.3563799053277,55141368,16630111,73361,827.5876882907479
89169584,2026-07-31T16:09:03.963527700Z,2026-07-31T16:10:17.606265100Z,EPISODE_TYPE_PUBLIC,COMPLETED,55118662,16621716,22588,514.6229236321153,55142174,16631609,37539,685.8534034578919
89169585,2026-07-31T16:09:03.965413300Z,2026-07-31T16:10:08.958211500Z,EPISODE_TYPE_PUBLIC,COMPLETED,55142100,16622919,107555,768.8645702114802,55115608,16621168,40775,621.9881426530279
89169589,2026-07-31T16:09:03.969539400Z,2026-07-31T16:10:01.786204800Z,EPISODE_TYPE_PUBLIC,COMPLETED,55134274,16625611,29047,513.8555069530838,55141985,16631609,32484,669.8757100333313
89169601,2026-07-31T16:09:03.984952500Z,2026-07-31T16:10:27.598794200Z,EPISODE_TYPE_PUBLIC,COMPLETED,55136500,16627313,28054,632.9382272752914,55141788,16630007,24699,511.95025459493786
89169602,2026-07-31T16:09:03.986847800Z,2026-07-31T16:10:29.297463800Z,EPISODE_TYPE_PUBLIC,COMPLETED,55135874,16629201,16993,449.4642695253436,55141895,16623540,45410,556.4808195610558
89169610,2026-07-31T16:09:04.001402400Z,2026-07-31T16:11:05.232845800Z,EPISODE_TYPE_PUBLIC,COMPLETED,55141096,16623990,88185,1164.4673886906398,55126439,16622509,76774,1022.548228721115
89169613,2026-07-31T16:09:04.007261800Z,2026-07-31T16:10:22.900262100Z,EPISODE_TYPE_PUBLIC,COMPLETED,55141080,16622015,70364,864.4022580933564,55135151,16622330,70385,895.3629867465861
89169616,2026-07-31T16:09:04.009605900Z,2026-07-31T16:10:22.734923100Z,EPISODE_TYPE_PUBLIC,COMPLETED,55134286,16624919,97963,1020.1568382685506,55141296,16626191,90588,1018.3464819054717
89170095,2026-07-31T16:13:04.018894Z,2026-07-31T16:14:11.806333400Z,EPISODE_TYPE_PUBLIC,COMPLETED,55134735,16622820,34194,776.3427407074244,55142097,16630675,111281,869.2309631242739
89170110,2026-07-31T16:13:04.038471600Z,2026-07-31T16:14:05.971260600Z,EPISODE_TYPE_PUBLIC,COMPLETED,55116010,16621168,25864,530.5513606591734,55142008,16626105,37404,592.2432804376425
89170111,2026-07-31T16:13:04.042388700Z,2026-07-31T16:14:09.215709800Z,EPISODE_TYPE_PUBLIC,COMPLETED,55136134,16623389,76791,1002.8067692283023,55141818,16626462,75006,925.940033199218
89170117,2026-07-31T16:13:04.052469900Z,2026-07-31T16:16:00.583044800Z,EPISODE_TYPE_PUBLIC,COMPLETED,55141230,16621497,57164,1161.7741319572335,55133690,16623645,97069,1152.2683526309072
89170612,2026-07-31T16:17:04.645470800Z,2026-07-31T16:18:11.246345600Z,EPISODE_TYPE_PUBLIC,COMPLETED,55135737,16624625,71883,1036.3595580785209,55141947,16627472,104360,1030.3791188973955
89170613,2026-07-31T16:17:04.646644600Z,2026-07-31T16:18:06.732613500Z,EPISODE_TYPE_PUBLIC,COMPLETED,55116223,16622032,41727,650.6907029061423,55141976,16623488,76445,739.1813365010385
89170620,2026-07-31T16:17:04.652181600Z,2026-07-31T16:18:25.763922500Z,EPISODE_TYPE_PUBLIC,COMPLETED,55141718,16630825,75523,968.6396960094723,55129871,16623805,81949,1025.7642526529212
89170636,2026-07-31T16:17:04.684275100Z,2026-07-31T16:18:22.990100600Z,EPISODE_TYPE_PUBLIC,COMPLETED,55136134,16623389,74700,1012.3363521441249,55140964,16629165,71827,875.4524292621621
89170637,2026-07-31T16:17:04.686228700Z,2026-07-31T16:18:44.708574900Z,EPISODE_TYPE_PUBLIC,COMPLETED,55115733,16621519,2602,246.4853095785155,55141290,16627023,11345,348.94862414920084
89170638,2026-07-31T16:17:04.688047400Z,2026-07-31T16:18:26.662062900Z,EPISODE_TYPE_PUBLIC,COMPLETED,55141219,16630825,47986,995.6497909886169,55129871,16623805,51163,1037.1872870043994
89171137,2026-07-31T16:21:03.942789300Z,2026-07-31T16:22:21.483535Z,EPISODE_TYPE_PUBLIC,COMPLETED,55115608,16621168,35415,615.768284123418,55141895,16623540,37079,689.025344220022
89171141,2026-07-31T16:21:03.952216600Z,2026-07-31T16:22:30.566419500Z,EPISODE_TYPE_PUBLIC,COMPLETED,55140221,16621153,92841,1095.5392044202945,55135317,16624977,109917,1169.128333939821
89171635,2026-07-31T16:25:06.679063800Z,2026-07-31T16:26:07.647980900Z,EPISODE_TYPE_PUBLIC,COMPLETED,55136500,16627313,18391,610.9659803835613,55142490,16623798,130161,714.1471121411723
89171642,2026-07-31T16:25:06.688020800Z,2026-07-31T16:26:36.823799200Z,EPISODE_TYPE_PUBLIC,COMPLETED,55136474,16626332,92253,1032.6512303620634,55142097,16630675,114835,1068.428350928716
89171646,2026-07-31T16:25:06.693514700Z,2026-07-31T16:26:45.270668800Z,EPISODE_TYPE_PUBLIC,COMPLETED,55141809,16632327,75836,1026.672275632821,55135737,16624625,79917,1052.778463754784
89171647,2026-07-31T16:25:06.693449500Z,2026-07-31T16:26:10.615724700Z,EPISODE_TYPE_PUBLIC,COMPLETED,55141947,16627472,106600,1097.1775286279671,55136341,16624625,81913,1042.8088823300998
89171651,2026-07-31T16:25:06.700433900Z,2026-07-31T16:26:27.895638800Z,EPISODE_TYPE_PUBLIC,COMPLETED,55141710,16631115,85587,1019.1043177793777,55136341,16624625,100355,1055.881072089359
89171662,2026-07-31T16:25:06.712692700Z,2026-07-31T16:26:01.355044800Z,EPISODE_TYPE_PUBLIC,COMPLETED,55141985,16631609,38163,548.4050872437356,55126983,16623582,4237,438.529151864626
89172148,2026-07-31T16:29:02.799715700Z,2026-07-31T16:30:26.515450400Z,EPISODE_TYPE_PUBLIC,COMPLETED,55142130,16632201,71873,1032.6646413797887,55134478,16622319,53431,873.540968771978
89172166,2026-07-31T16:29:02.825216500Z,2026-07-31T16:30:20.242810900Z,EPISODE_TYPE_PUBLIC,COMPLETED,55141718,16630825,91289,1010.5527064309907,55133558,16623034,102845,1081.706761932218
89172663,2026-07-31T16:33:03.979168700Z,2026-07-31T16:34:02.789279300Z,EPISODE_TYPE_PUBLIC,COMPLETED,55142100,16622919,78291,989.4036026088635,55129871,16623805,83165,1047.632746730708
89172666,2026-07-31T16:33:03.987695200Z,2026-07-31T16:34:25.614643800Z,EPISODE_TYPE_PUBLIC,COMPLETED,55135737,16624625,85570,1042.213839876755,55141947,16627472,108289,1161.190067937606
89172670,2026-07-31T16:33:03.996467Z,2026-07-31T16:34:13.477969600Z,EPISODE_TYPE_PUBLIC,COMPLETED,55118396,16622487,45183,599.2729316069039,55142206,16630545,12048,485.9601342394652
89172679,2026-07-31T16:33:04.013683200Z,2026-07-31T16:36:00.381283Z,EPISODE_TYPE_PUBLIC,COMPLETED,55135317,16624977,118330,1182.2395395857434,55141230,16621497,13868,1155.6299892533025
89172685,2026-07-31T16:33:04.031754500Z,2026-07-31T16:34:05.478750900Z,EPISODE_TYPE_PUBLIC,COMPLETED,55126439,16622509,118145,1030.2588747633595,55141718,16630825,89324,989.6559114040223
89173155,2026-07-31T16:37:02.840137500Z,2026-07-31T16:38:21.834310900Z,EPISODE_TYPE_PUBLIC,COMPLETED,55142490,16623798,104394,1028.15841081152,55126439,16622509,70234,1021.4233012289177
89173164,2026-07-31T16:37:02.850110600Z,2026-07-31T16:38:21.097664400Z,EPISODE_TYPE_PUBLIC,COMPLETED,55142546,16631090,32408,524.0858197160279,55117284,16622422,6006,447.5581206552264
89173165,2026-07-31T16:37:02.848464300Z,2026-07-31T16:38:22.822527800Z,EPISODE_TYPE_PUBLIC,COMPLETED,55136190,16625418,27517,555.8859719280978,55142569,16632510,8276,484.55933592596386
89173168,2026-07-31T16:37:02.856097200Z,2026-07-31T16:38:29.581345500Z,EPISODE_TYPE_PUBLIC,COMPLETED,55133690,16623645,71519,1131.0617510047528,55142097,16630675,98731,1194.1814199148753
89173176,2026-07-31T16:37:02.863568Z,2026-07-31T16:38:03.539386600Z,EPISODE_TYPE_PUBLIC,COMPLETED,55141682,16622937,130348,1235.982641592981,55133690,16623645,90552,1142.196786205521
89173673,2026-07-31T16:41:03.592622900Z,2026-07-31T16:42:23.164732900Z,EPISODE_TYPE_PUBLIC,COMPLETED,55142534,16630797,44217,975.0391884049042,55136099,16623799,43602,957.1614819939626
89173688,2026-07-31T16:41:03.607833100Z,2026-07-31T16:42:17.770278900Z,EPISODE_TYPE_PUBLIC,COMPLETED,55115827,16621290,3041,382.7594874767527,55142476,16630711,20516,447.2951527341627
89173695,2026-07-31T16:41:03.613302Z,2026-07-31T16:42:26.271071800Z,EPISODE_TYPE_PUBLIC,COMPLETED,55134973,16624941,87013,1064.7037057985394,55140221,16621153,48109,1073.0131477764126
89174188,2026-07-31T16:45:02.626269800Z,2026-07-31T16:46:10.511327100Z,EPISODE_TYPE_PUBLIC,COMPLETED,55135182,16627906,71332,1003.4092599805988,55142296,16623592,73310,1042.9832343736186
89174189,2026-07-31T16:45:02.622512100Z,2026-07-31T16:46:27.719304500Z,EPISODE_TYPE_PUBLIC,COMPLETED,55135737,16624625,63604,1032.2108589126153,55142490,16623798,101830,1159.301150961878
89174198,2026-07-31T16:45:02.638758300Z,2026-07-31T16:46:19.983994700Z,EPISODE_TYPE_PUBLIC,COMPLETED,55136190,16625418,9816,534.813235463536,55142408,16623555,49244,637.1181443992352
89174210,2026-07-31T16:45:02.648827900Z,2026-07-31T16:46:13.664441400Z,EPISODE_TYPE_PUBLIC,COMPLETED,55139960,16630441,126414,1338.2594193050122,55134690,16621709,110012,1283.2810037726722
89174213,2026-07-31T16:45:02.658148900Z,2026-07-31T16:46:33.676834900Z,EPISODE_TYPE_PUBLIC,COMPLETED,55134690,16621709,120441,1297.6767290523705,55134549,16621355,118800,1284.450113713573
89174685,2026-07-31T16:49:06.446785700Z,2026-07-31T16:50:07.851873700Z,EPISODE_TYPE_PUBLIC,COMPLETED,55142860,16631665,46542,823.9116363537009,55119314,16622965,22325,757.7981245845364
89174686,2026-07-31T16:49:06.448702500Z,2026-07-31T16:50:24.999816800Z,EPISODE_TYPE_PUBLIC,COMPLETED,55142935,16630689,106395,712.9312667292045,55115608,16621168,44512,609.9532604581095
89174690,2026-07-31T16:49:06.452688Z,2026-07-31T16:50:28.845657800Z,EPISODE_TYPE_PUBLIC,COMPLETED,55134478,16622319,63038,864.8327708525917,55142736,16632201,90850,995.5615608952303
89175197,2026-07-31T16:53:08.699494100Z,2026-07-31T16:54:14.518406800Z,EPISODE_TYPE_PUBLIC,COMPLETED,55126439,16622509,55560,1013.8181444068492,55142736,16632201,69115,1051.7896323255811
89175201,2026-07-31T16:53:08.700375800Z,2026-07-31T16:54:30.508322500Z,EPISODE_TYPE_PUBLIC,COMPLETED,55134973,16624941,66835,1053.5379771268338,55142364,16629844,83495,1138.8447888363485
89175203,2026-07-31T16:53:08.702121900Z,2026-07-31T16:54:14.013413800Z,EPISODE_TYPE_PUBLIC,COMPLETED,55142430,16626462,89529,938.2276428310319,55136474,16626332,93742,1041.7423422494824
89175210,2026-07-31T16:53:08.711910900Z,2026-07-31T16:54:33.790025Z,EPISODE_TYPE_PUBLIC,COMPLETED,55133558,16623034,85719,1072.7939670606547,55142100,16622919,104365,1142.3643636939014
89175212,2026-07-31T16:53:08.711122700Z,2026-07-31T16:54:15.838379500Z,EPISODE_TYPE_PUBLIC,COMPLETED,55125574,16622835,88299,1203.455747012221,55142097,16630675,83446,1174.3610970685545
89175219,2026-07-31T16:53:08.723020900Z,2026-07-31T16:53:56.575156100Z,EPISODE_TYPE_PUBLIC,COMPLETED,55141640,16632293,3737,383.5411006969461,55135327,16623732,1236,222.49845226900584
89175222,2026-07-31T16:53:08.728080700Z,2026-07-31T16:54:40.972520200Z,EPISODE_TYPE_PUBLIC,COMPLETED,55134973,16624941,79224,1042.005358715819,55140109,16626979,105928,1105.2977574253807
89175704,2026-07-31T16:57:02.412335200Z,2026-07-31T16:58:22.017865300Z,EPISODE_TYPE_PUBLIC,COMPLETED,55142909,16632516,27382,744.7119154898868,55115388,16621402,15912,615.52741935299
89175713,2026-07-31T16:57:02.421287700Z,2026-07-31T16:58:20.846573100Z,EPISODE_TYPE_PUBLIC,COMPLETED,55142620,16621367,50439,560.7528916640367,55135874,16629201,23092,428.2680139796979
89175723,2026-07-31T16:57:02.435307200Z,2026-07-31T16:58:22.892441700Z,EPISODE_TYPE_PUBLIC,COMPLETED,55141682,16622937,109041,1307.8354482414782,55125574,16622835,69526,1197.802102820054
89176215,2026-07-31T17:01:03.157078800Z,2026-07-31T17:02:23.822966800Z,EPISODE_TYPE_PUBLIC,COMPLETED,55136500,16627313,6574,597.1149667073313,55142909,16632516,30874,782.016225990098
89176222,2026-07-31T17:01:03.166997800Z,2026-07-31T17:02:05.557123300Z,EPISODE_TYPE_PUBLIC,COMPLETED,55142430,16626462,81115,951.1413137710381,55136474,16626332,92174,1050.5895672113058
89176230,2026-07-31T17:01:03.180597500Z,2026-07-31T17:02:34.276864700Z,EPISODE_TYPE_PUBLIC,COMPLETED,55135317,16624977,122951,1193.0162995040307,55142100,16622919,91080,1128.3960539189402
89176236,2026-07-31T17:01:03.189744800Z,2026-07-31T17:01:57.809326200Z,EPISODE_TYPE_PUBLIC,COMPLETED,55135874,16629201,20894,456.16833254339133,55142569,16632510,8118,412.70638385539837
89176246,2026-07-31T17:01:03.211134100Z,2026-07-31T17:02:30.739203Z,EPISODE_TYPE_PUBLIC,COMPLETED,55135136,16622760,72083,873.0048970648911,55141368,16630111,89391,951.9978229270811
89176247,2026-07-31T17:01:03.212425800Z,2026-07-31T17:02:06.951597200Z,EPISODE_TYPE_PUBLIC,COMPLETED,55140792,16632253,29046,656.4541725505715,55115608,16621168,25589,603.5223141440663
89176735,2026-07-31T17:05:08.247786400Z,2026-07-31T17:06:23.474398800Z,EPISODE_TYPE_PUBLIC,COMPLETED,55134478,16622319,76500,873.6196629124258,55142535,16630797,34428,761.9971576253722
89176738,2026-07-31T17:05:08.251568Z,2026-07-31T17:06:33.889651300Z,EPISODE_TYPE_PUBLIC,COMPLETED,55142296,16623592,94746,1018.2015465903356,55134478,16622319,60028,866.6517622142086
89176743,2026-07-31T17:05:08.263134Z,2026-07-31T17:06:37.598796900Z,EPISODE_TYPE_PUBLIC,COMPLETED,55142100,16622919,89797,1110.668270866214,55133690,16623645,96185,1142.9760159188772
89176754,2026-07-31T17:05:08.292831400Z,2026-07-31T17:07:13.997441400Z,EPISODE_TYPE_PUBLIC,COMPLETED,55139381,16622835,56853,1199.4826393863489,55135317,16624977,48919,1180.6652222578296
89177237,2026-07-31T17:09:02.440606100Z,2026-07-31T17:09:59.115400400Z,EPISODE_TYPE_PUBLIC,COMPLETED,55116223,16622032,16033,642.6596039415483,55142909,16632516,27227,757.6366141202436
89177238,2026-07-31T17:09:02.441734400Z,2026-07-31T17:10:20.502035Z,EPISODE_TYPE_PUBLIC,COMPLETED,55129871,16623805,63153,1038.3697498710396,55142736,16632201,72987,1115.035778711051
89177247,2026-07-31T17:09:02.453594400Z,2026-07-31T17:10:06.430273200Z,EPISODE_TYPE_PUBLIC,COMPLETED,55142296,16623592,90532,1038.4569621931785,55136134,16623389,69848,998.5435140382152
89177248,2026-07-31T17:09:02.454556800Z,2026-07-31T17:10:16.703008400Z,EPISODE_TYPE_PUBLIC,COMPLETED,55142535,16630797,55507,791.2040600362985,55126464,16623381,48165,779.3555347093704
89177251,2026-07-31T17:09:02.456768100Z,2026-07-31T17:10:08.449142Z,EPISODE_TYPE_PUBLIC,COMPLETED,55142132,16632504,88115,1048.7677413670162,55136474,16626332,92733,1062.4864054047362
89177259,2026-07-31T17:09:02.466978Z,2026-07-31T17:10:10.950239400Z,EPISODE_TYPE_PUBLIC,COMPLETED,55136474,16626332,93652,1070.8125372339025,55140910,16629308,63374,978.7165815422034
89177264,2026-07-31T17:09:02.474244200Z,2026-07-31T17:10:04.757672100Z,EPISODE_TYPE_PUBLIC,COMPLETED,55135151,16622330,64773,910.754853277844,55139152,16630804,61484,898.8661243391056
89177737,2026-07-31T17:13:02.266785500Z,2026-07-31T17:13:58.568631100Z,EPISODE_TYPE_PUBLIC,COMPLETED,55116010,16621168,25859,523.6641544655228,55143325,16632240,31615,688.3744044189286
89177748,2026-07-31T17:13:02.279244900Z,2026-07-31T17:14:05.707226100Z,EPISODE_TYPE_PUBLIC,COMPLETED,55142430,16626462,78376,1019.8558091964081,55135151,16622330,54654,901.2600602918446
89177750,2026-07-31T17:13:02.280719900Z,2026-07-31T17:14:09.204703500Z,EPISODE_TYPE_PUBLIC,COMPLETED,55135317,16624977,106308,1191.2972034390762,55142364,16629844,95913,1143.7528215937105
89177751,2026-07-31T17:13:02.281054Z,2026-07-31T17:14:04.262046100Z,EPISODE_TYPE_PUBLIC,COMPLETED,55134286,16624919,103783,1028.657741041792,55142534,16630797,75537,900.2095633747243
89178251,2026-07-31T17:17:03.166596300Z,2026-07-31T17:18:18.393180600Z,EPISODE_TYPE_PUBLIC,COMPLETED,55118396,16622487,47171,605.3921667778366,55143408,16632579,1381,436.70189313266974
89178260,2026-07-31T17:17:03.175763900Z,2026-07-31T17:18:08.497670300Z,EPISODE_TYPE_PUBLIC,COMPLETED,55143070,16622338,51200,933.2635324063923,55134478,16622319,44949,856.8666536890454
89178261,2026-07-31T17:17:03.174950200Z,2026-07-31T17:18:32.231456600Z,EPISODE_TYPE_PUBLIC,COMPLETED,55135182,16627906,80830,990.4982437387885,55143116,16632201,92537,1032.8873454036818
89178270,2026-07-31T17:17:03.186117300Z,2026-07-31T17:18:27.515060500Z,EPISODE_TYPE_PUBLIC,COMPLETED,55142490,16623798,117678,1300.1235764828527,55134690,16621709,111863,1284.0600646332018
89178271,2026-07-31T17:17:03.186883Z,2026-07-31T17:18:31.287503300Z,EPISODE_TYPE_PUBLIC,COMPLETED,55142736,16632201,78510,1082.1977801022244,55133558,16623034,99992,1083.996293496324
89178272,2026-07-31T17:17:03.190178700Z,2026-07-31T17:18:23.949464600Z,EPISODE_TYPE_PUBLIC,COMPLETED,55142430,16626462,54724,1044.5745332347065,55134973,16624941,50194,1028.6724029709806
89178276,2026-07-31T17:17:03.193389900Z,2026-07-31T17:18:28.454751200Z,EPISODE_TYPE_PUBLIC,COMPLETED,55142296,16623592,76836,1005.1744410721303,55135737,16624625,91847,1045.6162234494136
89178760,2026-07-31T17:21:05.199421500Z,2026-07-31T17:22:24.357537800Z,EPISODE_TYPE_PUBLIC,COMPLETED,55136500,16627313,17527,579.0784081805965,55143481,16622367,126047,704.5867809733242
89178764,2026-07-31T17:21:05.204122500Z,2026-07-31T17:22:22.591358Z,EPISODE_TYPE_PUBLIC,COMPLETED,55143421,16632516,26411,676.487587774186,55126464,16623381,46382,786.0921419173765
89178768,2026-07-31T17:21:05.208301800Z,2026-07-31T17:22:01.333493900Z,EPISODE_TYPE_PUBLIC,COMPLETED,55143325,16632240,25572,530.5026949505725,55115388,16621402,30363,622.8190971940435
89178780,2026-07-31T17:21:05.229381800Z,2026-07-31T17:22:13.402893900Z,EPISODE_TYPE_PUBLIC,COMPLETED,55142490,16623798,113406,1316.8565756516707,55134690,16621709,111808,1272.4159536443021
89179276,2026-07-31T17:25:04.550727100Z,2026-07-31T17:26:00.175628100Z,EPISODE_TYPE_PUBLIC,COMPLETED,55143394,16632777,48152,691.3462366831575,55136500,16627313,35292,562.8195924212766
89179284,2026-07-31T17:25:04.568610800Z,2026-07-31T17:25:59.899121600Z,EPISODE_TYPE_PUBLIC,COMPLETED,55143177,16632224,27526,432.98133171227033,55116010,16621168,29591,531.9239595279657
89179290,2026-07-31T17:25:04.580620100Z,2026-07-31T17:26:36.046571200Z,EPISODE_TYPE_PUBLIC,COMPLETED,55134690,16621709,121347,1287.2077103545453,55142490,16623798,119517,1320.1382218800616
89179299,2026-07-31T17:25:04.593626800Z,2026-07-31T17:26:38.353015100Z,EPISODE_TYPE_PUBLIC,COMPLETED,55134478,16622319,80874,869.52692661853,55139214,16621153,74359,876.9432407287811
89179804,2026-07-31T17:29:03.527064900Z,2026-07-31T17:30:25.877076500Z,EPISODE_TYPE_PUBLIC,COMPLETED,55140081,16628487,32074,785.6567837144879,55134478,16622319,51665,877.7556326868925
89179806,2026-07-31T17:29:03.532703300Z,2026-07-31T17:30:31.899253200Z,EPISODE_TYPE_PUBLIC,COMPLETED,55142097,16630675,92479,1181.054257530823,55135317,16624977,75584,1179.1889420020577
89179807,2026-07-31T17:29:03.535263400Z,2026-07-31T17:30:10.905357700Z,EPISODE_TYPE_PUBLIC,COMPLETED,55126439,16622509,44137,1007.1243985148146,55141710,16631115,70868,1063.2917251207505
89180293,2026-07-31T17:33:02.772832200Z,2026-07-31T17:34:24.456346300Z,EPISODE_TYPE_PUBLIC,COMPLETED,55126464,16623381,38714,782.0127368688741,55143456,16622937,147869,987.2286843141642
89180296,2026-07-31T17:33:02.775393800Z,2026-07-31T17:34:33.313865700Z,EPISODE_TYPE_PUBLIC,COMPLETED,55135151,16622330,72272,891.1369930562112,55143453,16632743,89760,996.5473988610399
89180305,2026-07-31T17:33:02.793030500Z,2026-07-31T17:34:24.435900700Z,EPISODE_TYPE_PUBLIC,COMPLETED,55126464,16623381,43195,778.9960556888242,55143070,16622338,74920,856.1421000274752
89180313,2026-07-31T17:33:02.805098800Z,2026-07-31T17:34:24.286023800Z,EPISODE_TYPE_PUBLIC,COMPLETED,55142860,16631665,59018,777.3641728708944,55135047,16630315,78396,853.9088792657378
89180316,2026-07-31T17:33:02.807884800Z,2026-07-31T17:34:10.203031700Z,EPISODE_TYPE_PUBLIC,COMPLETED,55142490,16623798,111662,1321.4218646402715,55134690,16621709,107748,1276.614874182788
89180803,2026-07-31T17:37:03.792312200Z,2026-07-31T17:38:34.208910400Z,EPISODE_TYPE_PUBLIC,COMPLETED,55143525,16623799,77969,962.5106970157151,55135182,16627906,68796,975.2937971890588
89180806,2026-07-31T17:37:03.802842Z,2026-07-31T17:37:58.251237200Z,EPISODE_TYPE_PUBLIC,COMPLETED,55143713,16632579,1779,413.6562014179624,55115608,16621168,49332,607.2943964137143
89180818,2026-07-31T17:37:03.822969200Z,2026-07-31T17:38:22.094378500Z,EPISODE_TYPE_PUBLIC,COMPLETED,55118396,16622487,30538,613.9234814050925,55143325,16632240,28510,545.3812385241049
89180831,2026-07-31T17:37:03.851168100Z,2026-07-31T17:38:09.858716500Z,EPISODE_TYPE_PUBLIC,COMPLETED,55136099,16623799,64138,947.3552309494255,55140944,16629844,68961,1040.833378896825
89180833,2026-07-31T17:37:03.851290100Z,2026-07-31T17:38:28.340897100Z,EPISODE_TYPE_PUBLIC,COMPLETED,55133558,16623034,100096,1094.171018798177,55140109,16626979,94537,1078.031314753899
89181318,2026-07-31T17:41:02.217164900Z,2026-07-31T17:42:17.945174400Z,EPISODE_TYPE_PUBLIC,COMPLETED,55143845,16621523,52929,720.2689082710847,55118395,16621585,27855,633.7509061390305
89181338,2026-07-31T17:41:02.242530500Z,2026-07-31T17:42:21.531681800Z,EPISODE_TYPE_PUBLIC,COMPLETED,55143239,16630111,84861,899.3191964840947,55135151,16622330,80673,877.9105133042527
89181340,2026-07-31T17:41:02.242530500Z,2026-07-31T17:42:26.625175500Z,EPISODE_TYPE_PUBLIC,COMPLETED,55135737,16624625,77287,1031.8152904151304,55143116,16632201,96389,1054.0800339261216
89181346,2026-07-31T17:41:02.253960300Z,2026-07-31T17:42:08.489223800Z,EPISODE_TYPE_PUBLIC,COMPLETED,55118396,16622487,38642,622.6825989722802,55143098,16629624,27142,572.0448511306902
89181348,2026-07-31T17:41:02.257598200Z,2026-07-31T17:42:18.286144300Z,EPISODE_TYPE_PUBLIC,COMPLETED,55126464,16623381,47869,772.9141667595143,55140187,16631101,53179,779.629382929781
89181839,2026-07-31T17:45:06.623809600Z,2026-07-31T17:46:12.739891300Z,EPISODE_TYPE_PUBLIC,COMPLETED,55134478,16622319,55263,870.3532009923822,55143481,16622367,103218,986.6440856462689
89181864,2026-07-31T17:45:06.666807800Z,2026-07-31T17:46:29.220153800Z,EPISODE_TYPE_PUBLIC,COMPLETED,55126439,16622509,36515,997.93741899332,55139678,16630752,39792,962.4485059547966
89181865,2026-07-31T17:45:06.667773500Z,2026-07-31T17:46:27.354943300Z,EPISODE_TYPE_PUBLIC,COMPLETED,55129871,16623805,46633,1025.9674713847742,55140786,16632097,67643,1014.5407883069364
89182344,2026-07-31T17:49:04.048292Z,2026-07-31T17:50:27.853667100Z,EPISODE_TYPE_PUBLIC,COMPLETED,55126464,16623381,42998,767.8146878420582,55143735,16623198,53038,923.0958793908927
89182846,2026-07-31T17:53:04.564953100Z,2026-07-31T17:54:02.558799600Z,EPISODE_TYPE_PUBLIC,COMPLETED,55143939,16623799,78250,779.4012383270793,55115388,16621402,47343,617.3755043268114
89182847,2026-07-31T17:53:04.566967100Z,2026-07-31T17:54:05.699048800Z,EPISODE_TYPE_PUBLIC,COMPLETED,55136500,16627313,32626,547.9270876749781,55143979,16623691,99465,695.6084699544534
89182848,2026-07-31T17:53:04.570050Z,2026-07-31T17:54:37.875067300Z,EPISODE_TYPE_PUBLIC,COMPLETED,55118396,16622487,24087,615.0861833143696,55144008,16623592,84927,714.5872428310166
89182853,2026-07-31T17:53:04.574437600Z,2026-07-31T17:54:09.906470300Z,EPISODE_TYPE_PUBLIC,COMPLETED,55143931,16623799,93263,791.3833126965704,55134735,16622820,41417,757.2332263352467
89182865,2026-07-31T17:53:04.591734300Z,2026-07-31T17:54:22.600678600Z,EPISODE_TYPE_PUBLIC,COMPLETED,55134286,16624919,53756,1021.0702361987686,55143456,16622937,91013,1167.3905254171632
89182875,2026-07-31T17:53:04.603619700Z,2026-07-31T17:54:02.650806700Z,EPISODE_TYPE_PUBLIC,COMPLETED,55143394,16632777,48545,745.3188550025658,55116223,16622032,41780,634.908733810233
89182879,2026-07-31T17:53:04.611433400Z,2026-07-31T17:54:17.311126200Z,EPISODE_TYPE_PUBLIC,COMPLETED,55143480,16627600,11895,478.8460200031682,55118662,16621716,19581,523.1780807363284
89183361,2026-07-31T17:57:03.153508200Z,2026-07-31T17:57:57.114423300Z,EPISODE_TYPE_PUBLIC,COMPLETED,55144144,16623691,110330,667.8078444134808,55117284,16622422,6212,442.85205842614994
89183365,2026-07-31T17:57:03.157308300Z,2026-07-31T17:58:32.876324300Z,EPISODE_TYPE_PUBLIC,COMPLETED,55126439,16622509,79693,996.975146240999,55143726,16632743,84229,1075.5567711933086
89183367,2026-07-31T17:57:03.158421400Z,2026-07-31T17:58:10.360648500Z,EPISODE_TYPE_PUBLIC,COMPLETED,55143722,16629699,128329,1050.4721051575323,55134286,16624919,75571,1009.2919319166577
89183376,2026-07-31T17:57:03.175764100Z,2026-07-31T17:58:13.809103800Z,EPISODE_TYPE_PUBLIC,COMPLETED,55143453,16632743,83067,1069.3970493034756,55136341,16624625,77823,1042.8894294928532
89183383,2026-07-31T17:57:03.190354400Z,2026-07-31T17:58:10.570463200Z,EPISODE_TYPE_PUBLIC,COMPLETED,55143116,16632201,95195,1141.88107573601,55136474,16626332,75892,1062.302308189393
89183386,2026-07-31T17:57:03.192066200Z,2026-07-31T17:58:31.315467200Z,EPISODE_TYPE_PUBLIC,COMPLETED,55143242,16630711,42050,778.4563640437601,55134735,16622820,43540,776.9591764464542
89183392,2026-07-31T17:57:03.205481400Z,2026-07-31T17:58:24.595578600Z,EPISODE_TYPE_PUBLIC,COMPLETED,55133880,16622420,40987,887.8400420609496,55126439,16622509,98005,1002.8515027106382
89183396,2026-07-31T17:57:03.214027900Z,2026-07-31T17:58:22.082005600Z,EPISODE_TYPE_PUBLIC,COMPLETED,55135483,16621294,55231,768.6053075381878,55139133,16623920,64311,836.8999943110593
89183869,2026-07-31T18:01:03.445357800Z,2026-07-31T18:03:04.716477100Z,EPISODE_TYPE_PUBLIC,COMPLETED,55134478,16622319,53785,879.0346641675035,55143939,16623799,53343,801.0487304624395
89183874,2026-07-31T18:01:03.449871600Z,2026-07-31T18:02:07.002463900Z,EPISODE_TYPE_PUBLIC,COMPLETED,55126439,16622509,58323,992.1146569661263,55143726,16632743,75250,1108.9214107164762
89183876,2026-07-31T18:01:03.451340Z,2026-07-31T18:02:17.724263Z,EPISODE_TYPE_PUBLIC,COMPLETED,55143982,16623006,3000,434.25076308138154,55136308,16624824,2360,203.91965317614913
89183883,2026-07-31T18:01:03.460387800Z,2026-07-31T18:02:10.988779400Z,EPISODE_TYPE_PUBLIC,COMPLETED,55135317,16624977,45464,1169.046215781126,55143456,16622937,75030,1208.878348865593
89183896,2026-07-31T18:01:03.476061600Z,2026-07-31T18:02:20.709241800Z,EPISODE_TYPE_PUBLIC,COMPLETED,55143394,16632777,43253,731.3835952174925,55135483,16621294,68837,783.3872463968281
89184388,2026-07-31T18:05:03.138585300Z,2026-07-31T18:06:05.479012800Z,EPISODE_TYPE_PUBLIC,COMPLETED,55135047,16630315,73790,865.9520805699931,55143735,16623198,57412,798.6148233708411
89184395,2026-07-31T18:05:03.155012200Z,2026-07-31T18:06:19.723347200Z,EPISODE_TYPE_PUBLIC,COMPLETED,55143823,16632262,39201,522.4581187030501,55117284,16622422,6203,435.17827224047403
89184885,2026-07-31T18:09:03.098793100Z,2026-07-31T18:10:05.066156800Z,EPISODE_TYPE_PUBLIC,COMPLETED,55126464,16623381,46969,760.9162765155444,55144165,16626272,112100,842.3583205034703
89184891,2026-07-31T18:09:03.105554Z,2026-07-31T18:10:08.160603Z,EPISODE_TYPE_PUBLIC,COMPLETED,55143931,16623799,85314,1056.5552806748658,55134973,16624941,84393,1016.7455519095304
89184894,2026-07-31T18:09:03.112779600Z,2026-07-31T18:10:32.106882900Z,EPISODE_TYPE_PUBLIC,COMPLETED,55143726,16632743,75627,1005.9762888233415,55135737,16624625,92706,1044.2581375324705
89184903,2026-07-31T18:09:03.134900800Z,2026-07-31T18:10:23.373516400Z,EPISODE_TYPE_PUBLIC,COMPLETED,55143425,16623990,90760,1170.1705711704471,55133690,16623645,71410,1131.79181454097
89184912,2026-07-31T18:09:03.147599800Z,2026-07-31T18:10:30.279046600Z,EPISODE_TYPE_PUBLIC,COMPLETED,55135182,16627906,70634,983.5852403757958,55140249,16626272,65931,864.3375867778288
89184920,2026-07-31T18:09:03.169030900Z,2026-07-31T18:10:29.222517900Z,EPISODE_TYPE_PUBLIC,COMPLETED,55142490,16623798,99364,1306.0333184141464,55134690,16621709,101329,1289.414635541642
89185388,2026-07-31T18:13:02.584483100Z,2026-07-31T18:14:21.114644400Z,EPISODE_TYPE_PUBLIC,COMPLETED,55135483,16621294,65064,757.294272378518,55144343,16632867,79802,823.889091213045
89185402,2026-07-31T18:13:02.600514800Z,2026-07-31T18:14:35.980623100Z,EPISODE_TYPE_PUBLIC,COMPLETED,55143726,16632743,78421,978.9916942528937,55134973,16624941,83648,1027.6391525655074
89185403,2026-07-31T18:13:02.604090200Z,2026-07-31T18:14:30.977254200Z,EPISODE_TYPE_PUBLIC,COMPLETED,55143481,16622367,119791,1153.9313444859538,55135317,16624977,90562,1157.5711951015082
89185407,2026-07-31T18:13:02.606551900Z,2026-07-31T18:14:20.692257100Z,EPISODE_TYPE_PUBLIC,COMPLETED,55143735,16623198,57981,850.9077419731535,55135483,16621294,49938,770.8036113378527
89185422,2026-07-31T18:13:02.624569200Z,2026-07-31T18:14:09.586196500Z,EPISODE_TYPE_PUBLIC,COMPLETED,55140772,16623459,68350,991.6702985988549,55136341,16624625,97632,1053.579441495844
89185911,2026-07-31T18:17:03.243260Z,2026-07-31T18:18:10.863690800Z,EPISODE_TYPE_PUBLIC,COMPLETED,55125574,16622835,57794,1189.7734556340972,55143722,16629699,92930,1212.5270969535645
89185919,2026-07-31T18:17:03.253113400Z,2026-07-31T18:18:34.868096100Z,EPISODE_TYPE_PUBLIC,COMPLETED,55134690,16621709,100034,1278.2081359737815,55143456,16622937,128911,1287.8024006784021
89185928,2026-07-31T18:17:03.267252Z,2026-07-31T18:18:28.313581300Z,EPISODE_TYPE_PUBLIC,COMPLETED,55135047,16630315,79777,856.5611764860225,55143239,16630111,90959,967.207272546933
89185929,2026-07-31T18:17:03.272642400Z,2026-07-31T18:19:13.671577900Z,EPISODE_TYPE_PUBLIC,COMPLETED,55141682,16622937,111688,1317.2519029698537,55134690,16621709,113571,1290.4429152134476
89185932,2026-07-31T18:17:03.276802100Z,2026-07-31T18:18:25.943379400Z,EPISODE_TYPE_PUBLIC,COMPLETED,55129871,16623805,90853,1035.6480782903197,55141718,16630825,79444,992.13777612493
89186430,2026-07-31T18:21:02.524163900Z,2026-07-31T18:22:18.475799300Z,EPISODE_TYPE_PUBLIC,COMPLETED,55143831,16632291,37370,549.2862753551468,55116010,16621168,24289,521.5214345877966
89186929,2026-07-31T18:25:08.191080900Z,2026-07-31T18:26:33.134607900Z,EPISODE_TYPE_PUBLIC,COMPLETED,55136474,16626332,87421,1069.3506693721222,55144144,16623691,78484,948.1167031758423
89186931,2026-07-31T18:25:08.196634500Z,2026-07-31T18:26:12.194518200Z,EPISODE_TYPE_PUBLIC,COMPLETED,55135317,16624977,86679,1166.6067266231428,55144071,16623691,72574,1114.3137265466107
89186940,2026-07-31T18:25:08.207927900Z,2026-07-31T18:26:37.307249200Z,EPISODE_TYPE_PUBLIC,COMPLETED,55134690,16621709,103627,1281.185390234633,55143456,16622937,124942,1319.9584251750514
89187442,2026-07-31T18:29:03.681465300Z,2026-07-31T18:30:34.061534300Z,EPISODE_TYPE_PUBLIC,COMPLETED,55134274,16625611,24856,535.1750141140925,55144437,16632224,4555,450.35651331205435
89187471,2026-07-31T18:29:03.729723600Z,2026-07-31T18:30:17.990137200Z,EPISODE_TYPE_PUBLIC,COMPLETED,55117088,16622312,3309,373.89672318428137,55138368,16623189,14645,464.22515727757883
89187970,2026-07-31T18:33:03.664488700Z,2026-07-31T18:34:43.534964600Z,EPISODE_TYPE_PUBLIC,COMPLETED,55143726,16632743,71877,1002.289377606356,55135182,16627906,78241,996.9085456907176
89187980,2026-07-31T18:33:03.676270900Z,2026-07-31T18:34:27.317105700Z,EPISODE_TYPE_PUBLIC,COMPLETED,55135151,16622330,48538,865.4663743321207,55140733,16632097,49941,888.5766585317797
89188464,2026-07-31T18:37:03.462047800Z,2026-07-31T18:38:15.375735900Z,EPISODE_TYPE_PUBLIC,COMPLETED,55118395,16621585,28227,628.5275372583233,55144767,16621153,96550,778.6784859741052
89188474,2026-07-31T18:37:03.477972900Z,2026-07-31T18:38:25.058125200Z,EPISODE_TYPE_PUBLIC,COMPLETED,55133690,16623645,85365,1129.429049266657,55144008,16623592,84244,1093.918045387548
89188480,2026-07-31T18:37:03.486635700Z,2026-07-31T18:38:39.805079Z,EPISODE_TYPE_PUBLIC,COMPLETED,55125574,16622835,93585,1195.7709170625797,55144071,16623691,89899,1108.7800827507283
89188483,2026-07-31T18:37:03.489869100Z,2026-07-31T18:38:10.440657900Z,EPISODE_TYPE_PUBLIC,COMPLETED,55143456,16622937,116173,1350.7690033557449,55134690,16621709,92730,1273.5589020776822
89188489,2026-07-31T18:37:03.503357900Z,2026-07-31T18:38:10.646234500Z,EPISODE_TYPE_PUBLIC,COMPLETED,55129871,16623805,94089,1045.6012071954096,55143453,16632743,82449,1018.6662271198464
89188492,2026-07-31T18:37:03.507111400Z,2026-07-31T18:38:06.366997300Z,EPISODE_TYPE_PUBLIC,COMPLETED,55133690,16623645,91755,1118.9668845170675,55140544,16622198,92246,1108.2317942781624
89188989,2026-07-31T18:43:19.328033700Z,2026-07-31T18:44:39.746211600Z,EPISODE_TYPE_PUBLIC,COMPLETED,55144448,16632231,76102,1051.5614971758357,55129871,16623805,62145,1035.3899315071053
89188992,2026-07-31T18:43:19.334568200Z,2026-07-31T18:44:24.857352100Z,EPISODE_TYPE_PUBLIC,COMPLETED,55133558,16623034,89942,1087.079711539194,55144165,16626272,92352,1185.7750174179143
89189493,2026-07-31T18:46:57.274875900Z,2026-07-31T18:48:09.173890Z,EPISODE_TYPE_PUBLIC,COMPLETED,55144950,16624003,12162,593.273570569982,55118395,16621585,49135,636.3125089056982
89189501,2026-07-31T18:46:57.281504400Z,2026-07-31T18:47:55.200870200Z,EPISODE_TYPE_PUBLIC,COMPLETED,55135136,16622760,53467,863.0962590308934,55144682,16623236,77079,1010.4148283464152
89189502,2026-07-31T18:46:57.282078700Z,2026-07-31T18:48:11.676213300Z,EPISODE_TYPE_PUBLIC,COMPLETED,55136134,16623389,58678,982.5873060796841,55144782,16622993,85542,977.4291316503146
89189513,2026-07-31T18:46:57.293420600Z,2026-07-31T18:48:16.469507500Z,EPISODE_TYPE_PUBLIC,COMPLETED,55144343,16632867,42860,919.1404963370588,55134478,16622319,40710,869.9490201376326
89189514,2026-07-31T18:46:57.294408Z,2026-07-31T18:48:22.597178400Z,EPISODE_TYPE_PUBLIC,COMPLETED,55136474,16626332,99681,1080.6904388209268,55144008,16623592,93328,1090.3671534848143
89189521,2026-07-31T18:46:57.301193600Z,2026-07-31T18:47:57.021172900Z,EPISODE_TYPE_PUBLIC,COMPLETED,55143931,16623799,67223,1030.6802463120193,55126439,16622509,49809,985.8422270090683
89190009,2026-07-31T18:50:59.334471Z,2026-07-31T18:51:58.451489400Z,EPISODE_TYPE_PUBLIC,COMPLETED,55145063,16622319,93828,691.7779719071528,55136500,16627313,33271,534.2263787833799
89190025,2026-07-31T18:50:59.346736200Z,2026-07-31T18:52:06.356578100Z,EPISODE_TYPE_PUBLIC,COMPLETED,55144682,16623236,73525,1095.1066550318717,55134973,16624941,70316,1018.1121558075598
89190048,2026-07-31T18:50:59.370639Z,2026-07-31T18:52:10.464149600Z,EPISODE_TYPE_PUBLIC,COMPLETED,55143481,16622367,111461,1221.9382665093742,55134690,16621709,106264,1262.0250249425487
89190536,2026-07-31T18:54:58.112466600Z,2026-07-31T18:56:08.644434Z,EPISODE_TYPE_PUBLIC,COMPLETED,55118395,16621585,40058,642.6325147616694,55144944,16632262,38543,557.6866461729961
89190541,2026-07-31T18:54:58.117715200Z,2026-07-31T18:57:08.116254500Z,EPISODE_TYPE_PUBLIC,COMPLETED,55144448,16632231,82932,965.7653673486637,55136341,16624625,97076,1062.581392516682
89190551,2026-07-31T18:54:58.129088100Z,2026-07-31T18:56:00.537104200Z,EPISODE_TYPE_PUBLIC,COMPLETED,55133690,16623645,81769,1139.040439080951,55144071,16623691,78135,1093.5197588613905
89190553,2026-07-31T18:54:58.128574900Z,2026-07-31T18:56:05.304963600Z,EPISODE_TYPE_PUBLIC,COMPLETED,55143931,16623799,73618,1032.0825070258734,55129871,16623805,36390,1025.3261877421394
89190558,2026-07-31T18:54:58.136566400Z,2026-07-31T18:56:18.722427800Z,EPISODE_TYPE_PUBLIC,COMPLETED,55142206,16630545,12133,517.1517967761606,55115608,16621168,49921,612.4751494661338
89191049,2026-07-31T18:58:56.735520800Z,2026-07-31T19:00:03.758601700Z,EPISODE_TYPE_PUBLIC,COMPLETED,55135182,16627906,71853,988.882421973245,55144782,16622993,95588,1104.7922684983623
89191054,2026-07-31T18:58:56.741165900Z,2026-07-31T19:00:03.869495400Z,EPISODE_TYPE_PUBLIC,COMPLETED,55116010,16621168,28279,513.4905369844302,55144944,16632262,42092,603.5497906621283
89191072,2026-07-31T18:58:56.758610600Z,2026-07-31T19:00:17.535382300Z,EPISODE_TYPE_PUBLIC,COMPLETED,55134973,16624941,84528,1027.536970098462,55143887,16630111,77141,963.5920341247195
89191074,2026-07-31T18:58:56.760332700Z,2026-07-31T19:00:36.871582900Z,EPISODE_TYPE_PUBLIC,COMPLETED,55144437,16632224,13728,474.3261046444714,55135874,16629201,21844,484.7729729721381
89191079,2026-07-31T18:58:56.765097300Z,2026-07-31T18:59:58.852093300Z,EPISODE_TYPE_PUBLIC,COMPLETED,55142546,16631090,21527,531.8663838697088,55118395,16621585,28539,647.8143666973045
89191553,2026-07-31T19:02:57.272965600Z,2026-07-31T19:03:56.584807900Z,EPISODE_TYPE_PUBLIC,COMPLETED,55115388,16621402,27258,623.6657615283589,55145242,16631261,19310,496.9747849062271
89191563,2026-07-31T19:02:57.281988300Z,2026-07-31T19:04:24.402570300Z,EPISODE_TYPE_PUBLIC,COMPLETED,55144802,16632327,79303,1081.8229236566815,55136134,16623389,67093,972.9068918959416
89191579,2026-07-31T19:02:57.301478Z,2026-07-31T19:03:59.469731Z,EPISODE_TYPE_PUBLIC,COMPLETED,55115608,16621168,39681,618.9936848010298,55144539,16632291,25156,584.1122450415598
89192082,2026-07-31T19:06:56.514553300Z,2026-07-31T19:07:54.337051100Z,EPISODE_TYPE_PUBLIC,COMPLETED,55133690,16623645,49654,1129.1514118481352,55144761,16632783,82213,1161.5003839845872
89192087,2026-07-31T19:06:56.519259400Z,2026-07-31T19:08:23.492152800Z,EPISODE_TYPE_PUBLIC,COMPLETED,55134973,16624941,82099,1036.876225727804,55144682,16623236,80952,976.3121059366046
89192095,2026-07-31T19:06:56.528864400Z,2026-07-31T19:08:17.883874800Z,EPISODE_TYPE_PUBLIC,COMPLETED,55125574,16622835,58631,1187.5350035124693,55144165,16626272,66349,1187.1256060305022
89192106,2026-07-31T19:06:56.538138Z,2026-07-31T19:08:27.288948700Z,EPISODE_TYPE_PUBLIC,COMPLETED,55136190,16625418,33214,555.660434298191,55140893,16631981,30588,473.20333452054285
89192593,2026-07-31T19:10:58.371760600Z,2026-07-31T19:11:58.212091800Z,EPISODE_TYPE_PUBLIC,COMPLETED,55144905,16632867,52254,955.5806998873859,55136134,16623389,46436,958.479702240801
89192602,2026-07-31T19:10:58.380595100Z,2026-07-31T19:12:23.368480600Z,EPISODE_TYPE_PUBLIC,COMPLETED,55135483,16621294,78246,772.8974082200064,55144858,16630501,52199,768.577200047995
89193107,2026-07-31T19:14:57.703079100Z,2026-07-31T19:16:20.326687900Z,EPISODE_TYPE_PUBLIC,COMPLETED,55134973,16624941,43900,1044.9693714818234,55144905,16632867,37930,957.2293679988127
89193122,2026-07-31T19:14:57.717554Z,2026-07-31T19:16:06.176520900Z,EPISODE_TYPE_PUBLIC,COMPLETED,55134735,16622820,42361,800.5979756030297,55144527,16632715,36384,875.7257818579609
89193123,2026-07-31T19:14:57.717984800Z,2026-07-31T19:15:58.778933900Z,EPISODE_TYPE_PUBLIC,COMPLETED,55136500,16627313,35926,518.2425981691925,55144944,16632262,38030,606.7975329308873
89193128,2026-07-31T19:14:57.722660300Z,2026-07-31T19:16:33.393446200Z,EPISODE_TYPE_PUBLIC,COMPLETED,55126439,16622509,95926,993.3585518108728,55144144,16623691,89674,1003.6653926818951
89193610,2026-07-31T19:18:57.257608900Z,2026-07-31T19:19:57.944451900Z,EPISODE_TYPE_PUBLIC,COMPLETED,55118395,16621585,42636,642.7136905370131,55145424,16632493,81465,779.858098179228
89193619,2026-07-31T19:18:57.268867100Z,2026-07-31T19:20:17.702344500Z,EPISODE_TYPE_PUBLIC,COMPLETED,55134973,16624941,84416,1035.1062545825678,55145050,16632735,84789,1066.5974481341373
89193625,2026-07-31T19:18:57.272723700Z,2026-07-31T19:20:27.031671700Z,EPISODE_TYPE_PUBLIC,COMPLETED,55135182,16627906,75601,979.7503219904263,55144822,16632172,78261,1055.1335769955758
89193629,2026-07-31T19:18:57.277643Z,2026-07-31T19:20:04.247023Z,EPISODE_TYPE_PUBLIC,COMPLETED,55144767,16621153,88559,1059.4186197832696,55136341,16624625,70320,1050.3012851504545
89193644,2026-07-31T19:18:57.295633700Z,2026-07-31T19:20:07.697323300Z,EPISODE_TYPE_PUBLIC,COMPLETED,55131236,16623846,3822,344.87192111729416,55126983,16623582,5073,460.16752791870135
89193648,2026-07-31T19:18:57.298761800Z,2026-07-31T19:20:05.967555400Z,EPISODE_TYPE_PUBLIC,COMPLETED,55117284,16622422,6259,427.2354615665385,55142174,16631609,21970,495.2686187416621
89194126,2026-07-31T19:22:58.199431Z,2026-07-31T19:24:47.042331400Z,EPISODE_TYPE_PUBLIC,COMPLETED,55145419,16632224,32136,647.468480927512,55134274,16625611,3767,518.2087754421323
89194129,2026-07-31T19:22:58.202940500Z,2026-07-31T19:24:36.385183700Z,EPISODE_TYPE_PUBLIC,COMPLETED,55135737,16624625,78398,1041.9021497790425,55145234,16621497,169762,1084.933865628609
89194135,2026-07-31T19:22:58.208943200Z,2026-07-31T19:25:02.739438900Z,EPISODE_TYPE_PUBLIC,COMPLETED,55145191,16623459,99758,901.5914072786337,55126439,16622509,125573,998.3178175723106
89194140,2026-07-31T19:22:58.214999500Z,2026-07-31T19:24:10.843380300Z,EPISODE_TYPE_PUBLIC,COMPLETED,55144905,16632867,54284,949.4806429374386,55135737,16624625,78363,1053.3362233081552
89194160,2026-07-31T19:22:58.237063600Z,2026-07-31T19:23:52.442336600Z,EPISODE_TYPE_PUBLIC,COMPLETED,55135522,16630274,6087,390.4624634241686,55143404,16632006,7949,447.8778508429052
89194645,2026-07-31T19:26:56.134034200Z,2026-07-31T19:28:15.555482100Z,EPISODE_TYPE_PUBLIC,COMPLETED,55145419,16632224,27111,693.5521796476899,55136500,16627313,19674,507.8582458392365
89194649,2026-07-31T19:26:56.138261Z,2026-07-31T19:28:00.565525300Z,EPISODE_TYPE_PUBLIC,COMPLETED,55145218,16632783,87436,1154.7908769699186,55125574,16622835,50125,1178.714431183829
89194652,2026-07-31T19:26:56.141675300Z,2026-07-31T19:28:58.061829200Z,EPISODE_TYPE_PUBLIC,COMPLETED,55135136,16622760,70265,850.9282645524855,55145191,16623459,100236,935.1545847276215
89194659,2026-07-31T19:26:56.149244700Z,2026-07-31T19:27:58.115412Z,EPISODE_TYPE_PUBLIC,COMPLETED,55134286,16624919,64909,999.8228564957241,55144820,16623302,78241,1080.1365051765852
89195185,2026-07-31T19:30:56.731452800Z,2026-07-31T19:32:26.744351300Z,EPISODE_TYPE_PUBLIC,COMPLETED,55135737,16624625,76351,1032.771522886137,55144782,16622993,97255,1116.289118716435
89195186,2026-07-31T19:30:56.733601900Z,2026-07-31T19:32:08.013109300Z,EPISODE_TYPE_PUBLIC,COMPLETED,55144767,16621153,83695,1155.7816972183386,55136341,16624625,63782,1042.6467276183987
89195188,2026-07-31T19:30:56.734746100Z,2026-07-31T19:33:08.685493800Z,EPISODE_TYPE_PUBLIC,COMPLETED,55144802,16632327,90232,1030.8019730184785,55126439,16622509,107617,1005.9135792357515
89195197,2026-07-31T19:30:56.743321400Z,2026-07-31T19:32:02.447793100Z,EPISODE_TYPE_PUBLIC,COMPLETED,55135182,16627906,83405,989.3911100716508,55140651,16621075,75219,939.13559394599
89195681,2026-07-31T19:34:57.281890100Z,2026-07-31T19:36:00.073843100Z,EPISODE_TYPE_PUBLIC,COMPLETED,55135151,16622330,55865,857.5191389858192,55145424,16632493,81067,988.3524168355497
89195684,2026-07-31T19:34:57.285191900Z,2026-07-31T19:36:07.885923100Z,EPISODE_TYPE_PUBLIC,COMPLETED,55117284,16622422,5680,420.93330686101564,55145538,16633069,26162,549.7787642649803
89195694,2026-07-31T19:34:57.295305700Z,2026-07-31T19:35:59.813742900Z,EPISODE_TYPE_PUBLIC,COMPLETED,55145050,16632735,91889,1064.9016630144736,55133558,16623034,109197,1096.1573938387587
89195701,2026-07-31T19:34:57.303105600Z,2026-07-31T19:35:56.603947500Z,EPISODE_TYPE_PUBLIC,COMPLETED,55136134,16623389,71047,944.3255092220786,55144905,16632867,80020,931.3175433592322
89195711,2026-07-31T19:34:57.314569600Z,2026-07-31T19:36:15.314838500Z,EPISODE_TYPE_PUBLIC,COMPLETED,55131007,16623988,44530,761.7768875043389,55135136,16622760,78873,861.5324855930695
89195716,2026-07-31T19:34:57.318789500Z,2026-07-31T19:35:53.912586900Z,EPISODE_TYPE_PUBLIC,COMPLETED,55140579,16628727,21390,684.9993690835448,55119314,16622965,35635,763.2475271418172
89196196,2026-07-31T19:38:58.029688900Z,2026-07-31T19:40:15.627418200Z,EPISODE_TYPE_PUBLIC,COMPLETED,55115388,16621402,42520,616.7634182581667,55145763,16632867,102522,715.0563103818668
89196204,2026-07-31T19:38:58.037378700Z,2026-07-31T19:40:06.896962200Z,EPISODE_TYPE_PUBLIC,COMPLETED,55135737,16624625,102217,1043.0353316575995,55145424,16632493,88255,992.0717190000383
89196212,2026-07-31T19:38:58.045871400Z,2026-07-31T19:40:32.546620100Z,EPISODE_TYPE_PUBLIC,COMPLETED,55145200,16623236,100362,987.0922368394081,55135182,16627906,69992,978.3656554064959
89196216,2026-07-31T19:38:58.049418300Z,2026-07-31T19:40:20.651529300Z,EPISODE_TYPE_PUBLIC,COMPLETED,55145050,16632735,81901,1084.0236532165534,55129871,16623805,47609,1017.5894601802823
89196720,2026-07-31T19:43:02.255134100Z,2026-07-31T19:44:21.571502200Z,EPISODE_TYPE_PUBLIC,COMPLETED,55145611,16632867,84310,925.0909736253137,55135136,16622760,56510,849.5914049977014
89196722,2026-07-31T19:43:02.257455900Z,2026-07-31T19:43:54.517426700Z,EPISODE_TYPE_PUBLIC,COMPLETED,55116223,16622032,22751,626.6849128769134,55145599,16625219,30410,729.1515938500783
89196729,2026-07-31T19:43:02.263788500Z,2026-07-31T19:44:25.043854900Z,EPISODE_TYPE_PUBLIC,COMPLETED,55145314,16632493,96198,971.9404289458796,55135047,16630315,82708,847.8945412614918
89196739,2026-07-31T19:43:02.273718900Z,2026-07-31T19:44:12.754736400Z,EPISODE_TYPE_PUBLIC,COMPLETED,55118662,16621716,9186,515.0403402034323,55145419,16632224,19495,565.4771251232559
89196748,2026-07-31T19:43:02.285131500Z,2026-07-31T19:44:13.936744600Z,EPISODE_TYPE_PUBLIC,COMPLETED,55117088,16622312,2958,359.4220352900119,55145492,16632950,7194,427.7318789325277
89197238,2026-07-31T19:46:57.329864300Z,2026-07-31T19:48:08.230038Z,EPISODE_TYPE_PUBLIC,COMPLETED,55145847,16632266,76,499.88001702686176,55116223,16622032,49070,634.0415399492201
89197273,2026-07-31T19:46:57.364341500Z,2026-07-31T19:48:21.786409300Z,EPISODE_TYPE_PUBLIC,COMPLETED,55144802,16632327,87695,1072.7497514958222,55134973,16624941,78785,1026.2670683468036
89197776,2026-07-31T19:50:59.479253700Z,2026-07-31T19:51:55.618142900Z,EPISODE_TYPE_PUBLIC,COMPLETED,55145496,16623798,115089,1172.808349544283,55133690,16623645,83539,1120.3206689792887
89197780,2026-07-31T19:50:59.482512900Z,2026-07-31T19:52:20.916783700Z,EPISODE_TYPE_PUBLIC,COMPLETED,55145424,16632493,80848,916.8798776048509,55136134,16623389,82835,955.5799621520462
89197793,2026-07-31T19:50:59.496520600Z,2026-07-31T19:52:53.678780700Z,EPISODE_TYPE_PUBLIC,COMPLETED,55116010,16621168,27977,506.4371031734005,55145419,16632224,34433,614.4321784566531
89197799,2026-07-31T19:50:59.504091100Z,2026-07-31T19:52:09.111488800Z,EPISODE_TYPE_PUBLIC,COMPLETED,55133558,16623034,88573,1104.4359179287837,55144802,16632327,74426,1060.09052054577
89198270,2026-07-31T19:54:57.772367600Z,2026-07-31T19:56:11.517860900Z,EPISODE_TYPE_PUBLIC,COMPLETED,55145944,16629699,139105,797.2994595798389,55118395,16621585,35499,638.1360580086499
89198281,2026-07-31T19:54:57.784258Z,2026-07-31T19:56:03.169479900Z,EPISODE_TYPE_PUBLIC,COMPLETED,55145611,16632867,57313,1036.306207873425,55135151,16622330,39602,851.5827246727746
89198301,2026-07-31T19:54:57.804681100Z,2026-07-31T19:56:15.018683700Z,EPISODE_TYPE_PUBLIC,COMPLETED,55145419,16632224,27581,643.1156763163992,55115388,16621402,24138,608.7308811639466
89198312,2026-07-31T19:54:57.814368700Z,2026-07-31T19:55:55.810624300Z,EPISODE_TYPE_PUBLIC,COMPLETED,55116010,16621168,25897,497.4637755726043,55142008,16626105,37523,539.1389662461914
89198786,2026-07-31T19:58:55.484210500Z,2026-07-31T20:00:19.815269900Z,EPISODE_TYPE_PUBLIC,COMPLETED,55126439,16622509,62462,1000.0198945407668,55145839,16626332,70870,1047.2342313919878
89198804,2026-07-31T19:58:55.506278700Z,2026-07-31T20:01:03.183416600Z,EPISODE_TYPE_PUBLIC,COMPLETED,55145314,16632493,73127,1030.470768537711,55129871,16623805,62759,1008.6416023575379
89198823,2026-07-31T19:58:55.526163100Z,2026-07-31T19:59:53.505868700Z,EPISODE_TYPE_PUBLIC,COMPLETED,55135327,16623732,1236,180.90082874674337,55143982,16623006,3000,310.02004202864225
89199298,2026-07-31T20:03:01.270802200Z,2026-07-31T20:04:07.180621800Z,EPISODE_TYPE_PUBLIC,COMPLETED,55135483,16621294,26066,760.3694239238271,55146042,16622198,127585,824.90521163128
89199303,2026-07-31T20:03:01.277448800Z,2026-07-31T20:04:21.248801600Z,EPISODE_TYPE_PUBLIC,COMPLETED,55136134,16623389,37261,944.1793030717016,55145813,16632783,103102,973.9485154393517
89199329,2026-07-31T20:03:01.301436800Z,2026-07-31T20:04:01.950126300Z,EPISODE_TYPE_PUBLIC,COMPLETED,55129871,16623805,97476,1015.9739901594394,55145211,16623691,74196,952.3045482598167
89199818,2026-07-31T20:06:56.463368700Z,2026-07-31T20:08:30.141658900Z,EPISODE_TYPE_PUBLIC,COMPLETED,55135047,16630315,70315,848.3707408712459,55145887,16632327,98904,923.4729269442196
89199820,2026-07-31T20:06:56.465051400Z,2026-07-31T20:08:18.689204100Z,EPISODE_TYPE_PUBLIC,COMPLETED,55133690,16623645,77503,1129.8789194269395,55145714,16632201,74287,1103.9936137698317
89199822,2026-07-31T20:06:56.467623300Z,2026-07-31T20:07:58.216390100Z,EPISODE_TYPE_PUBLIC,COMPLETED,55145893,16622242,49916,787.8077845064004,55135047,16630315,50784,858.5631997088514
89199828,2026-07-31T20:06:56.475516400Z,2026-07-31T20:07:52.061362Z,EPISODE_TYPE_PUBLIC,COMPLETED,55145866,16624003,34497,478.2790078737899,55135874,16629201,20964,459.02402986758995
89199839,2026-07-31T20:06:56.486078700Z,2026-07-31T20:08:20.961812800Z,EPISODE_TYPE_PUBLIC,COMPLETED,55118662,16621716,8684,514.5568721974074,55145679,16633069,19920,553.2196994881665
89199853,2026-07-31T20:06:56.500598200Z,2026-07-31T20:08:11.944004Z,EPISODE_TYPE_PUBLIC,COMPLETED,55138368,16623189,8703,462.300833236796,55118662,16621716,11747,522.5687573389386
89200347,2026-07-31T20:10:59.079933300Z,2026-07-31T20:12:15.346569500Z,EPISODE_TYPE_PUBLIC,COMPLETED,55135317,16624977,88617,1157.3182322396606,55145234,16621497,115611,1190.4702973679116
89200837,2026-07-31T20:14:56.918111100Z,2026-07-31T20:16:32.031024800Z,EPISODE_TYPE_PUBLIC,COMPLETED,55146042,16622198,114881,1098.9969909907375,55135737,16624625,87856,1033.6071377455216
89200843,2026-07-31T20:14:56.924972700Z,2026-07-31T20:16:05.978333800Z,EPISODE_TYPE_PUBLIC,COMPLETED,55129871,16623805,36151,1007.6857254580724,55145944,16629699,127054,1038.2904593798396
89200873,2026-07-31T20:14:56.955542500Z,2026-07-31T20:15:55.998209200Z,EPISODE_TYPE_PUBLIC,COMPLETED,55136190,16625418,12995,535.5068617358087,55129723,16621402,44632,605.479174507338
89201353,2026-07-31T20:18:56.685823400Z,2026-07-31T20:20:17.899867300Z,EPISODE_TYPE_PUBLIC,COMPLETED,55133690,16623645,85033,1139.5970512164754,55145714,16632201,79862,1128.655981159445
89201355,2026-07-31T20:18:56.688077300Z,2026-07-31T20:20:17.898082800Z,EPISODE_TYPE_PUBLIC,COMPLETED,55145813,16632783,137776,1126.7441064566742,55133558,16623034,67297,1095.860158808184
89201360,2026-07-31T20:18:56.693055500Z,2026-07-31T20:20:26.015839100Z,EPISODE_TYPE_PUBLIC,COMPLETED,55145763,16632867,96192,1108.464794972904,55133558,16623034,99862,1105.259650113514
89201363,2026-07-31T20:18:56.696595800Z,2026-07-31T20:20:08.703644700Z,EPISODE_TYPE_PUBLIC,COMPLETED,55125574,16622835,48415,1173.650992411877,55145496,16623798,88140,1279.660532407199
89201878,2026-07-31T20:22:58.252144Z,2026-07-31T20:24:24.983164800Z,EPISODE_TYPE_PUBLIC,COMPLETED,55145218,16632783,112097,1280.845822307926,55134690,16621709,102669,1253.314252513722
89202383,2026-07-31T20:26:56.825978800Z,2026-07-31T20:28:00.865567500Z,EPISODE_TYPE_PUBLIC,COMPLETED,55125574,16622835,66107,1166.3895785859556,55145714,16632201,89844,1181.1843342000122
89202385,2026-07-31T20:26:56.827611800Z,2026-07-31T20:28:08.542340500Z,EPISODE_TYPE_PUBLIC,COMPLETED,55135874,16629201,22480,474.84558146784497,55146169,16632006,11565,349.76901662073635
89202390,2026-07-31T20:26:56.833569400Z,2026-07-31T20:28:21.244642900Z,EPISODE_TYPE_PUBLIC,COMPLETED,55145496,16623798,104164,1292.0903632361546,55134690,16621709,97574,1245.475487650357
89202401,2026-07-31T20:26:56.847121500Z,2026-07-31T20:28:10.299318300Z,EPISODE_TYPE_PUBLIC,COMPLETED,55137512,16629201,17956,490.6830338020536,55126983,16623582,4950,434.90833951664234
89202403,2026-07-31T20:26:56.851965400Z,2026-07-31T20:27:55.932526500Z,EPISODE_TYPE_PUBLIC,COMPLETED,55126439,16622509,90481,1006.2392612744611,55145200,16623236,81042,988.7640338517814
89202407,2026-07-31T20:26:56.854321400Z,2026-07-31T20:28:17.969889700Z,EPISODE_TYPE_PUBLIC,COMPLETED,55126439,16622509,77232,1012.6134883576958,55140786,16632097,75969,1007.7159377049786
89202889,2026-07-31T20:30:56.339133200Z,2026-07-31T20:32:20.625342100Z,EPISODE_TYPE_PUBLIC,COMPLETED,55125574,16622835,46837,1158.8112899383843,55145944,16629699,111050,1155.7142049305494
89202890,2026-07-31T20:30:56.343836600Z,2026-07-31T20:32:10.619642200Z,EPISODE_TYPE_PUBLIC,COMPLETED,55118396,16622487,25091,621.1409740136362,55146195,16632950,20698,488.5585179700023
89203376,2026-07-31T20:34:56.183600200Z,2026-07-31T20:36:25.763453100Z,EPISODE_TYPE_PUBLIC,COMPLETED,55146382,16633190,75793,907.4937098121154,55134735,16622820,48698,789.0264621374885
89203388,2026-07-31T20:34:56.195246100Z,2026-07-31T20:36:10.943304200Z,EPISODE_TYPE_PUBLIC,COMPLETED,55135522,16630274,8700,373.5535346942812,55146240,16632291,50116,529.946379581177
89203394,2026-07-31T20:34:56.201701400Z,2026-07-31T20:36:24.205571400Z,EPISODE_TYPE_PUBLIC,COMPLETED,55135737,16624625,89229,1041.2756207442171,55145800,16630559,59975,940.5800163929412
89203403,2026-07-31T20:34:56.211646Z,2026-07-31T20:36:19.351275300Z,EPISODE_TYPE_PUBLIC,COMPLETED,55145218,16632783,107981,1266.6300449345395,55134690,16621709,114641,1254.9431068778897
89203890,2026-07-31T20:38:57.006857400Z,2026-07-31T20:40:30.468910Z,EPISODE_TYPE_PUBLIC,COMPLETED,55135182,16627906,70279,971.3015282613696,55145930,16623592,101242,1079.8079644766563
89203898,2026-07-31T20:38:57.014885900Z,2026-07-31T20:40:25.143902200Z,EPISODE_TYPE_PUBLIC,COMPLETED,55145893,16622242,42712,902.3926128355812,55135047,16630315,51419,862.9949380856456
89204386,2026-07-31T20:43:01.687536700Z,2026-07-31T20:44:22.870457100Z,EPISODE_TYPE_PUBLIC,COMPLETED,55135874,16629201,16044,462.08878564761073,55146452,16622943,28898,625.5116686572268
89204876,2026-07-31T20:46:57.360448900Z,2026-07-31T20:48:23.537956900Z,EPISODE_TYPE_PUBLIC,COMPLETED,55146601,16624026,103311,831.3362450067261,55126464,16623381,37827,753.9679531970792
89204886,2026-07-31T20:46:57.370714Z,2026-07-31T20:48:22.259164500Z,EPISODE_TYPE_PUBLIC,COMPLETED,55146513,16624026,96855,968.5864954530515,55135136,16622760,21868,840.416385437115
89204901,2026-07-31T20:46:57.390883500Z,2026-07-31T20:48:20.720839300Z,EPISODE_TYPE_PUBLIC,COMPLETED,55133558,16623034,60426,1098.4143350066195,55145714,16632201,100182,1167.422812426439
89205408,2026-07-31T20:50:57.254703400Z,2026-07-31T20:52:32.038666500Z,EPISODE_TYPE_PUBLIC,COMPLETED,55146042,16622198,100855,1180.8787932597465,55135317,16624977,90644,1148.3109937684644
89205411,2026-07-31T20:50:57.258257600Z,2026-07-31T20:51:58.915790800Z,EPISODE_TYPE_PUBLIC,COMPLETED,55134286,16624919,93360,1012.7760794273368,55145887,16632327,82964,1024.8863941681539
89205412,2026-07-31T20:50:57.259356500Z,2026-07-31T20:52:02.150566600Z,EPISODE_TYPE_PUBLIC,COMPLETED,55145839,16626332,57495,1013.8936828293839,55136134,16623389,80747,958.6435039861989
89205905,2026-07-31T20:55:00.649874900Z,2026-07-31T20:56:40.868417400Z,EPISODE_TYPE_PUBLIC,COMPLETED,55134690,16621709,106395,1247.195845917165,55145944,16629699,126683,1281.632345918069
89206390,2026-07-31T20:59:00.106717400Z,2026-07-31T20:59:59.389225100Z,EPISODE_TYPE_PUBLIC,COMPLETED,55146841,16625050,9858,498.1011308945624,55118396,16622487,44564,627.6128222664845
89206404,2026-07-31T20:59:00.112396600Z,2026-07-31T21:00:01.722328400Z,EPISODE_TYPE_PUBLIC,COMPLETED,55136134,16623389,61630,948.6829766786283,55146661,16622509,95589,996.0336178131793
89207399,2026-07-31T21:10:47.928482100Z,2026-07-31T21:12:12.899756200Z,EPISODE_TYPE_PUBLIC,COMPLETED,55146789,16623236,129625,943.1358809957593,55136134,16623389,62112,937.3571045350919
89207412,2026-07-31T21:10:47.940205200Z,2026-07-31T21:12:06.783901400Z,EPISODE_TYPE_PUBLIC,COMPLETED,55134286,16624919,86355,1003.8542455466476,55146661,16622509,93457,1084.5647385152693
89207416,2026-07-31T21:10:47.953336300Z,2026-07-31T21:12:06.588231400Z,EPISODE_TYPE_PUBLIC,COMPLETED,55146121,16622965,93550,1150.3627888436995,55125574,16622835,94788,1165.6812920777654
89207422,2026-07-31T21:10:47.953426300Z,2026-07-31T21:12:09.322641100Z,EPISODE_TYPE_PUBLIC,COMPLETED,55146449,16633226,100573,1141.4446026103717,55133558,16623034,95374,1091.1067173765364
89207920,2026-07-31T21:14:15.018687300Z,2026-07-31T21:15:23.596704800Z,EPISODE_TYPE_PUBLIC,COMPLETED,55134690,16621709,109979,1254.359251548452,55145907,16623236,109425,1207.7092593443929
89208424,2026-07-31T21:18:15.953584Z,2026-07-31T21:19:32.867771900Z,EPISODE_TYPE_PUBLIC,COMPLETED,55135136,16622760,62230,853.5296360772228,55146559,16633340,55103,830.5783073415221
89208899,2026-07-31T21:22:27.388638500Z,2026-07-31T21:23:34.880583700Z,EPISODE_TYPE_PUBLIC,COMPLETED,55136190,16625418,6989,521.594573917731,55147142,16630741,55223,688.4128232172792
89208906,2026-07-31T21:22:27.397095300Z,2026-07-31T21:23:50.282577400Z,EPISODE_TYPE_PUBLIC,COMPLETED,55135317,16624977,98746,1155.377671311129,55146809,16633379,89822,1063.4664483522804
89208913,2026-07-31T21:22:27.404363Z,2026-07-31T21:23:49.171720600Z,EPISODE_TYPE_PUBLIC,COMPLETED,55146721,16632783,96497,1229.2480076993943,55133690,16623645,63492,1132.88772710981
89208922,2026-07-31T21:22:27.415623200Z,2026-07-31T21:23:28.671055700Z,EPISODE_TYPE_PUBLIC,COMPLETED,55134274,16625611,11789,499.724363977,55146780,16627600,20128,584.0054511265823
89208924,2026-07-31T21:22:27.417400300Z,2026-07-31T21:23:58.402465600Z,EPISODE_TYPE_PUBLIC,COMPLETED,55135737,16624625,71773,1031.2631622469644,55146513,16624026,72065,1059.7504653233318
89209399,2026-07-31T21:26:24.694676900Z,2026-07-31T21:27:28.466603400Z,EPISODE_TYPE_PUBLIC,COMPLETED,55146809,16633379,62546,1116.4949391361667,55125574,16622835,59282,1157.3932414790393
89209410,2026-07-31T21:26:24.707212100Z,2026-07-31T21:27:37.210383700Z,EPISODE_TYPE_PUBLIC,COMPLETED,55135182,16627906,42807,963.6753633526575,55146601,16624026,85662,1049.054131103385
89209904,2026-07-31T21:30:21.022831700Z,2026-07-31T21:31:44.931972Z,EPISODE_TYPE_PUBLIC,COMPLETED,55146943,16626839,81992,975.9068129270152,55135136,16622760,75286,845.3523646476873
89209910,2026-07-31T21:30:21.029213Z,2026-07-31T21:31:45.628324Z,EPISODE_TYPE_PUBLIC,COMPLETED,55146721,16632783,123061,1279.0711360465057,55134690,16621709,116092,1246.906926626764
89209915,2026-07-31T21:30:21.032451500Z,2026-07-31T21:31:44.163019500Z,EPISODE_TYPE_PUBLIC,COMPLETED,55134735,16622820,42930,804.7625245137176,55146899,16625808,29045,786.8456559101749
89209920,2026-07-31T21:30:21.039318200Z,2026-07-31T21:31:22.977294100Z,EPISODE_TYPE_PUBLIC,COMPLETED,55136190,16625418,26318,506.69168302486264,55146817,16632055,50111,624.6111171105874
89210400,2026-07-31T21:34:21.844719800Z,2026-07-31T21:35:42.640099800Z,EPISODE_TYPE_PUBLIC,COMPLETED,55147308,16624003,31014,681.7759283611094,55136500,16627313,19751,497.21021329378334
89210423,2026-07-31T21:34:21.869085Z,2026-07-31T21:35:17.171846700Z,EPISODE_TYPE_PUBLIC,COMPLETED,55147175,16621243,4131,398.9591903513252,55117088,16622312,2716,344.42629966598344
89210427,2026-07-31T21:34:21.872399500Z,2026-07-31T21:35:53.945949Z,EPISODE_TYPE_PUBLIC,COMPLETED,55136341,16624625,83502,1032.7817612184165,55146513,16624026,102710,1078.2400855092867
89210915,2026-07-31T21:38:21.905292100Z,2026-07-31T21:39:52.909862300Z,EPISODE_TYPE_PUBLIC,COMPLETED,55146809,16633379,78929,1103.0502057540605,55135317,16624977,78444,1144.2059197561773
89210924,2026-07-31T21:38:21.916711100Z,2026-07-31T21:39:51.659566300Z,EPISODE_TYPE_PUBLIC,COMPLETED,55136341,16624625,68153,1024.7537234730034,55146601,16624026,91531,1112.1215617228745
89211415,2026-07-31T21:42:21.539843500Z,2026-07-31T21:43:29.864591200Z,EPISODE_TYPE_PUBLIC,COMPLETED,55147073,16632571,125932,1181.974536610836,55133558,16623034,89498,1085.2274670848667
89211426,2026-07-31T21:42:21.553480500Z,2026-07-31T21:43:23.041782Z,EPISODE_TYPE_PUBLIC,COMPLETED,55135136,16622760,78048,854.2595976657674,55146899,16625808,44903,754.889287994648
89211429,2026-07-31T21:42:21.556158Z,2026-07-31T21:43:30.504277200Z,EPISODE_TYPE_PUBLIC,COMPLETED,55136190,16625418,21445,492.25659439599207,55146901,16633097,35526,603.3448386173941
89211914,2026-07-31T21:46:23.291595600Z,2026-07-31T21:48:21.303103900Z,EPISODE_TYPE_PUBLIC,COMPLETED,55135151,16622330,79052,862.0922639556376,55147123,16623485,63581,816.0812382855795
89211915,2026-07-31T21:46:23.292451Z,2026-07-31T21:47:45.652665700Z,EPISODE_TYPE_PUBLIC,COMPLETED,55125574,16622835,40772,1152.2213183506444,55147073,16632571,108179,1229.2122704320573
89211926,2026-07-31T21:46:23.304691Z,2026-07-31T21:47:28.788134100Z,EPISODE_TYPE_PUBLIC,COMPLETED,55146449,16633226,88440,1125.1726188816108,55135317,16624977,115438,1152.6073721583832
89212927,2026-07-31T21:54:20.460087600Z,2026-07-31T21:55:48.841021300Z,EPISODE_TYPE_PUBLIC,COMPLETED,55134690,16621709,107228,1240.9578074107574,55146789,16623236,136993,1321.1044439851537
89212928,2026-07-31T21:54:20.461949900Z,2026-07-31T21:55:21.783547700Z,EPISODE_TYPE_PUBLIC,COMPLETED,55147249,16623152,26342,536.4003749012244,55134274,16625611,17148,480.3227735185083
89213421,2026-07-31T21:58:20.652038200Z,2026-07-31T21:59:39.008631800Z,EPISODE_TYPE_PUBLIC,COMPLETED,55136190,16625418,7204,473.35950079954114,55147480,16632105,13214,514.403430298671
89213924,2026-07-31T22:02:20.738394600Z,2026-07-31T22:03:24.628786400Z,EPISODE_TYPE_PUBLIC,COMPLETED,55135136,16622760,68282,845.754236036764,55147342,16629972,68861,950.5430195635034
89213937,2026-07-31T22:02:20.753132800Z,2026-07-31T22:03:25.362294500Z,EPISODE_TYPE_PUBLIC,COMPLETED,55146661,16622509,99241,1148.2922295785231,55135317,16624977,100788,1161.2095047580833
89214930,2026-07-31T22:10:20.961814400Z,2026-07-31T22:11:21.910180600Z,EPISODE_TYPE_PUBLIC,COMPLETED,55134286,16624919,70851,995.0714723107643,55147313,16630804,89830,1068.4665828235159
89214935,2026-07-31T22:10:20.966199500Z,2026-07-31T22:11:24.555832300Z,EPISODE_TYPE_PUBLIC,COMPLETED,55147137,16622965,104144,1190.6778023581817,55133690,16623645,80003,1125.486141599166
89215423,2026-07-31T22:14:21.910044Z,2026-07-31T22:15:50.685747700Z,EPISODE_TYPE_PUBLIC,COMPLETED,55129871,16623805,75577,998.3095647628032,55147476,16633341,80658,985.9296844671969
89215438,2026-07-31T22:14:21.929233500Z,2026-07-31T22:15:46.337115300Z,EPISODE_TYPE_PUBLIC,COMPLETED,55134690,16621709,95741,1235.024162649508,55146789,16623236,119061,1308.6248973482623
89215916,2026-07-31T22:18:32.655166700Z,2026-07-31T22:20:27.757399900Z,EPISODE_TYPE_PUBLIC,COMPLETED,55134735,16622820,44449,820.0826115789102,55147665,16633043,36070,801.23635744008
89215922,2026-07-31T22:18:32.658461400Z,2026-07-31T22:19:38.431107300Z,EPISODE_TYPE_PUBLIC,COMPLETED,55135317,16624977,65151,1152.1916489743394,55147546,16633475,70494,1149.500853186466
89215945,2026-07-31T22:18:32.682017600Z,2026-07-31T22:19:37.658039600Z,EPISODE_TYPE_PUBLIC,COMPLETED,55135317,16624977,107513,1167.8483259018005,55146809,16633379,91151,1097.3637472311536
89216437,2026-07-31T22:22:26.314461700Z,2026-07-31T22:23:34.179910900Z,EPISODE_TYPE_PUBLIC,COMPLETED,55147137,16622965,75596,1211.571894876635,55135317,16624977,59583,1145.5718689380387
89216443,2026-07-31T22:22:26.313648900Z,2026-07-31T22:23:36.048428500Z,EPISODE_TYPE_PUBLIC,COMPLETED,55117088,16622312,2507,330.327836126301,55147710,16633414,3376,387.3656444839276
89216922,2026-07-31T22:26:27.482679900Z,2026-07-31T22:27:54.287994500Z,EPISODE_TYPE_PUBLIC,COMPLETED,55136190,16625418,21699,459.1612372276416,55147886,16632105,33287,566.4615235208031
89216926,2026-07-31T22:26:27.486504100Z,2026-07-31T22:27:47.617144900Z,EPISODE_TYPE_PUBLIC,COMPLETED,55147575,16633475,86819,1089.2466254391356,55129871,16623805,60276,984.5692151500751
89216927,2026-07-31T22:26:27.486996700Z,2026-07-31T22:27:51.896921400Z,EPISODE_TYPE_PUBLIC,COMPLETED,55135737,16624625,81910,1025.0865054722553,55147546,16633475,97729,1161.59849073708
89216939,2026-07-31T22:26:27.497664Z,2026-07-31T22:27:32.313992800Z,EPISODE_TYPE_PUBLIC,COMPLETED,55135182,16627906,65569,968.5245016084996,55147437,16621499,45728,792.527667962088
89216942,2026-07-31T22:26:27.500551100Z,2026-07-31T22:27:30.519924900Z,EPISODE_TYPE_PUBLIC,COMPLETED,55129871,16623805,57019,990.1841979574526,55147289,16632715,78761,1006.78261174472
89216944,2026-07-31T22:26:27.501936Z,2026-07-31T22:27:26.038733400Z,EPISODE_TYPE_PUBLIC,COMPLETED,55118396,16622487,28200,634.6596437766392,55146901,16633097,22497,553.7071185962486
89216945,2026-07-31T22:26:27.502903700Z,2026-07-31T22:27:38.286797Z,EPISODE_TYPE_PUBLIC,COMPLETED,55137940,16625615,3000,346.50900229840363,55118533,16621770,931,285.2091081295638
89216949,2026-07-31T22:26:27.507434900Z,2026-07-31T22:27:56.586390Z,EPISODE_TYPE_PUBLIC,COMPLETED,55135737,16624625,73690,1017.8535376713718,55146601,16624026,74114,1108.6766508736303
89217426,2026-07-31T22:30:25.556252300Z,2026-07-31T22:31:32.058201800Z,EPISODE_TYPE_PUBLIC,COMPLETED,55134735,16622820,49444,806.3508779496344,55147591,16630741,63773,835.9375153797729
89217428,2026-07-31T22:30:25.548559200Z,2026-07-31T22:31:24.390671Z,EPISODE_TYPE_PUBLIC,COMPLETED,55116223,16622032,29545,627.6518273572943,55147928,16632715,92562,786.8430271575082
89217430,2026-07-31T22:30:25.561186200Z,2026-07-31T22:31:27.403081100Z,EPISODE_TYPE_PUBLIC,COMPLETED,55147137,16622965,62669,1244.219999025106,55125574,16622835,60208,1147.6160941829805
89217433,2026-07-31T22:30:25.562377300Z,2026-07-31T22:31:54.838917900Z,EPISODE_TYPE_PUBLIC,COMPLETED,55135182,16627906,45306,961.4500906978162,55147306,16630559,119025,1049.949969922216
89217435,2026-07-31T22:30:25.565393500Z,2026-07-31T22:31:53.231149300Z,EPISODE_TYPE_PUBLIC,COMPLETED,55134973,16624941,84812,1017.062734317298,55147476,16633341,87474,1046.5784475231624
89217447,2026-07-31T22:30:25.573344400Z,2026-07-31T22:31:32.147509400Z,EPISODE_TYPE_PUBLIC,COMPLETED,55146647,16630804,31521,620.3490561971784,55115388,16621402,31306,600.4906038491193
89218438,2026-07-31T22:38:23.834406200Z,2026-07-31T22:39:53.359777400Z,EPISODE_TYPE_PUBLIC,COMPLETED,55134286,16624919,39731,987.3454598424358,55147306,16630559,60066,1079.570486685524
89218920,2026-07-31T22:42:27.470267800Z,2026-07-31T22:43:56.682377900Z,EPISODE_TYPE_PUBLIC,COMPLETED,55148078,16631460,50247,785.9419093824963,55118396,16622487,30330,629.2188903194036
89218947,2026-07-31T22:42:27.500932Z,2026-07-31T22:43:39.177469800Z,EPISODE_TYPE_PUBLIC,COMPLETED,55135136,16622760,71108,837.0062207647745,55146943,16626839,84356,922.1708789114675
89218949,2026-07-31T22:42:27.500948800Z,2026-07-31T22:43:33.122629100Z,EPISODE_TYPE_PUBLIC,COMPLETED,55126983,16623582,3336,412.4734239227331,55147182,16623006,14042,477.7385062559979
89219428,2026-07-31T22:46:24.919179800Z,2026-07-31T22:47:19.420652800Z,EPISODE_TYPE_PUBLIC,COMPLETED,55135874,16629201,22717,479.89103837912336,55148138,16632855,7337,399.13022999840246
89219429,2026-07-31T22:46:24.919625100Z,2026-07-31T22:47:34.445498100Z,EPISODE_TYPE_PUBLIC,COMPLETED,55126983,16623582,3698,397.45008878777236,55148131,16630312,11005,559.0639091285893
89219433,2026-07-31T22:46:24.923370Z,2026-07-31T22:48:04.605783500Z,EPISODE_TYPE_PUBLIC,COMPLETED,55147830,16622809,43212,793.4787808141624,55134735,16622820,47950,819.7235164456235
89219447,2026-07-31T22:46:24.939574500Z,2026-07-31T22:47:40.893026500Z,EPISODE_TYPE_PUBLIC,COMPLETED,55147245,16633097,35562,612.1059735665548,55136190,16625418,25777,449.45322508690504
89220450,2026-07-31T22:54:24.232787Z,2026-07-31T22:55:47.640770900Z,EPISODE_TYPE_PUBLIC,COMPLETED,55134286,16624919,72309,979.6782942187041,55148029,16632783,141948,1074.3361601448169
89220960,2026-07-31T22:58:23.573194900Z,2026-07-31T22:59:50.716805Z,EPISODE_TYPE_PUBLIC,COMPLETED,55147645,16621153,98544,1055.8011680440193,55135317,16624977,113186,1151.2526041653002
89220962,2026-07-31T22:58:23.575602400Z,2026-07-31T22:59:24.808437500Z,EPISODE_TYPE_PUBLIC,COMPLETED,55147546,16633475,82424,1183.0903136819165,55125574,16622835,51681,1141.9244728595788
89220972,2026-07-31T22:58:23.590432500Z,2026-07-31T22:59:18.724922Z,EPISODE_TYPE_PUBLIC,COMPLETED,55116223,16622032,48946,634.6179281423596,55142206,16630545,11299,523.8845026546456
89221449,2026-07-31T23:02:24.199312900Z,2026-07-31T23:03:42.213505600Z,EPISODE_TYPE_PUBLIC,COMPLETED,55148333,16630559,114388,778.9271837165954,55116223,16622032,22018,628.312448550639
89221456,2026-07-31T23:02:24.203927500Z,2026-07-31T23:03:48.557867Z,EPISODE_TYPE_PUBLIC,COMPLETED,55134274,16625611,18649,461.56603509028963,55148268,16632579,22222,518.6858605277644
89221462,2026-07-31T23:02:24.209537100Z,2026-07-31T23:03:21.770440900Z,EPISODE_TYPE_PUBLIC,COMPLETED,55147928,16632715,84074,976.6808349421809,55135047,16630315,76413,855.4502332270865
89221463,2026-07-31T23:02:24.210987800Z,2026-07-31T23:03:48.256837200Z,EPISODE_TYPE_PUBLIC,COMPLETED,55134690,16621709,101358,1227.6553083161411,55147836,16623236,113579,1243.109526774725
89221464,2026-07-31T23:02:24.212123600Z,2026-07-31T23:03:38.435732900Z,EPISODE_TYPE_PUBLIC,COMPLETED,55115827,16621290,5155,374.39150116935497,55148138,16632855,6603,478.5941705154657
89221972,2026-07-31T23:06:24.577694600Z,2026-07-31T23:07:30.624178300Z,EPISODE_TYPE_PUBLIC,COMPLETED,55134690,16621709,120106,1221.1902780616851,55147836,16623236,130137,1263.8499181247216
89221975,2026-07-31T23:06:24.582155700Z,2026-07-31T23:07:45.244379700Z,EPISODE_TYPE_PUBLIC,COMPLETED,55135483,16621294,85053,772.6082815741369,55147830,16622809,44689,727.160327748719
89221980,2026-07-31T23:06:24.589091500Z,2026-07-31T23:07:42.949746600Z,EPISODE_TYPE_PUBLIC,COMPLETED,55134973,16624941,82569,1010.3085666591602,55147313,16630804,103282,1104.7525002557709
89222465,2026-07-31T23:10:24.246517500Z,2026-07-31T23:11:41.292395100Z,EPISODE_TYPE_PUBLIC,COMPLETED,55148361,16626332,122527,769.4239578360715,55115388,16621402,18253,595.8472003620909
89222475,2026-07-31T23:10:24.256544900Z,2026-07-31T23:12:07.015733900Z,EPISODE_TYPE_PUBLIC,COMPLETED,55133690,16623645,54159,1117.866332277014,55148029,16632783,82315,1169.6760698582955
89222478,2026-07-31T23:10:24.259860200Z,2026-07-31T23:12:03.976712800Z,EPISODE_TYPE_PUBLIC,COMPLETED,55118662,16621716,14661,506.2372563713612,55148251,16621500,15908,531.9242395590679
89222962,2026-07-31T23:14:25.098625900Z,2026-07-31T23:15:52.009991Z,EPISODE_TYPE_PUBLIC,COMPLETED,55118396,16622487,32585,637.1830213724309,55148448,16632994,29057,581.7173390589705
89222985,2026-07-31T23:14:25.185570400Z,2026-07-31T23:16:39.177787200Z,EPISODE_TYPE_PUBLIC,COMPLETED,55126464,16623381,50611,746.595250581574,55147830,16622809,66476,785.1707422084453
89223475,2026-07-31T23:18:25.473007800Z,2026-07-31T23:19:47.547380Z,EPISODE_TYPE_PUBLIC,COMPLETED,55147928,16632715,87428,993.2310859793739,55135182,16627906,53333,953.0436240359279
89223962,2026-07-31T23:22:27.015306800Z,2026-07-31T23:23:45.003611500Z,EPISODE_TYPE_PUBLIC,COMPLETED,55136134,16623389,64444,928.3909323916286,55148384,16633341,75587,987.9668149112385
89223970,2026-07-31T23:22:27.024072700Z,2026-07-31T23:23:56.743777100Z,EPISODE_TYPE_PUBLIC,COMPLETED,55135151,16622330,81336,871.1827723023523,55148288,16623635,49600,797.0466302996216
89223979,2026-07-31T23:22:27.030605800Z,2026-07-31T23:23:42.669995Z,EPISODE_TYPE_PUBLIC,COMPLETED,55147928,16632715,80832,974.9325269684684,55134973,16624941,84618,1018.4879529368142
89224971,2026-07-31T23:30:27.744903100Z,2026-07-31T23:31:37.671110300Z,EPISODE_TYPE_PUBLIC,COMPLETED,55116010,16621168,32301,501.97707113669014,55148572,16632855,2332,290.506835047635
89224976,2026-07-31T23:30:27.749994300Z,2026-07-31T23:32:03.030643800Z,EPISODE_TYPE_PUBLIC,COMPLETED,55134735,16622820,46367,805.357442452408,55148288,16623635,51526,798.3886503606436
89224980,2026-07-31T23:30:27.753734800Z,2026-07-31T23:31:49.815450400Z,EPISODE_TYPE_PUBLIC,COMPLETED,55136341,16624625,79737,1032.460882868349,55147928,16632715,66020,944.1547679752393
89224981,2026-07-31T23:30:27.754248200Z,2026-07-31T23:31:46.687036Z,EPISODE_TYPE_PUBLIC,COMPLETED,55148096,16633341,79237,1024.2491588619316,55134973,16624941,76172,1009.6056625066259
89224984,2026-07-31T23:30:27.756582700Z,2026-07-31T23:31:45.393354200Z,EPISODE_TYPE_PUBLIC,COMPLETED,55116010,16621168,26377,494.191615067381,55135990,16624888,35686,557.4194906211144
89225977,2026-07-31T23:38:27.775303500Z,2026-07-31T23:39:51.451548200Z,EPISODE_TYPE_PUBLIC,COMPLETED,55148333,16630559,73398,1093.1826086073572,55134973,16624941,66894,1003.1798288795875
89225985,2026-07-31T23:38:27.784039800Z,2026-07-31T23:39:59.291897300Z,EPISODE_TYPE_PUBLIC,COMPLETED,55148262,16631460,69328,797.8302995975075,55135483,16621294,85250,787.05053428344
89225986,2026-07-31T23:38:27.785660300Z,2026-07-31T23:39:53.288127200Z,EPISODE_TYPE_PUBLIC,COMPLETED,55148048,16626217,103007,1139.1761222279163,55133558,16623034,87712,1078.64475829659
89225992,2026-07-31T23:38:27.792560200Z,2026-07-31T23:39:31.664499700Z,EPISODE_TYPE_PUBLIC,COMPLETED,55147736,16621515,52912,722.269112381778,55116223,16622032,19868,621.4119011040522
89226468,2026-07-31T23:42:25.949596Z,2026-07-31T23:43:30.926953500Z,EPISODE_TYPE_PUBLIC,COMPLETED,55148612,16622454,109833,892.9491607154227,55135136,16622760,65601,827.3189771631172
89226474,2026-07-31T23:42:25.956465100Z,2026-07-31T23:43:43.659029700Z,EPISODE_TYPE_PUBLIC,COMPLETED,55134690,16621709,107773,1225.806724161143,55148441,16626217,104829,1105.5372881085038
89226494,2026-07-31T23:42:25.973267100Z,2026-07-31T23:43:39.738998500Z,EPISODE_TYPE_PUBLIC,COMPLETED,55118662,16621716,7529,499.4305577657869,55146942,16632950,32075,564.2744415245153
89226979,2026-07-31T23:46:24.572869100Z,2026-07-31T23:47:54.623834400Z,EPISODE_TYPE_PUBLIC,COMPLETED,55148741,16622919,104341,900.204911632019,55135136,16622760,50501,818.3703125297736
89227490,2026-07-31T23:50:26.636198400Z,2026-07-31T23:51:35.381334100Z,EPISODE_TYPE_PUBLIC,COMPLETED,55135136,16622760,56218,811.4382637780944,55148707,16628664,99402,946.4470809200162
89227495,2026-07-31T23:50:26.641911800Z,2026-07-31T23:51:48.408031100Z,EPISODE_TYPE_PUBLIC,COMPLETED,55133690,16623645,93588,1117.1307575308936,55148441,16626217,105390,1156.300769995148
89227496,2026-07-31T23:50:26.642932500Z,2026-07-31T23:51:47.934693800Z,EPISODE_TYPE_PUBLIC,COMPLETED,55133690,16623645,106240,1124.737464223235,55148361,16626332,76414,1054.1858673366264
89227513,2026-07-31T23:50:26.659929800Z,2026-07-31T23:52:06.017124400Z,EPISODE_TYPE_PUBLIC,COMPLETED,55125574,16622835,54711,1136.4986523351836,55146121,16622965,61859,1183.3989372185176
89227516,2026-07-31T23:50:26.665573300Z,2026-07-31T23:51:57.313990200Z,EPISODE_TYPE_PUBLIC,COMPLETED,55147430,16623592,94824,1207.8252143171364,55134690,16621709,112674,1232.3946741281904
89228004,2026-07-31T23:54:24.622914300Z,2026-07-31T23:55:48.073084Z,EPISODE_TYPE_PUBLIC,COMPLETED,55148281,16622454,45738,1083.1893627533623,55136341,16624625,65996,1044.6148000957232
89228510,2026-07-31T23:58:23.949657700Z,2026-07-31T23:59:26.762420100Z,EPISODE_TYPE_PUBLIC,COMPLETED,55135136,16622760,64345,803.8401313616072,55148886,16626191,89019,914.6529173993057
89228513,2026-07-31T23:58:23.952023100Z,2026-07-31T23:59:32.342905600Z,EPISODE_TYPE_PUBLIC,COMPLETED,55135151,16622330,78071,863.8441422529611,55148707,16628664,109745,982.5071158605458
89228523,2026-07-31T23:58:23.961584500Z,2026-07-31T23:59:42.283726200Z,EPISODE_TYPE_PUBLIC,COMPLETED,55134286,16624919,93118,988.9717703297115,55148384,16633341,77802,954.863144308057
89228528,2026-07-31T23:58:23.967288500Z,2026-07-31T23:59:42.182275500Z,EPISODE_TYPE_PUBLIC,COMPLETED,55148449,16632994,33265,619.0428926391705,55116223,16622032,33315,631.0720245975197
89229040,2026-08-01T00:02:24.413623400Z,2026-08-01T00:03:45.941881900Z,EPISODE_TYPE_PUBLIC,COMPLETED,55148707,16628664,97011,1022.160814022989,55129871,16623805,74653,977.4990336662947
89229045,2026-08-01T00:02:24.416636200Z,2026-08-01T00:03:49.923352300Z,EPISODE_TYPE_PUBLIC,COMPLETED,55148612,16622454,92877,1105.3523388490166,55134286,16624919,64407,982.6679066627879
89229049,2026-08-01T00:02:24.420759500Z,2026-08-01T00:03:43.410007500Z,EPISODE_TYPE_PUBLIC,COMPLETED,55133558,16623034,107611,1087.9269156506057,55148407,16630825,96876,1125.4820115749142
89229573,2026-08-01T00:06:23.741892800Z,2026-08-01T00:07:46.262148300Z,EPISODE_TYPE_PUBLIC,COMPLETED,55148361,16626332,53125,1089.217380941398,55129871,16623805,40644,972.5198480449052
89229574,2026-08-01T00:06:23.743003Z,2026-08-01T00:07:51.963193900Z,EPISODE_TYPE_PUBLIC,COMPLETED,55148333,16630559,104227,1196.0142080263095,55134690,16621709,101760,1224.5548198049155
89229575,2026-08-01T00:06:23.745179Z,2026-08-01T00:07:28.008968400Z,EPISODE_TYPE_PUBLIC,COMPLETED,55135182,16627906,85193,945.1246940425307,55148384,16633341,94641,992.265449187817
89229584,2026-08-01T00:06:23.754925Z,2026-08-01T00:07:46.285572700Z,EPISODE_TYPE_PUBLIC,COMPLETED,55147764,16630559,88448,1149.8741221443477,55133558,16623034,53164,1081.9154994100156
89231087,2026-08-01T00:18:23.698311200Z,2026-08-01T00:19:25.077162300Z,EPISODE_TYPE_PUBLIC,COMPLETED,55149625,16623646,78584,719.6940942488475,55118395,16621585,49327,632.0398622635446
89231090,2026-08-01T00:18:23.700789400Z,2026-08-01T00:19:24.417370200Z,EPISODE_TYPE_PUBLIC,COMPLETED,55149384,16632994,64217,853.5309079717401,55126464,16623381,45612,740.8828282410565
89231103,2026-08-01T00:18:23.714304Z,2026-08-01T00:19:47.021824200Z,EPISODE_TYPE_PUBLIC,COMPLETED,55148741,16622919,85157,1064.968850022239,55136341,16624625,82747,1035.3705046342288
89231112,2026-08-01T00:18:23.722590400Z,2026-08-01T00:19:40.927021300Z,EPISODE_TYPE_PUBLIC,COMPLETED,55148333,16630559,117540,1185.749595193083,55134690,16621709,112811,1216.853482778297
89231595,2026-08-01T00:22:24.814559600Z,2026-08-01T00:23:22.681322500Z,EPISODE_TYPE_PUBLIC,COMPLETED,55116223,16622032,21297,624.5560168707678,55149609,16632994,72051,747.6356080618465
89231600,2026-08-01T00:22:24.821339500Z,2026-08-01T00:23:34.360446300Z,EPISODE_TYPE_PUBLIC,COMPLETED,55118662,16621716,16644,505.7042904886592,55149630,16633511,493,407.9094827280909
89231613,2026-08-01T00:22:24.839158100Z,2026-08-01T00:23:17.853691700Z,EPISODE_TYPE_PUBLIC,COMPLETED,55148944,16630312,23163,523.6288507222124,55134274,16625611,14743,445.7478204246579
89232133,2026-08-01T00:26:24.145550100Z,2026-08-01T00:27:50.407667400Z,EPISODE_TYPE_PUBLIC,COMPLETED,55133690,16623645,98066,1122.0864013319058,55148886,16626191,83357,988.6590986980885
89232620,2026-08-01T00:30:23.799268300Z,2026-08-01T00:31:37.816870400Z,EPISODE_TYPE_PUBLIC,COMPLETED,55149759,16630797,44957,644.6921849302804,55135136,16622760,73935,809.8542436647753
89232622,2026-08-01T00:30:23.801770Z,2026-08-01T00:31:22.774224600Z,EPISODE_TYPE_PUBLIC,COMPLETED,55149758,16626093,128590,766.895556851512,55116223,16622032,31813,618.7902548720009
89232633,2026-08-01T00:30:23.812375Z,2026-08-01T00:31:25.986571500Z,EPISODE_TYPE_PUBLIC,COMPLETED,55149383,16631595,108148,945.5791740168121,55135047,16630315,77747,847.1371742633154
89232639,2026-08-01T00:30:23.818589400Z,2026-08-01T00:31:28.821981600Z,EPISODE_TYPE_PUBLIC,COMPLETED,55126464,16623381,49832,734.1681528913492,55149445,16623646,72790,793.2153854190238
89232650,2026-08-01T00:30:23.832017100Z,2026-08-01T00:31:36.684209400Z,EPISODE_TYPE_PUBLIC,COMPLETED,55149081,16630312,26380,532.4058016044321,55135874,16629201,20043,463.07183730030016
89233162,2026-08-01T00:34:24.475005400Z,2026-08-01T00:35:29.975648900Z,EPISODE_TYPE_PUBLIC,COMPLETED,55149384,16632994,57984,861.8302179903013,55135737,16624625,89226,1023.1904164897086
89233660,2026-08-01T00:38:23.884588Z,2026-08-01T00:39:29.781306100Z,EPISODE_TYPE_PUBLIC,COMPLETED,55134690,16621709,102155,1209.3154696178033,55149409,16629699,117475,1181.409262956183
89233668,2026-08-01T00:38:23.892027800Z,2026-08-01T00:39:32.700577700Z,EPISODE_TYPE_PUBLIC,COMPLETED,55149806,16633511,2420,302.95437303056235,55135522,16630274,9495,395.17215848398416
89233670,2026-08-01T00:38:23.895020800Z,2026-08-01T00:39:44.749490700Z,EPISODE_TYPE_PUBLIC,COMPLETED,55135317,16624977,114822,1144.685279529521,55149162,16623798,118561,1203.4620865078962
89234181,2026-08-01T00:42:25.686479200Z,2026-08-01T00:43:27.780326800Z,EPISODE_TYPE_PUBLIC,COMPLETED,55135483,16621294,46107,774.6531738769669,55149625,16623646,54233,798.2939199001854
89234192,2026-08-01T00:42:25.696331300Z,2026-08-01T00:43:21.761128600Z,EPISODE_TYPE_PUBLIC,COMPLETED,55117088,16622312,5160,341.69176318054406,55149806,16633511,2420,237.65740726682216
89234700,2026-08-01T00:46:26.658471400Z,2026-08-01T00:47:39.327283Z,EPISODE_TYPE_PUBLIC,COMPLETED,55136134,16623389,79935,933.4447634726423,55149762,16633507,16110,752.7801044953288
89235202,2026-08-01T00:50:24.062342800Z,2026-08-01T00:51:45.715313800Z,EPISODE_TYPE_PUBLIC,COMPLETED,55149856,16623459,93223,862.7333479577447,55135483,16621294,81034,765.6962048490834
89235702,2026-08-01T00:54:24.341484300Z,2026-08-01T00:55:24.463548400Z,EPISODE_TYPE_PUBLIC,COMPLETED,55150017,16633793,112349,806.405601583976,55126464,16623381,50111,727.9549878783585
89235706,2026-08-01T00:54:24.346425400Z,2026-08-01T00:55:29.824323500Z,EPISODE_TYPE_PUBLIC,COMPLETED,55129871,16623805,60113,965.9617275163828,55149825,16621153,88024,1021.5083001765777
89235707,2026-08-01T00:54:24.347732700Z,2026-08-01T00:55:37.303130900Z,EPISODE_TYPE_PUBLIC,COMPLETED,55136190,16625418,24250,462.3703204262489,55150138,16633511,482,352.39849679773624
89236216,2026-08-01T00:58:23.534930500Z,2026-08-01T00:59:32.926233800Z,EPISODE_TYPE_PUBLIC,COMPLETED,55150094,16624003,88222,884.1071537001973,55134973,16624941,90078,1008.892360600792
89236217,2026-08-01T00:58:23.535811100Z,2026-08-01T00:59:43.394203900Z,EPISODE_TYPE_PUBLIC,COMPLETED,55150137,16623824,47527,704.4515501292734,55135136,16622760,71946,808.6517214785775
89236225,2026-08-01T00:58:23.545016300Z,2026-08-01T00:59:24.215363100Z,EPISODE_TYPE_PUBLIC,COMPLETED,55135136,16622760,59789,801.3716973395342,55150017,16633793,106352,867.3769987220604
89236728,2026-08-01T01:02:23.320023800Z,2026-08-01T01:03:40.707819100Z,EPISODE_TYPE_PUBLIC,COMPLETED,55150344,16632994,102726,670.927794793001,55135874,16629201,19167,453.7696188005075
89236737,2026-08-01T01:02:23.329252700Z,2026-08-01T01:03:40.638146700Z,EPISODE_TYPE_PUBLIC,COMPLETED,55135136,16622760,64593,802.6673585103679,55150053,16626462,103546,941.6712610417009
89236749,2026-08-01T01:02:23.340958900Z,2026-08-01T01:03:29.410515100Z,EPISODE_TYPE_PUBLIC,COMPLETED,55149860,16623459,75860,1030.6459532617566,55136341,16624625,73982,1025.5236990331334
89237244,2026-08-01T01:06:23.481494500Z,2026-08-01T01:07:24.670250700Z,EPISODE_TYPE_PUBLIC,COMPLETED,55135136,16622760,68825,809.9027823063834,55150137,16623824,67253,721.479110479561
89237247,2026-08-01T01:06:23.486281900Z,2026-08-01T01:07:59.848150900Z,EPISODE_TYPE_PUBLIC,COMPLETED,55135317,16624977,58613,1137.952362660437,55149848,16622198,77798,1185.6312227988944
89237262,2026-08-01T01:06:23.499617100Z,2026-08-01T01:07:44.063235800Z,EPISODE_TYPE_PUBLIC,COMPLETED,55149583,16633341,104312,1035.861765205782,55135737,16624625,79399,1014.0060791802591
89237263,2026-08-01T01:06:23.500939400Z,2026-08-01T01:07:26.895536700Z,EPISODE_TYPE_PUBLIC,COMPLETED,55135182,16627906,75217,940.4619470339841,55149582,16623875,98677,1101.0236883333532
89237765,2026-08-01T01:10:23.960487700Z,2026-08-01T01:11:24.625137700Z,EPISODE_TYPE_PUBLIC,COMPLETED,55136134,16623389,74688,922.7503308952945,55150085,16623540,84319,916.171914251397
89237772,2026-08-01T01:10:23.968375800Z,2026-08-01T01:11:24.880210500Z,EPISODE_TYPE_PUBLIC,COMPLETED,55149860,16623459,93182,1040.6244239986784,55134973,16624941,80444,1001.352395512702
89238251,2026-08-01T01:14:24.729957Z,2026-08-01T01:15:33.017112700Z,EPISODE_TYPE_PUBLIC,COMPLETED,55126464,16623381,49676,731.7153210410354,55150672,16633511,2740,526.1916054943053
89238256,2026-08-01T01:14:24.735386900Z,2026-08-01T01:15:32.950713100Z,EPISODE_TYPE_PUBLIC,COMPLETED,55136341,16624625,71261,1017.9140862302817,55150172,16630559,86510,1086.664495332986
89238265,2026-08-01T01:14:24.744694Z,2026-08-01T01:15:42.245265500Z,EPISODE_TYPE_PUBLIC,COMPLETED,55118395,16621585,30021,638.8859413865553,55150200,16631215,26559,599.9129310195718
89238273,2026-08-01T01:14:24.755366900Z,2026-08-01T01:15:48.122333900Z,EPISODE_TYPE_PUBLIC,COMPLETED,55136341,16624625,70770,1008.3714835478206,55150017,16633793,97600,1005.6647974932762
89239265,2026-08-01T01:22:23.845116900Z,2026-08-01T01:23:29.692523Z,EPISODE_TYPE_PUBLIC,COMPLETED,55135483,16621294,16864,754.773541497184,55150736,16623824,52810,804.5874991916052
89239266,2026-08-01T01:22:23.845375200Z,2026-08-01T01:23:15.495046800Z,EPISODE_TYPE_PUBLIC,COMPLETED,55150806,16633511,2740,435.03388070552063,55117284,16622422,6259,431.3610475846604
89239281,2026-08-01T01:22:23.859381400Z,2026-08-01T01:23:46.033784700Z,EPISODE_TYPE_PUBLIC,COMPLETED,55150137,16623824,76775,851.8263931806666,55126464,16623381,37443,726.9744339304086
89239284,2026-08-01T01:22:23.863193900Z,2026-08-01T01:23:28.615990700Z,EPISODE_TYPE_PUBLIC,COMPLETED,55150094,16624003,93973,975.7765987304488,55129871,16623805,95298,973.7551109521559
89239287,2026-08-01T01:22:23.866287900Z,2026-08-01T01:23:26.692380200Z,EPISODE_TYPE_PUBLIC,COMPLETED,55135737,16624625,75605,1003.9195641641829,55150042,16629165,79126,991.5691167108814
89239774,2026-08-01T01:26:24.936322700Z,2026-08-01T01:27:39.601038400Z,EPISODE_TYPE_PUBLIC,COMPLETED,55150840,16623582,29061,502.5092585231947,55118396,16622487,30336,642.8848171785196
89239786,2026-08-01T01:26:24.949471Z,2026-08-01T01:27:40.321374400Z,EPISODE_TYPE_PUBLIC,COMPLETED,55135317,16624977,61785,1131.7822882063426,55150172,16630559,95579,1195.3308188378553
89239793,2026-08-01T01:26:24.956431700Z,2026-08-01T01:27:41.142365100Z,EPISODE_TYPE_PUBLIC,COMPLETED,55150446,16623678,28971,674.0702077078457,55118396,16622487,21576,635.0765725371266
89239796,2026-08-01T01:26:24.959063Z,2026-08-01T01:27:50.631338600Z,EPISODE_TYPE_PUBLIC,COMPLETED,55133690,16623645,94654,1114.317793125885,55150105,16621811,104704,1134.418129465609
89239801,2026-08-01T01:26:24.962441300Z,2026-08-01T01:27:50.820141100Z,EPISODE_TYPE_PUBLIC,COMPLETED,55150094,16624003,88584,1002.1552122742163,55134973,16624941,86854,993.1332492808872
89240315,2026-08-01T01:34:04.605294300Z,2026-08-01T01:34:54.995239100Z,EPISODE_TYPE_PUBLIC,COMPLETED,55150806,16633511,2740,428.3086451772571,55117088,16622312,1934,330.3187794029314
89240812,2026-08-01T01:37:37.648619100Z,2026-08-01T01:38:36.596669200Z,EPISODE_TYPE_PUBLIC,COMPLETED,55150940,16623644,40012,758.3006931320608,55118396,16622487,26578,629.4335310241772
89240827,2026-08-01T01:37:37.665114600Z,2026-08-01T01:38:55.862867Z,EPISODE_TYPE_PUBLIC,COMPLETED,55135483,16621294,69396,768.1031602255134,55150257,16632994,69304,795.7990734737418
89241318,2026-08-01T01:41:37.434671900Z,2026-08-01T01:42:56.962809500Z,EPISODE_TYPE_PUBLIC,COMPLETED,55150887,16633850,98002,976.8706467191819,55129871,16623805,58908,966.2524061446552
89241328,2026-08-01T01:41:37.446446800Z,2026-08-01T01:43:06.850111300Z,EPISODE_TYPE_PUBLIC,COMPLETED,55134286,16624919,53426,974.7229622126524,55150344,16632994,70956,1036.2290566775282
89241846,2026-08-01T01:45:37.868535900Z,2026-08-01T01:46:43.090236800Z,EPISODE_TYPE_PUBLIC,COMPLETED,55134690,16621709,117629,1203.963690170572,55150028,16630675,127650,1258.5335162082883
89242350,2026-08-01T01:49:37.133793500Z,2026-08-01T01:51:16.816788200Z,EPISODE_TYPE_PUBLIC,COMPLETED,55150637,16626979,91844,1152.5560960001662,55125574,16622835,80594,1130.5242345742008
89242367,2026-08-01T01:49:37.146894300Z,2026-08-01T01:50:31.070489Z,EPISODE_TYPE_PUBLIC,COMPLETED,55150840,16623582,29993,440.542938603869,55135522,16630274,7807,373.4150176843365
89242854,2026-08-01T01:53:39.425799Z,2026-08-01T01:55:03.705816400Z,EPISODE_TYPE_PUBLIC,COMPLETED,55129871,16623805,60012,959.4882365625728,55150939,16623485,69261,988.2059494318087
89242868,2026-08-01T01:53:39.444443300Z,2026-08-01T01:54:58.471898900Z,EPISODE_TYPE_PUBLIC,COMPLETED,55150344,16632994,85470,1002.5465031578251,55135151,16622330,70974,857.7078744159288
89242873,2026-08-01T01:53:39.451855500Z,2026-08-01T01:54:54.620701500Z,EPISODE_TYPE_PUBLIC,COMPLETED,55115827,16621290,4548,386.3905909357671,55149505,16631090,4140,385.176335042809
89243381,2026-08-01T01:57:36.716764900Z,2026-08-01T01:58:38.541389800Z,EPISODE_TYPE_PUBLIC,COMPLETED,55150344,16632994,71547,961.0655498022426,55136134,16623389,81914,933.7580378451056
89243878,2026-08-01T02:01:36.789267100Z,2026-08-01T02:02:43.469344100Z,EPISODE_TYPE_PUBLIC,COMPLETED,55151214,16633341,109711,933.7086445062953,55135136,16622760,62888,803.8695315064637
89245419,2026-08-01T02:13:38.383474400Z,2026-08-01T02:14:58.501821300Z,EPISODE_TYPE_PUBLIC,COMPLETED,55134735,16622820,38926,795.0583381653989,55151447,16623897,100467,877.8721986552982
89245427,2026-08-01T02:13:38.395769800Z,2026-08-01T02:14:47.201551400Z,EPISODE_TYPE_PUBLIC,COMPLETED,55151072,16625856,110411,1222.4334500920415,55135317,16624977,81171,1126.549169237329
89245940,2026-08-01T02:17:36.791105400Z,2026-08-01T02:18:56.959469700Z,EPISODE_TYPE_PUBLIC,COMPLETED,55151491,16626655,120812,921.6634262988531,55135136,16622760,48985,797.8051417379346
89245960,2026-08-01T02:17:36.810765700Z,2026-08-01T02:18:53.835822700Z,EPISODE_TYPE_PUBLIC,COMPLETED,55151025,16631460,75751,863.6214055633251,55134286,16624919,86644,980.785576479768
89246455,2026-08-01T02:21:37.153082200Z,2026-08-01T02:22:57.336317400Z,EPISODE_TYPE_PUBLIC,COMPLETED,55133690,16623645,70428,1108.9802963936081,55151072,16625856,104440,1214.107173999188
89246467,2026-08-01T02:21:37.166789600Z,2026-08-01T02:22:57.233930200Z,EPISODE_TYPE_PUBLIC,COMPLETED,55150085,16623540,78009,922.5957182331662,55134286,16624919,84184,988.0995292128188
89246952,2026-08-01T02:25:36.855285400Z,2026-08-01T02:26:52.577889500Z,EPISODE_TYPE_PUBLIC,COMPLETED,55151643,16633923,116048,884.9597675664822,55135136,16622760,57721,791.0020041414012
89246954,2026-08-01T02:25:36.857038700Z,2026-08-01T02:26:42.128074Z,EPISODE_TYPE_PUBLIC,COMPLETED,55151708,16633850,119185,878.728927047584,55135151,16622330,73756,847.5135950150274
89247474,2026-08-01T02:29:36.507832Z,2026-08-01T02:30:41.771848700Z,EPISODE_TYPE_PUBLIC,COMPLETED,55151579,16629699,141008,1056.1374905875066,55136341,16624625,73738,1000.7101224520623
89248505,2026-08-01T02:37:36.428010700Z,2026-08-01T02:38:40.258822300Z,EPISODE_TYPE_PUBLIC,COMPLETED,55136341,16624625,66836,994.2081077067395,55151643,16633923,89531,1082.6517950245143
89249009,2026-08-01T02:41:36.424084500Z,2026-08-01T02:42:40.100907Z,EPISODE_TYPE_PUBLIC,COMPLETED,55151872,16621355,122151,1008.7900106943422,55136341,16624625,78763,985.9969866453922
89249521,2026-08-01T02:45:36.965278200Z,2026-08-01T02:46:47.851316600Z,EPISODE_TYPE_PUBLIC,COMPLETED,55125574,16622835,58882,1135.6501173464999,55151643,16633923,41561,1077.7218174995262
89249522,2026-08-01T02:45:36.967015Z,2026-08-01T02:46:39.914815500Z,EPISODE_TYPE_PUBLIC,COMPLETED,55151637,16633850,102202,1082.9634593994572,55129871,16623805,81673,955.1111788805688
89249535,2026-08-01T02:45:36.984355100Z,2026-08-01T02:46:59.952478300Z,EPISODE_TYPE_PUBLIC,COMPLETED,55136341,16624625,97754,995.3029185889097,55151473,16631400,79794,1020.9718563844151
89250035,2026-08-01T02:49:38.042094400Z,2026-08-01T02:50:44.528196500Z,EPISODE_TYPE_PUBLIC,COMPLETED,55151491,16626655,95708,1241.6952776441403,55134690,16621709,91111,1198.4507546511056
89250042,2026-08-01T02:49:38.052245700Z,2026-08-01T02:50:42.114096Z,EPISODE_TYPE_PUBLIC,COMPLETED,55116010,16621168,34169,501.1282051273392,55151791,16632224,3735,410.6199717932114
89250535,2026-08-01T02:53:50.190279200Z,2026-08-01T02:55:08.384817700Z,EPISODE_TYPE_PUBLIC,COMPLETED,55151837,16623920,92761,1101.0164830410656,55125574,16622835,53738,1128.761727785467
89251036,2026-08-01T02:57:39.585635100Z,2026-08-01T02:59:02.224306700Z,EPISODE_TYPE_PUBLIC,COMPLETED,55134973,16624941,75038,986.2320932161338,55152004,16630312,104349,1040.3269024122624
89251561,2026-08-01T03:01:36.548742700Z,2026-08-01T03:02:41.480803700Z,EPISODE_TYPE_PUBLIC,COMPLETED,55134973,16624941,76025,981.4656496607573,55151922,16634082,110782,1114.6107845672452
89251562,2026-08-01T03:01:36.549843900Z,2026-08-01T03:02:59.721056400Z,EPISODE_TYPE_PUBLIC,COMPLETED,55135317,16624977,96650,1115.1764514070558,55151865,16622198,112391,1235.9522388939029
89251579,2026-08-01T03:01:36.569272200Z,2026-08-01T03:02:42.580628800Z,EPISODE_TYPE_PUBLIC,COMPLETED,55151421,16626462,78750,1141.697077369379,55135317,16624977,59999,1119.6908361671053
89252071,2026-08-01T03:05:37.078323300Z,2026-08-01T03:06:56.529091700Z,EPISODE_TYPE_PUBLIC,COMPLETED,55152360,16623644,42806,761.6188330991865,55115388,16621402,39885,591.2114913707959
89252590,2026-08-01T03:09:36.629231100Z,2026-08-01T03:11:00.762651Z,EPISODE_TYPE_PUBLIC,COMPLETED,55151870,16631090,70730,876.5260689606914,55134735,16622820,46858,785.9289699772164
89252604,2026-08-01T03:09:36.643972100Z,2026-08-01T03:10:47.612068600Z,EPISODE_TYPE_PUBLIC,COMPLETED,55134690,16621709,107680,1203.434308142531,55150254,16621153,87057,1142.0929800749736
89253090,2026-08-01T03:13:38.591209900Z,2026-08-01T03:14:43.170090Z,EPISODE_TYPE_PUBLIC,COMPLETED,55134690,16621709,106479,1210.2366768765378,55151865,16622198,93414,1234.4841646102543
89253607,2026-08-01T03:18:07.293747800Z,2026-08-01T03:19:29.117610900Z,EPISODE_TYPE_PUBLIC,COMPLETED,55129871,16623805,88651,959.8361628299366,55151952,16621294,37569,857.1818084614337
89254629,2026-08-01T03:26:06.666301Z,2026-08-01T03:27:19.431768800Z,EPISODE_TYPE_PUBLIC,COMPLETED,55136190,16625418,15873,477.023975688592,55152560,16634128,4610,415.4216535610636
89254630,2026-08-01T03:26:06.668842600Z,2026-08-01T03:27:18.420298700Z,EPISODE_TYPE_PUBLIC,COMPLETED,55118395,16621585,36132,643.4866780564479,55152492,16630896,21330,509.42681169857093
89254631,2026-08-01T03:26:06.669809600Z,2026-08-01T03:27:29.884429800Z,EPISODE_TYPE_PUBLIC,COMPLETED,55152360,16623644,36490,551.4438707001816,55118396,16622487,37064,635.7026162595332
89255131,2026-08-01T03:30:06.958625600Z,2026-08-01T03:31:26.845185600Z,EPISODE_TYPE_PUBLIC,COMPLETED,55152687,16630825,126258,881.9903055900196,55135047,16630315,78673,836.9732877262867
89256662,2026-08-01T03:42:06.726873300Z,2026-08-01T03:43:08.479012800Z,EPISODE_TYPE_PUBLIC,COMPLETED,55115388,16621402,42395,585.4971788859868,55153009,16632138,88204,705.653803772164
89256690,2026-08-01T03:42:06.756334700Z,2026-08-01T03:43:26.054011200Z,EPISODE_TYPE_PUBLIC,COMPLETED,55152492,16630896,22883,522.2123873698401,55118662,16621716,13224,497.9866229705385
89257689,2026-08-01T03:50:06.641080200Z,2026-08-01T03:51:42.660710800Z,EPISODE_TYPE_PUBLIC,COMPLETED,55129871,16623805,71088,953.435487335657,55152844,16623644,108214,984.6403293281243
89257705,2026-08-01T03:50:06.664539800Z,2026-08-01T03:51:28.944486100Z,EPISODE_TYPE_PUBLIC,COMPLETED,55152338,16633341,82949,1166.9359676644492,55125574,16622835,64999,1123.6117238648858
89257707,2026-08-01T03:50:06.666070500Z,2026-08-01T03:51:11.827537700Z,EPISODE_TYPE_PUBLIC,COMPLETED,55118662,16621716,20970,491.9542928596388,55152752,16632444,46085,573.6794610870755
89258195,2026-08-01T03:54:09.826895300Z,2026-08-01T03:55:11.328287500Z,EPISODE_TYPE_PUBLIC,COMPLETED,55135151,16622330,59101,838.5696628215455,55153047,16623488,66196,898.6559553109522
89258203,2026-08-01T03:54:09.838347400Z,2026-08-01T03:55:11.189120900Z,EPISODE_TYPE_PUBLIC,COMPLETED,55135151,16622330,80436,853.4893225443232,55152976,16621163,48542,701.6046199516214
89258206,2026-08-01T03:54:09.841796300Z,2026-08-01T03:55:30.563651200Z,EPISODE_TYPE_PUBLIC,COMPLETED,55152786,16631595,104980,1122.3956867304253,55134973,16624941,68096,977.0418702188828
89258224,2026-08-01T03:54:09.863635600Z,2026-08-01T03:55:12.995887500Z,EPISODE_TYPE_PUBLIC,COMPLETED,55115733,16621519,1607,269.4365198753213,55151458,16624921,0,184.87646892902814
89258709,2026-08-01T03:58:06.872817800Z,2026-08-01T03:59:11.956369400Z,EPISODE_TYPE_PUBLIC,COMPLETED,55136134,16623389,70944,927.8992887841486,55152985,16624934,111736,1059.7365809475102
89259233,2026-08-01T04:02:06.217844800Z,2026-08-01T04:03:32.496786400Z,EPISODE_TYPE_PUBLIC,COMPLETED,55152985,16624934,114723,1095.398195009237,55136341,16624625,89165,989.7405913609404
89259236,2026-08-01T04:02:06.221804900Z,2026-08-01T04:03:23.546643300Z,EPISODE_TYPE_PUBLIC,COMPLETED,55125574,16622835,46735,1119.1171440676587,55152873,16626462,69264,1195.47916472536
89259733,2026-08-01T04:06:06.502275Z,2026-08-01T04:07:24.322141Z,EPISODE_TYPE_PUBLIC,COMPLETED,55135151,16622330,74199,844.4563871445358,55153295,16622338,67710,682.3833451029112
89260254,2026-08-01T04:10:06.792671400Z,2026-08-01T04:11:10.975547500Z,EPISODE_TYPE_PUBLIC,COMPLETED,55135151,16622330,37169,837.3647043585719,55153183,16629699,134228,942.8300008902632
89260790,2026-08-01T04:14:10.409222600Z,2026-08-01T04:15:11.765381200Z,EPISODE_TYPE_PUBLIC,COMPLETED,55134286,16624919,91176,995.1229901347037,55152922,16629972,88739,923.7587688991231
89260791,2026-08-01T04:14:10.409857400Z,2026-08-01T04:15:23.129513300Z,EPISODE_TYPE_PUBLIC,COMPLETED,55152786,16631595,91426,1203.7704949759925,55135317,16624977,59429,1105.4489705681046
89260793,2026-08-01T04:14:10.411659600Z,2026-08-01T04:15:34.084365400Z,EPISODE_TYPE_PUBLIC,COMPLETED,55152722,16633923,93212,1172.768321198132,55135317,16624977,52484,1100.257036058051
89260794,2026-08-01T04:14:10.413848800Z,2026-08-01T04:15:17.406473Z,EPISODE_TYPE_PUBLIC,COMPLETED,55135317,16624977,89196,1110.1891977716195,55152844,16623644,104014,1200.87320880929
89261319,2026-08-01T04:18:07.013236500Z,2026-08-01T04:19:17.720290900Z,EPISODE_TYPE_PUBLIC,COMPLETED,55129871,16623805,97326,958.6494668452383,55152638,16631090,75035,889.1105361824111
89261825,2026-08-01T04:22:06.259600900Z,2026-08-01T04:23:27.785149900Z,EPISODE_TYPE_PUBLIC,COMPLETED,55152722,16633923,101476,1212.6952973498958,55134690,16621709,89564,1204.3211460604336
89262333,2026-08-01T04:26:06.523011200Z,2026-08-01T04:27:35.752380900Z,EPISODE_TYPE_PUBLIC,COMPLETED,55135317,16624977,67454,1095.121291369423,55153032,16624003,98386,1165.9872792672102
89262334,2026-08-01T04:26:06.523451500Z,2026-08-01T04:27:02.600955100Z,EPISODE_TYPE_PUBLIC,COMPLETED,55153047,16623488,81706,910.6616224742068,55134286,16624919,101233,1001.4192048579603
89262342,2026-08-01T04:26:06.530450Z,2026-08-01T04:27:13.084689200Z,EPISODE_TYPE_PUBLIC,COMPLETED,55152922,16629972,78898,957.7588111791018,55135737,16624625,86180,1011.5239602305325
89262344,2026-08-01T04:26:06.532590800Z,2026-08-01T04:27:06.948515300Z,EPISODE_TYPE_PUBLIC,COMPLETED,55153216,16625434,29824,450.95478709610575,55136190,16625418,39881,491.8060518166575
89262850,2026-08-01T04:30:05.902813500Z,2026-08-01T04:31:30.110753200Z,EPISODE_TYPE_PUBLIC,COMPLETED,55153410,16633341,100300,980.204749766078,55135182,16627906,76677,932.6513512914801
89262861,2026-08-01T04:30:05.915840500Z,2026-08-01T04:31:25.775200700Z,EPISODE_TYPE_PUBLIC,COMPLETED,55152919,16623897,77528,1156.6109801553919,55125574,16622835,63379,1114.1338175172725
89262865,2026-08-01T04:30:05.922246300Z,2026-08-01T04:31:27.114933Z,EPISODE_TYPE_PUBLIC,COMPLETED,55135737,16624625,78547,1006.4539035398707,55152854,16626462,98668,1145.372227510712
89263901,2026-08-01T04:38:06.605139500Z,2026-08-01T04:39:28.660492300Z,EPISODE_TYPE_PUBLIC,COMPLETED,55125574,16622835,89715,1120.2240274990086,55152854,16626462,83342,1137.0094547531555
89264404,2026-08-01T04:42:06.486774900Z,2026-08-01T04:43:33.437504900Z,EPISODE_TYPE_PUBLIC,COMPLETED,55134690,16621709,87573,1208.5125824888908,55153306,16630559,86132,1116.4355519850353
89264926,2026-08-01T04:46:06.133819800Z,2026-08-01T04:47:35.953048800Z,EPISODE_TYPE_PUBLIC,COMPLETED,55134690,16621709,110540,1212.702000080718,55152919,16623897,95042,1128.324803649263
89265415,2026-08-01T04:50:09.004591600Z,2026-08-01T04:51:11.017306300Z,EPISODE_TYPE_PUBLIC,COMPLETED,55153719,16626217,92457,1044.5164702315778,55129871,16623805,44098,953.8117218392323
89265432,2026-08-01T04:50:09.023740400Z,2026-08-01T04:51:21.846524100Z,EPISODE_TYPE_PUBLIC,COMPLETED,55115827,16621290,3929,391.6686067097522,55153702,16632118,3324,200.33361142203754
89265918,2026-08-01T04:54:09.042105200Z,2026-08-01T04:55:32.278300700Z,EPISODE_TYPE_PUBLIC,COMPLETED,55134274,16625611,17421,437.1827046292781,55153992,16633944,129105,666.9689361734348
89265928,2026-08-01T04:54:09.056775500Z,2026-08-01T04:55:27.313056400Z,EPISODE_TYPE_PUBLIC,COMPLETED,55153719,16626217,84122,1082.2901579524025,55134286,16624919,70616,995.0685648973584
89265931,2026-08-01T04:54:09.059162100Z,2026-08-01T04:55:32.424085900Z,EPISODE_TYPE_PUBLIC,COMPLETED,55153513,16623897,87381,1149.7889050277558,55135317,16624977,68376,1089.8267179163674
89266454,2026-08-01T04:58:06.193195100Z,2026-08-01T04:59:07.133843100Z,EPISODE_TYPE_PUBLIC,COMPLETED,55136134,16623389,55117,919.0530237592616,55153491,16632138,67632,938.4010001433835
89267987,2026-08-01T05:10:06.347416700Z,2026-08-01T05:11:36.002080Z,EPISODE_TYPE_PUBLIC,COMPLETED,55153769,16632224,116010,1159.9195550698234,55134690,16621709,94544,1205.868230359968
89267992,2026-08-01T05:10:06.353148300Z,2026-08-01T05:11:22.458743400Z,EPISODE_TYPE_PUBLIC,COMPLETED,55153722,16634174,57308,850.5741564720994,55135151,16622330,78400,847.4982234726324
89267996,2026-08-01T05:10:06.355788Z,2026-08-01T05:11:20.983539800Z,EPISODE_TYPE_PUBLIC,COMPLETED,55154068,16634060,14032,373.41274475852697,55115733,16621519,131,250.89032995377036
89268508,2026-08-01T05:14:08.362246700Z,2026-08-01T05:15:09.658413900Z,EPISODE_TYPE_PUBLIC,COMPLETED,55153834,16630752,53013,869.9161403713928,55135182,16627906,73144,939.4810267434344
89269015,2026-08-01T05:18:06.554782Z,2026-08-01T05:19:28.718974900Z,EPISODE_TYPE_PUBLIC,COMPLETED,55153922,16622338,70724,916.4612816153181,55134973,16624941,84316,983.1283059668149
89269509,2026-08-01T05:22:06.783884100Z,2026-08-01T05:23:28.541261800Z,EPISODE_TYPE_PUBLIC,COMPLETED,55135047,16630315,72000,829.6139039315167,55154212,16630689,99171,949.2614839338688
89269522,2026-08-01T05:22:06.796421500Z,2026-08-01T05:23:20.802323100Z,EPISODE_TYPE_PUBLIC,COMPLETED,55154011,16632715,86252,912.0727730284898,55135136,16622760,46848,785.5461226463494
89269532,2026-08-01T05:22:06.807791600Z,2026-08-01T05:23:26.337007700Z,EPISODE_TYPE_PUBLIC,COMPLETED,55153719,16626217,76528,1147.417831539769,55125574,16622835,52591,1115.2420206242696
89270020,2026-08-01T05:26:06.257623Z,2026-08-01T05:27:44.748990500Z,EPISODE_TYPE_PUBLIC,COMPLETED,55135182,16627906,59724,932.8342914473571,55154242,16627194,98183,1009.7248026891519
89270535,2026-08-01T05:30:06.266418500Z,2026-08-01T05:31:20.588412200Z,EPISODE_TYPE_PUBLIC,COMPLETED,55135151,16622330,69223,840.5345882924196,55154326,16623616,97692,934.1446014490277
89270560,2026-08-01T05:30:06.293991400Z,2026-08-01T05:30:57.891260400Z,EPISODE_TYPE_PUBLIC,COMPLETED,55136500,16627313,51853,507.3174426770085,55138288,16631016,3383,348.80475776911027
89271038,2026-08-01T05:34:08.710067800Z,2026-08-01T05:35:31.417455200Z,EPISODE_TYPE_PUBLIC,COMPLETED,55135182,16627906,62419,923.5507739705475,55154530,16627472,100910,908.6865972450457
89271042,2026-08-01T05:34:08.714711200Z,2026-08-01T05:35:14.481975700Z,EPISODE_TYPE_PUBLIC,COMPLETED,55154341,16624977,87746,1027.3391878328207,55134973,16624941,70515,976.6730815228186
89271049,2026-08-01T05:34:08.719243700Z,2026-08-01T05:35:15.075564400Z,EPISODE_TYPE_PUBLIC,COMPLETED,55154242,16627194,111671,1087.9948652264436,55136341,16624625,68492,984.2500500905742
89271067,2026-08-01T05:34:08.742174500Z,2026-08-01T05:35:23.909625800Z,EPISODE_TYPE_PUBLIC,COMPLETED,55134973,16624941,81469,981.8041972560005,55153922,16622338,70752,888.0664081712682
89271069,2026-08-01T05:34:08.743081500Z,2026-08-01T05:35:22.378745500Z,EPISODE_TYPE_PUBLIC,COMPLETED,55153834,16630752,67566,853.8367174767418,55136134,16623389,72064,925.9945523675896
89271570,2026-08-01T05:38:06.642839700Z,2026-08-01T05:39:09.923155Z,EPISODE_TYPE_PUBLIC,COMPLETED,55154475,16630274,14090,404.94054515157933,55136500,16627313,50354,519.8667070709379
89272078,2026-08-01T05:42:06.842029800Z,2026-08-01T05:43:31.898410100Z,EPISODE_TYPE_PUBLIC,COMPLETED,55118396,16622487,14592,630.7081224783436,55154684,16623389,96025,779.6139907959922
89272088,2026-08-01T05:42:06.848921200Z,2026-08-01T05:43:22.691488800Z,EPISODE_TYPE_PUBLIC,COMPLETED,55154682,16632950,31301,595.0597590245621,55134274,16625611,1622,426.51540501211946
89272096,2026-08-01T05:42:06.866898500Z,2026-08-01T05:43:19.747295300Z,EPISODE_TYPE_PUBLIC,COMPLETED,55154475,16630274,14954,470.38700149140595,55117284,16622422,6259,423.1008793006518
89272104,2026-08-01T05:42:06.879660100Z,2026-08-01T05:43:12.727051Z,EPISODE_TYPE_PUBLIC,COMPLETED,55134735,16622820,38525,797.6508230302979,55153993,16630251,33551,779.7383931166044
89273103,2026-08-01T05:50:06.383733600Z,2026-08-01T05:51:17.527574300Z,EPISODE_TYPE_PUBLIC,COMPLETED,55116223,16622032,45703,625.0436256138871,55154897,16631777,7737,497.37561791899
89273130,2026-08-01T05:50:06.416058500Z,2026-08-01T05:51:21.759374500Z,EPISODE_TYPE_PUBLIC,COMPLETED,55118662,16621716,22184,498.3014840475299,55154516,16623745,20124,431.55393289681354
89273135,2026-08-01T05:50:06.422693600Z,2026-08-01T05:51:35.207060800Z,EPISODE_TYPE_PUBLIC,COMPLETED,55134690,16621709,108450,1202.1098621772314,55153769,16632224,113472,1302.5370433796809
89273627,2026-08-01T05:54:09.353383400Z,2026-08-01T05:55:12.114885200Z,EPISODE_TYPE_PUBLIC,COMPLETED,55154748,16621163,72087,873.7468926398489,55135136,16622760,52727,787.3254407739299
89273651,2026-08-01T05:54:09.378198500Z,2026-08-01T05:55:10.509903100Z,EPISODE_TYPE_PUBLIC,COMPLETED,55135136,16622760,65318,793.7774950430764,55154333,16634174,60984,774.6935137890435
89274138,2026-08-01T05:58:06.665400600Z,2026-08-01T05:59:02.144543100Z,EPISODE_TYPE_PUBLIC,COMPLETED,55118396,16622487,36741,635.0141698255754,55155019,16625418,28268,455.3227240068529
89274144,2026-08-01T05:58:06.669966900Z,2026-08-01T05:59:23.058464800Z,EPISODE_TYPE_PUBLIC,COMPLETED,55154912,16632444,65934,733.096976607409,55118395,16621585,37503,638.0775306187204
89274147,2026-08-01T05:58:06.675463900Z,2026-08-01T05:59:07.137213900Z,EPISODE_TYPE_PUBLIC,COMPLETED,55154624,16631115,107226,1051.8983654941355,55134973,16624941,80723,976.2396124762628
89274153,2026-08-01T05:58:06.680765800Z,2026-08-01T05:59:21.814849800Z,EPISODE_TYPE_PUBLIC,COMPLETED,55134274,16625611,28980,438.23925726297057,55154922,16634316,3000,304.23664354974665
89274656,2026-08-01T06:02:06.636752400Z,2026-08-01T06:03:19.535560800Z,EPISODE_TYPE_PUBLIC,COMPLETED,55154867,16634204,91370,948.2962198332059,55135182,16627906,63272,915.9295557654866
89274670,2026-08-01T06:02:06.651580100Z,2026-08-01T06:03:29.741392Z,EPISODE_TYPE_PUBLIC,COMPLETED,55135182,16627906,62947,909.3893763962682,55154571,16621481,72768,968.7484627298905
89274672,2026-08-01T06:02:06.654092100Z,2026-08-01T06:03:11.529236900Z,EPISODE_TYPE_PUBLIC,COMPLETED,55135136,16622760,56308,780.3758936515844,55154508,16634143,86456,833.0240230655078
89275183,2026-08-01T06:06:06.820434500Z,2026-08-01T06:07:10.116451800Z,EPISODE_TYPE_PUBLIC,COMPLETED,55155242,16634654,126082,718.6997116588901,55118396,16622487,27545,628.7970912937825
89275184,2026-08-01T06:06:06.820646400Z,2026-08-01T06:07:09.869840900Z,EPISODE_TYPE_PUBLIC,COMPLETED,55134286,16624919,84860,986.0533771146656,55155005,16623697,104465,979.988942415727
89275713,2026-08-01T06:10:06.842998800Z,2026-08-01T06:11:12.235839200Z,EPISODE_TYPE_PUBLIC,COMPLETED,55136341,16624625,64944,976.155612628174,55155151,16623897,96872,982.3077974812945
89275730,2026-08-01T06:10:06.859000400Z,2026-08-01T06:11:13.950243Z,EPISODE_TYPE_PUBLIC,COMPLETED,55134735,16622820,35131,791.1337843434493,55155010,16623697,112627,947.4977225056979
89275743,2026-08-01T06:10:06.874281100Z,2026-08-01T06:11:29.036920900Z,EPISODE_TYPE_PUBLIC,COMPLETED,55135182,16627906,69856,903.8954499973444,55154595,16621481,81546,998.3043363445942
89276254,2026-08-01T06:14:10.060581900Z,2026-08-01T06:15:30.867827500Z,EPISODE_TYPE_PUBLIC,COMPLETED,55155005,16623697,77917,1070.7457504474912,55134286,16624919,69011,980.012856274427
89276753,2026-08-01T06:18:06.612684Z,2026-08-01T06:19:29.807895600Z,EPISODE_TYPE_PUBLIC,COMPLETED,55155357,16632493,38862,838.0782124162552,55135136,16622760,33471,773.5106377618716
89277303,2026-08-01T06:22:06.957726400Z,2026-08-01T06:22:59.833081600Z,EPISODE_TYPE_PUBLIC,COMPLETED,55155363,16624666,80,318.9106473091187,55116010,16621168,32635,505.83414016822445
89277817,2026-08-01T06:26:07.216386700Z,2026-08-01T06:27:29.049188300Z,EPISODE_TYPE_PUBLIC,COMPLETED,55155242,16634654,114168,928.981220312638,55129871,16623805,74788,946.6825933918318
89277820,2026-08-01T06:26:07.215034300Z,2026-08-01T06:27:24.496760200Z,EPISODE_TYPE_PUBLIC,COMPLETED,55134973,16624941,72866,970.9953505734115,55155183,16623616,122205,1056.662089230881
89278338,2026-08-01T06:30:07.317474900Z,2026-08-01T06:31:15.549270700Z,EPISODE_TYPE_PUBLIC,COMPLETED,55155561,16634204,98629,862.0763693186548,55134735,16622820,44140,781.9939042255601
89278856,2026-08-01T06:34:10.176842700Z,2026-08-01T06:35:28.322825500Z,EPISODE_TYPE_PUBLIC,COMPLETED,55155696,16625908,40234,847.6977392775285,55135047,16630315,32033,819.2190328304125
89278866,2026-08-01T06:34:10.186682100Z,2026-08-01T06:35:34.251591300Z,EPISODE_TYPE_PUBLIC,COMPLETED,55155561,16634204,90596,943.3170749211126,55135182,16627906,64916,897.1034421637418
89279381,2026-08-01T06:38:07.045418600Z,2026-08-01T06:39:17.835442400Z,EPISODE_TYPE_PUBLIC,COMPLETED,55134735,16622820,41731,775.024614919446,55155696,16625908,92881,915.8819032705638
89279396,2026-08-01T06:38:07.064440Z,2026-08-01T06:39:16.402536200Z,EPISODE_TYPE_PUBLIC,COMPLETED,55116010,16621168,27345,514.561517961347,55155682,16625434,23456,485.0395741855111
89280450,2026-08-01T06:46:07.229483100Z,2026-08-01T06:47:34.963307700Z,EPISODE_TYPE_PUBLIC,COMPLETED,55155872,16624666,80,387.4239690865553,55134274,16625611,28967,453.1660086219175
89280466,2026-08-01T06:46:07.253307400Z,2026-08-01T06:47:11.026831100Z,EPISODE_TYPE_PUBLIC,COMPLETED,55155183,16623616,93174,1201.2150890995208,55125574,16622835,60737,1111.3501240734865
89281529,2026-08-01T06:54:10.490653300Z,2026-08-01T06:55:29.983639300Z,EPISODE_TYPE_PUBLIC,COMPLETED,55155242,16634654,96813,1100.525597151367,55125574,16622835,90822,1105.779440803978
89282022,2026-08-01T06:58:07.094492700Z,2026-08-01T06:59:25.659907200Z,EPISODE_TYPE_PUBLIC,COMPLETED,55155922,16634824,111533,925.4364262018679,55129871,16623805,59144,939.6718182661514
89283101,2026-08-01T07:06:06.943249Z,2026-08-01T07:07:11.564008200Z,EPISODE_TYPE_PUBLIC,COMPLETED,55156247,16634172,69272,796.0972563077208,55116223,16622032,24955,620.1072086812201
89283125,2026-08-01T07:06:06.969878400Z,2026-08-01T07:07:30.479296Z,EPISODE_TYPE_PUBLIC,COMPLETED,55125574,16622835,50043,1101.4723725210458,55155819,16634468,90520,1162.5243816525315
89284671,2026-08-01T07:18:06.820060200Z,2026-08-01T07:19:09.601198300Z,EPISODE_TYPE_PUBLIC,COMPLETED,55156540,16632694,72410,680.3746323658785,55118662,16621716,8771,494.2300615787448
89284700,2026-08-01T07:18:06.897731600Z,2026-08-01T07:19:28.646674900Z,EPISODE_TYPE_PUBLIC,COMPLETED,55156277,16630545,12006,369.7694086250169,55135874,16629201,26518,467.79070348458873
89285228,2026-08-01T07:22:09.235954800Z,2026-08-01T07:23:33.694041Z,EPISODE_TYPE_PUBLIC,COMPLETED,55156425,16632055,45572,675.674238180447,55116223,16622032,36612,612.5439453326445
89285250,2026-08-01T07:22:09.261218600Z,2026-08-01T07:23:32.171468100Z,EPISODE_TYPE_PUBLIC,COMPLETED,55155314,16632493,57493,708.0932468637609,55135151,16622330,73798,845.9531941633595
89286305,2026-08-01T07:30:07.623602900Z,2026-08-01T07:31:26.461190200Z,EPISODE_TYPE_PUBLIC,COMPLETED,55156754,16634082,125899,716.8395618220504,55118396,16622487,30143,622.7749349330569
89286830,2026-08-01T07:34:09.917499400Z,2026-08-01T07:35:38.804840100Z,EPISODE_TYPE_PUBLIC,COMPLETED,55156671,16631090,118076,929.6052178611836,55134735,16622820,41075,768.7737721905855
89286851,2026-08-01T07:34:09.940408500Z,2026-08-01T07:35:29.845040900Z,EPISODE_TYPE_PUBLIC,COMPLETED,55156142,16632253,63574,934.2538044535235,55136341,16624625,76324,982.6822677879233
89287898,2026-08-01T07:42:11.373988400Z,2026-08-01T07:43:39.163309100Z,EPISODE_TYPE_PUBLIC,COMPLETED,55118662,16621716,15188,490.2626901883992,55156995,16632867,125184,679.346545276338
89287913,2026-08-01T07:42:11.386949Z,2026-08-01T07:43:39.493333400Z,EPISODE_TYPE_PUBLIC,COMPLETED,55134973,16624941,69613,965.7759082782286,55156597,16630559,116606,1049.763980169851
89288442,2026-08-01T07:46:12.038691500Z,2026-08-01T07:47:36.156690700Z,EPISODE_TYPE_PUBLIC,COMPLETED,55135182,16627906,72980,889.8849383604324,55156939,16633932,102602,916.4183752676374
89289003,2026-08-01T07:50:11.173797300Z,2026-08-01T07:51:24.755518700Z,EPISODE_TYPE_PUBLIC,COMPLETED,55118396,16622487,34532,616.2270138661797,55156923,16630501,69535,670.3584819394982
89289517,2026-08-01T07:54:13.940882300Z,2026-08-01T07:55:17.457764200Z,EPISODE_TYPE_PUBLIC,COMPLETED,55157224,16631981,5429,487.49239194268455,55115388,16621402,44343,591.4869230914586
89290046,2026-08-01T07:58:11.331291100Z,2026-08-01T07:59:23.267632Z,EPISODE_TYPE_PUBLIC,COMPLETED,55118395,16621585,48177,642.7038415269963,55157263,16634172,8321,502.53917594161715
89290055,2026-08-01T07:58:11.341703700Z,2026-08-01T07:59:45.301498400Z,EPISODE_TYPE_PUBLIC,COMPLETED,55157072,16630516,128151,1037.6196585987686,55136341,16624625,84120,976.4396974758577
89291128,2026-08-01T08:06:11.586566100Z,2026-08-01T08:07:06.898271800Z,EPISODE_TYPE_PUBLIC,COMPLETED,55115827,16621290,5122,385.2620514677504,55157224,16631981,11379,537.5067556149091
89291148,2026-08-01T08:06:11.607247400Z,2026-08-01T08:07:20.303293200Z,EPISODE_TYPE_PUBLIC,COMPLETED,55118533,16621770,646,272.54203410278046,55157021,16632157,7566,421.1666247241363
89292171,2026-08-01T08:14:14.931344900Z,2026-08-01T08:15:38.479784Z,EPISODE_TYPE_PUBLIC,COMPLETED,55157299,16632867,103386,1011.1985066478771,55135737,16624625,70346,997.7685284812325
89293223,2026-08-01T08:22:11.458019300Z,2026-08-01T08:23:21.362174700Z,EPISODE_TYPE_PUBLIC,COMPLETED,55136500,16627313,51446,534.9649484136764,55157779,16633003,3000,469.5125023917571
89293234,2026-08-01T08:22:11.470775500Z,2026-08-01T08:23:17.164155800Z,EPISODE_TYPE_PUBLIC,COMPLETED,55136341,16624625,79950,970.8631990571591,55157284,16633226,114259,1051.212001443582
89293258,2026-08-01T08:22:11.492969400Z,2026-08-01T08:23:26.237201800Z,EPISODE_TYPE_PUBLIC,COMPLETED,55157263,16634172,7351,513.1066248922459,55118662,16621716,16322,498.37420794000076
89293760,2026-08-01T08:26:10.990236700Z,2026-08-01T08:27:43.181630200Z,EPISODE_TYPE_PUBLIC,COMPLETED,55157558,16634174,107357,1030.929777800906,55136341,16624625,75942,964.9693776016517
89293761,2026-08-01T08:26:10.989212Z,2026-08-01T08:27:27.838249300Z,EPISODE_TYPE_PUBLIC,COMPLETED,55157569,16627472,99366,1046.3487661848512,55134973,16624941,67190,960.6297818369712
89294290,2026-08-01T08:30:11.599265900Z,2026-08-01T08:31:33.621017200Z,EPISODE_TYPE_PUBLIC,COMPLETED,55115388,16621402,30365,585.9448513069281,55157873,16635062,130087,705.7735713919542
89294295,2026-08-01T08:30:11.603834100Z,2026-08-01T08:31:16.355276600Z,EPISODE_TYPE_PUBLIC,COMPLETED,55157838,16630323,127305,763.9592579587576,55118396,16622487,26107,611.6952832823262
89294296,2026-08-01T08:30:11.604202400Z,2026-08-01T08:31:16.567779200Z,EPISODE_TYPE_PUBLIC,COMPLETED,55135151,16622330,39962,837.940949467442,55157734,16633793,116092,889.1148607611209
89294298,2026-08-01T08:30:11.605968100Z,2026-08-01T08:31:42.821588400Z,EPISODE_TYPE_PUBLIC,COMPLETED,55157712,16632327,128305,936.4898606383384,55135136,16622760,58240,769.2093428442064
89294827,2026-08-01T08:34:14.931903200Z,2026-08-01T08:35:33.311854300Z,EPISODE_TYPE_PUBLIC,COMPLETED,55157896,16622420,65588,823.251814524959,55134735,16622820,42153,759.612099076521
89295371,2026-08-01T08:38:14.174937Z,2026-08-01T08:39:30.746587700Z,EPISODE_TYPE_PUBLIC,COMPLETED,55135136,16622760,75162,776.1365004801735,55157896,16622420,55921,725.979411909539
89295403,2026-08-01T08:38:14.217358500Z,2026-08-01T08:39:42.659586700Z,EPISODE_TYPE_PUBLIC,COMPLETED,55134274,16625611,29047,463.11408825737476,55128977,16623480,3496,326.5288400758222
89296978,2026-08-01T08:50:16.411530400Z,2026-08-01T08:51:35.601244Z,EPISODE_TYPE_PUBLIC,COMPLETED,55116010,16621168,30598,522.4547629449617,55158314,16627324,4148,465.81463248482186
89297503,2026-08-01T08:54:24.870091500Z,2026-08-01T08:55:44.328041400Z,EPISODE_TYPE_PUBLIC,COMPLETED,55118396,16622487,30528,606.2185067454571,55158326,16635280,134978,711.7866091798976
89297525,2026-08-01T08:54:24.892645100Z,2026-08-01T08:55:27.644704Z,EPISODE_TYPE_PUBLIC,COMPLETED,55125574,16622835,68484,1097.4456870307772,55157822,16633709,82868,1171.5871693435643
89297527,2026-08-01T08:54:24.883800300Z,2026-08-01T08:55:37.861878200Z,EPISODE_TYPE_PUBLIC,COMPLETED,55136500,16627313,52252,546.0229496406778,55158290,16635029,1998,412.0935468405271
89298045,2026-08-01T08:58:30.383379300Z,2026-08-01T08:59:21.380933600Z,EPISODE_TYPE_PUBLIC,COMPLETED,55158377,16635065,5924,422.6344662340314,55118396,16622487,46318,609.9972715497802
89298050,2026-08-01T08:58:30.388231900Z,2026-08-01T08:59:50.946054800Z,EPISODE_TYPE_PUBLIC,COMPLETED,55118396,16622487,40730,614.3784308231446,55158314,16627324,692,468.1616768618714
89299111,2026-08-01T09:06:20.602002100Z,2026-08-01T09:07:49.376548600Z,EPISODE_TYPE_PUBLIC,COMPLETED,55158563,16635029,3578,503.8177862470915,55118395,16621585,48314,647.2087908577608
89299646,2026-08-01T09:10:20.532183300Z,2026-08-01T09:11:31.946690900Z,EPISODE_TYPE_PUBLIC,COMPLETED,55158599,16631777,17557,436.1945635699746,55118395,16621585,45339,650.4092944933067
89299666,2026-08-01T09:10:20.553225200Z,2026-08-01T09:11:22.819930700Z,EPISODE_TYPE_PUBLIC,COMPLETED,55157908,16625908,60858,979.8928191289451,55134973,16624941,51793,954.4273670721597
89301783,2026-08-01T09:26:11.228949100Z,2026-08-01T09:27:15.339322300Z,EPISODE_TYPE_PUBLIC,COMPLETED,55136341,16624625,61118,959.6839495710713,55158213,16631353,101079,1039.3446671409338
89302320,2026-08-01T09:30:11.091060600Z,2026-08-01T09:31:32.076493100Z,EPISODE_TYPE_PUBLIC,COMPLETED,55158485,16624888,88554,971.2742465062003,55135737,16624625,91643,1005.4942840116705
89302839,2026-08-01T09:34:15.892698500Z,2026-08-01T09:35:52.474209600Z,EPISODE_TYPE_PUBLIC,COMPLETED,55116223,16622032,39632,618.5719755527429,55159093,16621500,24850,495.5138393237645
89302866,2026-08-01T09:34:15.921168200Z,2026-08-01T09:35:15.320081800Z,EPISODE_TYPE_PUBLIC,COMPLETED,55118533,16621770,617,260.66763914847024,55158878,16633003,3000,417.1301093851164
89305521,2026-08-01T09:54:13.441107Z,2026-08-01T09:55:22.452314200Z,EPISODE_TYPE_PUBLIC,COMPLETED,55135182,16627906,65215,883.5244808977806,55159014,16632262,68606,930.6965633317718
89305526,2026-08-01T09:54:13.447397900Z,2026-08-01T09:55:25.649345600Z,EPISODE_TYPE_PUBLIC,COMPLETED,55159302,16635248,3000,327.7761005702844,55134274,16625611,28960,464.2992605327161
89305530,2026-08-01T09:54:13.451161Z,2026-08-01T09:55:17.376730400Z,EPISODE_TYPE_PUBLIC,COMPLETED,55134274,16625611,13277,454.34470230139993,55159057,16633096,51287,617.140528452983
89306580,2026-08-01T10:02:11.180871Z,2026-08-01T10:03:13.710189100Z,EPISODE_TYPE_PUBLIC,COMPLETED,55159411,16630752,70923,875.3135668877801,55135047,16630315,68377,810.411637678897
89306594,2026-08-01T10:02:11.198123200Z,2026-08-01T10:03:31.970123700Z,EPISODE_TYPE_PUBLIC,COMPLETED,55135737,16624625,88241,1011.5016125157965,55158924,16632694,84277,923.4392705903357
89306604,2026-08-01T10:02:11.211338200Z,2026-08-01T10:03:11.502067200Z,EPISODE_TYPE_PUBLIC,COMPLETED,55159224,16635243,13193,512.2354329976316,55117284,16622422,6254,416.5073454102118
89306609,2026-08-01T10:02:11.217764400Z,2026-08-01T10:03:27.122085700Z,EPISODE_TYPE_PUBLIC,COMPLETED,55156472,16632950,25207,629.8240767119373,55116223,16622032,22080,610.3459783155123
89307657,2026-08-01T10:10:11.614833200Z,2026-08-01T10:11:37.182130300Z,EPISODE_TYPE_PUBLIC,COMPLETED,55159391,16631978,95465,931.1167538648152,55135737,16624625,86259,1000.877526809101
89307668,2026-08-01T10:10:11.628054300Z,2026-08-01T10:11:39.699276700Z,EPISODE_TYPE_PUBLIC,COMPLETED,55135047,16630315,83423,819.4036600668728,55159014,16632262,78160,779.9860531567188
89308184,2026-08-01T10:14:14.362005400Z,2026-08-01T10:15:15.972481Z,EPISODE_TYPE_PUBLIC,COMPLETED,55115388,16621402,37981,580.5685385673812,55159815,16632055,56006,704.1918254957637
89308199,2026-08-01T10:14:14.377707300Z,2026-08-01T10:15:44.809296900Z,EPISODE_TYPE_PUBLIC,COMPLETED,55159194,16622760,72289,870.4900578986511,55135047,16630315,66293,811.2733747029384
89308744,2026-08-01T10:18:11.378647900Z,2026-08-01T10:19:04.498407500Z,EPISODE_TYPE_PUBLIC,COMPLETED,55146976,16633069,3000,299.5683690462092,55117088,16622312,2116,314.2317838309335
89309806,2026-08-01T10:26:10.976898600Z,2026-08-01T10:27:03.645875500Z,EPISODE_TYPE_PUBLIC,COMPLETED,55147175,16621243,4190,316.5445795798708,55135327,16623732,1124,150.74566147102647
89310301,2026-08-01T10:30:15.898044500Z,2026-08-01T10:31:36.112818400Z,EPISODE_TYPE_PUBLIC,COMPLETED,55135151,16622330,68064,828.9998732729437,55160000,16626093,129086,845.5636084982417
89310327,2026-08-01T10:30:15.927362200Z,2026-08-01T10:31:51.105740200Z,EPISODE_TYPE_PUBLIC,COMPLETED,55135737,16624625,88482,1007.6171053937466,55159391,16631978,87091,958.8062252903206
89310868,2026-08-01T10:34:14.465057700Z,2026-08-01T10:35:32.764305200Z,EPISODE_TYPE_PUBLIC,COMPLETED,55118395,16621585,45000,656.4796242698344,55159517,16635159,44630,614.3029543403635
89311371,2026-08-01T10:38:11.065328Z,2026-08-01T10:39:20.617032100Z,EPISODE_TYPE_PUBLIC,COMPLETED,55160173,16633466,3000,468.2794508132085,55116010,16621168,30236,530.0578766226132
89311386,2026-08-01T10:38:11.083950500Z,2026-08-01T10:39:29.623441500Z,EPISODE_TYPE_PUBLIC,COMPLETED,55159702,16633793,102365,1165.7725356933563,55125574,16622835,83044,1093.4493293228309
89311393,2026-08-01T10:38:11.093120800Z,2026-08-01T10:39:21.260159300Z,EPISODE_TYPE_PUBLIC,COMPLETED,55160065,16623189,43230,578.7240276943916,55116010,16621168,34338,522.7084922128361
89311922,2026-08-01T10:42:12.180503Z,2026-08-01T10:43:34.548909900Z,EPISODE_TYPE_PUBLIC,COMPLETED,55159812,16632327,107636,1096.6607188666128,55135737,16624625,59518,1002.0808741590732
89312438,2026-08-01T10:46:11.526888300Z,2026-08-01T10:47:31.050178Z,EPISODE_TYPE_PUBLIC,COMPLETED,55160211,16622198,102823,825.8272041702049,55135151,16622330,34939,819.9223242680487
89312982,2026-08-01T10:50:11.494463900Z,2026-08-01T10:51:29.878726300Z,EPISODE_TYPE_PUBLIC,COMPLETED,55134973,16624941,66719,947.7694521136868,55160157,16624056,106127,957.1706826933535
89312995,2026-08-01T10:50:11.507840100Z,2026-08-01T10:51:34.193909Z,EPISODE_TYPE_PUBLIC,COMPLETED,55136341,16624625,83517,953.6953678073029,55160002,16632201,129403,1000.2427028931634
89313523,2026-08-01T10:54:16.950893800Z,2026-08-01T10:55:34.663271300Z,EPISODE_TYPE_PUBLIC,COMPLETED,55160186,16627313,37352,596.7557858046702,55115388,16621402,35066,573.155953928781
89313534,2026-08-01T10:54:16.964798100Z,2026-08-01T10:55:28.071324300Z,EPISODE_TYPE_PUBLIC,COMPLETED,55134735,16622820,44287,751.6494659113769,55159587,16630501,66535,828.1241274944016
89314041,2026-08-01T10:58:11.508842400Z,2026-08-01T10:59:25.614143700Z,EPISODE_TYPE_PUBLIC,COMPLETED,55136341,16624625,78867,948.7883317404401,55160185,16630312,104886,1041.068671952453
89314045,2026-08-01T10:58:11.514089200Z,2026-08-01T10:59:30.767885800Z,EPISODE_TYPE_PUBLIC,COMPLETED,55160392,16634179,4625,348.35263027681776,55134274,16625611,28960,474.368702163444
89314047,2026-08-01T10:58:11.515243500Z,2026-08-01T10:59:31.254162200Z,EPISODE_TYPE_PUBLIC,COMPLETED,55160151,16625241,31576,682.8510716617317,55135151,16622330,46212,824.9322085628083
89315097,2026-08-01T11:06:13.180852Z,2026-08-01T11:07:26.620646Z,EPISODE_TYPE_PUBLIC,COMPLETED,55160355,16631115,148476,980.1971530625659,55135182,16627906,59859,878.4293276857971
89315117,2026-08-01T11:06:13.204327400Z,2026-08-01T11:07:17.756886200Z,EPISODE_TYPE_PUBLIC,COMPLETED,55125574,16622835,75962,1090.0618877102572,55160000,16626093,96882,1194.6377421268758
89315632,2026-08-01T11:10:11.722339400Z,2026-08-01T11:11:11.852856100Z,EPISODE_TYPE_PUBLIC,COMPLETED,55160720,16633096,58110,725.5492416432724,55118395,16621585,29126,650.8592557534018
89315667,2026-08-01T11:10:11.759355500Z,2026-08-01T11:11:35.708139200Z,EPISODE_TYPE_PUBLIC,COMPLETED,55116223,16622032,35417,603.902869807948,55160186,16627313,37762,679.2288324045893
89316158,2026-08-01T11:14:14.887215500Z,2026-08-01T11:15:23.355791100Z,EPISODE_TYPE_PUBLIC,COMPLETED,55160355,16631115,138048,1065.9209150918095,55134973,16624941,57537,943.685050367245
89316180,2026-08-01T11:14:14.910055400Z,2026-08-01T11:15:20.069450900Z,EPISODE_TYPE_PUBLIC,COMPLETED,55159987,16627032,76492,1015.3227185560955,55135737,16624625,95396,1009.940005561034
89316182,2026-08-01T11:14:14.912159100Z,2026-08-01T11:15:21.175634700Z,EPISODE_TYPE_PUBLIC,COMPLETED,55125574,16622835,54642,1085.5476806357055,55160002,16632201,97478,1115.8759866572884
89317206,2026-08-01T11:22:11.246306700Z,2026-08-01T11:23:30.794827700Z,EPISODE_TYPE_PUBLIC,COMPLETED,55134973,16624941,74361,937.6332631854102,55160723,16623390,109220,964.702899161591
89318265,2026-08-01T11:30:11.135070500Z,2026-08-01T11:31:29.818402300Z,EPISODE_TYPE_PUBLIC,COMPLETED,55160846,16635243,1681,439.26426637849727,55115388,16621402,30795,577.8078809337537
89318271,2026-08-01T11:30:11.141793300Z,2026-08-01T11:31:20.986946400Z,EPISODE_TYPE_PUBLIC,COMPLETED,55135182,16627906,80826,871.6812140226016,55160637,16634650,89002,891.9211067874554
89318812,2026-08-01T11:34:13.958469600Z,2026-08-01T11:35:11.205770100Z,EPISODE_TYPE_PUBLIC,COMPLETED,55160120,16631547,40942,702.9751007626227,55118395,16621585,31926,645.3574121022893
89319836,2026-08-01T11:42:11.907043200Z,2026-08-01T11:43:41.412550600Z,EPISODE_TYPE_PUBLIC,COMPLETED,55135151,16622330,64803,820.3898406768935,55160955,16635818,129481,979.4936850268662
89320382,2026-08-01T11:46:11.322705300Z,2026-08-01T11:47:25.482388800Z,EPISODE_TYPE_PUBLIC,COMPLETED,55135327,16623732,1236,192.2574921619847,55140202,16622097,1000,129.7067770004163
89320904,2026-08-01T11:50:10.864359Z,2026-08-01T11:51:29.560940800Z,EPISODE_TYPE_PUBLIC,COMPLETED,55160866,16635670,33423,608.597315945768,55134274,16625611,7851,465.8392649144651
89321390,2026-08-01T11:54:14.760877800Z,2026-08-01T11:55:23.735038200Z,EPISODE_TYPE_PUBLIC,COMPLETED,55161390,16626655,116915,846.5676007224326,55135047,16630315,53547,802.4517422334116
89321400,2026-08-01T11:54:14.770839500Z,2026-08-01T11:55:35.764171900Z,EPISODE_TYPE_PUBLIC,COMPLETED,55115388,16621402,39736,583.4899885582574,55161294,16630335,11244,493.975639638129
89322441,2026-08-01T12:02:11.070592300Z,2026-08-01T12:03:14.073699400Z,EPISODE_TYPE_PUBLIC,COMPLETED,55161390,16626655,113564,978.6568088072007,55135047,16630315,33118,797.647684398375
89323501,2026-08-01T12:10:11.074499300Z,2026-08-01T12:11:13.346291100Z,EPISODE_TYPE_PUBLIC,COMPLETED,55161650,16624977,103017,787.9996399531392,55116223,16622032,36878,599.6911153474107
89323532,2026-08-01T12:10:11.106528300Z,2026-08-01T12:11:30.214061900Z,EPISODE_TYPE_PUBLIC,COMPLETED,55161294,16630335,11268,497.46308928932945,55115388,16621402,38607,588.8028685806069
89324032,2026-08-01T12:14:14.241496Z,2026-08-01T12:15:17.660921800Z,EPISODE_TYPE_PUBLIC,COMPLETED,55135151,16622330,56938,814.7268627902938,55161666,16625241,59826,929.5785164295303
89324040,2026-08-01T12:14:14.249390500Z,2026-08-01T12:15:17.573740300Z,EPISODE_TYPE_PUBLIC,COMPLETED,55161742,16635504,48467,610.8194678485122,55118662,16621716,12802,493.3016996068751
89324044,2026-08-01T12:14:14.253803400Z,2026-08-01T12:15:21.041651800Z,EPISODE_TYPE_PUBLIC,COMPLETED,55161396,16635872,106183,1071.33531877314,55135737,16624625,77134,1004.0120877638977
89324068,2026-08-01T12:14:14.281858400Z,2026-08-01T12:15:38.933040Z,EPISODE_TYPE_PUBLIC,COMPLETED,55134735,16622820,49332,741.224779823177,55154912,16632444,54384,739.9424908126509
89324072,2026-08-01T12:14:14.340743900Z,2026-08-01T12:15:35.908915800Z,EPISODE_TYPE_PUBLIC,COMPLETED,55135737,16624625,46981,998.5839968187269,55161390,16626655,90703,1080.8964346625294
89324556,2026-08-01T12:18:11.266240900Z,2026-08-01T12:19:05.198983500Z,EPISODE_TYPE_PUBLIC,COMPLETED,55115388,16621402,45799,594.083436506975,55161862,16635745,9816,488.31598866605407
89325082,2026-08-01T12:22:10.701675600Z,2026-08-01T12:23:08.442391800Z,EPISODE_TYPE_PUBLIC,COMPLETED,55135047,16630315,80908,802.2345849952953,55161910,16635744,31349,605.6618847791417
89325623,2026-08-01T12:26:10.762269100Z,2026-08-01T12:27:40.854828900Z,EPISODE_TYPE_PUBLIC,COMPLETED,55125574,16622835,103957,1088.622985520468,55161682,16627032,86788,961.4327603088204
89325654,2026-08-01T12:26:10.799341900Z,2026-08-01T12:27:06.710645700Z,EPISODE_TYPE_PUBLIC,COMPLETED,55155274,16624935,7746,414.0239662476612,55134274,16625611,27400,477.41569993972723
89326146,2026-08-01T12:30:10.866810100Z,2026-08-01T12:31:03.001998500Z,EPISODE_TYPE_PUBLIC,COMPLETED,55162038,16631772,28079,563.1882997130698,55117284,16622422,6259,411.1190220600533
89326672,2026-08-01T12:34:13.596973900Z,2026-08-01T12:35:13.229970Z,EPISODE_TYPE_PUBLIC,COMPLETED,55162142,16633793,180499,706.6661896821059,55115388,16621402,29958,589.110969763563
89326674,2026-08-01T12:34:13.597262100Z,2026-08-01T12:35:40.528078800Z,EPISODE_TYPE_PUBLIC,COMPLETED,55162174,16631460,95434,705.2367362671839,55115388,16621402,36968,584.2717871012613
89326680,2026-08-01T12:34:13.607642700Z,2026-08-01T12:35:28.961008200Z,EPISODE_TYPE_PUBLIC,COMPLETED,55162071,16635680,14611,402.88665803262825,55118662,16621716,14862,498.7446452249001
89327228,2026-08-01T12:38:11.563699900Z,2026-08-01T12:39:15.276255200Z,EPISODE_TYPE_PUBLIC,COMPLETED,55125574,16622835,77502,1083.971468093043,55161349,16623488,82689,1099.3819617995437
89327741,2026-08-01T12:42:10.726120200Z,2026-08-01T12:43:13.359366600Z,EPISODE_TYPE_PUBLIC,COMPLETED,55161870,16634156,36832,642.1356920391279,55116223,16622032,29674,592.725837390397
89328261,2026-08-01T12:46:11.303407200Z,2026-08-01T12:47:31.944935300Z,EPISODE_TYPE_PUBLIC,COMPLETED,55162174,16631460,98692,803.0248584731128,55134735,16622820,35298,733.1919366830717
89328265,2026-08-01T12:46:11.308178400Z,2026-08-01T12:47:39.038798600Z,EPISODE_TYPE_PUBLIC,COMPLETED,55162046,16631353,114119,1071.523165504804,55135737,16624625,91139,993.1085452612987
89328795,2026-08-01T12:50:11.326520500Z,2026-08-01T12:51:21.322272400Z,EPISODE_TYPE_PUBLIC,COMPLETED,55162160,16633179,68883,704.5488027928578,55116223,16622032,45592,587.5369450962189
89330357,2026-08-01T13:02:11.059143800Z,2026-08-01T13:03:29.056112800Z,EPISODE_TYPE_PUBLIC,COMPLETED,55135151,16622330,78254,807.7920364336734,55162512,16634156,99228,866.0235890984037
89330371,2026-08-01T13:02:11.073836500Z,2026-08-01T13:03:36.162170800Z,EPISODE_TYPE_PUBLIC,COMPLETED,55136341,16624625,84211,942.7877627162292,55162200,16622015,117792,978.2956751872722
89330919,2026-08-01T13:06:11.133688100Z,2026-08-01T13:07:16.997691600Z,EPISODE_TYPE_PUBLIC,COMPLETED,55134735,16622820,52463,725.0659586961018,55162160,16633179,62826,775.804044410551
89330923,2026-08-01T13:06:11.137536300Z,2026-08-01T13:07:36.908842600Z,EPISODE_TYPE_PUBLIC,COMPLETED,55161847,16625241,82858,903.9901654694382,55135182,16627906,65714,865.6017789445174
89331413,2026-08-01T13:10:13.664845100Z,2026-08-01T13:11:31.723633Z,EPISODE_TYPE_PUBLIC,COMPLETED,55118395,16621585,29534,640.6036166125799,55162803,16627472,156748,747.1808211693246
89331439,2026-08-01T13:10:13.696264700Z,2026-08-01T13:11:32.714983600Z,EPISODE_TYPE_PUBLIC,COMPLETED,55162461,16635680,11583,412.3122488147735,55134274,16625611,29017,488.1188123095432
89331448,2026-08-01T13:10:13.707113100Z,2026-08-01T13:11:25.571394900Z,EPISODE_TYPE_PUBLIC,COMPLETED,55161862,16635745,9878,451.7933600999647,55115827,16621290,5323,376.8714867417258
89331976,2026-08-01T13:14:14.594053700Z,2026-08-01T13:15:07.487810200Z,EPISODE_TYPE_PUBLIC,COMPLETED,55161095,16633466,3000,302.4159879535308,55115827,16621290,3989,384.8418689332284
89333000,2026-08-01T13:22:11.558336900Z,2026-08-01T13:23:19.507300900Z,EPISODE_TYPE_PUBLIC,COMPLETED,55134973,16624941,73639,933.4620698857342,55162681,16622319,120496,1045.8972246189132
89333009,2026-08-01T13:22:11.567959900Z,2026-08-01T13:23:29.488565600Z,EPISODE_TYPE_PUBLIC,COMPLETED,55162786,16630335,10084,505.75352432946926,55115388,16621402,36658,589.5266355766589
89334049,2026-08-01T13:30:11.843461900Z,2026-08-01T13:31:39.247670Z,EPISODE_TYPE_PUBLIC,COMPLETED,55134735,16622820,43498,719.2680866812427,55163101,16632266,138361,860.1801041087886
89334601,2026-08-01T13:34:16.992657800Z,2026-08-01T13:35:19.034010100Z,EPISODE_TYPE_PUBLIC,COMPLETED,55162634,16630111,111376,982.1572576002047,55134973,16624941,62229,928.3462458091338
89334602,2026-08-01T13:34:16.993313500Z,2026-08-01T13:35:30.978481700Z,EPISODE_TYPE_PUBLIC,COMPLETED,55116010,16621168,31478,529.5222012466942,55162953,16634952,29388,462.6689733162081
89335120,2026-08-01T13:38:11.484985900Z,2026-08-01T13:39:14.968779600Z,EPISODE_TYPE_PUBLIC,COMPLETED,55163299,16623128,136159,881.8885917733708,55135047,16630315,66855,795.1920470856628
89336182,2026-08-01T13:46:11.747378100Z,2026-08-01T13:47:45.599472800Z,EPISODE_TYPE_PUBLIC,COMPLETED,55163224,16630111,102894,1006.3154160751677,55136341,16624625,98357,937.4935981305842
89336184,2026-08-01T13:46:11.750572700Z,2026-08-01T13:47:09.647290300Z,EPISODE_TYPE_PUBLIC,COMPLETED,55163427,16633340,72403,675.8351117641741,55116223,16622032,28396,581.7186092976463
89336185,2026-08-01T13:46:11.751465700Z,2026-08-01T13:47:09.653386400Z,EPISODE_TYPE_PUBLIC,COMPLETED,55115388,16621402,25565,594.3363751983,55163478,16632950,22204,486.57097963909814
89336203,2026-08-01T13:46:11.774527900Z,2026-08-01T13:47:09.720342700Z,EPISODE_TYPE_PUBLIC,COMPLETED,55163058,16629201,9793,512.4181009104883,55115827,16621290,4004,378.6655749434801
89336206,2026-08-01T13:46:11.774322500Z,2026-08-01T13:47:30.842046500Z,EPISODE_TYPE_PUBLIC,COMPLETED,55162452,16632715,106944,1125.2642591698616,55125574,16622835,93947,1079.8997039012106
89337218,2026-08-01T13:54:15.756875300Z,2026-08-01T13:55:40.771778100Z,EPISODE_TYPE_PUBLIC,COMPLETED,55135182,16627906,60290,860.8423744521004,55163546,16636105,143876,967.8110421819447
89337255,2026-08-01T13:54:15.797836700Z,2026-08-01T13:55:23.787530900Z,EPISODE_TYPE_PUBLIC,COMPLETED,55115733,16621519,2155,266.8354547159342,55145905,16632266,70,130.6322642955094
89338272,2026-08-01T14:02:11.345358700Z,2026-08-01T14:03:28.199602100Z,EPISODE_TYPE_PUBLIC,COMPLETED,55116223,16622032,29467,576.5473677256873,55163860,16632231,168787,703.0098096702596
89338282,2026-08-01T14:02:11.356012400Z,2026-08-01T14:03:14.209832800Z,EPISODE_TYPE_PUBLIC,COMPLETED,55163559,16622993,134569,1068.7965209378413,55125574,16622835,80155,1074.938777356131
89338288,2026-08-01T14:02:11.364083900Z,2026-08-01T14:03:13.976359900Z,EPISODE_TYPE_PUBLIC,COMPLETED,55135047,16630315,66498,801.2147893018903,55163427,16633340,55046,692.2934093752795
89339346,2026-08-01T14:10:12.111575900Z,2026-08-01T14:11:09.328362600Z,EPISODE_TYPE_PUBLIC,COMPLETED,55163862,16625615,3000,467.77365994121874,55117088,16622312,1819,306.1658455872331
89339863,2026-08-01T14:14:14.599265300Z,2026-08-01T14:15:16.271289600Z,EPISODE_TYPE_PUBLIC,COMPLETED,55164141,16625615,14052,458.4353198553713,55134274,16625611,22569,500.4225791299578
89339873,2026-08-01T14:14:14.611737800Z,2026-08-01T14:15:25.718112100Z,EPISODE_TYPE_PUBLIC,COMPLETED,55163715,16631595,135101,1054.0551700214037,55135737,16624625,59552,987.5087667237325
89340933,2026-08-01T14:22:11.235947800Z,2026-08-01T14:23:32.029407Z,EPISODE_TYPE_PUBLIC,COMPLETED,55135047,16630315,63115,793.8725430379634,55164116,16637241,120992,858.4089990408786
89341989,2026-08-01T14:30:11.077656800Z,2026-08-01T14:31:32.637969600Z,EPISODE_TYPE_PUBLIC,COMPLETED,55164089,16622338,84662,1016.905356330797,55135182,16627906,51429,857.1771538550877
89342525,2026-08-01T14:34:50.952832400Z,2026-08-01T14:35:51.459095700Z,EPISODE_TYPE_PUBLIC,COMPLETED,55164275,16625615,22420,439.0324565381082,55116010,16621168,29989,535.5650969389445
89342534,2026-08-01T14:34:50.966276700Z,2026-08-01T14:36:08.359302500Z,EPISODE_TYPE_PUBLIC,COMPLETED,55118395,16621585,46597,637.0501914644163,55163879,16635744,79660,787.4893906225188
89342543,2026-08-01T14:34:50.978777Z,2026-08-01T14:36:05.775454200Z,EPISODE_TYPE_PUBLIC,COMPLETED,55164061,16628268,3257,458.54079376162247,55117088,16622312,3175,298.7283799390995
89343043,2026-08-01T14:38:42.348989900Z,2026-08-01T14:39:47.306591400Z,EPISODE_TYPE_PUBLIC,COMPLETED,55164236,16623691,130588,1004.5650801709204,55136341,16624625,63949,932.3572455390375
89344632,2026-08-01T14:50:47.106173Z,2026-08-01T14:52:13.676396100Z,EPISODE_TYPE_PUBLIC,COMPLETED,55118395,16621585,23870,632.4563125659587,55164579,16624625,78713,736.9150892827932
89345159,2026-08-01T14:54:52.424697200Z,2026-08-01T14:56:00.677222500Z,EPISODE_TYPE_PUBLIC,COMPLETED,55164624,16632743,155749,931.5800201915137,55135151,16622330,64102,802.7189338046468
89347825,2026-08-01T15:14:50.319160500Z,2026-08-01T15:15:53.618617900Z,EPISODE_TYPE_PUBLIC,COMPLETED,55115827,16621290,4308,384.85124391012107,55164952,16633250,2517,248.1735164987224
89348876,2026-08-01T15:22:46.039203900Z,2026-08-01T15:23:47.943856Z,EPISODE_TYPE_PUBLIC,COMPLETED,55164898,16622760,70898,948.8886912456259,55135047,16630315,33556,789.3365954883308
89349938,2026-08-01T15:30:43.652715200Z,2026-08-01T15:31:47.598883300Z,EPISODE_TYPE_PUBLIC,COMPLETED,55164899,16625856,130742,1164.3728419176407,55125574,16622835,45966,1071.639772217224
89349943,2026-08-01T15:30:43.670838800Z,2026-08-01T15:32:05.827420200Z,EPISODE_TYPE_PUBLIC,COMPLETED,55136341,16624625,55906,927.6489775174468,55164838,16632327,132616,1008.8680838728664
89350989,2026-08-01T15:38:43.829325900Z,2026-08-01T15:40:18.826363Z,EPISODE_TYPE_PUBLIC,COMPLETED,55115388,16621402,43271,589.6414686417218,55165649,16636148,94715,706.8042848805303
89351505,2026-08-01T15:42:45.790405500Z,2026-08-01T15:44:21.744067400Z,EPISODE_TYPE_PUBLIC,COMPLETED,55135182,16627906,53180,851.7531203328531,55165592,16633226,111214,921.2243742086785
89351518,2026-08-01T15:42:45.802446900Z,2026-08-01T15:44:04.503222500Z,EPISODE_TYPE_PUBLIC,COMPLETED,55136341,16624625,86253,933.0892710679079,55165397,16622242,72113,884.6648752472382
89352041,2026-08-01T15:46:47.962731400Z,2026-08-01T15:47:49.214563100Z,EPISODE_TYPE_PUBLIC,COMPLETED,55165695,16623236,117019,829.6823617677111,55135151,16622330,57065,795.3576317735597
89353097,2026-08-01T15:54:49.421335300Z,2026-08-01T15:56:08.122258900Z,EPISODE_TYPE_PUBLIC,COMPLETED,55165859,16627032,107126,831.9118349104283,55135047,16630315,71713,781.8206678441088
89353626,2026-08-01T15:58:43.717890900Z,2026-08-01T15:59:49.033951500Z,EPISODE_TYPE_PUBLIC,COMPLETED,55165772,16630675,141864,988.7307273657725,55134973,16624941,75696,919.6765428824403
89353640,2026-08-01T15:58:43.746073Z,2026-08-01T15:59:47.585563100Z,EPISODE_TYPE_PUBLIC,COMPLETED,55134973,16624941,80411,924.5280766977721,55165527,16631353,114111,1044.1372794173583
89353643,2026-08-01T15:58:43.753418100Z,2026-08-01T16:00:10.671000500Z,EPISODE_TYPE_PUBLIC,COMPLETED,55165649,16636148,65191,944.0802743256871,55135182,16627906,57581,847.1280217559377
89355235,2026-08-01T16:10:42.573867600Z,2026-08-01T16:12:04.264866200Z,EPISODE_TYPE_PUBLIC,COMPLETED,55165658,16637973,134141,1222.9013542138173,55125574,16622835,59757,1069.140824481438
89355753,2026-08-01T16:14:46.904240600Z,2026-08-01T16:15:45.934027500Z,EPISODE_TYPE_PUBLIC,COMPLETED,55118395,16621585,33547,629.2189359823199,55166176,16635670,100012,812.1961766017093
89356298,2026-08-01T16:18:42.808181200Z,2026-08-01T16:19:45.351354600Z,EPISODE_TYPE_PUBLIC,COMPLETED,55135151,16622330,48160,789.6319828500218,55166176,16635670,80718,880.6022365864728
89356312,2026-08-01T16:18:42.833097Z,2026-08-01T16:20:05.122551500Z,EPISODE_TYPE_PUBLIC,COMPLETED,55165977,16633688,124789,1035.2412431619848,55136341,16624625,62315,928.9615472154022
89356829,2026-08-01T16:22:43.933266100Z,2026-08-01T16:23:56.515900700Z,EPISODE_TYPE_PUBLIC,COMPLETED,55134973,16624941,73602,914.4834074601915,55166233,16621709,115794,961.7023362790212
89356851,2026-08-01T16:22:43.978740800Z,2026-08-01T16:24:07.761505400Z,EPISODE_TYPE_PUBLIC,COMPLETED,55165839,16623577,23299,504.9249353104775,55115388,16621402,45533,594.4135236116921
89357359,2026-08-01T16:26:42.091379500Z,2026-08-01T16:27:33.410831600Z,EPISODE_TYPE_PUBLIC,COMPLETED,55116223,16622032,41497,582.2516621480147,55166655,16637987,20832,484.71288051310046
89357360,2026-08-01T16:26:42.092621400Z,2026-08-01T16:28:06.902098100Z,EPISODE_TYPE_PUBLIC,COMPLETED,55118662,16621716,10777,494.97605437432475,55166667,16623577,36976,680.536320917121
89357401,2026-08-01T16:26:42.170624600Z,2026-08-01T16:27:38.153934600Z,EPISODE_TYPE_PUBLIC,COMPLETED,55117284,16622422,6259,417.1475322450873,55166316,16637845,3000,306.48858358523955
89357899,2026-08-01T16:30:44.908934300Z,2026-08-01T16:31:48.405143400Z,EPISODE_TYPE_PUBLIC,COMPLETED,55166331,16623458,51158,721.3726140381488,55135047,16630315,68178,788.5312278569867
89357907,2026-08-01T16:30:44.927523600Z,2026-08-01T16:31:48.532781900Z,EPISODE_TYPE_PUBLIC,COMPLETED,55116010,16621168,27683,530.8334941904656,55166327,16623577,47789,676.8683074327989
89358422,2026-08-01T16:34:47.632790600Z,2026-08-01T16:36:16.130777500Z,EPISODE_TYPE_PUBLIC,COMPLETED,55136341,16624625,82986,922.8953958812394,55166580,16623616,126225,934.842672979171
89358949,2026-08-01T16:38:54.624389800Z,2026-08-01T16:40:05.214585700Z,EPISODE_TYPE_PUBLIC,COMPLETED,55166302,16621709,105974,1107.4572558233929,55125574,16622835,51010,1065.067155971203
89359509,2026-08-01T16:42:51.435963900Z,2026-08-01T16:43:57.464130900Z,EPISODE_TYPE_PUBLIC,COMPLETED,55166176,16635670,72252,914.0997256702542,55135151,16622330,42233,785.1242644076214
89360008,2026-08-01T16:47:00.170953100Z,2026-08-01T16:48:20.186954Z,EPISODE_TYPE_PUBLIC,COMPLETED,55118395,16621585,24374,626.0511891852465,55166957,16631752,107654,816.0089702756841
89360009,2026-08-01T16:47:00.174275100Z,2026-08-01T16:48:17.445051100Z,EPISODE_TYPE_PUBLIC,COMPLETED,55166980,16632250,16795,470.7308719894504,55116010,16621168,33564,537.5920854842565
89360021,2026-08-01T16:47:00.198456500Z,2026-08-01T16:47:58.785568400Z,EPISODE_TYPE_PUBLIC,COMPLETED,55135151,16622330,59023,780.2841061729717,55166854,16629165,146015,903.1600884172528
89360038,2026-08-01T16:47:00.257976800Z,2026-08-01T16:48:20.240674200Z,EPISODE_TYPE_PUBLIC,COMPLETED,55115388,16621402,32133,590.4806046023848,55166329,16623458,89793,719.5553544913487
89360541,2026-08-01T16:50:49.169222700Z,2026-08-01T16:52:10.358994Z,EPISODE_TYPE_PUBLIC,COMPLETED,55135047,16630315,74156,782.859166099602,55166957,16631752,95547,893.1837182516726
89362134,2026-08-01T17:02:49.708641300Z,2026-08-01T17:04:15.292785800Z,EPISODE_TYPE_PUBLIC,COMPLETED,55135182,16627906,44558,842.970565337982,55167063,16637489,136346,967.680448334001
89362665,2026-08-01T17:06:52.544683900Z,2026-08-01T17:08:08.996479400Z,EPISODE_TYPE_PUBLIC,COMPLETED,55134274,16625611,25764,491.0307426524326,55167381,16635159,48743,595.5042610767586
89363185,2026-08-01T17:10:53.484911900Z,2026-08-01T17:11:57.833905200Z,EPISODE_TYPE_PUBLIC,COMPLETED,55167361,16635238,52441,710.1659205590463,55135151,16622330,91259,786.0484578660142
89364252,2026-08-01T17:18:51.820476900Z,2026-08-01T17:20:27.415852100Z,EPISODE_TYPE_PUBLIC,COMPLETED,55118662,16621716,3195,499.16064119910544,55167617,16623646,88121,681.611552952689
89364268,2026-08-01T17:18:51.836837400Z,2026-08-01T17:20:06.419401800Z,EPISODE_TYPE_PUBLIC,COMPLETED,55118662,16621716,21379,502.8579870765737,55167381,16635159,17926,524.9217095099609
89364781,2026-08-01T17:22:47.902404100Z,2026-08-01T17:23:51.753771700Z,EPISODE_TYPE_PUBLIC,COMPLETED,55115388,16621402,29667,587.0132161844529,55167585,16623390,155057,761.8656925712096
89365841,2026-08-01T17:30:48.179477900Z,2026-08-01T17:31:50.657923800Z,EPISODE_TYPE_PUBLIC,COMPLETED,55167848,16623691,83100,702.0722928454634,55116223,16622032,38364,573.3685021058494
89365843,2026-08-01T17:30:48.184879Z,2026-08-01T17:31:49.421254300Z,EPISODE_TYPE_PUBLIC,COMPLETED,55116223,16622032,29998,578.278065551429,55167780,16635238,158136,756.4635106740755
89367471,2026-08-01T17:42:49.999351800Z,2026-08-01T17:44:12.950842800Z,EPISODE_TYPE_PUBLIC,COMPLETED,55166989,16633950,116094,965.5849657700692,55136341,16624625,68644,917.8915813002696
89367960,2026-08-01T17:46:48.560367700Z,2026-08-01T17:47:46.511365900Z,EPISODE_TYPE_PUBLIC,COMPLETED,55116223,16622032,29768,568.592057850125,55168221,16622937,166758,700.6884007466019
89368534,2026-08-01T17:50:48.386433400Z,2026-08-01T17:52:11.206098400Z,EPISODE_TYPE_PUBLIC,COMPLETED,55167081,16629624,98626,770.8016881925017,55134735,16622820,44190,711.8199313161712
89369576,2026-08-01T17:58:51.925218700Z,2026-08-01T18:00:20.993932Z,EPISODE_TYPE_PUBLIC,COMPLETED,55167697,16632715,88880,1152.5637600288132,55125574,16622835,40312,1061.7630603240825
89369588,2026-08-01T17:58:51.945531Z,2026-08-01T18:00:07.305587800Z,EPISODE_TYPE_PUBLIC,COMPLETED,55167828,16634060,50685,634.4055735588576,55116223,16622032,44830,563.057434865717
89371133,2026-08-01T18:10:50.116402700Z,2026-08-01T18:12:09.757077600Z,EPISODE_TYPE_PUBLIC,COMPLETED,55116223,16622032,30056,559.9207612336796,55168498,16623799,165712,776.8002707210726
89372223,2026-08-01T18:18:50.955142300Z,2026-08-01T18:20:22.846144500Z,EPISODE_TYPE_PUBLIC,COMPLETED,55118662,16621716,14141,495.5486912699231,55168703,16626839,103646,680.6682815040162
89372228,2026-08-01T18:18:50.992437100Z,2026-08-01T18:20:09.244151200Z,EPISODE_TYPE_PUBLIC,COMPLETED,55168498,16623799,154657,929.9200507720234,55135151,16622330,67774,781.8502259964482
89373275,2026-08-01T18:26:51.059192900Z,2026-08-01T18:28:12.657023700Z,EPISODE_TYPE_PUBLIC,COMPLETED,55168756,16633276,60638,751.7377677092692,55118395,16621585,49357,621.9951287351774
89374350,2026-08-01T18:34:53.901523600Z,2026-08-01T18:36:21.483339600Z,EPISODE_TYPE_PUBLIC,COMPLETED,55135182,16627906,47200,837.6800484066139,55168680,16636454,84459,892.988887018761
89375441,2026-08-01T18:42:49.897146800Z,2026-08-01T18:44:17.327134700Z,EPISODE_TYPE_PUBLIC,COMPLETED,55168500,16635509,29037,569.5237556401003,55118662,16621716,17685,490.4523227863396
89376980,2026-08-01T18:54:52.739869600Z,2026-08-01T18:55:57.824973200Z,EPISODE_TYPE_PUBLIC,COMPLETED,55117284,16622422,5814,413.6829762652744,55169216,16633133,160916,660.9887595170991
89376985,2026-08-01T18:54:52.741753600Z,2026-08-01T18:55:56.172876200Z,EPISODE_TYPE_PUBLIC,COMPLETED,55134973,16624941,74280,908.7516661286516,55169091,16638375,110854,924.5404093788567
89377512,2026-08-01T18:58:56.640476Z,2026-08-01T19:00:01.919418200Z,EPISODE_TYPE_PUBLIC,COMPLETED,55135151,16622330,60392,776.9506270123545,55169130,16630501,91215,885.236388623126
89377530,2026-08-01T18:58:56.685249700Z,2026-08-01T18:59:55.187948600Z,EPISODE_TYPE_PUBLIC,COMPLETED,55169177,16623161,4723,385.0032716387908,55115733,16621519,2138,251.16236678844183
89377541,2026-08-01T18:58:56.721282300Z,2026-08-01T19:00:19.787592600Z,EPISODE_TYPE_PUBLIC,COMPLETED,55168518,16626217,104031,1068.2150991652977,55125574,16622835,98616,1057.244894609804
89378047,2026-08-01T19:02:49.883404900Z,2026-08-01T19:03:58.893976300Z,EPISODE_TYPE_PUBLIC,COMPLETED,55118395,16621585,49425,626.5959269206803,55169056,16631609,45313,543.4198017758226
89378574,2026-08-01T19:06:51.945936300Z,2026-08-01T19:08:14.099199300Z,EPISODE_TYPE_PUBLIC,COMPLETED,55134274,16625611,24180,479.65655304089813,55169195,16638909,34745,518.1865171357188
89379085,2026-08-01T19:10:50.896518900Z,2026-08-01T19:11:47.537363100Z,EPISODE_TYPE_PUBLIC,COMPLETED,55115388,16621402,48539,591.6737971297911,55169423,16621610,10602,487.6284270939626
89379614,2026-08-01T19:14:57.808406Z,2026-08-01T19:15:54.254355700Z,EPISODE_TYPE_PUBLIC,COMPLETED,55116223,16622032,43827,565.3838242559347,55169476,16638953,22791,479.541862015379
89380159,2026-08-01T19:18:47.757290600Z,2026-08-01T19:20:01.200136400Z,EPISODE_TYPE_PUBLIC,COMPLETED,55116010,16621168,29010,542.452222685579,55169476,16638953,27214,398.67412095808356
89382277,2026-08-01T19:34:53.872247400Z,2026-08-01T19:36:05.833944500Z,EPISODE_TYPE_PUBLIC,COMPLETED,55117284,16622422,6220,408.0698652027594,55169476,16638953,29384,524.6019037024953
89382298,2026-08-01T19:34:53.972097300Z,2026-08-01T19:36:02.794017400Z,EPISODE_TYPE_PUBLIC,COMPLETED,55156025,16634246,3687,309.5115155268945,55135327,16623732,1236,166.01682283711253
89382302,2026-08-01T19:34:54.013256500Z,2026-08-01T19:35:51.981318600Z,EPISODE_TYPE_PUBLIC,COMPLETED,55156372,16625050,33230,616.4874767091128,55118395,16621585,37635,632.3262728711105
89382305,2026-08-01T19:34:54.022341200Z,2026-08-01T19:36:30.064049800Z,EPISODE_TYPE_PUBLIC,COMPLETED,55135182,16627906,62408,832.2157404757464,55168703,16626839,84668,868.1478406786428
89382816,2026-08-01T19:38:54.441605900Z,2026-08-01T19:40:07.312975500Z,EPISODE_TYPE_PUBLIC,COMPLETED,55117088,16622312,3076,287.0073502131594,55169628,16623161,3299,335.7669489590793
89383316,2026-08-01T19:42:55.704650800Z,2026-08-01T19:44:40.662400700Z,EPISODE_TYPE_PUBLIC,COMPLETED,55116010,16621168,30201,537.7907294306649,55169832,16635744,174663,692.0252725849198
89383352,2026-08-01T19:42:55.853799700Z,2026-08-01T19:43:56.129308600Z,EPISODE_TYPE_PUBLIC,COMPLETED,55168489,16638019,4537,448.4152657372061,55115827,16621290,3509,377.19741297665394
89384375,2026-08-01T19:50:55.776116700Z,2026-08-01T19:51:57.785740100Z,EPISODE_TYPE_PUBLIC,COMPLETED,55169720,16638953,25439,513.332842321442,55116223,16622032,28027,571.1144430134776
89384936,2026-08-01T19:54:58.615062200Z,2026-08-01T19:56:10.820827800Z,EPISODE_TYPE_PUBLIC,COMPLETED,55158815,16635029,4096,385.2720911492023,55115827,16621290,4733,386.8593394648742
89387018,2026-08-01T20:10:58.779366200Z,2026-08-01T20:12:18.202895900Z,EPISODE_TYPE_PUBLIC,COMPLETED,55170053,16631609,54830,746.7927537952532,55118395,16621585,49303,628.3943450759232
89387023,2026-08-01T20:10:58.798777900Z,2026-08-01T20:12:06.626672600Z,EPISODE_TYPE_PUBLIC,COMPLETED,55169748,16631978,103152,1051.9998961668985,55136341,16624625,79601,914.5178362885637
89387029,2026-08-01T20:10:58.816317700Z,2026-08-01T20:12:09.456094200Z,EPISODE_TYPE_PUBLIC,COMPLETED,55115827,16621290,4740,393.6383238576957,55169953,16623161,3300,303.72194469959305
89389677,2026-08-01T20:30:58.729579800Z,2026-08-01T20:32:06.604110200Z,EPISODE_TYPE_PUBLIC,COMPLETED,55117284,16622422,6220,400.1340272046401,55165150,16634952,30471,420.74475167427164
89390701,2026-08-01T20:38:55.289173900Z,2026-08-01T20:40:23.393736600Z,EPISODE_TYPE_PUBLIC,COMPLETED,55118395,16621585,44833,624.666597345521,55170276,16633179,82738,742.001609776317
89390718,2026-08-01T20:38:55.313969400Z,2026-08-01T20:39:49.010963700Z,EPISODE_TYPE_PUBLIC,COMPLETED,55170272,16635681,2571,377.5051360160959,55117088,16622312,2464,277.8962209625108
89390730,2026-08-01T20:38:55.360318100Z,2026-08-01T20:40:10.036704800Z,EPISODE_TYPE_PUBLIC,COMPLETED,55169130,16630501,60876,908.8399925225413,55134973,16624941,55886,903.1310338723324
89391246,2026-08-01T20:42:56.122669200Z,2026-08-01T20:44:08.723150700Z,EPISODE_TYPE_PUBLIC,COMPLETED,55170223,16635681,10830,423.5274111543038,55134274,16625611,27085,489.33220242850473
89392271,2026-08-01T20:50:55.252135700Z,2026-08-01T20:52:26.633358200Z,EPISODE_TYPE_PUBLIC,COMPLETED,55134973,16624941,61549,898.3083079533643,55170557,16630804,119216,960.542566446069
89392276,2026-08-01T20:50:55.259832300Z,2026-08-01T20:52:14.018529200Z,EPISODE_TYPE_PUBLIC,COMPLETED,55118395,16621585,41423,616.0370938149578,55170647,16639155,94241,714.6830503929845
89392277,2026-08-01T20:50:55.264317Z,2026-08-01T20:51:56.099481300Z,EPISODE_TYPE_PUBLIC,COMPLETED,55118395,16621585,18361,620.302682356884,55170681,16638019,26000,715.9894240150478
89392313,2026-08-01T20:50:55.371429100Z,2026-08-01T20:52:36.241870600Z,EPISODE_TYPE_PUBLIC,COMPLETED,55165371,16637025,2970,316.3441649706479,55118533,16621770,621,244.9192945669354
89392814,2026-08-01T20:54:58.513386400Z,2026-08-01T20:56:40.822690700Z,EPISODE_TYPE_PUBLIC,COMPLETED,55135182,16627906,87954,836.5183982277455,55170276,16633179,80265,745.7777262724405
89393879,2026-08-01T21:02:54.843175800Z,2026-08-01T21:04:20.256292Z,EPISODE_TYPE_PUBLIC,COMPLETED,55136341,16624625,77799,910.7819122525335,55166989,16633950,80183,1017.4696568540411
89394380,2026-08-01T21:06:55.464695Z,2026-08-01T21:08:01.931909800Z,EPISODE_TYPE_PUBLIC,COMPLETED,55170562,16630249,80700,769.5026352654266,55136341,16624625,84044,914.1016615859039
89394388,2026-08-01T21:06:55.484192200Z,2026-08-01T21:08:17.629959200Z,EPISODE_TYPE_PUBLIC,COMPLETED,55170536,16638019,13437,475.82846598642885,55117284,16622422,5888,394.01904599292874
89395452,2026-08-01T21:14:57.516853900Z,2026-08-01T21:16:25.516709Z,EPISODE_TYPE_PUBLIC,COMPLETED,55165086,16634156,105719,969.8169045794739,55136341,16624625,97547,909.6546247833709
89395951,2026-08-01T21:18:59.727784400Z,2026-08-01T21:20:18.482522900Z,EPISODE_TYPE_PUBLIC,COMPLETED,55170580,16639230,78588,776.2235679356876,55134973,16624941,83159,901.7873347424585
89395981,2026-08-01T21:18:59.833941300Z,2026-08-01T21:20:18.517253100Z,EPISODE_TYPE_PUBLIC,COMPLETED,55168836,16633790,36142,625.7314941902176,55115388,16621402,30072,586.2372463753615
89397029,2026-08-01T21:26:56.611606600Z,2026-08-01T21:28:02.860114700Z,EPISODE_TYPE_PUBLIC,COMPLETED,55135151,16622330,83782,780.5708217059325,55155374,16630772,56075,627.0384352133985
89397541,2026-08-01T21:30:54.684189300Z,2026-08-01T21:31:50.867683900Z,EPISODE_TYPE_PUBLIC,COMPLETED,55115733,16621519,2272,240.30465797400177,55171026,16639241,8799,449.3137757649033
89397548,2026-08-01T21:30:54.695148400Z,2026-08-01T21:31:57.455841Z,EPISODE_TYPE_PUBLIC,COMPLETED,55170681,16638019,25230,529.4763350613423,55118662,16621716,8101,484.76809758147976
89397559,2026-08-01T21:30:54.723772100Z,2026-08-01T21:32:09.979259200Z,EPISODE_TYPE_PUBLIC,COMPLETED,55168675,16623875,3000,356.7248884596144,55117088,16622312,2537,268.70484738878554
89397570,2026-08-01T21:30:54.753027Z,2026-08-01T21:32:12.793269700Z,EPISODE_TYPE_PUBLIC,COMPLETED,55134274,16625611,28960,509.4697202068283,55169415,16637762,25523,520.8412612323367
89397571,2026-08-01T21:30:54.755499600Z,2026-08-01T21:32:11.421494900Z,EPISODE_TYPE_PUBLIC,COMPLETED,55134274,16625611,27062,497.455240324074,55170223,16635681,10829,398.8901143986067
89398076,2026-08-01T21:34:56.644982200Z,2026-08-01T21:35:58.248986600Z,EPISODE_TYPE_PUBLIC,COMPLETED,55170562,16630249,97387,801.1578547738011,55135047,16630315,84443,775.5211354235686
89399151,2026-08-01T21:42:53.743760400Z,2026-08-01T21:44:22.234880500Z,EPISODE_TYPE_PUBLIC,COMPLETED,55135151,16622330,73294,774.7979491338137,55161868,16625050,77171,819.5910201886238
89399166,2026-08-01T21:42:53.762267Z,2026-08-01T21:43:47.939653800Z,EPISODE_TYPE_PUBLIC,COMPLETED,55163434,16636540,3382,267.9503751834519,55118533,16621770,599,227.980563952922
89399658,2026-08-01T21:46:54.668397800Z,2026-08-01T21:48:10.653377700Z,EPISODE_TYPE_PUBLIC,COMPLETED,55171070,16630711,86658,663.5754521642474,55118662,16621716,11726,481.6271872557149
89399669,2026-08-01T21:46:54.687377700Z,2026-08-01T21:48:18.508428400Z,EPISODE_TYPE_PUBLIC,COMPLETED,55163333,16635680,11043,491.6258033879793,55115827,16621290,4876,387.5878356297916
89400714,2026-08-01T21:54:56.967923500Z,2026-08-01T21:56:25.574868500Z,EPISODE_TYPE_PUBLIC,COMPLETED,55136341,16624625,93154,914.544930600352,55170647,16639155,87303,881.1431905638262
89401263,2026-08-01T21:58:54.172166700Z,2026-08-01T21:59:57.134663Z,EPISODE_TYPE_PUBLIC,COMPLETED,55154475,16630274,14117,496.86082067727887,55118662,16621716,12643,475.6296031703125
89401270,2026-08-01T21:58:54.186302600Z,2026-08-01T22:00:19.014100400Z,EPISODE_TYPE_PUBLIC,COMPLETED,55115388,16621402,48849,591.2018227143278,55165612,16629201,37938,533.8440084557784
89402311,2026-08-01T22:06:55.048961100Z,2026-08-01T22:08:05.758390100Z,EPISODE_TYPE_PUBLIC,COMPLETED,55163960,16636855,2990,179.88428418249475,55117088,16622312,3105,277.2512351310495
89402823,2026-08-01T22:10:55.602918500Z,2026-08-01T22:12:21.283191100Z,EPISODE_TYPE_PUBLIC,COMPLETED,55134735,16622820,46227,703.499541095325,55171070,16630711,57440,727.3932886015031
89402843,2026-08-01T22:10:55.628833600Z,2026-08-01T22:12:17.126054700Z,EPISODE_TYPE_PUBLIC,COMPLETED,55135151,16622330,84118,779.8750907097035,55156548,16632444,82369,708.7722730669399
89403346,2026-08-01T22:14:56.238002900Z,2026-08-01T22:16:34.097487300Z,EPISODE_TYPE_PUBLIC,COMPLETED,55170961,16626217,106190,952.2298370194255,55135182,16627906,61626,832.7831601389638
89403886,2026-08-01T22:18:54.582547100Z,2026-08-01T22:20:44.029086400Z,EPISODE_TYPE_PUBLIC,COMPLETED,55170238,16623712,35902,689.3536414003477,55134735,16622820,41598,711.5833756477908
89404393,2026-08-01T22:22:57.867895500Z,2026-08-01T22:24:00.524402600Z,EPISODE_TYPE_PUBLIC,COMPLETED,55171724,16637340,32096,599.6227906825386,55134274,16625611,26474,501.29999582308443
89405456,2026-08-01T22:30:54.249955500Z,2026-08-01T22:31:57.904238600Z,EPISODE_TYPE_PUBLIC,COMPLETED,55171527,16639280,35771,641.4721969648283,55118395,16621585,39545,622.1645561107001
89406524,2026-08-01T22:39:03.378187500Z,2026-08-01T22:40:25.150821500Z,EPISODE_TYPE_PUBLIC,COMPLETED,55134735,16622820,49280,702.430468257763,55168756,16633276,63664,682.7596261556623
89408639,2026-08-01T22:55:05.719678900Z,2026-08-01T22:56:18.974059200Z,EPISODE_TYPE_PUBLIC,COMPLETED,55155682,16625434,22370,593.3244985944891,55115388,16621402,34079,597.1704676675976
89411786,2026-08-01T23:19:09.277773200Z,2026-08-01T23:20:17.192362700Z,EPISODE_TYPE_PUBLIC,COMPLETED,55168909,16633222,81415,934.7941161239514,55136341,16624625,78212,909.617226355353
89413343,2026-08-01T23:31:03.510177500Z,2026-08-01T23:32:28.789298700Z,EPISODE_TYPE_PUBLIC,COMPLETED,55136341,16624625,72937,904.9274558154084,55172467,16633222,91736,960.2620565096261
89413382,2026-08-01T23:31:03.609925100Z,2026-08-01T23:32:21.828028500Z,EPISODE_TYPE_PUBLIC,COMPLETED,55159517,16635159,43574,610.0240626384295,55118395,16621585,45872,627.3597690779437
89413385,2026-08-01T23:31:03.615418200Z,2026-08-01T23:31:58.975710500Z,EPISODE_TYPE_PUBLIC,COMPLETED,55134274,16625611,28980,508.8371899657754,55157259,16634172,8507,416.59857208641483
89414446,2026-08-01T23:39:03.442916300Z,2026-08-01T23:40:23.616110200Z,EPISODE_TYPE_PUBLIC,COMPLETED,55170223,16635681,12074,471.7122662726805,55117284,16622422,6232,388.1904396581678
89417640,2026-08-02T00:03:04.195452400Z,2026-08-02T00:04:28.086453100Z,EPISODE_TYPE_PUBLIC,COMPLETED,55172239,16637255,28144,663.9886526777635,55135151,16622330,46139,783.8987112048046
89418720,2026-08-02T00:11:03.579435300Z,2026-08-02T00:12:22.396134500Z,EPISODE_TYPE_PUBLIC,COMPLETED,55173268,16630752,117577,674.7867989364465,55118662,16621716,9385,472.5489963878837
89418727,2026-08-02T00:11:03.587083600Z,2026-08-02T00:12:06.796829700Z,EPISODE_TYPE_PUBLIC,COMPLETED,55173314,16631536,21047,519.8527950000242,55134735,16622820,45909,706.7530243603705
89419274,2026-08-02T00:15:07.192800700Z,2026-08-02T00:16:26.420150400Z,EPISODE_TYPE_PUBLIC,COMPLETED,55116010,16621168,22281,531.3908685013103,55172509,16630772,48810,580.9799979475458
89420318,2026-08-02T00:23:04.239989700Z,2026-08-02T00:24:09.779332500Z,EPISODE_TYPE_PUBLIC,COMPLETED,55173296,16629699,160797,1021.5869199295953,55135047,16630315,50756,772.4466597466187
89420347,2026-08-02T00:23:04.316385100Z,2026-08-02T00:24:23.788463700Z,EPISODE_TYPE_PUBLIC,COMPLETED,55117088,16622312,2772,266.0114733789235,55172956,16623646,3000,288.2726854203667
89421429,2026-08-02T00:31:08.764943100Z,2026-08-02T00:32:51.499945100Z,EPISODE_TYPE_PUBLIC,COMPLETED,55172540,16633222,86111,895.4432320051434,55135182,16627906,72168,828.2041946419138
89422488,2026-08-02T00:39:04.183678900Z,2026-08-02T00:40:29.857052700Z,EPISODE_TYPE_PUBLIC,COMPLETED,55135182,16627906,48830,824.4417585927448,55173488,16626655,126424,948.824083252302
89422500,2026-08-02T00:39:04.209477900Z,2026-08-02T00:40:22.974933500Z,EPISODE_TYPE_PUBLIC,COMPLETED,55173347,16634172,50835,686.5008516125326,55115388,16621402,49073,592.9654406898389
89422506,2026-08-02T00:39:04.225137400Z,2026-08-02T00:40:20.860816800Z,EPISODE_TYPE_PUBLIC,COMPLETED,55134274,16625611,5206,499.78724424215847,55173309,16631536,41911,543.693826258172
89422509,2026-08-02T00:39:04.231861500Z,2026-08-02T00:40:25.369901900Z,EPISODE_TYPE_PUBLIC,COMPLETED,55134973,16624941,77862,896.9463426554883,55172540,16633222,80767,930.8632685165849
89423546,2026-08-02T00:47:07.078594200Z,2026-08-02T00:48:28.457397300Z,EPISODE_TYPE_PUBLIC,COMPLETED,55173933,16639473,146765,837.6288006207258,55134735,16622820,37003,701.4807308589416
89423554,2026-08-02T00:47:07.094910700Z,2026-08-02T00:48:24.108752600Z,EPISODE_TYPE_PUBLIC,COMPLETED,55118395,16621585,29530,623.213565313891,55174028,16630797,167778,716.868271585225
89424073,2026-08-02T00:51:04.979772Z,2026-08-02T00:52:24.161661500Z,EPISODE_TYPE_PUBLIC,COMPLETED,55116223,16622032,49333,568.2346003781144,55174008,16637255,87284,799.6620395572918
89426770,2026-08-02T01:11:08.353774Z,2026-08-02T01:12:25.589809100Z,EPISODE_TYPE_PUBLIC,COMPLETED,55116010,16621168,32638,537.5561964114905,55174130,16631016,17299,475.78010301513194
89428900,2026-08-02T01:27:03.817496Z,2026-08-02T01:28:41.427205300Z,EPISODE_TYPE_PUBLIC,COMPLETED,55135182,16627906,69438,828.0495679907609,55174374,16639496,34363,692.9731140571771
89429434,2026-08-02T01:31:05.382264200Z,2026-08-02T01:32:31.852418400Z,EPISODE_TYPE_PUBLIC,COMPLETED,55174445,16631609,62205,779.7626347108514,55134735,16622820,57465,695.2089451916381
89430545,2026-08-02T01:39:11.939625900Z,2026-08-02T01:40:41.656754600Z,EPISODE_TYPE_PUBLIC,COMPLETED,55173726,16623644,96546,1029.6327807099403,55136341,16624625,81171,901.8161637161984
89431043,2026-08-02T01:43:12.162785100Z,2026-08-02T01:44:41.382696300Z,EPISODE_TYPE_PUBLIC,COMPLETED,55174686,16623400,153507,927.2541866449917,55135047,16630315,67269,767.9120173825607
89431046,2026-08-02T01:43:12.166600300Z,2026-08-02T01:44:41.948418Z,EPISODE_TYPE_PUBLIC,COMPLETED,55134735,16622820,43419,690.7802901329347,55174707,16634654,142880,861.2539178023059
89431578,2026-08-02T01:47:12.414036Z,2026-08-02T01:48:30.623978700Z,EPISODE_TYPE_PUBLIC,COMPLETED,55174717,16634468,133625,909.0479623209109,55135151,16622330,32307,779.6143138936076
89432678,2026-08-02T01:55:14.268704700Z,2026-08-02T01:56:56.877695500Z,EPISODE_TYPE_PUBLIC,COMPLETED,55174398,16633043,50292,669.8642621052177,55135182,16627906,76869,830.9701775875058
89434266,2026-08-02T02:07:11.777441400Z,2026-08-02T02:09:28.751215300Z,EPISODE_TYPE_PUBLIC,COMPLETED,55134735,16622820,41093,686.6985685667769,55174987,16634468,157786,872.9724092943884
89434810,2026-08-02T02:11:11.833427700Z,2026-08-02T02:12:45.315124600Z,EPISODE_TYPE_PUBLIC,COMPLETED,55174754,16623697,95727,963.071259094828,55134973,16624941,76596,892.698466007717
89434819,2026-08-02T02:11:11.841647800Z,2026-08-02T02:12:25.282803300Z,EPISODE_TYPE_PUBLIC,COMPLETED,55116223,16622032,49482,573.9867750444614,55174792,16634246,28840,528.3303611484533
89435865,2026-08-02T02:19:12.589038600Z,2026-08-02T02:20:43.120239800Z,EPISODE_TYPE_PUBLIC,COMPLETED,55136341,16624625,71225,898.7672552130098,55175039,16622919,99287,1050.1540773991703
89435883,2026-08-02T02:19:12.620066900Z,2026-08-02T02:20:08.817786300Z,EPISODE_TYPE_PUBLIC,COMPLETED,55175170,16637649,43170,642.5847736133292,55135047,16630315,74639,772.7221658989993
89436433,2026-08-02T02:23:12.238034600Z,2026-08-02T02:24:39.853989900Z,EPISODE_TYPE_PUBLIC,COMPLETED,55174569,16635680,72332,819.9057442668975,55134973,16624941,79110,896.6616048778509
89436947,2026-08-02T02:27:11.656923Z,2026-08-02T02:28:16.174061100Z,EPISODE_TYPE_PUBLIC,COMPLETED,55135151,16622330,76831,784.4229263715295,55175244,16623920,52652,700.3741565714463
89438551,2026-08-02T02:39:11.555256400Z,2026-08-02T02:40:32.627820Z,EPISODE_TYPE_PUBLIC,COMPLETED,55115388,16621402,20453,588.9099225368622,55175639,16630896,28151,706.5467089698313
89438570,2026-08-02T02:39:11.575959600Z,2026-08-02T02:40:32.769967100Z,EPISODE_TYPE_PUBLIC,COMPLETED,55175346,16639565,68101,769.1623372990209,55134735,16622820,46051,680.9939273250919
89438578,2026-08-02T02:39:11.597218300Z,2026-08-02T02:40:34.592221600Z,EPISODE_TYPE_PUBLIC,COMPLETED,55135151,16622330,33438,779.87591438882,55174999,16639244,50849,866.5274337298528
89440159,2026-08-02T02:51:28.926645700Z,2026-08-02T02:52:31.918897Z,EPISODE_TYPE_PUBLIC,COMPLETED,55135151,16622330,76433,774.8401945425329,55175779,16623459,151756,850.5991299799362
89440698,2026-08-02T02:55:13.151536200Z,2026-08-02T02:56:19.426664800Z,EPISODE_TYPE_PUBLIC,COMPLETED,55175863,16635029,71714,700.9662525001263,55116223,16622032,22249,569.6760982296337
89442862,2026-08-02T03:11:11.342259300Z,2026-08-02T03:12:06.821770200Z,EPISODE_TYPE_PUBLIC,COMPLETED,55135047,16630315,68488,767.2875800098733,55175563,16639330,86452,854.7113827041042
89442875,2026-08-02T03:11:11.358925600Z,2026-08-02T03:12:16.006862Z,EPISODE_TYPE_PUBLIC,COMPLETED,55175396,16639280,81592,814.362896060179,55134973,16624941,84715,900.4309455627966
89444459,2026-08-02T03:23:11.060502700Z,2026-08-02T03:24:47.365330300Z,EPISODE_TYPE_PUBLIC,COMPLETED,55176229,16623608,86614,816.5507642081938,55134735,16622820,38525,676.1991938767696
89444479,2026-08-02T03:23:11.080603300Z,2026-08-02T03:24:41.253706600Z,EPISODE_TYPE_PUBLIC,COMPLETED,55175897,16631215,67277,708.0423621721657,55135182,16627906,68285,834.5060333929541
89445001,2026-08-02T03:27:10.921222400Z,2026-08-02T03:28:18.354830Z,EPISODE_TYPE_PUBLIC,COMPLETED,55176251,16639625,169355,895.8080334425807,55135047,16630315,78555,762.4890192561692
89445030,2026-08-02T03:27:10.949407100Z,2026-08-02T03:28:35.480563300Z,EPISODE_TYPE_PUBLIC,COMPLETED,55176072,16621354,3624,576.6883175509556,55134735,16622820,41418,681.2902330124153
89446083,2026-08-02T03:35:12.860503100Z,2026-08-02T03:36:33.613065600Z,EPISODE_TYPE_PUBLIC,COMPLETED,55176361,16637597,158479,950.873591010521,55136341,16624625,71263,897.5750180124594
89446087,2026-08-02T03:35:12.865898900Z,2026-08-02T03:36:24.702766800Z,EPISODE_TYPE_PUBLIC,COMPLETED,55136341,16624625,87473,902.0890146017615,55176237,16638909,68847,769.4290223337846
89446106,2026-08-02T03:35:12.884601200Z,2026-08-02T03:36:09.888966900Z,EPISODE_TYPE_PUBLIC,COMPLETED,55134274,16625611,23646,490.6380772613429,55176393,16639624,30109,533.7275916454184
89446662,2026-08-02T03:39:11.266779300Z,2026-08-02T03:40:18.490243500Z,EPISODE_TYPE_PUBLIC,COMPLETED,55176432,16639692,6992,477.33752588257374,55117284,16622422,6259,382.371031860352
89447185,2026-08-02T03:43:11.015170700Z,2026-08-02T03:44:39.036879600Z,EPISODE_TYPE_PUBLIC,COMPLETED,55176638,16636148,129934,715.6214843370605,55118395,16621585,42609,619.1558516395393
89449342,2026-08-02T03:59:11.009806800Z,2026-08-02T04:00:17.272164Z,EPISODE_TYPE_PUBLIC,COMPLETED,55135151,16622330,52764,768.1734904846471,55176597,16635670,90553,755.128808972433
89449344,2026-08-02T03:59:11.013451100Z,2026-08-02T04:00:17.226113200Z,EPISODE_TYPE_PUBLIC,COMPLETED,55176805,16630896,35616,657.2638152014187,55134274,16625611,1898,485.31948271326297
89450405,2026-08-02T04:07:10.705322600Z,2026-08-02T04:08:32.050320100Z,EPISODE_TYPE_PUBLIC,COMPLETED,55135151,16622330,71847,764.1397584250708,55176806,16624919,148694,886.6401061261491
89450415,2026-08-02T04:07:10.715453800Z,2026-08-02T04:08:41.365898700Z,EPISODE_TYPE_PUBLIC,COMPLETED,55134735,16622820,54133,676.8254660434521,55176693,16623646,97488,818.654972494242
89451512,2026-08-02T04:15:13.161402900Z,2026-08-02T04:16:26.416550800Z,EPISODE_TYPE_PUBLIC,COMPLETED,55176638,16636148,94217,935.4617122343495,55134973,16624941,73123,895.8514317827734
89452592,2026-08-02T04:23:10.980895900Z,2026-08-02T04:24:17.765992200Z,EPISODE_TYPE_PUBLIC,COMPLETED,55134973,16624941,73918,891.6335034187786,55176797,16638909,82470,949.1879317468596
89453119,2026-08-02T04:27:10.969391500Z,2026-08-02T04:28:19.708665200Z,EPISODE_TYPE_PUBLIC,COMPLETED,55177023,16630984,19098,506.7553160691367,55115388,16621402,35532,593.2676084055402
89454170,2026-08-02T04:35:12.853732200Z,2026-08-02T04:36:39.456423300Z,EPISODE_TYPE_PUBLIC,COMPLETED,55134735,16622820,39579,667.980014535356,55177302,16636536,134191,826.6822936906256
89454194,2026-08-02T04:35:12.884965300Z,2026-08-02T04:36:36.305563200Z,EPISODE_TYPE_PUBLIC,COMPLETED,55176997,16637776,80525,789.3795973852796,55134735,16622820,43959,672.1491582434869
89454201,2026-08-02T04:35:12.894843100Z,2026-08-02T04:36:43.738094300Z,EPISODE_TYPE_PUBLIC,COMPLETED,55135182,16627906,72118,829.5798016539796,55176799,16638909,87100,864.9260109788793
89455258,2026-08-02T04:43:11.564823Z,2026-08-02T04:44:14.928423100Z,EPISODE_TYPE_PUBLIC,COMPLETED,55177474,16631090,141626,821.2222784503648,55135151,16622330,44928,759.0566256704816
89456876,2026-08-02T04:55:15.521686900Z,2026-08-02T04:56:33.884664200Z,EPISODE_TYPE_PUBLIC,COMPLETED,55116223,16622032,32003,565.4690313681003,55177831,16623805,141048,699.7527751124351
89457419,2026-08-02T04:59:12.091720700Z,2026-08-02T05:00:11.200269900Z,EPISODE_TYPE_PUBLIC,COMPLETED,55118395,16621585,49078,621.8990654917199,55177834,16632006,8454,437.10543805028607
89459048,2026-08-02T05:11:12.141102700Z,2026-08-02T05:12:31.325621500Z,EPISODE_TYPE_PUBLIC,COMPLETED,55117284,16622422,6259,377.61817876638435,55177834,16632006,12825,510.1893261091965
89459574,2026-08-02T05:15:13.755608200Z,2026-08-02T05:16:42.971654100Z,EPISODE_TYPE_PUBLIC,COMPLETED,55177796,16638909,91812,922.0238441819762,55134973,16624941,75757,886.9801466617052
89460646,2026-08-02T05:23:11.878013600Z,2026-08-02T05:24:23.126192100Z,EPISODE_TYPE_PUBLIC,COMPLETED,55178091,16639244,94987,924.1276931755804,55136341,16624625,91113,892.7931500582877
89460654,2026-08-02T05:23:11.887602200Z,2026-08-02T05:24:28.297657300Z,EPISODE_TYPE_PUBLIC,COMPLETED,55118395,16621585,49182,618.1999953701901,55178199,16621683,54357,726.3555996963742
89461748,2026-08-02T05:31:11.823579900Z,2026-08-02T05:32:09.423030400Z,EPISODE_TYPE_PUBLIC,COMPLETED,55118662,16621716,11502,477.68522772542735,55178145,16636643,9855,418.0017042615574
89462812,2026-08-02T05:39:12.442538500Z,2026-08-02T05:40:40.199506300Z,EPISODE_TYPE_PUBLIC,COMPLETED,55178091,16639244,88824,800.335400592686,55136341,16624625,91549,896.3290025311003
89463359,2026-08-02T05:43:11.817091900Z,2026-08-02T05:44:16.420406300Z,EPISODE_TYPE_PUBLIC,COMPLETED,55134735,16622820,55514,662.5044327932213,55178199,16621683,70104,731.3490114875801
89464421,2026-08-02T05:51:11.667675800Z,2026-08-02T05:52:19.159167100Z,EPISODE_TYPE_PUBLIC,COMPLETED,55178189,16630111,114679,960.9780582045249,55136341,16624625,93824,892.4849729777917
89466572,2026-08-02T06:07:11.704524700Z,2026-08-02T06:08:15.171961600Z,EPISODE_TYPE_PUBLIC,COMPLETED,55116223,16622032,48178,569.1866118335705,55178876,16639973,6834,412.0249983810967
89467137,2026-08-02T06:11:11.789570700Z,2026-08-02T06:12:38.887381400Z,EPISODE_TYPE_PUBLIC,COMPLETED,55176997,16637776,73197,806.4775529525862,55135182,16627906,78792,834.5087958729588
89468178,2026-08-02T06:19:11.978609Z,2026-08-02T06:20:17.350188200Z,EPISODE_TYPE_PUBLIC,COMPLETED,55136341,16624625,45011,888.7985375202705,55178906,16626191,133547,983.7876859737854
89468737,2026-08-02T06:23:12.504966300Z,2026-08-02T06:24:23.547699Z,EPISODE_TYPE_PUBLIC,COMPLETED,55118662,16621716,12985,483.6597906899054,55178939,16630372,6866,466.73614973357667
89469254,2026-08-02T06:27:11.899278600Z,2026-08-02T06:28:36.130204900Z,EPISODE_TYPE_PUBLIC,COMPLETED,55179110,16639973,77403,717.3476011590328,55136341,16624625,81570,891.4506316777835
89469272,2026-08-02T06:27:11.919609700Z,2026-08-02T06:28:10.352544500Z,EPISODE_TYPE_PUBLIC,COMPLETED,55118662,16621716,16572,479.36587334981886,55179186,16632006,17293,587.9959076170888
89470325,2026-08-02T06:35:16.331757300Z,2026-08-02T06:36:41.537423500Z,EPISODE_TYPE_PUBLIC,COMPLETED,55179265,16622349,154915,895.808013697278,55115388,16621402,30597,591.5630287205187
89471443,2026-08-02T06:43:12.153937300Z,2026-08-02T06:44:32.192793200Z,EPISODE_TYPE_PUBLIC,COMPLETED,55179064,16632240,125502,1011.0437416647829,55136341,16624625,81624,888.4296121643331
89472522,2026-08-02T06:51:13.063639Z,2026-08-02T06:52:30.652882300Z,EPISODE_TYPE_PUBLIC,COMPLETED,55116223,16622032,31064,566.0939293184443,55179515,16636094,167425,767.3752577063943
89472528,2026-08-02T06:51:13.077012600Z,2026-08-02T06:52:21.477658500Z,EPISODE_TYPE_PUBLIC,COMPLETED,55115388,16621402,40400,588.4095531888764,55179299,16621354,58613,739.7440532221797
89473610,2026-08-02T06:59:12.395048700Z,2026-08-02T07:00:47.888689900Z,EPISODE_TYPE_PUBLIC,COMPLETED,55135182,16627906,32589,829.0631908969617,55179358,16639550,53732,830.1299144652376
89474129,2026-08-02T07:03:11.902282900Z,2026-08-02T07:04:19.911046700Z,EPISODE_TYPE_PUBLIC,COMPLETED,55179655,16635969,130300,970.8962200835055,55135182,16627906,45352,825.7852555798986
89474160,2026-08-02T07:03:11.935273200Z,2026-08-02T07:04:34.534347600Z,EPISODE_TYPE_PUBLIC,COMPLETED,55135047,16630315,60706,757.6072547665408,55179080,16635670,77385,858.9203917175819
89475223,2026-08-02T07:11:11.877541400Z,2026-08-02T07:12:12.564620Z,EPISODE_TYPE_PUBLIC,COMPLETED,55115388,16621402,29134,591.5510233965856,55179919,16624990,5029,426.69696179635946
89475228,2026-08-02T07:11:11.885486100Z,2026-08-02T07:12:30.044894800Z,EPISODE_TYPE_PUBLIC,COMPLETED,55179830,16640332,2279,252.93092252934505,55117088,16622312,3069,277.0634265926804
89475785,2026-08-02T07:15:17.003361600Z,2026-08-02T07:16:15.838407900Z,EPISODE_TYPE_PUBLIC,COMPLETED,55179830,16640332,2213,305.1906191685523,55135327,16623732,1236,143.32595490452113
89475790,2026-08-02T07:15:17.008414Z,2026-08-02T07:16:25.328970400Z,EPISODE_TYPE_PUBLIC,COMPLETED,55179080,16635670,88373,920.7154056767757,55134973,16624941,84315,882.6668275972046
89476298,2026-08-02T07:19:11.885963900Z,2026-08-02T07:20:32.194225200Z,EPISODE_TYPE_PUBLIC,COMPLETED,55135151,16622330,52892,752.9653730838204,55180086,16631460,131276,759.3840304297674
89476836,2026-08-02T07:23:11.714161600Z,2026-08-02T07:24:23.571147600Z,EPISODE_TYPE_PUBLIC,COMPLETED,55180086,16631460,145693,867.2662511996507,55135047,16630315,76116,752.6089891549836
89477400,2026-08-02T07:27:11.739030900Z,2026-08-02T07:28:18.028246200Z,EPISODE_TYPE_PUBLIC,COMPLETED,55179538,16639979,88305,885.4559842012236,55134973,16624941,79877,877.8171938354968
89477934,2026-08-02T07:31:12.297891300Z,2026-08-02T07:32:16.080421200Z,EPISODE_TYPE_PUBLIC,COMPLETED,55134735,16622820,51191,656.803605046727,55180309,16621354,67973,727.4348685944473
89479010,2026-08-02T07:39:11.541349Z,2026-08-02T07:40:30.424706500Z,EPISODE_TYPE_PUBLIC,COMPLETED,55180346,16621709,165415,819.8145186955829,55135151,16622330,67324,748.1787658969508
89479569,2026-08-02T07:43:14.350767200Z,2026-08-02T07:44:32.155432Z,EPISODE_TYPE_PUBLIC,COMPLETED,55180508,16625060,180911,690.7431674441036,55116010,16621168,27737,533.2090220200128
89481720,2026-08-02T07:59:12.338697200Z,2026-08-02T08:00:34.663268Z,EPISODE_TYPE_PUBLIC,COMPLETED,55180820,16638375,130268,698.7692986361001,55116223,16622032,34233,562.0682700760535
89482248,2026-08-02T08:03:11.868497600Z,2026-08-02T08:04:32.193262700Z,EPISODE_TYPE_PUBLIC,COMPLETED,55134735,16622820,40551,652.7935305174949,55180799,16621315,159474,809.7632101434025
89482819,2026-08-02T08:07:16.201647700Z,2026-08-02T08:08:36.605688300Z,EPISODE_TYPE_PUBLIC,COMPLETED,55134973,16624941,85014,881.0240622733145,55180390,16630741,82218,771.6360654660145
89483895,2026-08-02T08:15:14.282379200Z,2026-08-02T08:16:41.005403200Z,EPISODE_TYPE_PUBLIC,COMPLETED,55180723,16634876,135614,897.9458286381966,55135182,16627906,60307,821.7308676431861
89483904,2026-08-02T08:15:14.297310800Z,2026-08-02T08:16:10.241619600Z,EPISODE_TYPE_PUBLIC,COMPLETED,55115827,16621290,3990,394.3304805054413,55180868,16633709,3000,306.7434817264989
89486581,2026-08-02T08:35:16.630524200Z,2026-08-02T08:36:31.924748600Z,EPISODE_TYPE_PUBLIC,COMPLETED,55181343,16632867,164391,766.174402610018,55118395,16621585,30233,615.0356881740333
89487694,2026-08-02T08:43:24.251786100Z,2026-08-02T08:44:46.088471900Z,EPISODE_TYPE_PUBLIC,COMPLETED,55181338,16638823,9359,413.7056755532968,55116010,16621168,33787,537.9052954676264
89488205,2026-08-02T08:47:31.416901100Z,2026-08-02T08:48:43.169669700Z,EPISODE_TYPE_PUBLIC,COMPLETED,55181343,16632867,144370,1043.4485133741432,55135182,16627906,50113,819.4561147223272
89488222,2026-08-02T08:47:31.432489100Z,2026-08-02T08:48:30.678232600Z,EPISODE_TYPE_PUBLIC,COMPLETED,55116223,16622032,30529,558.1342060848694,55181641,16630713,172575,697.6455196004355
89488768,2026-08-02T08:51:18.311515900Z,2026-08-02T08:52:33.815384800Z,EPISODE_TYPE_PUBLIC,COMPLETED,55181696,16633934,25905,478.8229062840075,55116223,16622032,48934,562.9610885992583
89488772,2026-08-02T08:51:18.316367400Z,2026-08-02T08:52:30.060871100Z,EPISODE_TYPE_PUBLIC,COMPLETED,55181516,16631261,50641,659.3789492576932,55118395,16621585,48849,610.4847034549902
89489301,2026-08-02T08:55:22.825306800Z,2026-08-02T08:56:43.927010700Z,EPISODE_TYPE_PUBLIC,COMPLETED,55135151,16622330,72593,752.6091356896105,55181617,16633984,55948,663.3973089651912
89490407,2026-08-02T09:03:20.075213500Z,2026-08-02T09:04:24.544054300Z,EPISODE_TYPE_PUBLIC,COMPLETED,55135047,16630315,77234,747.4302797305694,55181663,16624277,109397,839.5459580601271
89490414,2026-08-02T09:03:20.082026100Z,2026-08-02T09:04:31.119921800Z,EPISODE_TYPE_PUBLIC,COMPLETED,55116010,16621168,34012,541.3840988525437,55181737,16628268,4446,348.74020266225324
89491492,2026-08-02T09:11:12.262711400Z,2026-08-02T09:12:27.335311700Z,EPISODE_TYPE_PUBLIC,COMPLETED,55116010,16621168,30291,537.1646320532524,55182006,16621481,151125,691.816593425278
89492027,2026-08-02T09:15:13.640658200Z,2026-08-02T09:16:20.319810900Z,EPISODE_TYPE_PUBLIC,COMPLETED,55134973,16624941,78777,877.060974218375,55181957,16627799,159482,946.9642827396037
89492583,2026-08-02T09:19:11.986491700Z,2026-08-02T09:20:15.013660900Z,EPISODE_TYPE_PUBLIC,COMPLETED,55115388,16621402,49321,587.3315218902068,55181918,16634213,70320,671.0428147841087
89492592,2026-08-02T09:19:11.997031600Z,2026-08-02T09:20:29.235878600Z,EPISODE_TYPE_PUBLIC,COMPLETED,55134973,16624941,74438,880.4345176287917,55181473,16624026,61438,790.1961474829201
89492594,2026-08-02T09:19:11.998071700Z,2026-08-02T09:20:32.251669600Z,EPISODE_TYPE_PUBLIC,COMPLETED,55181543,16635670,104520,900.3728497364505,55134973,16624941,86775,876.0806680030864
89493644,2026-08-02T09:27:11.688703400Z,2026-08-02T09:28:35.248099600Z,EPISODE_TYPE_PUBLIC,COMPLETED,55135182,16627906,57040,816.2205519870934,55182190,16633226,158676,957.0140858650445
89494223,2026-08-02T09:31:11.779214100Z,2026-08-02T09:32:24.697768500Z,EPISODE_TYPE_PUBLIC,COMPLETED,55180667,16640472,40352,445.26143441852196,55115733,16621519,2664,230.61767242044834
89494733,2026-08-02T09:35:13.951840400Z,2026-08-02T09:36:17.802913700Z,EPISODE_TYPE_PUBLIC,COMPLETED,55115388,16621402,31148,583.5962619305672,55182448,16634312,129379,704.964655945026
89494759,2026-08-02T09:35:13.980507600Z,2026-08-02T09:36:14.980061600Z,EPISODE_TYPE_PUBLIC,COMPLETED,55116010,16621168,32763,530.6687627800507,55181265,16632006,39233,556.792445243942
89495290,2026-08-02T09:39:12.154506600Z,2026-08-02T09:40:18.216140100Z,EPISODE_TYPE_PUBLIC,COMPLETED,55135182,16627906,71361,819.7454936402501,55182052,16636808,58340,721.2914601931094
89496932,2026-08-02T09:51:12.011199500Z,2026-08-02T09:52:21.288446800Z,EPISODE_TYPE_PUBLIC,COMPLETED,55134274,16625611,28960,479.30039037735867,55182435,16640368,36545,614.6059158258529
89496952,2026-08-02T09:51:12.033889500Z,2026-08-02T09:53:11.756274Z,EPISODE_TYPE_PUBLIC,COMPLETED,55180876,16623646,91976,803.5615424590461,55136341,16624625,92865,891.8019923983144
89497995,2026-08-02T09:59:12.678603100Z,2026-08-02T10:00:32.672341600Z,EPISODE_TYPE_PUBLIC,COMPLETED,55182652,16626814,164230,1003.6897927670109,55134973,16624941,75431,872.9850909541291
89497997,2026-08-02T09:59:12.680839200Z,2026-08-02T10:00:48.603728300Z,EPISODE_TYPE_PUBLIC,COMPLETED,55182720,16634172,129691,973.0641297553943,55134973,16624941,73073,869.5400354445151
89499670,2026-08-02T10:11:11.629167100Z,2026-08-02T10:12:10.003352100Z,EPISODE_TYPE_PUBLIC,COMPLETED,55115388,16621402,47094,587.6528475280584,55182503,16637340,41954,507.66313213126136
89500720,2026-08-02T10:19:11.740661200Z,2026-08-02T10:20:18.206688100Z,EPISODE_TYPE_PUBLIC,COMPLETED,55135047,16630315,80198,742.9589769473083,55182858,16633222,99991,866.8210250874538
89506169,2026-08-02T10:59:14.515660500Z,2026-08-02T11:00:36.672476600Z,EPISODE_TYPE_PUBLIC,COMPLETED,55183406,16638031,76608,796.7525405240481,55134735,16622820,46607,648.9972389361857
89506170,2026-08-02T10:59:14.516802500Z,2026-08-02T11:00:12.280981400Z,EPISODE_TYPE_PUBLIC,COMPLETED,55134274,16625611,2385,471.3814331546418,55183766,16634519,35438,536.4759080790153
89506191,2026-08-02T10:59:14.538596500Z,2026-08-02T11:00:23.059866800Z,EPISODE_TYPE_PUBLIC,COMPLETED,55182753,16623875,3000,349.2817258002731,55118533,16621770,1043,216.6172098951919
89506707,2026-08-02T11:03:13.888614300Z,2026-08-02T11:04:19.568858Z,EPISODE_TYPE_PUBLIC,COMPLETED,55184016,16638667,61233,723.2825067830822,55134735,16622820,50699,643.7032590864106
89507276,2026-08-02T11:07:13.990250900Z,2026-08-02T11:08:30.445802100Z,EPISODE_TYPE_PUBLIC,COMPLETED,55135151,16622330,68112,757.3702509495598,55183406,16638031,59207,706.544004494747
89508364,2026-08-02T11:15:15.606717700Z,2026-08-02T11:16:30.188583Z,EPISODE_TYPE_PUBLIC,COMPLETED,55183537,16635317,104289,915.2108887391221,55134973,16624941,82282,865.5999914948704
89508374,2026-08-02T11:15:15.618818900Z,2026-08-02T11:16:18.332082900Z,EPISODE_TYPE_PUBLIC,COMPLETED,55183875,16640582,18833,407.588636000225,55118662,16621716,20524,483.95939744014504
89508911,2026-08-02T11:19:13.941405Z,2026-08-02T11:20:32.941008400Z,EPISODE_TYPE_PUBLIC,COMPLETED,55183975,16633982,4694,392.80462978321424,55118395,16621585,48993,612.5540795589802
89509435,2026-08-02T11:23:14.273276500Z,2026-08-02T11:24:13.503640700Z,EPISODE_TYPE_PUBLIC,COMPLETED,55118395,16621585,18883,609.3885986582858,55184146,16633097,46272,745.0154281375527
89511055,2026-08-02T11:35:16.461530500Z,2026-08-02T11:36:22.585191Z,EPISODE_TYPE_PUBLIC,COMPLETED,55184463,16630516,161674,862.8957347835805,55135047,16630315,73090,738.3630914477949
89511066,2026-08-02T11:35:16.476053600Z,2026-08-02T11:36:16.751326Z,EPISODE_TYPE_PUBLIC,COMPLETED,55116010,16621168,29803,524.3652356378932,55184380,16638823,50668,560.3678925705372
89513794,2026-08-02T11:55:16.287129300Z,2026-08-02T11:56:19.669630500Z,EPISODE_TYPE_PUBLIC,COMPLETED,55184871,16641138,32871,530.7205976940705,55134735,16622820,46428,648.0957767114965
89513798,2026-08-02T11:55:16.287921900Z,2026-08-02T11:56:31.459734800Z,EPISODE_TYPE_PUBLIC,COMPLETED,55116010,16621168,25896,520.5445561475391,55184976,16626332,148833,687.2677806186138
89514877,2026-08-02T12:03:13.894974400Z,2026-08-02T12:04:14.223913500Z,EPISODE_TYPE_PUBLIC,COMPLETED,55184952,16641138,145937,906.3045436769914,55135151,16622330,50350,754.0113388101671
89517649,2026-08-02T12:23:17.237086200Z,2026-08-02T12:24:45.286647700Z,EPISODE_TYPE_PUBLIC,COMPLETED,55184802,16632100,58414,785.4092867406644,55134735,16622820,43105,644.4200247111559
89518697,2026-08-02T12:31:13.865870200Z,2026-08-02T12:32:37.416414Z,EPISODE_TYPE_PUBLIC,COMPLETED,55135047,16630315,49045,734.6245466619235,55185555,16639492,69128,906.2228768084173
89520361,2026-08-02T12:43:13.970775500Z,2026-08-02T12:44:20.421431300Z,EPISODE_TYPE_PUBLIC,COMPLETED,55115827,16621290,2366,387.07490174176314,55185817,16638019,5149,450.95825756598526
89520912,2026-08-02T12:47:14.245894100Z,2026-08-02T12:48:14.874797600Z,EPISODE_TYPE_PUBLIC,COMPLETED,55184910,16641183,90872,891.5870173499629,55134973,16624941,81020,861.347085145487
89521986,2026-08-02T12:55:16.009826700Z,2026-08-02T12:56:23.570269700Z,EPISODE_TYPE_PUBLIC,COMPLETED,55136341,16624625,85388,894.8905544008658,55185691,16630689,75547,778.0094126453871
89521989,2026-08-02T12:55:16.013342100Z,2026-08-02T12:56:38.092866Z,EPISODE_TYPE_PUBLIC,COMPLETED,55136341,16624625,74715,899.3216528959958,55185555,16639492,74208,876.6081851769973
89523089,2026-08-02T13:03:14.106403700Z,2026-08-02T13:05:58.315378900Z,EPISODE_TYPE_PUBLIC,COMPLETED,55115827,16621290,4079,394.3686538863978,55185470,16637025,3837,342.67461436746817
89523642,2026-08-02T13:07:14.259626900Z,2026-08-02T13:08:19.857631600Z,EPISODE_TYPE_PUBLIC,COMPLETED,55186058,16641288,3365,269.47724341838034,55117284,16622422,6259,382.76659219592534
89524741,2026-08-02T13:15:16.359084800Z,2026-08-02T13:16:31.865878400Z,EPISODE_TYPE_PUBLIC,COMPLETED,55135151,16622330,84607,756.1222026013572,55185661,16640399,16479,533.7208705341541
89525248,2026-08-02T13:19:13.578785600Z,2026-08-02T13:20:33.441891300Z,EPISODE_TYPE_PUBLIC,COMPLETED,55135047,16630315,68003,729.3628048114748,55186521,16623390,125852,812.3892592524145
89526344,2026-08-02T13:27:14.180310200Z,2026-08-02T13:28:38.297240900Z,EPISODE_TYPE_PUBLIC,COMPLETED,55186779,16632579,140516,721.923013149441,55134735,16622820,42834,639.400258455973
89530189,2026-08-02T13:55:18.441538800Z,2026-08-02T13:56:21.878404600Z,EPISODE_TYPE_PUBLIC,COMPLETED,55135151,16622330,73550,753.541935622152,55187121,16633341,137513,962.2263863311273
89530201,2026-08-02T13:55:18.452649800Z,2026-08-02T13:56:27.456534300Z,EPISODE_TYPE_PUBLIC,COMPLETED,55187348,16623298,14621,487.63815001488723,55115388,16621402,46682,591.5539081947549
89532963,2026-08-02T14:15:19.051474200Z,2026-08-02T14:16:24.718475Z,EPISODE_TYPE_PUBLIC,COMPLETED,55187745,16631978,119429,720.3936362043685,55134735,16622820,44888,634.5064695803835
89533527,2026-08-02T14:19:15.359174400Z,2026-08-02T14:20:27.361427500Z,EPISODE_TYPE_PUBLIC,COMPLETED,55187556,16625663,47647,609.5537728191409,55115388,16621402,42057,586.5056094041545
89534616,2026-08-02T14:27:14.679759700Z,2026-08-02T14:28:13.691535100Z,EPISODE_TYPE_PUBLIC,COMPLETED,55135151,16622330,88964,755.9307892954373,55187942,16641665,11329,532.1983780652049
89534645,2026-08-02T14:27:14.713618900Z,2026-08-02T14:28:22.100955300Z,EPISODE_TYPE_PUBLIC,COMPLETED,55135151,16622330,37343,751.7500333076464,55186959,16633222,66448,818.1963090223447
89536813,2026-08-02T14:43:14.787909Z,2026-08-02T14:44:23.845761700Z,EPISODE_TYPE_PUBLIC,COMPLETED,55135047,16630315,28475,725.8544084338673,55188140,16621168,126830,906.4134415329257
89536852,2026-08-02T14:43:14.827567600Z,2026-08-02T14:44:07.465799300Z,EPISODE_TYPE_PUBLIC,COMPLETED,55188094,16641866,2410,369.50291529514993,55118533,16621770,646,207.0117085719486
89537409,2026-08-02T14:47:15.171613800Z,2026-08-02T14:48:34.600498200Z,EPISODE_TYPE_PUBLIC,COMPLETED,55187650,16630896,19789,595.4323813929346,55134735,16622820,44709,639.8161590344357
89537410,2026-08-02T14:47:15.174364900Z,2026-08-02T14:48:17.575687200Z,EPISODE_TYPE_PUBLIC,COMPLETED,55187880,16627324,41284,694.1511505270784,55118395,16621585,30175,605.7927276055677
89537927,2026-08-02T14:51:14.698999400Z,2026-08-02T14:52:23.298707200Z,EPISODE_TYPE_PUBLIC,COMPLETED,55188289,16634790,56515,671.7765521016462,55135151,16622330,81696,755.917277373845
89537958,2026-08-02T14:51:14.734773100Z,2026-08-02T14:52:20.067916700Z,EPISODE_TYPE_PUBLIC,COMPLETED,55134973,16624941,82474,857.7278625061282,55187745,16631978,116386,930.4792177764286
89538487,2026-08-02T14:55:21.314123Z,2026-08-02T14:56:50.120143200Z,EPISODE_TYPE_PUBLIC,COMPLETED,55188416,16621294,157784,776.9966431818603,55116223,16622032,34555,560.2057285509549
89538494,2026-08-02T14:55:21.319452600Z,2026-08-02T14:56:29.938981900Z,EPISODE_TYPE_PUBLIC,COMPLETED,55134735,16622820,37317,635.0612793527049,55188544,16639492,114223,720.5584386801555
89538515,2026-08-02T14:55:21.346774300Z,2026-08-02T14:56:24.374610800Z,EPISODE_TYPE_PUBLIC,COMPLETED,55118662,16621716,16938,478.3859944249046,55188414,16641982,20991,507.0668710418231
89540136,2026-08-02T15:07:15.285834Z,2026-08-02T15:08:25.118219Z,EPISODE_TYPE_PUBLIC,COMPLETED,55188560,16631215,93885,1016.5662728700229,55136341,16624625,91040,896.0971882065496
89540164,2026-08-02T15:07:15.316491100Z,2026-08-02T15:08:29.735150400Z,EPISODE_TYPE_PUBLIC,COMPLETED,55188310,16621572,68381,620.9157948169977,55116223,16622032,46029,555.4026847719649
89542399,2026-08-02T15:23:15.159639800Z,2026-08-02T15:24:29.079154700Z,EPISODE_TYPE_PUBLIC,COMPLETED,55117088,16622312,4449,268.54741672634873,55156584,16634769,5420,339.90876919066125
89543465,2026-08-02T15:31:14.066948500Z,2026-08-02T15:32:30.536231200Z,EPISODE_TYPE_PUBLIC,COMPLETED,55189078,16623236,154485,865.9935958273982,55118395,16621585,29761,603.970614581485
89543497,2026-08-02T15:31:14.101283800Z,2026-08-02T15:32:26.138855700Z,EPISODE_TYPE_PUBLIC,COMPLETED,55116223,16622032,14293,550.6088643937813,55188852,16637762,56777,614.7721634390259
89546809,2026-08-02T15:55:17.559809800Z,2026-08-02T15:56:40.690048300Z,EPISODE_TYPE_PUBLIC,COMPLETED,55189029,16639800,24584,627.8769110537081,55134735,16622820,49591,640.8356833231448
89547886,2026-08-02T16:03:15.739943400Z,2026-08-02T16:04:26.855818400Z,EPISODE_TYPE_PUBLIC,COMPLETED,55134735,16622820,39726,636.2104880868171,55189818,16626191,136237,720.9086540507858
89547888,2026-08-02T16:03:15.740622600Z,2026-08-02T16:04:39.770583300Z,EPISODE_TYPE_PUBLIC,COMPLETED,55189858,16621437,48469,525.5893088229061,55135047,16630315,76565,728.9933058813604
89547925,2026-08-02T16:03:15.816485200Z,2026-08-02T16:04:30.616638200Z,EPISODE_TYPE_PUBLIC,COMPLETED,55116223,16622032,27466,545.830696927836,55181185,16640472,31494,600.406569962113
89548441,2026-08-02T16:07:14.292883200Z,2026-08-02T16:08:31.956190100Z,EPISODE_TYPE_PUBLIC,COMPLETED,55135047,16630315,62880,722.7702679617722,55189983,16640785,169930,749.0722442201888
89548452,2026-08-02T16:07:14.305750400Z,2026-08-02T16:08:21.558816300Z,EPISODE_TYPE_PUBLIC,COMPLETED,55189509,16641130,57500,666.5013858705125,55135151,16622330,72669,759.7036129860023
89548995,2026-08-02T16:11:14.503177700Z,2026-08-02T16:12:21.645248200Z,EPISODE_TYPE_PUBLIC,COMPLETED,55190056,16621497,173576,719.501372028863,55134735,16622820,37611,631.6929951702456
89549543,2026-08-02T16:15:17.412350400Z,2026-08-02T16:16:39.275959100Z,EPISODE_TYPE_PUBLIC,COMPLETED,55118395,16621585,30903,600.454040387802,55190117,16637241,170233,709.9381611351793
89549563,2026-08-02T16:15:17.436899200Z,2026-08-02T16:16:24.925816100Z,EPISODE_TYPE_PUBLIC,COMPLETED,55135151,16622330,72324,763.5945023559688,55189355,16634790,71800,685.355978113783
89550117,2026-08-02T16:19:14.709623100Z,2026-08-02T16:20:43.082246900Z,EPISODE_TYPE_PUBLIC,COMPLETED,55189533,16623298,57661,852.177612078192,55135182,16627906,56106,815.3160358016212
89550661,2026-08-02T16:23:14.460950300Z,2026-08-02T16:24:25.377098600Z,EPISODE_TYPE_PUBLIC,COMPLETED,55115388,16621402,48898,589.798903921477,55190015,16641884,5013,466.29259303941006
89551219,2026-08-02T16:27:14.287508100Z,2026-08-02T16:28:30.931849700Z,EPISODE_TYPE_PUBLIC,COMPLETED,55118662,16621716,24168,472.32397834090636,55190039,16641068,26087,468.25745839413526
89551229,2026-08-02T16:27:14.304956Z,2026-08-02T16:28:23.244472700Z,EPISODE_TYPE_PUBLIC,COMPLETED,55141892,16624064,501,103.61464167788928,55135327,16623732,1236,172.83028273405014
89552838,2026-08-02T16:39:15.392428800Z,2026-08-02T16:40:18.426943600Z,EPISODE_TYPE_PUBLIC,COMPLETED,55135151,16622330,60770,760.9509086051373,55190414,16643319,165917,948.3679082577614
89552880,2026-08-02T16:39:15.444442800Z,2026-08-02T16:40:10.889421200Z,EPISODE_TYPE_PUBLIC,COMPLETED,55116223,16622032,49265,550.2545373016837,55164155,16623745,20382,485.7192866289785
89553389,2026-08-02T16:43:16.168968700Z,2026-08-02T16:44:38.392846200Z,EPISODE_TYPE_PUBLIC,COMPLETED,55190414,16643319,130594,933.9366922481888,55135151,16622330,29883,758.2477682173137
89554502,2026-08-02T16:51:15.776640600Z,2026-08-02T16:52:25.420923600Z,EPISODE_TYPE_PUBLIC,COMPLETED,55190756,16641326,149807,844.9267571893859,55135182,16627906,48872,810.6588880253187
89555611,2026-08-02T16:59:16.528197500Z,2026-08-02T17:00:53.078074400Z,EPISODE_TYPE_PUBLIC,COMPLETED,55136341,16624625,73792,893.2918160581264,55190756,16641326,128392,1048.0748433946708
89555615,2026-08-02T16:59:16.533171100Z,2026-08-02T17:00:18.831263700Z,EPISODE_TYPE_PUBLIC,COMPLETED,55115388,16621402,42143,587.1907344194292,55190904,16632510,114080,779.999116456538
89556160,2026-08-02T17:03:16.183491700Z,2026-08-02T17:04:24.596110600Z,EPISODE_TYPE_PUBLIC,COMPLETED,55136341,16624625,55106,891.2233071000752,55190756,16641326,142124,1115.617993045321
89556190,2026-08-02T17:03:16.216040800Z,2026-08-02T17:04:32.447335Z,EPISODE_TYPE_PUBLIC,COMPLETED,55190921,16623732,8134,332.38697296558746,55118662,16621716,15286,475.7801951183286
89557267,2026-08-02T17:11:16.056195900Z,2026-08-02T17:12:18.038926500Z,EPISODE_TYPE_PUBLIC,COMPLETED,55135047,16630315,74706,719.4211312601899,55191094,16635681,159936,902.4580736967433
89557826,2026-08-02T17:15:19.539882300Z,2026-08-02T17:16:37.562591Z,EPISODE_TYPE_PUBLIC,COMPLETED,55191319,16630964,160280,694.4234812278135,55116223,16622032,31904,546.8047019477164
89561130,2026-08-02T17:39:15.214959700Z,2026-08-02T17:40:35.789249200Z,EPISODE_TYPE_PUBLIC,COMPLETED,55191458,16630984,53761,776.3510125800423,55134735,16622820,49770,628.2902657643076
89561663,2026-08-02T17:43:15.244126500Z,2026-08-02T17:44:22.374379300Z,EPISODE_TYPE_PUBLIC,COMPLETED,55135151,16622330,32376,754.914550019464,55191671,16634752,139504,882.624275152225
89562216,2026-08-02T17:47:15.196567500Z,2026-08-02T17:48:37.274402800Z,EPISODE_TYPE_PUBLIC,COMPLETED,55135151,16622330,45456,751.4912087787094,55191789,16642207,78536,870.1019816919725
89563318,2026-08-02T17:55:17.259089500Z,2026-08-02T17:56:40.551247400Z,EPISODE_TYPE_PUBLIC,COMPLETED,55136341,16624625,99771,894.6142965035441,55191701,16642846,82920,793.8399128487742
89563340,2026-08-02T17:55:17.286811800Z,2026-08-02T17:56:21.791669400Z,EPISODE_TYPE_PUBLIC,COMPLETED,55191458,16630984,37143,654.0623230742534,55135047,16630315,69562,724.3190906807649
89564972,2026-08-02T18:07:16.604763500Z,2026-08-02T18:08:31.930376400Z,EPISODE_TYPE_PUBLIC,COMPLETED,55135182,16627906,61680,806.6614173915351,55191789,16642207,78495,868.967469429032
89567166,2026-08-02T18:23:15.233869Z,2026-08-02T18:24:43.017556600Z,EPISODE_TYPE_PUBLIC,COMPLETED,55192347,16643453,34389,641.3860903763202,55118662,16621716,1955,472.7204715859407
89567711,2026-08-02T18:27:15.176857700Z,2026-08-02T18:28:19.003920500Z,EPISODE_TYPE_PUBLIC,COMPLETED,55192546,16623298,178681,804.8837120800015,55115388,16621402,32188,584.9011766269657
89568840,2026-08-02T18:35:18.302931Z,2026-08-02T18:36:43.074809Z,EPISODE_TYPE_PUBLIC,COMPLETED,55191971,16624309,87053,853.9820982481942,55135182,16627906,84610,802.6747592737694
89572098,2026-08-02T18:59:16.589304700Z,2026-08-02T19:00:37.187897800Z,EPISODE_TYPE_PUBLIC,COMPLETED,55136341,16624625,87046,890.7882077052009,55192783,16642207,92401,963.5281462919669
89574307,2026-08-02T19:15:17.769248900Z,2026-08-02T19:16:40.855740300Z,EPISODE_TYPE_PUBLIC,COMPLETED,55192783,16642207,92538,808.7633739250541,55136341,16624625,93129,894.2540148029121
89575980,2026-08-02T19:27:15.408264400Z,2026-08-02T19:28:26.975295500Z,EPISODE_TYPE_PUBLIC,COMPLETED,55193338,16643821,5329,392.28637166357464,55118533,16621770,1000,199.1206705004823
89576515,2026-08-02T19:31:15.271709500Z,2026-08-02T19:32:29.728821600Z,EPISODE_TYPE_PUBLIC,COMPLETED,55193440,16644210,3000,340.06514643118294,55118662,16621716,6016,476.20659844941173
89577054,2026-08-02T19:35:20.335431200Z,2026-08-02T19:36:51.520397400Z,EPISODE_TYPE_PUBLIC,COMPLETED,55193638,16639492,90506,693.4770379277418,55116223,16622032,21778,543.4240092560885
89577599,2026-08-02T19:39:21.575226200Z,2026-08-02T19:40:34.575795600Z,EPISODE_TYPE_PUBLIC,COMPLETED,55116223,16622032,40080,547.9310445084975,55193681,16640504,12555,474.1239513041195
89579829,2026-08-02T19:55:18.123726100Z,2026-08-02T19:56:15.978768200Z,EPISODE_TYPE_PUBLIC,COMPLETED,55192075,16643453,23510,628.9455969193136,55118395,16621585,10998,596.1079542160346
89580888,2026-08-02T20:03:15.579649700Z,2026-08-02T20:04:31.352308300Z,EPISODE_TYPE_PUBLIC,COMPLETED,55118395,16621585,31133,592.7473850670004,55194016,16643095,172786,707.6348359208694
89581436,2026-08-02T20:07:16.213116400Z,2026-08-02T20:08:34.301215800Z,EPISODE_TYPE_PUBLIC,COMPLETED,55136341,16624625,67030,891.3509885981911,55193891,16633226,158779,1037.8609329858077
89581991,2026-08-02T20:11:15.503484400Z,2026-08-02T20:12:30.804794600Z,EPISODE_TYPE_PUBLIC,COMPLETED,55136341,16624625,70471,888.1640849492488,55193992,16635067,152786,1011.5892516477553
89582037,2026-08-02T20:11:15.556714100Z,2026-08-02T20:12:27.185965400Z,EPISODE_TYPE_PUBLIC,COMPLETED,55134274,16625611,25486,478.9605982930727,55193611,16630837,8461,418.902184870563
89583090,2026-08-02T20:19:15.547376400Z,2026-08-02T20:20:35.597812200Z,EPISODE_TYPE_PUBLIC,COMPLETED,55194148,16630713,144192,890.1471692282297,55135047,16630315,30243,720.8627046710211
89585823,2026-08-02T20:39:15.328501100Z,2026-08-02T20:40:14.957869900Z,EPISODE_TYPE_PUBLIC,COMPLETED,55116223,16622032,49220,550.6877440713447,55194424,16644360,3358,367.3868073551286
89586375,2026-08-02T20:43:15.956405900Z,2026-08-02T20:44:11.207423900Z,EPISODE_TYPE_PUBLIC,COMPLETED,55194302,16641009,26584,485.6085270622723,55118395,16621585,33384,595.9098851181919
89586399,2026-08-02T20:43:15.988178400Z,2026-08-02T20:44:21.391283400Z,EPISODE_TYPE_PUBLIC,COMPLETED,55118395,16621585,31958,592.8347945321655,55191701,16642846,88560,699.3911075303567
89590242,2026-08-02T21:11:16.001105700Z,2026-08-02T21:12:09.839050Z,EPISODE_TYPE_PUBLIC,COMPLETED,55193874,16633466,3000,308.33408120452503,55115733,16621519,2200,214.6628094010408
89594082,2026-08-02T21:39:16.173592600Z,2026-08-02T21:40:26.860235300Z,EPISODE_TYPE_PUBLIC,COMPLETED,55116223,16622032,29315,554.735988090094,55189006,16632214,27717,478.8009230833085
89594600,2026-08-02T21:43:16.036115800Z,2026-08-02T21:44:22.189421100Z,EPISODE_TYPE_PUBLIC,COMPLETED,55195343,16632841,0,414.094322853884,55116223,16622032,49069,557.9912220375227
89595157,2026-08-02T21:47:16.577119300Z,2026-08-02T21:48:21.021690300Z,EPISODE_TYPE_PUBLIC,COMPLETED,55194744,16633850,100812,1035.4862147132335,55136341,16624625,77307,885.6450128305137
89600086,2026-08-02T22:23:16.185887500Z,2026-08-02T22:24:36.951257Z,EPISODE_TYPE_PUBLIC,COMPLETED,55195798,16633793,146663,834.3335949937932,55135151,16622330,35191,747.6566225085805
89600651,2026-08-02T22:27:15.702632900Z,2026-08-02T22:28:30.203445600Z,EPISODE_TYPE_PUBLIC,COMPLETED,55195791,16643821,26573,502.09447074354466,55115827,16621290,5122,388.63586124800923
89600659,2026-08-02T22:27:15.717861900Z,2026-08-02T22:28:22.504046700Z,EPISODE_TYPE_PUBLIC,COMPLETED,55117284,16622422,6242,389.1771126585486,55195721,16639125,5493,338.3939020329678
89601197,2026-08-02T22:31:15.969314800Z,2026-08-02T22:32:08.127429100Z,EPISODE_TYPE_PUBLIC,COMPLETED,55195913,16637031,31826,489.0765943827879,55118395,16621585,48399,596.2318238291925
89602848,2026-08-02T22:43:18.097063700Z,2026-08-02T22:44:26.412891500Z,EPISODE_TYPE_PUBLIC,COMPLETED,55134735,16622820,38528,624.9939141875709,55196016,16623370,174151,786.2410368863223
89602875,2026-08-02T22:43:18.150427Z,2026-08-02T22:44:44.951274100Z,EPISODE_TYPE_PUBLIC,COMPLETED,55136341,16624625,79784,881.3128310082504,55195285,16623034,122623,903.1019801210768
89605644,2026-08-02T23:03:18.789404900Z,2026-08-02T23:04:27.538078400Z,EPISODE_TYPE_PUBLIC,COMPLETED,55194424,16644360,3347,269.92626990364363,55115827,16621290,4717,393.7552485280973
89607274,2026-08-02T23:15:20.374896500Z,2026-08-02T23:16:23.269082100Z,EPISODE_TYPE_PUBLIC,COMPLETED,55118395,16621585,19344,592.4257085780401,55188188,16638645,41297,647.7651385782945
89611117,2026-08-02T23:43:17.698839700Z,2026-08-02T23:44:21.552779400Z,EPISODE_TYPE_PUBLIC,COMPLETED,55135182,16627906,55910,799.1577557310319,55196692,16639550,62397,900.0207238948303
89611148,2026-08-02T23:43:17.739532200Z,2026-08-02T23:44:35.427329400Z,EPISODE_TYPE_PUBLIC,COMPLETED,55195788,16630752,108791,942.9837515476647,55136341,16624625,90644,877.6819336973555
89613326,2026-08-02T23:59:20.037025200Z,2026-08-03T00:00:38.471441800Z,EPISODE_TYPE_PUBLIC,COMPLETED,55135151,16622330,33169,742.7246355915082,55197157,16644578,137058,755.8180405880138
89613368,2026-08-02T23:59:20.128123Z,2026-08-03T00:00:32.895342800Z,EPISODE_TYPE_PUBLIC,COMPLETED,55118395,16621585,44661,596.9596252880251,55160065,16623189,43227,589.0131591039398
89616763,2026-08-03T00:23:18.311179300Z,2026-08-03T00:24:11.818565300Z,EPISODE_TYPE_PUBLIC,COMPLETED,55118395,16621585,28890,593.6551801641912,55197897,16623390,68199,707.9002489415178
89616770,2026-08-03T00:23:18.313675500Z,2026-08-03T00:24:23.952262200Z,EPISODE_TYPE_PUBLIC,COMPLETED,55135151,16622330,69148,738.8422866505516,55197845,16639520,130033,816.6454335896642
89617345,2026-08-03T00:27:18.630594500Z,2026-08-03T00:29:03.903994700Z,EPISODE_TYPE_PUBLIC,COMPLETED,55118662,16621716,13449,474.2603145865484,55197714,16623274,4436,339.64993925072105
89617349,2026-08-03T00:27:18.637186700Z,2026-08-03T00:28:10.252099900Z,EPISODE_TYPE_PUBLIC,COMPLETED,55118662,16621716,22588,470.9578377873209,55197196,16640810,28997,490.2240781391116
89618430,2026-08-03T00:35:22.768263200Z,2026-08-03T00:36:23.249247400Z,EPISODE_TYPE_PUBLIC,COMPLETED,55118395,16621585,32090,591.2999122938188,55198090,16635747,169450,786.8773693418011
89621240,2026-08-03T00:55:23.353387100Z,2026-08-03T00:56:25.265697200Z,EPISODE_TYPE_PUBLIC,COMPLETED,55197872,16625339,97629,770.0380083779067,55135151,16622330,81171,734.6187419478204
89622363,2026-08-03T01:03:18.811246Z,2026-08-03T01:04:20.137953600Z,EPISODE_TYPE_PUBLIC,COMPLETED,55197288,16625339,63421,815.0818477406602,55135151,16622330,45383,731.2184321135264
89623456,2026-08-03T01:11:18.371223500Z,2026-08-03T01:12:17.112280900Z,EPISODE_TYPE_PUBLIC,COMPLETED,55198464,16643554,31830,504.5929101597653,55116223,16622032,35433,562.3667985027429
89623464,2026-08-03T01:11:18.378222400Z,2026-08-03T01:12:12.157057800Z,EPISODE_TYPE_PUBLIC,COMPLETED,55115388,16621402,48229,580.116644248755,55198476,16644577,51915,602.0369644762334
89625114,2026-08-03T01:23:18.493969600Z,2026-08-03T01:24:55.947111900Z,EPISODE_TYPE_PUBLIC,COMPLETED,55198902,16634654,157114,848.282384153585,55135182,16627906,52072,795.0019354908877
89625146,2026-08-03T01:23:18.543991300Z,2026-08-03T01:25:01.887446200Z,EPISODE_TYPE_PUBLIC,COMPLETED,55198460,16621354,82333,709.9758901909312,55134735,16622820,45041,620.9793214176852
89626808,2026-08-03T01:35:21.029742400Z,2026-08-03T01:36:42.716878900Z,EPISODE_TYPE_PUBLIC,COMPLETED,55198657,16630689,86578,858.5434785423621,55135182,16627906,73170,791.28767191703
89627342,2026-08-03T01:39:22.059636700Z,2026-08-03T01:40:28.596911700Z,EPISODE_TYPE_PUBLIC,COMPLETED,55199173,16639625,157051,791.1403484458451,55134735,16622820,36851,617.9238729993671
89627356,2026-08-03T01:39:22.077198400Z,2026-08-03T01:40:21.686070100Z,EPISODE_TYPE_PUBLIC,COMPLETED,55118395,16621585,26434,587.0768248545762,55198942,16644410,28392,625.6868237530321
89627919,2026-08-03T01:43:22.016665600Z,2026-08-03T01:44:41.172246300Z,EPISODE_TYPE_PUBLIC,COMPLETED,55198958,16644480,35979,497.60865387035784,55115827,16621290,4308,388.3578636237242
89629562,2026-08-03T01:55:24.377981Z,2026-08-03T01:56:51.454993900Z,EPISODE_TYPE_PUBLIC,COMPLETED,55115388,16621402,31312,576.7732360821168,55199544,16623458,119505,702.9481815177525
89631793,2026-08-03T02:11:22.158528400Z,2026-08-03T02:12:31.981291400Z,EPISODE_TYPE_PUBLIC,COMPLETED,55134735,16622820,40574,614.9344800892865,55199830,16623799,159764,791.0198518318239
89631795,2026-08-03T02:11:22.162607600Z,2026-08-03T02:12:45.872797Z,EPISODE_TYPE_PUBLIC,COMPLETED,55134735,16622820,29790,618.6220772928775,55199915,16639507,20698,495.6871901589749
89632923,2026-08-03T02:19:22.429718400Z,2026-08-03T02:20:44.943266300Z,EPISODE_TYPE_PUBLIC,COMPLETED,55116223,16622032,30110,559.066469949242,55200044,16634078,155069,697.861770504265
89636843,2026-08-03T02:47:23.102118300Z,2026-08-03T02:48:24.202627300Z,EPISODE_TYPE_PUBLIC,COMPLETED,55115388,16621402,32203,574.3470497463313,55200421,16622919,165995,774.4088722697127
89637408,2026-08-03T02:51:38.652886800Z,2026-08-03T02:52:40.338580400Z,EPISODE_TYPE_PUBLIC,COMPLETED,55116223,16622032,40875,559.3686380978565,55200589,16638177,89676,697.9428065148077
89637409,2026-08-03T02:51:38.653510Z,2026-08-03T02:52:38.952644600Z,EPISODE_TYPE_PUBLIC,COMPLETED,55118395,16621585,32329,583.8609856224233,55200575,16627472,181667,705.0069953356073
89637420,2026-08-03T02:51:38.669384100Z,2026-08-03T02:52:32.705320Z,EPISODE_TYPE_PUBLIC,COMPLETED,55116223,16622032,46647,562.6066204052573,55200509,16644210,703,447.3250999077318
89639077,2026-08-03T03:03:22.945253100Z,2026-08-03T03:04:35.704705400Z,EPISODE_TYPE_PUBLIC,COMPLETED,55135182,16627906,67753,787.4278656821693,55200687,16639520,126892,860.7908432521676
89639093,2026-08-03T03:03:22.965207600Z,2026-08-03T03:04:43.599528300Z,EPISODE_TYPE_PUBLIC,COMPLETED,55136341,16624625,76633,872.9832395012438,55200580,16623697,96997,883.6727199169954
89640777,2026-08-03T03:15:24.500805Z,2026-08-03T03:16:42.069103Z,EPISODE_TYPE_PUBLIC,COMPLETED,55135151,16622330,71290,734.4324791128154,55200942,16633790,59648,613.1456734102762
89640784,2026-08-03T03:15:24.511375Z,2026-08-03T03:16:37.202344900Z,EPISODE_TYPE_PUBLIC,COMPLETED,55201008,16633790,87780,787.246113160594,55115388,16621402,26031,572.0979653676775
89641346,2026-08-03T03:19:26.721482300Z,2026-08-03T03:20:33.695847300Z,EPISODE_TYPE_PUBLIC,COMPLETED,55201069,16637031,45004,496.7448580716423,55134735,16622820,52835,622.2348907359484
89641348,2026-08-03T03:19:26.724980500Z,2026-08-03T03:20:42.791753600Z,EPISODE_TYPE_PUBLIC,COMPLETED,55201074,16637255,172198,697.0379369185429,55116223,16622032,32046,556.1904799921037
89642457,2026-08-03T03:27:22.424871200Z,2026-08-03T03:28:42.376071Z,EPISODE_TYPE_PUBLIC,COMPLETED,55201144,16641501,13811,404.31344231374464,55134274,16625611,24292,486.12800138436626
89642462,2026-08-03T03:27:22.431044500Z,2026-08-03T03:28:26.786884300Z,EPISODE_TYPE_PUBLIC,COMPLETED,55200942,16633790,76623,699.6395249963756,55134735,16622820,44432,618.1459293505018
89644127,2026-08-03T03:39:22.746130900Z,2026-08-03T03:40:47.237836100Z,EPISODE_TYPE_PUBLIC,COMPLETED,55136341,16624625,67667,869.6993140153805,55201269,16641489,141778,985.5322294339436
89644171,2026-08-03T03:39:22.798318500Z,2026-08-03T03:40:38.072954200Z,EPISODE_TYPE_PUBLIC,COMPLETED,55116223,16622032,42509,551.5616238516825,55201069,16637031,49647,578.2124316022082
89645265,2026-08-03T03:47:25.131416200Z,2026-08-03T03:48:55.959055Z,EPISODE_TYPE_PUBLIC,COMPLETED,55201370,16625908,93160,893.9741069251609,55135182,16627906,64714,784.066959553734
89645828,2026-08-03T03:51:22.722625Z,2026-08-03T03:52:28.832873100Z,EPISODE_TYPE_PUBLIC,COMPLETED,55201507,16629699,162585,790.6200193376244,55115388,16621402,37594,569.9219300217596
89646949,2026-08-03T03:59:22.845654400Z,2026-08-03T04:00:31.897708500Z,EPISODE_TYPE_PUBLIC,COMPLETED,55115827,16621290,4816,395.93074805800643,55201663,16635280,3000,368.7372268645627
89648049,2026-08-03T04:07:22.973132200Z,2026-08-03T04:08:29.301977900Z,EPISODE_TYPE_PUBLIC,COMPLETED,55201710,16640540,78036,925.8903526159806,55136341,16624625,69170,865.6503001796387
89649759,2026-08-03T04:19:21.846569400Z,2026-08-03T04:20:46.559008100Z,EPISODE_TYPE_PUBLIC,COMPLETED,55201659,16640058,62502,634.5934742069617,55135182,16627906,83181,786.678034399572
89650877,2026-08-03T04:27:22.655404900Z,2026-08-03T04:28:28.668592100Z,EPISODE_TYPE_PUBLIC,COMPLETED,55201500,16638667,87070,899.5532777909084,55136341,16624625,71956,861.498660934859
89653649,2026-08-03T04:47:25.179378500Z,2026-08-03T04:48:39.053377900Z,EPISODE_TYPE_PUBLIC,COMPLETED,55116223,16622032,19791,547.3431656584795,55202366,16645426,21991,605.5964510070455
89654218,2026-08-03T04:51:24.749766600Z,2026-08-03T04:52:31.381196800Z,EPISODE_TYPE_PUBLIC,COMPLETED,55202294,16639507,40063,603.3002413625875,55135047,16630315,46455,724.8393116483688
89656438,2026-08-03T05:07:25.410737Z,2026-08-03T05:08:47.860343100Z,EPISODE_TYPE_PUBLIC,COMPLETED,55136341,16624625,61822,857.9784006619622,55202635,16625908,141245,955.8778363875705
89656456,2026-08-03T05:07:25.430640300Z,2026-08-03T05:08:46.145945700Z,EPISODE_TYPE_PUBLIC,COMPLETED,55202624,16632686,82357,733.904628628916,55135047,16630315,42097,718.8778239145431
89657009,2026-08-03T05:11:25.527269100Z,2026-08-03T05:12:45.924386400Z,EPISODE_TYPE_PUBLIC,COMPLETED,55202667,16623836,150296,895.6218128163875,55135047,16630315,47578,715.7013950843626
89657027,2026-08-03T05:11:25.549091600Z,2026-08-03T05:12:44.542907800Z,EPISODE_TYPE_PUBLIC,COMPLETED,55202757,16640332,27436,562.7201821767642,55118662,16621716,17072,470.205584791739
89657588,2026-08-03T05:15:27.509056600Z,2026-08-03T05:16:34.437581800Z,EPISODE_TYPE_PUBLIC,COMPLETED,55202900,16639679,8762,450.34154572965036,55118662,16621716,11301,475.3815753682765
89658182,2026-08-03T05:19:25.672695700Z,2026-08-03T05:20:50.812341800Z,EPISODE_TYPE_PUBLIC,COMPLETED,55202818,16640399,57113,529.0009388129329,55117284,16622422,5971,384.74968814685633
89659321,2026-08-03T05:27:25.216822600Z,2026-08-03T05:28:27.929465Z,EPISODE_TYPE_PUBLIC,COMPLETED,55202749,16645426,24800,633.4137186000085,55118662,16621716,6879,472.549629405875
89660439,2026-08-03T05:35:28.116209500Z,2026-08-03T05:36:41.335362100Z,EPISODE_TYPE_PUBLIC,COMPLETED,55202896,16640058,60199,741.879990214353,55134735,16622820,43996,614.7959237565044
89661010,2026-08-03T05:39:26.341909700Z,2026-08-03T05:40:32.129046600Z,EPISODE_TYPE_PUBLIC,COMPLETED,55202741,16634213,103731,908.9704656689408,55135182,16627906,43534,783.7439351662531
89662150,2026-08-03T05:47:27.535890800Z,2026-08-03T05:48:38.358860800Z,EPISODE_TYPE_PUBLIC,COMPLETED,55203423,16646360,4460,366.2001081413326,55134274,16625611,28960,492.0434318292188
89664973,2026-08-03T06:07:25.915145300Z,2026-08-03T06:08:50.805100600Z,EPISODE_TYPE_PUBLIC,COMPLETED,55134274,16625611,29017,485.62398070355687,55203894,16645297,38952,586.4692867227421
89666657,2026-08-03T06:19:24.950125100Z,2026-08-03T06:20:21.805742300Z,EPISODE_TYPE_PUBLIC,COMPLETED,55203946,16643453,28000,571.5078307060909,55117284,16622422,5300,381.27091303968706
89670077,2026-08-03T06:43:24.995961100Z,2026-08-03T06:44:43.658286Z,EPISODE_TYPE_PUBLIC,COMPLETED,55204531,16641294,15481,495.6115499469272,55134735,16622820,41267,618.3262752971725
89670679,2026-08-03T06:47:25.000600900Z,2026-08-03T06:48:37.984214300Z,EPISODE_TYPE_PUBLIC,COMPLETED,55157356,16623953,2398,232.84438681684404,55117088,16622312,2755,277.72335793301426
89672321,2026-08-03T06:59:24.939111100Z,2026-08-03T07:00:47.675740300Z,EPISODE_TYPE_PUBLIC,COMPLETED,55204664,16632157,68561,641.2086395483875,55135151,16622330,78575,737.9681015285433
89672348,2026-08-03T06:59:24.972746400Z,2026-08-03T07:00:56.462272600Z,EPISODE_TYPE_PUBLIC,COMPLETED,55204490,16630984,75970,635.1033722843489,55116223,16622032,36483,543.7962406299125
89672878,2026-08-03T07:03:25.917399400Z,2026-08-03T07:04:57.129503200Z,EPISODE_TYPE_PUBLIC,COMPLETED,55204748,16624600,159592,1030.3288826538837,55136341,16624625,70165,855.4018042863255
89673487,2026-08-03T07:07:25.192792300Z,2026-08-03T07:08:41.784278300Z,EPISODE_TYPE_PUBLIC,COMPLETED,55117284,16622422,6010,376.4922884435766,55204531,16641294,43526,484.06931740031337
89674037,2026-08-03T07:11:25.741662900Z,2026-08-03T07:12:31.597509400Z,EPISODE_TYPE_PUBLIC,COMPLETED,55135182,16627906,69813,787.6330113240841,55204647,16634765,62682,730.2952324637625
89674068,2026-08-03T07:11:25.782073200Z,2026-08-03T07:12:35.712757Z,EPISODE_TYPE_PUBLIC,COMPLETED,55117088,16622312,2359,269.8804853797907,55203084,16644861,3000,356.12498915642664
89674588,2026-08-03T07:15:28.292372300Z,2026-08-03T07:16:51.602224900Z,EPISODE_TYPE_PUBLIC,COMPLETED,55204544,16633179,96121,913.6233817847913,55135047,16630315,77541,713.0788672150294
89676322,2026-08-03T07:27:25.648694700Z,2026-08-03T07:28:32.729167100Z,EPISODE_TYPE_PUBLIC,COMPLETED,55117284,16622422,6259,381.90401298129876,55203084,16644861,3000,306.32682134752713
89676324,2026-08-03T07:27:25.651893900Z,2026-08-03T07:28:47.270274100Z,EPISODE_TYPE_PUBLIC,COMPLETED,55201277,16625339,88158,787.9973509559867,55135047,16630315,56645,708.813246120511
89677424,2026-08-03T07:35:28.472139100Z,2026-08-03T07:36:33.783735500Z,EPISODE_TYPE_PUBLIC,COMPLETED,55205731,16627600,46439,692.7366637619167,55116223,16622032,24208,540.8951425273651
89678027,2026-08-03T07:39:28.346150800Z,2026-08-03T07:40:43.964095800Z,EPISODE_TYPE_PUBLIC,COMPLETED,55201659,16640058,90736,782.3509435142106,55135151,16622330,72324,734.0352617876829
89679117,2026-08-03T07:47:33.324619200Z,2026-08-03T07:50:02.576855300Z,EPISODE_TYPE_PUBLIC,COMPLETED,55136341,16624625,76068,852.1288642963931,55205393,16626217,107518,958.2456801739156
89679148,2026-08-03T07:47:33.358400500Z,2026-08-03T07:48:48.103891400Z,EPISODE_TYPE_PUBLIC,COMPLETED,55205574,16625770,3074,370.4905259527327,55117088,16622312,1440,262.8910379238682
89679698,2026-08-03T07:51:28.554046500Z,2026-08-03T07:52:56.659678100Z,EPISODE_TYPE_PUBLIC,COMPLETED,55205627,16627600,27283,471.12900958875986,55116223,16622032,29586,544.5937318055824
89679699,2026-08-03T07:51:28.554856400Z,2026-08-03T07:53:00.409572200Z,EPISODE_TYPE_PUBLIC,COMPLETED,55115388,16621402,46592,566.812457797139,55205319,16629308,72458,681.5108118736554
89680243,2026-08-03T07:55:31.077975500Z,2026-08-03T07:56:41.978897500Z,EPISODE_TYPE_PUBLIC,COMPLETED,55115388,16621402,49492,570.5012878062794,55206155,16650070,3000,481.22254919603927
89680809,2026-08-03T07:59:28.893095900Z,2026-08-03T08:00:56.761374200Z,EPISODE_TYPE_PUBLIC,COMPLETED,55134735,16622820,36419,614.5023025160973,55206209,16637255,161589,714.1905770135459
89681370,2026-08-03T08:03:28.299963700Z,2026-08-03T08:04:39.079863100Z,EPISODE_TYPE_PUBLIC,COMPLETED,55206070,16641138,153830,974.0803868064372,55136341,16624625,62875,848.963334938602
89681371,2026-08-03T08:03:28.300689400Z,2026-08-03T08:04:54.671120500Z,EPISODE_TYPE_PUBLIC,COMPLETED,55206077,16641138,171261,970.7049900950855,55136341,16624625,75243,845.7951920867498
89682546,2026-08-03T08:11:28.923264500Z,2026-08-03T08:12:27.777156900Z,EPISODE_TYPE_PUBLIC,COMPLETED,55134019,16629426,3000,312.5117498820363,55117088,16622312,2923,254.88873405452827
89683065,2026-08-03T08:15:29.861970100Z,2026-08-03T08:16:41.543354600Z,EPISODE_TYPE_PUBLIC,COMPLETED,55134735,16622820,49765,611.2075643489248,55206343,16645302,66267,742.3169763688875
89683078,2026-08-03T08:15:29.875658Z,2026-08-03T08:16:41.747404300Z,EPISODE_TYPE_PUBLIC,COMPLETED,55136341,16624625,93264,849.6557637580812,55205956,16637776,88275,791.8892100585612
89683102,2026-08-03T08:15:29.906633600Z,2026-08-03T08:16:31.198658Z,EPISODE_TYPE_PUBLIC,COMPLETED,55200740,16637845,3000,249.20748956237833,55117088,16622312,3685,264.28690741634927
89684776,2026-08-03T08:27:27.897027900Z,2026-08-03T08:28:39.358856700Z,EPISODE_TYPE_PUBLIC,COMPLETED,55206293,16642207,100722,909.0403064258902,55136341,16624625,84681,845.8184528295533
89688171,2026-08-03T08:51:38.187844300Z,2026-08-03T08:52:50.749885600Z,EPISODE_TYPE_PUBLIC,COMPLETED,55207223,16645302,67046,789.4426415797593,55134735,16622820,45524,608.515844288105
89688755,2026-08-03T08:55:47.823120500Z,2026-08-03T08:57:09.056684800Z,EPISODE_TYPE_PUBLIC,COMPLETED,55207369,16627032,181008,692.9679343281475,55116223,16622032,32068,541.7457970324575
89689309,2026-08-03T08:59:42.872020600Z,2026-08-03T09:00:50.198059700Z,EPISODE_TYPE_PUBLIC,COMPLETED,55135047,16630315,62273,704.8711278568459,55207413,16649994,162447,823.2664612727206
89689326,2026-08-03T08:59:42.901357400Z,2026-08-03T09:00:47.744803800Z,EPISODE_TYPE_PUBLIC,COMPLETED,55207215,16641501,36294,696.6046492376063,55116223,16622032,22248,539.1212610557659
89691049,2026-08-03T09:11:45.008282300Z,2026-08-03T09:13:05.459040300Z,EPISODE_TYPE_PUBLIC,COMPLETED,55206978,16646318,92858,724.5490178888526,55135047,16630315,63771,699.6454113534139
89694462,2026-08-03T09:35:34.548813500Z,2026-08-03T09:37:04.158357Z,EPISODE_TYPE_PUBLIC,COMPLETED,55206491,16645712,83012,801.9216222992085,55136341,16624625,78850,840.4070921341116
89695577,2026-08-03T09:43:28.570142500Z,2026-08-03T09:44:55.418756600Z,EPISODE_TYPE_PUBLIC,COMPLETED,55207579,16633096,93361,829.6438801204011,55136341,16624625,95381,844.9179032523726
89696119,2026-08-03T09:47:28.208857600Z,2026-08-03T09:48:32.692694600Z,EPISODE_TYPE_PUBLIC,COMPLETED,55116223,16622032,48617,543.0229626284914,55208363,16651623,723,472.597499666105
89697248,2026-08-03T09:55:32.482480300Z,2026-08-03T09:56:38.381848800Z,EPISODE_TYPE_PUBLIC,COMPLETED,55118395,16621585,48994,587.3403195136493,55208518,16651623,4983,486.389097429354
89697850,2026-08-03T09:59:28.851290900Z,2026-08-03T10:00:39.787775700Z,EPISODE_TYPE_PUBLIC,COMPLETED,55115388,16621402,24604,566.4731531052637,55206898,16630837,41381,613.1135163643286
89698381,2026-08-03T10:03:28.228113300Z,2026-08-03T10:04:49.697848600Z,EPISODE_TYPE_PUBLIC,COMPLETED,55118662,16621716,12866,477.5846299043563,55208720,16651157,3981,451.09090366277087
89698390,2026-08-03T10:03:28.235401900Z,2026-08-03T10:04:46.904500400Z,EPISODE_TYPE_PUBLIC,COMPLETED,55135047,16630315,41677,696.2124961034966,55208246,16624977,81263,834.1510037493695
89699523,2026-08-03T10:11:28.304061800Z,2026-08-03T10:12:39.502921400Z,EPISODE_TYPE_PUBLIC,COMPLETED,55208876,16644891,25553,493.7530387834167,55134735,16622820,49292,611.9732338749185
89700671,2026-08-03T10:19:28.184474700Z,2026-08-03T10:20:30.982370100Z,EPISODE_TYPE_PUBLIC,COMPLETED,55208390,16635796,105754,835.7657645076566,55135182,16627906,26107,783.6657821629233
89701213,2026-08-03T10:23:28.850206500Z,2026-08-03T10:24:42.198905500Z,EPISODE_TYPE_PUBLIC,COMPLETED,55135151,16622330,69253,730.9442792498644,55208963,16622487,173873,862.0187461446251
89701799,2026-08-03T10:27:28.396578100Z,2026-08-03T10:28:39.557387500Z,EPISODE_TYPE_PUBLIC,COMPLETED,55134274,16625611,17468,481.30127925663356,55209199,16631421,183616,677.1104715910784
89702924,2026-08-03T10:35:31.310186400Z,2026-08-03T10:36:40.835069800Z,EPISODE_TYPE_PUBLIC,COMPLETED,55209301,16633096,79756,829.7729925801503,55135182,16627906,72455,779.4700026170947
89703501,2026-08-03T10:39:27.869969900Z,2026-08-03T10:40:51.402728800Z,EPISODE_TYPE_PUBLIC,COMPLETED,55135047,16630315,74981,701.0249942880207,55209007,16638645,48077,654.2049710228493
89704066,2026-08-03T10:43:27.670510500Z,2026-08-03T10:44:55.971948900Z,EPISODE_TYPE_PUBLIC,COMPLETED,55209495,16635314,180011,692.5357283633708,55116223,16622032,32235,540.1890559473632
89704649,2026-08-03T10:47:28.742305200Z,2026-08-03T10:48:50.170246200Z,EPISODE_TYPE_PUBLIC,COMPLETED,55134274,16625611,28960,486.99247529817836,55209507,16641109,2771,363.95966750096403
89705783,2026-08-03T10:55:34.011333600Z,2026-08-03T10:56:47.742684300Z,EPISODE_TYPE_PUBLIC,COMPLETED,55209340,16651088,33450,652.9778409798731,55116223,16622032,24142,537.1321009864573
89706331,2026-08-03T10:59:28.512417Z,2026-08-03T11:00:49.425548800Z,EPISODE_TYPE_PUBLIC,COMPLETED,55209777,16641109,3239,487.4343122316866,55118395,16621585,49182,590.7876437015539
89709183,2026-08-03T11:19:28.807039200Z,2026-08-03T11:20:37.795105300Z,EPISODE_TYPE_PUBLIC,COMPLETED,55115388,16621402,49347,569.284663493864,55210081,16652230,1620,419.19606221232505
89710303,2026-08-03T11:27:28.222934Z,2026-08-03T11:28:57.832977100Z,EPISODE_TYPE_PUBLIC,COMPLETED,55135182,16627906,61047,777.7021089581118,55209994,16639520,137711,1035.4741050339944
89710340,2026-08-03T11:27:28.274487400Z,2026-08-03T11:28:45.831484800Z,EPISODE_TYPE_PUBLIC,COMPLETED,55210017,16650485,23150,577.921323891034,55118662,16621716,10435,474.02172204360977
89712642,2026-08-03T11:43:29.032855Z,2026-08-03T11:44:36.347505100Z,EPISODE_TYPE_PUBLIC,COMPLETED,55134735,16622820,43475,608.7891309377533,55210056,16651167,73171,724.8320256429079
89713168,2026-08-03T11:47:28.691618800Z,2026-08-03T11:48:55.737859500Z,EPISODE_TYPE_PUBLIC,COMPLETED,55134735,16622820,44657,605.9063577791946,55210608,16621315,164422,763.5455390455126
89715493,2026-08-03T12:03:29.020890100Z,2026-08-03T12:04:55.676061600Z,EPISODE_TYPE_PUBLIC,COMPLETED,55210778,16651668,8269,405.5277412894334,55118662,16621716,13041,478.05937257858716
89716026,2026-08-03T12:07:28.887130800Z,2026-08-03T12:08:58.157465500Z,EPISODE_TYPE_PUBLIC,COMPLETED,55211024,16632055,168550,813.0714080919669,55135047,16630315,65903,697.2466623756202
89718327,2026-08-03T12:23:26.735327400Z,2026-08-03T12:24:41.933617300Z,EPISODE_TYPE_PUBLIC,COMPLETED,55135047,16630315,43106,701.1713648340133,55211361,16634246,40500,597.7993083027949
89718330,2026-08-03T12:23:26.737410500Z,2026-08-03T12:24:31.957348900Z,EPISODE_TYPE_PUBLIC,COMPLETED,55211313,16652560,157624,813.3303481202082,55135151,16622330,54658,727.2626120088577
89718915,2026-08-03T12:27:26.321342200Z,2026-08-03T12:28:35.861901900Z,EPISODE_TYPE_PUBLIC,COMPLETED,55211402,16652397,2650,397.2775689345999,55115827,16621290,3800,403.90873862752494
89720609,2026-08-03T12:39:26.328102500Z,2026-08-03T12:40:57.756336200Z,EPISODE_TYPE_PUBLIC,COMPLETED,55211524,16646318,84129,946.6108902139189,55135151,16622330,41105,725.1659217038821
89723467,2026-08-03T12:59:26.680896500Z,2026-08-03T13:00:55.662616Z,EPISODE_TYPE_PUBLIC,COMPLETED,55135182,16627906,60116,775.1966926518838,55211974,16634654,161473,956.6308743640757
89724071,2026-08-03T13:03:26.598822400Z,2026-08-03T13:04:41.478851200Z,EPISODE_TYPE_PUBLIC,COMPLETED,55118395,16621585,30537,586.8322359152068,55211864,16644229,82658,640.0402162714688
89726892,2026-08-03T13:23:27.263479Z,2026-08-03T13:24:38.282330400Z,EPISODE_TYPE_PUBLIC,COMPLETED,55135151,16622330,46508,720.6246349427324,55212670,16635969,145302,748.2869146497862
89732629,2026-08-03T14:03:32.028584400Z,2026-08-03T14:04:43.628844400Z,EPISODE_TYPE_PUBLIC,COMPLETED,55135182,16627906,64981,771.1166415517442,55213491,16632867,175276,829.2382237968418
89733202,2026-08-03T14:07:32.203417100Z,2026-08-03T14:08:40.504777900Z,EPISODE_TYPE_PUBLIC,COMPLETED,55213452,16630323,138561,883.2771571423541,55135151,16622330,30461,717.9407079979177
89733783,2026-08-03T14:11:32.371262300Z,2026-08-03T14:13:08.850528600Z,EPISODE_TYPE_PUBLIC,COMPLETED,55213723,16652900,7516,492.9652799033729,55134735,16622820,56576,609.2850722629667
89734968,2026-08-03T14:19:32.958150800Z,2026-08-03T14:20:43.892354500Z,EPISODE_TYPE_PUBLIC,COMPLETED,55115827,16621290,5710,398.6816108847131,55213545,16650701,9837,504.99823264067834
89735563,2026-08-03T14:23:33.179102100Z,2026-08-03T14:24:58.014829900Z,EPISODE_TYPE_PUBLIC,COMPLETED,55118533,16621770,885,186.36430114055486,55157356,16623953,4694,251.83263957468958
89737819,2026-08-03T14:39:32.924299900Z,2026-08-03T14:41:05.467437400Z,EPISODE_TYPE_PUBLIC,COMPLETED,55135047,16630315,72235,704.8802581911484,55214303,16633043,70476,589.6667918980942
89738431,2026-08-03T14:43:32.870233200Z,2026-08-03T14:44:55.395071400Z,EPISODE_TYPE_PUBLIC,COMPLETED,55213742,16645705,41590,695.8403028690501,55134735,16622820,38775,605.8528114917972
89738442,2026-08-03T14:43:32.919393800Z,2026-08-03T14:44:28.965968400Z,EPISODE_TYPE_PUBLIC,COMPLETED,55204789,16646076,3936,338.9719554677792,55115733,16621519,3050,202.283236568511
89738972,2026-08-03T14:47:33.250893400Z,2026-08-03T14:48:39.030038200Z,EPISODE_TYPE_PUBLIC,COMPLETED,55214593,16644643,175482,677.4716822465557,55134274,16625611,17468,482.781712282378
89738984,2026-08-03T14:47:33.270840300Z,2026-08-03T14:48:55.086129300Z,EPISODE_TYPE_PUBLIC,COMPLETED,55135047,16630315,68958,708.6911150678121,55214303,16633043,68224,609.8340595944117
89739579,2026-08-03T14:51:34.460760800Z,2026-08-03T14:52:58.385074400Z,EPISODE_TYPE_PUBLIC,COMPLETED,55135047,16630315,49501,704.6426605925599,55213900,16632253,71255,772.5986635550274
89741872,2026-08-03T15:07:33.746443300Z,2026-08-03T15:08:32.445361400Z,EPISODE_TYPE_PUBLIC,COMPLETED,55215118,16648589,26746,481.9666165109046,55115388,16621402,30572,572.8994358632175
89744232,2026-08-03T15:23:35.805137600Z,2026-08-03T15:24:33.868259500Z,EPISODE_TYPE_PUBLIC,COMPLETED,55117284,16622422,5995,377.2002822910383,55215087,16653068,43626,484.70893750249587
89746517,2026-08-03T15:39:34.406222400Z,2026-08-03T15:40:42.149651400Z,EPISODE_TYPE_PUBLIC,COMPLETED,55135151,16622330,43350,714.4429899973092,55215676,16635363,136213,814.0206747715854
89747121,2026-08-03T15:43:36.729279800Z,2026-08-03T15:44:56.518092Z,EPISODE_TYPE_PUBLIC,COMPLETED,55134735,16622820,55397,608.4963179782264,55215785,16635681,9204,442.08268774473885
89747669,2026-08-03T15:47:33.850289600Z,2026-08-03T15:48:57.304721400Z,EPISODE_TYPE_PUBLIC,COMPLETED,55135047,16630315,71455,702.2942233907992,55215533,16633276,119022,911.848457491
89747716,2026-08-03T15:47:33.968828900Z,2026-08-03T15:48:56.002846Z,EPISODE_TYPE_PUBLIC,COMPLETED,55215590,16625472,12620,475.6482968853787,55115827,16621290,4678,393.02011771588707
89748254,2026-08-03T15:51:32.743282900Z,2026-08-03T15:52:46.110092700Z,EPISODE_TYPE_PUBLIC,COMPLETED,55134735,16622820,41581,605.9004114275554,55215965,16625908,165946,779.0828190882602
89748283,2026-08-03T15:51:32.815788900Z,2026-08-03T15:52:54.950462800Z,EPISODE_TYPE_PUBLIC,COMPLETED,55215504,16644145,92091,673.0362651437118,55118395,16621585,26052,583.4172787893157
89748809,2026-08-03T15:55:42.304176600Z,2026-08-03T15:57:07.067010300Z,EPISODE_TYPE_PUBLIC,COMPLETED,55135047,16630315,70050,699.4198515184642,55215965,16625908,183506,866.2096904385344
89748820,2026-08-03T15:55:42.321645400Z,2026-08-03T15:57:12.015224700Z,EPISODE_TYPE_PUBLIC,COMPLETED,55215970,16629983,99448,701.2374940901022,55118395,16621585,18940,580.2462663420068
89749380,2026-08-03T15:59:33.622016900Z,2026-08-03T16:00:38.183685700Z,EPISODE_TYPE_PUBLIC,COMPLETED,55216171,16643554,96790,676.4291746536375,55134274,16625611,24442,478.6841318720015
89749999,2026-08-03T16:03:33.138097100Z,2026-08-03T16:04:48.345223100Z,EPISODE_TYPE_PUBLIC,COMPLETED,55200443,16624102,14055,412.92943486618566,55134274,16625611,21519,484.9238939535718
89752262,2026-08-03T16:19:36.095649Z,2026-08-03T16:20:46.447128200Z,EPISODE_TYPE_PUBLIC,COMPLETED,55216488,16653129,56633,536.632088647854,55118662,16621716,9986,473.87277011645267
89753412,2026-08-03T16:27:33.295036300Z,2026-08-03T16:28:48.797144900Z,EPISODE_TYPE_PUBLIC,COMPLETED,55116223,16622032,35153,540.75763453653,55216574,16650701,14630,456.9671285856857
89758121,2026-08-03T16:59:35.847176600Z,2026-08-03T17:00:54.833117500Z,EPISODE_TYPE_PUBLIC,COMPLETED,55115827,16621290,4439,388.0285095466087,55216940,16653117,19968,494.25776239689554
89761024,2026-08-03T17:20:00.943928400Z,2026-08-03T17:22:29.876883500Z,EPISODE_TYPE_PUBLIC,COMPLETED,55118395,16621585,32097,577.0910543060166,55217784,16641077,180888,703.0273317874359
89763333,2026-08-03T17:35:37.753902700Z,2026-08-03T17:36:52.011136700Z,EPISODE_TYPE_PUBLIC,COMPLETED,55135151,16622330,80731,716.8127010862021,55218130,16633475,3000,522.6216787300266
89763909,2026-08-03T17:39:35.367306Z,2026-08-03T17:41:03.954777100Z,EPISODE_TYPE_PUBLIC,COMPLETED,55135047,16630315,39338,695.7265078494006,55218123,16623540,133070,798.2497321615651
89765090,2026-08-03T17:47:35.209385Z,2026-08-03T17:48:42.035981Z,EPISODE_TYPE_PUBLIC,COMPLETED,55218337,16644150,177611,700.9165654803196,55115388,16621402,32096,569.8088660453827
89766881,2026-08-03T17:59:34.835987200Z,2026-08-03T18:00:43.660317100Z,EPISODE_TYPE_PUBLIC,COMPLETED,55217664,16629308,92264,791.4795795423935,55135182,16627906,36357,766.7921006444236
89767483,2026-08-03T18:03:34.680974800Z,2026-08-03T18:04:39.578984900Z,EPISODE_TYPE_PUBLIC,COMPLETED,55215546,16630335,48983,668.2596534194337,55134735,16622820,39242,602.2169899938349
89770378,2026-08-03T18:23:34.733400Z,2026-08-03T18:25:04.295156400Z,EPISODE_TYPE_PUBLIC,COMPLETED,55219062,16654256,4443,517.8522654077467,55135047,16630315,81286,698.3863710544825
89770380,2026-08-03T18:23:34.737410900Z,2026-08-03T18:25:42.706951700Z,EPISODE_TYPE_PUBLIC,COMPLETED,55218683,16652741,102200,862.6998150563657,55135182,16627906,60160,763.3813613888342
89772795,2026-08-03T18:39:34.731026500Z,2026-08-03T18:41:07.527923400Z,EPISODE_TYPE_PUBLIC,COMPLETED,55208091,16639814,5941,318.72614733569736,55118662,16621716,9787,476.4891333564645
89776265,2026-08-03T19:03:35.228687200Z,2026-08-03T19:04:56.720971300Z,EPISODE_TYPE_PUBLIC,COMPLETED,55135047,16630315,70057,696.0285881308499,55219534,16653984,168627,902.042986743036
89778585,2026-08-03T19:19:35.710816900Z,2026-08-03T19:20:40.623690400Z,EPISODE_TYPE_PUBLIC,COMPLETED,55219681,16654351,79145,816.1659412444604,55135151,16622330,74182,713.4932266960856
89779203,2026-08-03T19:23:35.281919400Z,2026-08-03T19:24:57.771529Z,EPISODE_TYPE_PUBLIC,COMPLETED,55219684,16654401,17527,418.67335686983165,55118662,16621716,21339,480.4814470237147
89779216,2026-08-03T19:23:35.320633600Z,2026-08-03T19:24:58.736907100Z,EPISODE_TYPE_PUBLIC,COMPLETED,55219422,16654122,71449,626.4723843566769,55135151,16622330,76098,716.8362926611286
89780932,2026-08-03T19:35:39.703675900Z,2026-08-03T19:37:03.685542200Z,EPISODE_TYPE_PUBLIC,COMPLETED,55220122,16623540,158107,811.9365695359622,55135151,16622330,73691,713.3256004247019
89781528,2026-08-03T19:39:34.694835800Z,2026-08-03T19:40:55.128434Z,EPISODE_TYPE_PUBLIC,COMPLETED,55135047,16630315,57926,692.3523667833108,55220197,16639565,84349,789.2280679867052
89788106,2026-08-03T20:25:17.023148100Z,2026-08-03T20:26:43.868068600Z,EPISODE_TYPE_PUBLIC,COMPLETED,55134274,16625611,16091,478.1851807775352,55220546,16621315,25281,529.6761695020807
89788125,2026-08-03T20:25:17.042551600Z,2026-08-03T20:26:48.601874900Z,EPISODE_TYPE_PUBLIC,COMPLETED,55215321,16623485,88652,745.4504906090182,55135182,16627906,77501,758.441834145998
89791827,2026-08-03T20:51:33.161276500Z,2026-08-03T20:52:34.892595700Z,EPISODE_TYPE_PUBLIC,COMPLETED,55134274,16625611,14564,471.69732053318114,55220546,16621315,27342,524.226884402279
89793084,2026-08-03T20:59:36.159274700Z,2026-08-03T21:01:00.850223200Z,EPISODE_TYPE_PUBLIC,COMPLETED,55135151,16622330,76324,717.7686735895592,55215504,16644145,75814,701.2718976011297
89793636,2026-08-03T21:03:33.383657400Z,2026-08-03T21:04:36.305621500Z,EPISODE_TYPE_PUBLIC,COMPLETED,55221448,16653984,3000,437.1701716448146,55134735,16622820,62114,604.8245391083344
89796669,2026-08-03T21:28:10.368982700Z,2026-08-03T21:29:18.623107Z,EPISODE_TYPE_PUBLIC,COMPLETED,55117284,16622422,6259,372.92483412300953,55221573,16654267,50380,499.02053084536306
89796679,2026-08-03T21:28:10.376297500Z,2026-08-03T21:29:24.611042100Z,EPISODE_TYPE_PUBLIC,COMPLETED,55118662,16621716,5186,477.1307718416448,55221446,16654485,38158,576.331332550709
89799054,2026-08-03T21:44:11.953527100Z,2026-08-03T21:45:28.719696800Z,EPISODE_TYPE_PUBLIC,COMPLETED,55115827,16621290,3448,378.50985560881315,55221827,16655142,4175,478.3726875241238
89799084,2026-08-03T21:44:12.029988500Z,2026-08-03T21:45:08.360752600Z,EPISODE_TYPE_PUBLIC,COMPLETED,55115827,16621290,5309,383.50561768148674,55219676,16630520,24864,503.5634593468385
89799629,2026-08-03T21:48:09.715124800Z,2026-08-03T21:49:14.359157700Z,EPISODE_TYPE_PUBLIC,COMPLETED,55222003,16654081,75408,839.7935716114429,55135047,16630315,65528,689.4090849556594
89799647,2026-08-03T21:48:09.734667100Z,2026-08-03T21:49:20.674435200Z,EPISODE_TYPE_PUBLIC,COMPLETED,55135182,16627906,64790,761.8847119314883,55221765,16653129,63788,673.6753810975566
89800250,2026-08-03T21:52:09.864099600Z,2026-08-03T21:53:15.750421700Z,EPISODE_TYPE_PUBLIC,COMPLETED,55118662,16621716,5411,473.9657825895832,55221964,16630372,197632,595.584607182728
89803292,2026-08-03T22:12:09.737320Z,2026-08-03T22:13:41.378530100Z,EPISODE_TYPE_PUBLIC,COMPLETED,55221964,16630372,1765,631.3430177105445,55134735,16622820,40563,613.5832110936216
89803300,2026-08-03T22:12:09.771180900Z,2026-08-03T22:13:28.822806200Z,EPISODE_TYPE_PUBLIC,COMPLETED,55134735,16622820,49426,608.5063063174069,55221948,16639125,14473,542.3318332724019
89803889,2026-08-03T22:16:09.903637300Z,2026-08-03T22:17:14.170695800Z,EPISODE_TYPE_PUBLIC,COMPLETED,55135182,16627906,50765,757.9931449190403,55222003,16654081,87542,813.4655532885164
89805699,2026-08-03T22:28:10.078885100Z,2026-08-03T22:29:14.865396200Z,EPISODE_TYPE_PUBLIC,COMPLETED,55135151,16622330,79183,714.286187585083,55221856,16623199,111049,792.7566821301501
89808680,2026-08-03T22:48:09.824015700Z,2026-08-03T22:49:08.776262100Z,EPISODE_TYPE_PUBLIC,COMPLETED,55115827,16621290,3122,383.94997583545165,55222586,16642579,3000,309.33627750886006
89808685,2026-08-03T22:48:09.830610800Z,2026-08-03T22:49:09.527243300Z,EPISODE_TYPE_PUBLIC,COMPLETED,55222472,16655150,29618,496.213114196326,55134274,16625611,15493,464.8083731591381
89811787,2026-08-03T23:08:09.264955600Z,2026-08-03T23:09:16.234031300Z,EPISODE_TYPE_PUBLIC,COMPLETED,55222932,16623152,169022,880.6061148933356,55135151,16622330,67489,711.6431847541945
89812422,2026-08-03T23:12:09.995497400Z,2026-08-03T23:13:13.465242Z,EPISODE_TYPE_PUBLIC,COMPLETED,55222926,16638645,75783,807.9755634541872,55135047,16630315,55576,686.1813866445129
89812445,2026-08-03T23:12:10.021009400Z,2026-08-03T23:13:20.916170500Z,EPISODE_TYPE_PUBLIC,COMPLETED,55222771,16651167,76966,797.8704126042734,55135182,16627906,70194,753.9203311962589
89814294,2026-08-03T23:24:11.052651400Z,2026-08-03T23:25:37.355318800Z,EPISODE_TYPE_PUBLIC,COMPLETED,55223032,16639577,10740,345.35890302387224,55134274,16625611,24112,469.54747856528246
89815568,2026-08-03T23:32:09.333131400Z,2026-08-03T23:33:21.107227900Z,EPISODE_TYPE_PUBLIC,COMPLETED,55208692,16640332,28067,520.1114988044234,55118662,16621716,9937,470.0277094347437
89816139,2026-08-03T23:36:10.321868100Z,2026-08-03T23:37:33.279368400Z,EPISODE_TYPE_PUBLIC,COMPLETED,55223227,16655277,38606,541.2865342964568,55134274,16625611,24636,463.7606340595152
89816184,2026-08-03T23:36:10.388876700Z,2026-08-03T23:37:31.773073800Z,EPISODE_TYPE_PUBLIC,COMPLETED,55135047,16630315,71092,690.7125358242822,55215546,16630335,61008,677.1725657687839
89817326,2026-08-03T23:44:11.715148100Z,2026-08-03T23:45:28.867177300Z,EPISODE_TYPE_PUBLIC,COMPLETED,55135047,16630315,78208,694.7251627185937,55223103,16655072,65405,649.8592801591517
89818482,2026-08-03T23:52:09.549781900Z,2026-08-03T23:53:23.751770400Z,EPISODE_TYPE_PUBLIC,COMPLETED,55223412,16654419,29955,474.86611474409824,55134735,16622820,38383,616.4481563955499
89819064,2026-08-03T23:56:09.528456500Z,2026-08-03T23:57:18.579802600Z,EPISODE_TYPE_PUBLIC,COMPLETED,55223530,16633944,183323,894.2234466856642,55135151,16622330,73841,713.3429417773884
89819126,2026-08-03T23:56:09.589285100Z,2026-08-03T23:57:11.546211400Z,EPISODE_TYPE_PUBLIC,COMPLETED,55135151,16622330,73725,715.854363065154,55211933,16634246,72388,686.1988316119917
89819666,2026-08-04T00:00:09.732709200Z,2026-08-04T00:01:27.859302400Z,EPISODE_TYPE_PUBLIC,COMPLETED,55223611,16655263,10144,386.8062949688146,55118662,16621716,10998,473.654730012159
89819694,2026-08-04T00:00:09.768329600Z,2026-08-04T00:01:38.150851200Z,EPISODE_TYPE_PUBLIC,COMPLETED,55115733,16621519,1625,187.9206731410273,55223457,16655340,2230,282.8771946939441
89821479,2026-08-04T00:12:09.991307100Z,2026-08-04T00:13:33.206535600Z,EPISODE_TYPE_PUBLIC,COMPLETED,55224265,16644577,80472,691.9138331554744,55116223,16622032,42985,537.9427733961436
89823241,2026-08-04T00:24:10.532397600Z,2026-08-04T00:25:33.697250800Z,EPISODE_TYPE_PUBLIC,COMPLETED,55224314,16623368,51855,691.9318324424777,55116223,16622032,48968,535.3047676660021
89824985,2026-08-04T00:36:09.834380300Z,2026-08-04T00:37:19.949576700Z,EPISODE_TYPE_PUBLIC,COMPLETED,55224668,16652710,164592,893.1697704130727,55135182,16627906,57574,750.9656276447053
89825576,2026-08-04T00:40:10.748129700Z,2026-08-04T00:41:38.670883200Z,EPISODE_TYPE_PUBLIC,COMPLETED,55224893,16623697,126814,674.405265535742,55118662,16621716,14051,471.3760687551269
89825600,2026-08-04T00:40:10.770967500Z,2026-08-04T00:41:27.076971600Z,EPISODE_TYPE_PUBLIC,COMPLETED,55224617,16655199,39182,665.1270864749941,55118395,16621585,30006,569.9030180865782
89825603,2026-08-04T00:40:10.777603400Z,2026-08-04T00:41:47.958799800Z,EPISODE_TYPE_PUBLIC,COMPLETED,55134735,16622820,46868,613.3360429909313,55223842,16651804,88131,721.5743586892344
89825621,2026-08-04T00:40:10.833748700Z,2026-08-04T00:41:19.734035300Z,EPISODE_TYPE_PUBLIC,COMPLETED,55223747,16637031,60281,628.196012455103,55118395,16621585,44066,573.2455528565124
89826164,2026-08-04T00:44:12.982598400Z,2026-08-04T00:45:41.094372700Z,EPISODE_TYPE_PUBLIC,COMPLETED,55224902,16654373,178097,700.0612519918125,55118395,16621585,32073,566.838642244329
89826175,2026-08-04T00:44:12.995805900Z,2026-08-04T00:45:12.149638500Z,EPISODE_TYPE_PUBLIC,COMPLETED,55116223,16622032,26458,531.8744807019003,55224676,16644229,90786,629.7567481826908
89826191,2026-08-04T00:44:13.029444400Z,2026-08-04T00:45:46.959536900Z,EPISODE_TYPE_PUBLIC,COMPLETED,55224530,16655150,91360,786.6221755420769,55135151,16622330,49487,709.7856181258556
89826798,2026-08-04T00:48:10.244291800Z,2026-08-04T00:49:32.267294Z,EPISODE_TYPE_PUBLIC,COMPLETED,55224320,16654068,44974,496.8470084857646,55118662,16621716,16776,463.31246844322055
89826800,2026-08-04T00:48:10.245574600Z,2026-08-04T00:49:09.990856Z,EPISODE_TYPE_PUBLIC,COMPLETED,55224314,16623368,52220,521.9670488290888,55118662,16621716,16804,467.5140282824819
89827950,2026-08-04T00:56:09.747529300Z,2026-08-04T00:57:09.748890300Z,EPISODE_TYPE_PUBLIC,COMPLETED,55224676,16644229,83779,679.9032886334194,55118395,16621585,26706,563.7712403282635
89829713,2026-08-04T01:08:09.709118500Z,2026-08-04T01:09:33.152020700Z,EPISODE_TYPE_PUBLIC,COMPLETED,55225057,16654312,44566,527.6485910583572,55118395,16621585,20985,558.4276144623967
89830265,2026-08-04T01:12:09.965720600Z,2026-08-04T01:13:10.733330700Z,EPISODE_TYPE_PUBLIC,COMPLETED,55225323,16641138,90866,785.4980754443138,55118395,16621585,30735,556.4034613498095
89830308,2026-08-04T01:12:10.011564600Z,2026-08-04T01:13:35.614335100Z,EPISODE_TYPE_PUBLIC,COMPLETED,55134274,16625611,14040,457.83623949631095,55225001,16655255,37546,515.3083320621648
89833823,2026-08-04T01:36:11.043145800Z,2026-08-04T01:37:23.647421200Z,EPISODE_TYPE_PUBLIC,COMPLETED,55134735,16622820,51293,609.6502154054267,55225377,16639800,65223,683.150802526564
89836149,2026-08-04T01:52:10.471833Z,2026-08-04T01:53:20.057971800Z,EPISODE_TYPE_PUBLIC,COMPLETED,55226052,16634312,145586,696.2483996442144,55118395,16621585,30588,553.4558541107054
89837933,2026-08-04T02:04:12.368729900Z,2026-08-04T02:05:30.818341700Z,EPISODE_TYPE_PUBLIC,COMPLETED,55226214,16655559,81263,673.1390640803853,55135047,16630315,73304,689.5033022978001
89838521,2026-08-04T02:08:09.843036900Z,2026-08-04T02:09:28.663908500Z,EPISODE_TYPE_PUBLIC,COMPLETED,55118662,16621716,1001,461.2659534271867,55226237,16655156,54080,677.0115711568353
89841457,2026-08-04T02:28:10.239553300Z,2026-08-04T02:29:10.351599700Z,EPISODE_TYPE_PUBLIC,COMPLETED,55118662,16621716,12344,457.10240221166043,55226474,16655062,31337,501.49168930130355
89843847,2026-08-04T02:44:11.905256600Z,2026-08-04T02:45:13.160213300Z,EPISODE_TYPE_PUBLIC,COMPLETED,55135151,16622330,46876,713.2642313097048,55226823,16655340,33309,615.600691131149
89843886,2026-08-04T02:44:11.949703400Z,2026-08-04T02:45:36.698600100Z,EPISODE_TYPE_PUBLIC,COMPLETED,55226670,16633173,79306,638.8247555852249,55118395,16621585,42634,550.0254338834462
89848763,2026-08-04T03:16:10.660971900Z,2026-08-04T03:17:32.774153100Z,EPISODE_TYPE_PUBLIC,COMPLETED,55227011,16652635,66369,570.4254394324852,55134274,16625611,15117,453.3279583887489
89849352,2026-08-04T03:20:10.234511500Z,2026-08-04T03:21:21.018141500Z,EPISODE_TYPE_PUBLIC,COMPLETED,55227229,16623112,46319,590.2698334843379,55134274,16625611,136,449.291081972157
89849910,2026-08-04T03:24:10.741728300Z,2026-08-04T03:25:09.777712400Z,EPISODE_TYPE_PUBLIC,COMPLETED,55115388,16621402,48950,573.4187306630861,55227885,16639577,29044,482.12686962601424
89851107,2026-08-04T03:32:12.871603800Z,2026-08-04T03:33:26.360829800Z,EPISODE_TYPE_PUBLIC,COMPLETED,55227925,16655527,32223,599.4208128028799,55118662,16621716,11961,454.2322396427458
89852278,2026-08-04T03:40:09.640432900Z,2026-08-04T03:41:17.311863500Z,EPISODE_TYPE_PUBLIC,COMPLETED,55228260,16623697,116923,711.6649047766314,55134735,16622820,43436,606.2304776966424
89852885,2026-08-04T03:44:11.512621900Z,2026-08-04T03:45:26.933898100Z,EPISODE_TYPE_PUBLIC,COMPLETED,55135047,16630315,48176,693.624903366501,55228132,16645297,47078,638.3248779049634
89855274,2026-08-04T04:00:10.050535400Z,2026-08-04T04:01:27.047041800Z,EPISODE_TYPE_PUBLIC,COMPLETED,55228636,16650485,12972,379.81732072428525,55118395,16621585,30138,552.5252292437044
89855877,2026-08-04T04:04:11.655881800Z,2026-08-04T04:05:11.748916200Z,EPISODE_TYPE_PUBLIC,COMPLETED,55118395,16621585,15235,548.4988489186525,55228577,16641548,53319,604.6537016392109
89855894,2026-08-04T04:04:11.675156200Z,2026-08-04T04:05:11.526796100Z,EPISODE_TYPE_PUBLIC,COMPLETED,55115827,16621290,3575,378.53491513752925,55228636,16650485,38123,452.82360021160673
89856444,2026-08-04T04:08:09.590157300Z,2026-08-04T04:09:29.227823Z,EPISODE_TYPE_PUBLIC,COMPLETED,55115388,16621402,31091,570.3236112124638,55228769,16656337,163632,701.06512491828
89858823,2026-08-04T04:24:11.765241800Z,2026-08-04T04:25:40.084908700Z,EPISODE_TYPE_PUBLIC,COMPLETED,55228991,16655686,157958,831.0981313501302,55135182,16627906,54265,747.2531536270092
89861787,2026-08-04T04:44:12.725693Z,2026-08-04T04:45:37.303158500Z,EPISODE_TYPE_PUBLIC,COMPLETED,55135047,16630315,48733,691.0991485884928,55228833,16655449,75889,852.7825333207386
89862949,2026-08-04T04:52:09.537254300Z,2026-08-04T04:53:27.249873500Z,EPISODE_TYPE_PUBLIC,COMPLETED,55135151,16622330,77489,709.9279807118535,55229439,16653085,179607,821.7238620207911
89864766,2026-08-04T05:04:13.434816Z,2026-08-04T05:05:47.674114600Z,EPISODE_TYPE_PUBLIC,COMPLETED,55229533,16623920,121341,818.3086565201763,55135182,16627906,63884,743.4999317145187
89868310,2026-08-04T05:28:09.882225700Z,2026-08-04T05:29:31.900222600Z,EPISODE_TYPE_PUBLIC,COMPLETED,55230345,16654946,175677,710.645035149454,55134735,16622820,38664,602.8419734951904
89868912,2026-08-04T05:32:09.903435300Z,2026-08-04T05:33:08.450257400Z,EPISODE_TYPE_PUBLIC,COMPLETED,55118395,16621585,25975,544.4554763915369,55230313,16634239,30483,602.2690050661326
89871928,2026-08-04T05:52:10.232887300Z,2026-08-04T05:53:44.202879700Z,EPISODE_TYPE_PUBLIC,COMPLETED,55230330,16655629,55878,641.5159663812511,55118395,16621585,31130,541.207208493272
89873677,2026-08-04T06:04:11.673293600Z,2026-08-04T06:05:25.060155900Z,EPISODE_TYPE_PUBLIC,COMPLETED,55118395,16621585,39761,538.7247226616583,55230808,16656496,49449,712.9778341052147
89874928,2026-08-04T06:12:10.280849900Z,2026-08-04T06:13:40.384944100Z,EPISODE_TYPE_PUBLIC,COMPLETED,55135047,16630315,73217,694.853978535833,55230587,16651593,51365,631.3984445785272
89875518,2026-08-04T06:16:10.345669800Z,2026-08-04T06:17:35.746817200Z,EPISODE_TYPE_PUBLIC,COMPLETED,55230604,16639550,90599,771.0859266949033,55135182,16627906,42911,739.2519712226266
89876650,2026-08-04T06:24:13.815988400Z,2026-08-04T06:25:34.068210500Z,EPISODE_TYPE_PUBLIC,COMPLETED,55135151,16622330,40834,705.5415817737735,55231586,16654742,142828,743.2293530801621
89876654,2026-08-04T06:24:13.819269800Z,2026-08-04T06:25:13.686860300Z,EPISODE_TYPE_PUBLIC,COMPLETED,55231700,16644774,3000,517.6020812637898,55135047,16630315,84227,697.3774147971294
89876707,2026-08-04T06:24:13.858217200Z,2026-08-04T06:25:30.286756500Z,EPISODE_TYPE_PUBLIC,COMPLETED,55231245,16655813,5613,438.73251928008153,55115827,16621290,4686,373.0283238176164
89877297,2026-08-04T06:28:10.129531400Z,2026-08-04T06:29:30.412765600Z,EPISODE_TYPE_PUBLIC,COMPLETED,55231245,16655813,7134,380.6271610548812,55118662,16621716,14081,457.86382453182085
89877845,2026-08-04T06:32:11.872670100Z,2026-08-04T06:33:12.236610700Z,EPISODE_TYPE_PUBLIC,COMPLETED,55115388,16621402,47513,573.9286592882678,55231898,16657055,4079,482.2841444635412
89877851,2026-08-04T06:32:11.881043200Z,2026-08-04T06:33:40.584305800Z,EPISODE_TYPE_PUBLIC,COMPLETED,55135182,16627906,80978,735.9198891029183,55231295,16645203,86831,837.6642903828576
89878511,2026-08-04T06:36:10.857110200Z,2026-08-04T06:37:46.526394300Z,EPISODE_TYPE_PUBLIC,COMPLETED,55229874,16632100,55335,654.779668500404,55134735,16622820,44257,598.995364685689
89882639,2026-08-04T07:04:13.704729900Z,2026-08-04T07:06:01.197945500Z,EPISODE_TYPE_PUBLIC,COMPLETED,55232756,16657774,6061,443.75812195289683,55134274,16625611,18866,456.2366661560682
89882690,2026-08-04T07:04:13.767714Z,2026-08-04T07:05:19.636458800Z,EPISODE_TYPE_PUBLIC,COMPLETED,55118662,16621716,11828,454.6253099422427,55232108,16657664,30940,557.2958509533636
89883233,2026-08-04T07:08:11.628516100Z,2026-08-04T07:10:07.889818Z,EPISODE_TYPE_PUBLIC,COMPLETED,55134735,16622820,41169,595.6725388597861,55232885,16638557,164925,708.5004351315248
89883265,2026-08-04T07:08:11.662213900Z,2026-08-04T07:09:21.451219100Z,EPISODE_TYPE_PUBLIC,COMPLETED,55135151,16622330,77135,702.4010285622788,55232270,16624941,84582,812.1444812060549
89885649,2026-08-04T07:24:12.396574600Z,2026-08-04T07:25:35.642110100Z,EPISODE_TYPE_PUBLIC,COMPLETED,55233069,16655179,162922,811.9007039758995,55135151,16622330,61065,699.0781335417815
89885712,2026-08-04T07:24:12.461889100Z,2026-08-04T07:25:26.735628600Z,EPISODE_TYPE_PUBLIC,COMPLETED,55232495,16655559,104465,858.0163970707823,55135182,16627906,54805,733.0724322267093
89886914,2026-08-04T07:32:12.772355700Z,2026-08-04T07:33:41.584579600Z,EPISODE_TYPE_PUBLIC,COMPLETED,55134735,16622820,39302,599.3790589608111,55232745,16657105,19857,531.1989571435956
89887440,2026-08-04T07:36:10.590298700Z,2026-08-04T07:37:24.958137100Z,EPISODE_TYPE_PUBLIC,COMPLETED,55233278,16645203,144937,881.3944606879942,55135151,16622330,44427,696.6088609262197
89887452,2026-08-04T07:36:10.602332400Z,2026-08-04T07:37:30.289261Z,EPISODE_TYPE_PUBLIC,COMPLETED,55233414,16654542,45457,483.3832030502884,55115388,16621402,46143,577.5000486948527
89887491,2026-08-04T07:36:10.648463100Z,2026-08-04T07:37:30.406414200Z,EPISODE_TYPE_PUBLIC,COMPLETED,55233151,16654542,28607,533.6676956940555,55134735,16622820,33669,603.1240953338573
89888100,2026-08-04T07:40:10.033026600Z,2026-08-04T07:41:38.247767300Z,EPISODE_TYPE_PUBLIC,COMPLETED,55118395,16621585,25364,534.7359627156303,55233151,16654542,36754,585.472056328922
89888717,2026-08-04T07:44:18.858928300Z,2026-08-04T07:46:28.736561Z,EPISODE_TYPE_PUBLIC,COMPLETED,55115388,16621402,23583,573.7053573917068,55232943,16656709,36020,634.3368855503495
89889286,2026-08-04T07:48:10.310869500Z,2026-08-04T07:49:44.504855Z,EPISODE_TYPE_PUBLIC,COMPLETED,55135151,16622330,74054,693.8182789253552,55233346,16655072,86287,833.5568897312866
89891140,2026-08-04T08:00:10.461405700Z,2026-08-04T08:01:39.883892800Z,EPISODE_TYPE_PUBLIC,COMPLETED,55134735,16622820,30758,607.5859185644001,55233290,16656709,27227,589.9416677510642
89891736,2026-08-04T08:04:12.664031400Z,2026-08-04T08:05:20.494521400Z,EPISODE_TYPE_PUBLIC,COMPLETED,55117284,16622422,6259,377.10674360684726,55233785,16663513,5677,245.7575561776986
89892277,2026-08-04T08:08:09.919115900Z,2026-08-04T08:09:22.070390400Z,EPISODE_TYPE_PUBLIC,COMPLETED,55135151,16622330,53729,691.4430036573326,55233974,16656345,156138,885.1014340529302
89892316,2026-08-04T08:08:09.966059300Z,2026-08-04T08:09:23.207023700Z,EPISODE_TYPE_PUBLIC,COMPLETED,55134735,16622820,42778,611.8521000892877,55233654,16656709,28003,576.5810863761815
89892319,2026-08-04T08:08:09.969188700Z,2026-08-04T08:09:22.455564500Z,EPISODE_TYPE_PUBLIC,COMPLETED,55233969,16663513,2318,341.1050278458628,55118662,16621716,12967,457.80466704385105
89895358,2026-08-04T08:28:10.126894200Z,2026-08-04T08:29:23.238007800Z,EPISODE_TYPE_PUBLIC,COMPLETED,55118395,16621585,23236,532.014185688752,55234019,16656689,46892,675.297072733091
89897193,2026-08-04T08:40:10.766035700Z,2026-08-04T08:41:08.404418900Z,EPISODE_TYPE_PUBLIC,COMPLETED,55117284,16622422,6247,381.6153761903497,55234732,16658319,6087,268.0622643957613
89897202,2026-08-04T08:40:10.773266600Z,2026-08-04T08:41:20.737120500Z,EPISODE_TYPE_PUBLIC,COMPLETED,55117284,16622422,6259,376.91984173076423,55234559,16656932,9892,470.3992680562702
89898388,2026-08-04T08:48:13.128768400Z,2026-08-04T08:49:26.123047700Z,EPISODE_TYPE_PUBLIC,COMPLETED,55115388,16621402,35232,576.3035088326592,55234950,16658366,27284,407.8187957977642
89898417,2026-08-04T08:48:13.160446400Z,2026-08-04T08:49:17.195352300Z,EPISODE_TYPE_PUBLIC,COMPLETED,55234685,16656011,23590,418.06335235986865,55118395,16621585,26218,535.0955988773111
89901478,2026-08-04T09:08:10.177670900Z,2026-08-04T09:09:19.756433200Z,EPISODE_TYPE_PUBLIC,COMPLETED,55235658,16656107,8819,494.6810886321307,55134735,16622820,56912,615.0774917499286
89902119,2026-08-04T09:12:10.688219600Z,2026-08-04T09:13:13.454064800Z,EPISODE_TYPE_PUBLIC,COMPLETED,55115388,16621402,26559,572.5776101154662,55235317,16628727,32604,643.3373738874556
89903302,2026-08-04T09:20:09.585066100Z,2026-08-04T09:21:16.706861700Z,EPISODE_TYPE_PUBLIC,COMPLETED,55235870,16656946,9513,470.30422763052013,55116223,16622032,48355,535.8464137307157
89904536,2026-08-04T09:28:09.674590400Z,2026-08-04T09:29:30.615283Z,EPISODE_TYPE_PUBLIC,COMPLETED,55135182,16627906,93614,736.0276292878783,55236007,16654235,12541,593.8643731322243
89905165,2026-08-04T09:32:10.823658Z,2026-08-04T09:33:26.304498800Z,EPISODE_TYPE_PUBLIC,COMPLETED,55116223,16622032,29216,533.0764193475429,55235832,16658213,106577,682.5588988863126
89905206,2026-08-04T09:32:10.872613100Z,2026-08-04T09:33:12.562204900Z,EPISODE_TYPE_PUBLIC,COMPLETED,55235733,16657646,62399,590.4267466286387,55118662,16621716,14375,454.96066113525546
89909460,2026-08-04T10:00:10.246180200Z,2026-08-04T10:01:35.569375700Z,EPISODE_TYPE_PUBLIC,COMPLETED,55236826,16630725,2938,495.6191579974133,55134735,16622820,61118,618.2741550362579
89913763,2026-08-04T10:28:09.854893600Z,2026-08-04T10:29:29.575102100Z,EPISODE_TYPE_PUBLIC,COMPLETED,55237299,16654403,176083,669.8555401602132,55118662,16621716,18401,452.8213352178489
89913827,2026-08-04T10:28:09.952514300Z,2026-08-04T10:29:11.473897Z,EPISODE_TYPE_PUBLIC,COMPLETED,55235775,16658801,58466,633.7717681488269,55116223,16622032,28453,529.8820654210625
89915662,2026-08-04T10:40:10.141315400Z,2026-08-04T10:41:12.851767300Z,EPISODE_TYPE_PUBLIC,COMPLETED,55134274,16625611,2812,450.9475516343545,55237349,16658116,25758,526.8178761301928
89916938,2026-08-04T10:48:10.829241500Z,2026-08-04T10:49:39.421004500Z,EPISODE_TYPE_PUBLIC,COMPLETED,55115827,16621290,4686,367.236353298666,55236599,16659387,7106,411.1701353949817
89917547,2026-08-04T10:52:10.825019900Z,2026-08-04T10:53:06.937553900Z,EPISODE_TYPE_PUBLIC,COMPLETED,55237495,16657276,11853,516.0067425080448,55117284,16622422,6259,373.21517523688044
89920668,2026-08-04T11:12:10.060297300Z,2026-08-04T11:13:15.472502900Z,EPISODE_TYPE_PUBLIC,COMPLETED,55118533,16621770,1027,201.5876471003815,55185866,16633932,972,191.50000503740085
89921860,2026-08-04T11:20:09.641663800Z,2026-08-04T11:21:40.299912600Z,EPISODE_TYPE_PUBLIC,COMPLETED,55116223,16622032,47431,533.8473098599898,55238329,16654704,41528,473.5801670315594
89922447,2026-08-04T11:24:14.058057600Z,2026-08-04T11:25:52.165885700Z,EPISODE_TYPE_PUBLIC,COMPLETED,55135182,16627906,71248,734.1326763862774,55238320,16640869,151256,977.342380152405
89922459,2026-08-04T11:24:14.066275500Z,2026-08-04T11:25:36.778659300Z,EPISODE_TYPE_PUBLIC,COMPLETED,55238367,16630797,174513,852.7308917594921,55134735,16622820,38135,616.3177393723072
89922464,2026-08-04T11:24:14.073104200Z,2026-08-04T11:25:42.952158100Z,EPISODE_TYPE_PUBLIC,COMPLETED,55134735,16622820,31201,613.5068034100487,55238446,16658973,116418,767.813523147401
89923085,2026-08-04T11:28:12.614128600Z,2026-08-04T11:29:32.805348500Z,EPISODE_TYPE_PUBLIC,COMPLETED,55238429,16658937,85306,915.7692474181895,55135182,16627906,39952,731.6561789449944
89926247,2026-08-04T11:48:10.170496200Z,2026-08-04T11:49:24.310023500Z,EPISODE_TYPE_PUBLIC,COMPLETED,55239001,16659688,23877,564.6323632783334,55117284,16622422,6220,370.11249935476184
89927531,2026-08-04T11:56:10.350486Z,2026-08-04T11:57:13.423186700Z,EPISODE_TYPE_PUBLIC,COMPLETED,55118395,16621585,41766,531.4153680041929,55238738,16659727,60938,603.1818043156267
89929340,2026-08-04T12:08:09.985848500Z,2026-08-04T12:09:04.776040100Z,EPISODE_TYPE_PUBLIC,COMPLETED,55239500,16655424,4697,470.93012696318317,55116223,16622032,48296,537.8000747217422
89930594,2026-08-04T12:16:10.332872300Z,2026-08-04T12:17:38.125523800Z,EPISODE_TYPE_PUBLIC,COMPLETED,55239653,16660037,173540,712.8197953816114,55134735,16622820,43575,610.0516971764869
89931883,2026-08-04T12:24:14.179385900Z,2026-08-04T12:25:23.159351400Z,EPISODE_TYPE_PUBLIC,COMPLETED,55118395,16621585,48150,535.0726543333925,55239655,16655748,5879,450.397739990742
89933128,2026-08-04T12:32:09.962387400Z,2026-08-04T12:33:21.729658500Z,EPISODE_TYPE_PUBLIC,COMPLETED,55135047,16630315,43114,694.5329815317848,55239295,16659529,93422,833.8158631987113
89933725,2026-08-04T12:36:10.325999600Z,2026-08-04T12:37:27.988942200Z,EPISODE_TYPE_PUBLIC,COMPLETED,55135182,16627906,58868,729.7172213705751,55239781,16633226,167772,968.0453857645251
89933763,2026-08-04T12:36:10.371800400Z,2026-08-04T12:37:37.669200600Z,EPISODE_TYPE_PUBLIC,COMPLETED,55116223,16622032,48190,541.9160332076257,55239859,16659951,14153,491.7251216558601
89934392,2026-08-04T12:40:12.782419100Z,2026-08-04T12:41:44.881388600Z,EPISODE_TYPE_PUBLIC,COMPLETED,55239956,16657574,43778,523.5368736358769,55134735,16622820,50622,613.5896937525082
89937481,2026-08-04T13:00:09.981246300Z,2026-08-04T13:01:43.386318600Z,EPISODE_TYPE_PUBLIC,COMPLETED,55134735,16622820,34697,610.1338256553681,55240517,16654456,140572,712.8446725596744
89939975,2026-08-04T13:16:09.840541700Z,2026-08-04T13:17:19.491525800Z,EPISODE_TYPE_PUBLIC,COMPLETED,55135182,16627906,56150,726.00379351081,55240596,16659181,66785,806.6745258052223
89939986,2026-08-04T13:16:09.851913800Z,2026-08-04T13:17:25.177854400Z,EPISODE_TYPE_PUBLIC,COMPLETED,55118395,16621585,48555,539.0135319422549,55240920,16659804,13715,471.31828215959536
89940009,2026-08-04T13:16:09.888305100Z,2026-08-04T13:17:09.652381500Z,EPISODE_TYPE_PUBLIC,COMPLETED,55240710,16658383,6175,384.71813924951005,55118662,16621716,20760,456.658884643692
89940609,2026-08-04T13:20:11.699950400Z,2026-08-04T13:21:18.907459300Z,EPISODE_TYPE_PUBLIC,COMPLETED,55241003,16658522,3000,482.9718113916282,55115388,16621402,48864,576.1615983915976
89942581,2026-08-04T13:32:10.726909700Z,2026-08-04T13:33:29.587813700Z,EPISODE_TYPE_PUBLIC,COMPLETED,55240976,16658567,5020,382.0090080386218,55118533,16621770,893,194.31090913128494
89943121,2026-08-04T13:36:11.503603200Z,2026-08-04T13:37:17.716373100Z,EPISODE_TYPE_PUBLIC,COMPLETED,55241288,16659890,96160,701.8514098238566,55115388,16621402,38949,573.042398965742
89946930,2026-08-04T14:00:11.185730600Z,2026-08-04T14:01:35.427826700Z,EPISODE_TYPE_PUBLIC,COMPLETED,55115388,16621402,27241,573.4988010099756,55241797,16656107,29716,701.9836699988654
89946939,2026-08-04T14:00:11.197245100Z,2026-08-04T14:01:08.514602900Z,EPISODE_TYPE_PUBLIC,COMPLETED,55241853,16660735,4945,483.11340610778876,55115388,16621402,42923,576.6220509036909
89946975,2026-08-04T14:00:11.270199700Z,2026-08-04T14:01:50.862508400Z,EPISODE_TYPE_PUBLIC,COMPLETED,55134274,16625611,24636,455.515040726135,55241535,16660978,3000,343.54946667779626
89947638,2026-08-04T14:04:18.586034500Z,2026-08-04T14:05:35.277365200Z,EPISODE_TYPE_PUBLIC,COMPLETED,55241639,16641665,2049,385.5293351899561,55118533,16621770,1000,180.80536183103783
89947645,2026-08-04T14:04:18.679251800Z,2026-08-04T14:05:30.356159100Z,EPISODE_TYPE_PUBLIC,COMPLETED,55241465,16660678,4683,372.47832085574777,55118533,16621770,606,187.15692245894974
89948901,2026-08-04T14:12:10.341099Z,2026-08-04T14:13:32.384362400Z,EPISODE_TYPE_PUBLIC,COMPLETED,55241616,16660990,2990,260.1039103009101,55115827,16621290,4847,371.6698023293564
89949477,2026-08-04T14:16:10.030772Z,2026-08-04T14:17:18.275467400Z,EPISODE_TYPE_PUBLIC,COMPLETED,55242157,16661390,5879,472.56352625400996,55118395,16621585,47878,542.9162739507258
89950176,2026-08-04T14:20:10.360360700Z,2026-08-04T14:21:33.889248600Z,EPISODE_TYPE_PUBLIC,COMPLETED,55241784,16660121,34065,464.3119168075533,55116223,16622032,37179,545.4610323613748
89952058,2026-08-04T14:32:09.970606300Z,2026-08-04T14:33:28.518308300Z,EPISODE_TYPE_PUBLIC,COMPLETED,55242562,16656919,6811,517.5185356583992,55135047,16630315,88516,697.0589763772464
89953998,2026-08-04T14:44:13.467704500Z,2026-08-04T14:45:31.185686Z,EPISODE_TYPE_PUBLIC,COMPLETED,55242686,16654271,3000,324.8944714235239,55118662,16621716,12928,459.6086210091421
89954603,2026-08-04T14:48:12.870592200Z,2026-08-04T14:49:33.785988600Z,EPISODE_TYPE_PUBLIC,COMPLETED,55242805,16622367,140910,802.9338837915301,55135047,16630315,69742,693.7803446044951
89955263,2026-08-04T14:52:10.749165Z,2026-08-04T14:53:25.935689Z,EPISODE_TYPE_PUBLIC,COMPLETED,55242901,16660285,3000,367.67942268081924,55134274,16625611,24700,460.43495027943834
89955847,2026-08-04T14:56:10.547286400Z,2026-08-04T14:57:35.928590Z,EPISODE_TYPE_PUBLIC,COMPLETED,55242983,16623812,138856,849.629599717019,55135182,16627906,42742,722.8590664249558
89958495,2026-08-04T15:12:10.187876200Z,2026-08-04T15:13:35.481697200Z,EPISODE_TYPE_PUBLIC,COMPLETED,55243377,16659555,164981,785.2484603588564,55134735,16622820,41983,607.5872984629095
89958509,2026-08-04T15:12:10.203998500Z,2026-08-04T15:13:24.287323700Z,EPISODE_TYPE_PUBLIC,COMPLETED,55115388,16621402,31667,570.4029797845601,55243479,16632493,152903,701.0880400135677
89960501,2026-08-04T15:24:13.966104200Z,2026-08-04T15:25:44.464639700Z,EPISODE_TYPE_PUBLIC,COMPLETED,55243611,16632493,175662,817.8106800696667,55134735,16622820,39613,605.4026148128933
89961187,2026-08-04T15:28:11.085285200Z,2026-08-04T15:29:32.623194600Z,EPISODE_TYPE_PUBLIC,COMPLETED,55115388,16621402,32060,568.5771335966996,55243697,16653262,180508,819.6177358057686
89961885,2026-08-04T15:32:10.237953600Z,2026-08-04T15:33:30.441791300Z,EPISODE_TYPE_PUBLIC,COMPLETED,55115388,16621402,19773,564.7483954935526,55243475,16640399,65321,628.6289523400053
89962469,2026-08-04T15:36:10.561156800Z,2026-08-04T15:37:39.620526Z,EPISODE_TYPE_PUBLIC,COMPLETED,55243928,16659951,31962,600.6727975768746,55135182,16627906,53071,726.0216740470806
89963168,2026-08-04T15:40:09.824788800Z,2026-08-04T15:41:19.410162Z,EPISODE_TYPE_PUBLIC,COMPLETED,55243889,16661252,3375,322.1918120565087,55118662,16621716,16123,462.489309552307
89963195,2026-08-04T15:40:09.838485500Z,2026-08-04T15:41:30.289208200Z,EPISODE_TYPE_PUBLIC,COMPLETED,55134274,16625611,7564,456.99157197810337,55243475,16640399,69980,613.8869930048472
89964417,2026-08-04T15:48:43.123171700Z,2026-08-04T15:49:55.737166300Z,EPISODE_TYPE_PUBLIC,COMPLETED,55244213,16657159,6793,517.3224857936368,55135047,16630315,82566,696.3123434770649
89964464,2026-08-04T15:48:43.189639Z,2026-08-04T15:50:25.050045500Z,EPISODE_TYPE_PUBLIC,COMPLETED,55243439,16656460,63372,709.566284788943,55135182,16627906,65518,730.4473506570282
89969511,2026-08-04T16:20:40.158132800Z,2026-08-04T16:22:20.067380300Z,EPISODE_TYPE_PUBLIC,COMPLETED,55244715,16661670,156120,885.4896465188773,55135182,16627906,56021,727.6771984993426
89970221,2026-08-04T16:24:45.781178500Z,2026-08-04T16:25:55.057331900Z,EPISODE_TYPE_PUBLIC,COMPLETED,55244696,16661287,50771,574.234089424957,55118662,16621716,5438,459.377551364997
89971503,2026-08-04T16:32:40.586397100Z,2026-08-04T16:34:17.437182300Z,EPISODE_TYPE_PUBLIC,COMPLETED,55135047,16630315,77991,692.7346115089399,55244930,16654855,98004,776.7779985453119
89972142,2026-08-04T16:36:43.947561900Z,2026-08-04T16:38:11.377308Z,EPISODE_TYPE_PUBLIC,COMPLETED,55116223,16622032,44377,549.3016986152876,55245281,16661002,10206,474.59048966815214
89972772,2026-08-04T16:40:43.074372100Z,2026-08-04T16:41:56.407096800Z,EPISODE_TYPE_PUBLIC,COMPLETED,55134735,16622820,37201,602.7090912704004,55245235,16661739,164827,767.2004004670455
89972804,2026-08-04T16:40:43.139596600Z,2026-08-04T16:42:03.685680800Z,EPISODE_TYPE_PUBLIC,COMPLETED,55245298,16631609,56352,609.3592224300833,55115388,16621402,36557,560.5703557828581
89973442,2026-08-04T16:44:44.871869400Z,2026-08-04T16:46:12.715876600Z,EPISODE_TYPE_PUBLIC,COMPLETED,55245373,16662039,4216,564.1031524413726,55118662,16621716,3077,456.03821122025926
89975962,2026-08-04T17:00:42.058899700Z,2026-08-04T17:02:04.217996Z,EPISODE_TYPE_PUBLIC,COMPLETED,55134735,16622820,55619,605.3322731768711,55245755,16662039,5737,439.05488146900785
89976618,2026-08-04T17:04:45.046892600Z,2026-08-04T17:06:16.941083800Z,EPISODE_TYPE_PUBLIC,COMPLETED,55135182,16627906,60119,730.2146008212818,55245574,16661287,29936,556.3146654156263
89978586,2026-08-04T17:16:41.162618800Z,2026-08-04T17:17:39.485693100Z,EPISODE_TYPE_PUBLIC,COMPLETED,55117284,16622422,6259,365.8146662697765,55245740,16654348,7264,471.0882514041983
89978591,2026-08-04T17:16:41.166525400Z,2026-08-04T17:17:59.435617400Z,EPISODE_TYPE_PUBLIC,COMPLETED,55245589,16659958,36139,615.3648779553222,55115388,16621402,15094,556.7204668099602
89978604,2026-08-04T17:16:41.184502900Z,2026-08-04T17:17:55.348612800Z,EPISODE_TYPE_PUBLIC,COMPLETED,55135182,16627906,46967,726.652528045781,55245001,16644145,94337,800.9448525941249
89981098,2026-08-04T17:32:42.117250500Z,2026-08-04T17:34:12.032649200Z,EPISODE_TYPE_PUBLIC,COMPLETED,55246436,16662167,44064,694.269537981777,55116223,16622032,28222,546.4146940145956
89982430,2026-08-04T17:40:40.678220900Z,2026-08-04T17:42:03.887691800Z,EPISODE_TYPE_PUBLIC,COMPLETED,55245982,16659890,91430,748.9406151159956,55134735,16622820,34950,602.6227731248447
89983133,2026-08-04T17:44:43.336903600Z,2026-08-04T17:46:02.959082800Z,EPISODE_TYPE_PUBLIC,COMPLETED,55241288,16659890,77896,784.072186669824,55135047,16630315,74637,689.4744885646716
89983707,2026-08-04T17:48:41.439788Z,2026-08-04T17:49:38.303370400Z,EPISODE_TYPE_PUBLIC,COMPLETED,55246686,16662615,3101,388.0934889659635,55118395,16621585,49010,545.6399855865626
89985006,2026-08-04T17:56:41.929654600Z,2026-08-04T17:57:55.074849900Z,EPISODE_TYPE_PUBLIC,COMPLETED,55117284,16622422,6259,371.2313846784012,55246726,16662547,3000,321.51966559961636
89990102,2026-08-04T18:28:43.061158400Z,2026-08-04T18:30:23.655915700Z,EPISODE_TYPE_PUBLIC,COMPLETED,55134735,16622820,45627,605.3834685774018,55247345,16655257,18334,450.99690048247135
89990189,2026-08-04T18:28:43.180166900Z,2026-08-04T18:30:01.787250300Z,EPISODE_TYPE_PUBLIC,COMPLETED,55115733,16621519,15,176.5204697775592,55243355,16622943,3000,316.06839465501565
89990787,2026-08-04T18:32:41.808796200Z,2026-08-04T18:33:48.579332Z,EPISODE_TYPE_PUBLIC,COMPLETED,55116223,16622032,48959,552.3343761158538,55247419,16661810,3000,433.10337750399077
89990809,2026-08-04T18:32:41.830581100Z,2026-08-04T18:33:41.204073900Z,EPISODE_TYPE_PUBLIC,COMPLETED,55116223,16622032,44772,549.1407526036753,55247430,16662653,14632,396.03167792853554
89992131,2026-08-04T18:40:44.688292900Z,2026-08-04T18:41:53.562866900Z,EPISODE_TYPE_PUBLIC,COMPLETED,55135047,16630315,73583,685.8396586632396,55246816,16660850,88581,755.6480544727929
89992762,2026-08-04T18:44:49.237063300Z,2026-08-04T18:46:11.548018700Z,EPISODE_TYPE_PUBLIC,COMPLETED,55134274,16625611,24700,460.5404899856364,55247521,16660371,4959,303.17235887584735
89993347,2026-08-04T18:48:41.358952400Z,2026-08-04T18:50:03.661459700Z,EPISODE_TYPE_PUBLIC,COMPLETED,55115388,16621402,47844,560.1912642770824,55247664,16655424,4596,465.2702287274784
89994025,2026-08-04T18:52:43.812066300Z,2026-08-04T18:53:59.893729300Z,EPISODE_TYPE_PUBLIC,COMPLETED,55247292,16660613,80115,615.9535436861473,55116223,16622032,48641,548.6420601908536
89996549,2026-08-04T19:08:41.446141600Z,2026-08-04T19:10:09.533926800Z,EPISODE_TYPE_PUBLIC,COMPLETED,55248107,16659555,150367,748.783754398407,55135182,16627906,62542,722.0960255673298
89998534,2026-08-04T19:20:41.951982700Z,2026-08-04T19:21:44.950916400Z,EPISODE_TYPE_PUBLIC,COMPLETED,55115733,16621519,31,169.4840439765921,55248042,16662060,4848,402.2376938539645
90000421,2026-08-04T19:32:43.069812700Z,2026-08-04T19:33:43.946857200Z,EPISODE_TYPE_PUBLIC,COMPLETED,55248508,16662791,11280,515.2403085122287,55135047,16630315,81462,688.4354242150525
90001094,2026-08-04T19:36:42.187934400Z,2026-08-04T19:37:47.465641400Z,EPISODE_TYPE_PUBLIC,COMPLETED,55135047,16630315,79163,683.9341118872858,55248332,16622420,84405,709.2371776851278
90001745,2026-08-04T19:40:44.808002700Z,2026-08-04T19:42:05.339153100Z,EPISODE_TYPE_PUBLIC,COMPLETED,55135182,16627906,72732,718.488634241343,55248445,16655323,72773,803.5698305552323
90001785,2026-08-04T19:40:44.848899600Z,2026-08-04T19:41:58.140706200Z,EPISODE_TYPE_PUBLIC,COMPLETED,55115388,16621402,28383,562.9710305943321,55248367,16661432,4959,424.4625105916288
90002418,2026-08-04T19:44:45.830675400Z,2026-08-04T19:45:57.982674500Z,EPISODE_TYPE_PUBLIC,COMPLETED,55248409,16663178,18062,612.5538889863417,55134735,16622820,44824,610.2189649824877
90002462,2026-08-04T19:44:45.883704400Z,2026-08-04T19:45:44.411235100Z,EPISODE_TYPE_PUBLIC,COMPLETED,55115827,16621290,5003,378.43661501435014,55247252,16659900,4712,389.0748059083951
90003042,2026-08-04T19:48:43.317628300Z,2026-08-04T19:50:50.619533400Z,EPISODE_TYPE_PUBLIC,COMPLETED,55134735,16622820,58639,616.4583536268151,55248685,16663210,4829,526.4140671471831
90003057,2026-08-04T19:48:43.336634500Z,2026-08-04T19:50:06.313293700Z,EPISODE_TYPE_PUBLIC,COMPLETED,55134735,16622820,41564,612.9202386011292,55248586,16662722,40,461.89131558391205
90003748,2026-08-04T19:52:44.054258100Z,2026-08-04T19:53:49.113333400Z,EPISODE_TYPE_PUBLIC,COMPLETED,55118395,16621585,38904,549.3810710274289,55248360,16656776,34319,485.3993276381419
90005008,2026-08-04T20:00:46.504014100Z,2026-08-04T20:02:00.151121200Z,EPISODE_TYPE_PUBLIC,COMPLETED,55248698,16654710,21742,461.65749830588413,55118395,16621585,43840,552.8144338716469
90005608,2026-08-04T20:04:47.955088100Z,2026-08-04T20:06:20.940506700Z,EPISODE_TYPE_PUBLIC,COMPLETED,55248975,16663099,26084,514.7369234607709,55135047,16630315,70194,686.5452936062997
90008232,2026-08-04T20:20:41.405089700Z,2026-08-04T20:21:54.963787200Z,EPISODE_TYPE_PUBLIC,COMPLETED,55117284,16622422,4991,367.43288457263964,55249118,16654332,52400,502.20016377750056
90008304,2026-08-04T20:20:41.491851900Z,2026-08-04T20:21:56.538992500Z,EPISODE_TYPE_PUBLIC,COMPLETED,55117284,16622422,6212,371.582213578143,55243973,16661152,6049,270.1970271459568
90008325,2026-08-04T20:20:41.499868200Z,2026-08-04T20:21:39.639001500Z,EPISODE_TYPE_PUBLIC,COMPLETED,55134274,16625611,1047,455.3603826002609,55243432,16661410,36832,509.5568219395175
90009538,2026-08-04T20:28:41.278508400Z,2026-08-04T20:29:38.902346500Z,EPISODE_TYPE_PUBLIC,COMPLETED,55115827,16621290,4522,374.4026444929573,55249112,16662718,35921,496.674172484685
90009602,2026-08-04T20:28:41.364047100Z,2026-08-04T20:30:01.009040900Z,EPISODE_TYPE_PUBLIC,COMPLETED,55118662,16621716,12963,452.5420045037259,55240655,16658670,22225,531.8859452555695
90010141,2026-08-04T20:32:43.137148Z,2026-08-04T20:34:05.056143900Z,EPISODE_TYPE_PUBLIC,COMPLETED,55116223,16622032,40516,545.8863103692548,55249263,16655142,83600,700.6938651182185
90011497,2026-08-04T20:40:43.242149800Z,2026-08-04T20:41:41.465976600Z,EPISODE_TYPE_PUBLIC,COMPLETED,55115388,16621402,22538,559.5011457270434,55249035,16662995,53687,640.8057079054205
90016034,2026-08-04T21:08:43.532069400Z,2026-08-04T21:10:06.482203600Z,EPISODE_TYPE_PUBLIC,COMPLETED,55244780,16658202,20804,582.1319312158452,55115388,16621402,23403,564.5337375499666
90018535,2026-08-04T21:24:46.674379200Z,2026-08-04T21:25:59.797814800Z,EPISODE_TYPE_PUBLIC,COMPLETED,55250023,16662949,88302,812.6698610614673,55135182,16627906,51131,715.0099715789032
90023209,2026-08-04T21:53:01.912787200Z,2026-08-04T21:54:10.297864200Z,EPISODE_TYPE_PUBLIC,COMPLETED,55135047,16630315,75254,682.8009859713114,55246363,16657016,96837,742.2550971940057
90024423,2026-08-04T22:00:57.802965600Z,2026-08-04T22:02:16.855373200Z,EPISODE_TYPE_PUBLIC,COMPLETED,55250608,16663658,14246,639.6131341491723,55118662,16621716,10439,450.2249766321054
90025104,2026-08-04T22:04:58.534667500Z,2026-08-04T22:06:13.594528300Z,EPISODE_TYPE_PUBLIC,COMPLETED,55250608,16663658,13311,545.6381208340546,55116223,16622032,40689,550.6779603717946
90028572,2026-08-04T22:25:00.316486100Z,2026-08-04T22:28:13.501534200Z,EPISODE_TYPE_PUBLIC,COMPLETED,55250652,16632675,504,366.0998329321975,55118662,16621716,22105,453.65592454717523
90029244,2026-08-04T22:28:58.332372300Z,2026-08-04T22:30:17.337639500Z,EPISODE_TYPE_PUBLIC,COMPLETED,55250627,16663498,76631,667.0517690617235,55135047,16630315,61904,677.862602388333
90029858,2026-08-04T22:32:58.198191600Z,2026-08-04T22:34:24.266025600Z,EPISODE_TYPE_PUBLIC,COMPLETED,55251038,16658287,137905,894.5562282728073,55135182,16627906,54622,712.5111695026613
90031349,2026-08-04T22:40:58.454830Z,2026-08-04T22:42:06.173079200Z,EPISODE_TYPE_PUBLIC,COMPLETED,55117284,16622422,6259,376.68635185501336,55240673,16660291,3938,334.44229353140065
90031991,2026-08-04T22:44:59.251865300Z,2026-08-04T22:46:05.202597600Z,EPISODE_TYPE_PUBLIC,COMPLETED,55115388,16621402,17324,559.913891133139,55250983,16663649,28040,568.5825088092415
90032032,2026-08-04T22:44:59.295682500Z,2026-08-04T22:46:08.494714Z,EPISODE_TYPE_PUBLIC,COMPLETED,55117284,16622422,6259,381.43033486015247,55247424,16661576,722,324.6565377987879
90032621,2026-08-04T22:48:58.510939700Z,2026-08-04T22:50:29.479440100Z,EPISODE_TYPE_PUBLIC,COMPLETED,55251319,16622919,175837,766.0998198604574,55134735,16622820,38132,613.6259414020222
90032724,2026-08-04T22:48:58.632935300Z,2026-08-04T22:50:02.341368900Z,EPISODE_TYPE_PUBLIC,COMPLETED,55117284,16622422,6259,385.5897090098778,55237498,16659018,4724,299.5973566676888
90035382,2026-08-04T23:04:59.181962300Z,2026-08-04T23:05:54.960448100Z,EPISODE_TYPE_PUBLIC,COMPLETED,55116223,16622032,46688,554.1316947070567,55251371,16624921,18775,464.42554233540335
90044875,2026-08-05T00:00:58.918962700Z,2026-08-05T00:02:18.549790700Z,EPISODE_TYPE_PUBLIC,COMPLETED,55252364,16657172,93527,651.6908113982323,55115388,16621402,38909,556.4029910956945
90049834,2026-08-05T00:28:58.852955500Z,2026-08-05T00:30:11.213490300Z,EPISODE_TYPE_PUBLIC,COMPLETED,55252471,16659080,14062,508.82870156046187,55118395,16621585,32595,556.8074798489226
90051166,2026-08-05T00:36:59.059799700Z,2026-08-05T00:37:58.817013Z,EPISODE_TYPE_PUBLIC,COMPLETED,55118662,16621716,19683,450.45885289092433,55253577,16654267,36098,569.4220895278007
90055955,2026-08-05T01:04:59.595170500Z,2026-08-05T01:06:25.163446800Z,EPISODE_TYPE_PUBLIC,COMPLETED,55135182,16627906,66110,709.6305419982506,55253934,16654761,82667,853.9515020074878
90056720,2026-08-05T01:08:59.560821100Z,2026-08-05T01:10:10.485130300Z,EPISODE_TYPE_PUBLIC,COMPLETED,55253643,16655156,85202,845.2220027367829,55135182,16627906,42981,706.9416634977799
90058091,2026-08-05T01:17:01.196535600Z,2026-08-05T01:18:25.256862400Z,EPISODE_TYPE_PUBLIC,COMPLETED,55253758,16661210,97322,844.9569207494643,55135182,16627906,28957,704.2797131359523
90058721,2026-08-05T01:21:01.721797100Z,2026-08-05T01:22:25.724872300Z,EPISODE_TYPE_PUBLIC,COMPLETED,55254212,16653068,107950,741.2272020811034,55134735,16622820,42718,610.6247145920807
90060152,2026-08-05T01:29:00.114332200Z,2026-08-05T01:30:19.630569700Z,EPISODE_TYPE_PUBLIC,COMPLETED,55118662,16621716,10348,447.9018453599171,55254357,16654974,58282,603.5514107970072
90060792,2026-08-05T01:33:01.311309100Z,2026-08-05T01:34:28.603529500Z,EPISODE_TYPE_PUBLIC,COMPLETED,55254644,16639625,140661,807.0597917161546,55135182,16627906,49735,700.869955501359
90065535,2026-08-05T02:00:59.405844300Z,2026-08-05T02:02:28.012183400Z,EPISODE_TYPE_PUBLIC,COMPLETED,55134735,16622820,52017,613.8930996684668,55255098,16655881,26253,503.967026707337
90066892,2026-08-05T02:08:59.435537400Z,2026-08-05T02:10:07.315394Z,EPISODE_TYPE_PUBLIC,COMPLETED,55255331,16662933,24274,585.5508113069858,55117284,16622422,5881,382.9249417283374
90070227,2026-08-05T02:29:00.329827200Z,2026-08-05T02:30:03.093142600Z,EPISODE_TYPE_PUBLIC,COMPLETED,55255758,16633173,88273,696.3615400975476,55118395,16621585,35937,553.8564076834352
90070913,2026-08-05T02:32:58.662075900Z,2026-08-05T02:34:00.918007100Z,EPISODE_TYPE_PUBLIC,COMPLETED,55134274,16625611,5163,451.5934385420638,55255812,16663999,51930,596.3390694301896
90072251,2026-08-05T02:40:58.499392Z,2026-08-05T02:42:36.413198700Z,EPISODE_TYPE_PUBLIC,COMPLETED,55135182,16627906,72283,703.3456744131278,55255981,16639606,22898,519.1601987993873
90077615,2026-08-05T03:13:00.289896900Z,2026-08-05T03:14:22.252501600Z,EPISODE_TYPE_PUBLIC,COMPLETED,55135047,16630315,49773,675.8277428003466,55256397,16657091,158957,903.7813711097226
90078310,2026-08-05T03:16:58.802910100Z,2026-08-05T03:18:18.669404500Z,EPISODE_TYPE_PUBLIC,COMPLETED,55256711,16657871,114242,695.6133451631933,55116223,16622032,36269,551.2035360114339
90078992,2026-08-05T03:20:58.440599300Z,2026-08-05T03:22:18.105817400Z,EPISODE_TYPE_PUBLIC,COMPLETED,55118395,16621585,31700,550.9306017296286,55256782,16624309,178437,695.5365209406235
90079671,2026-08-05T03:24:59.674085900Z,2026-08-05T03:25:57.059083300Z,EPISODE_TYPE_PUBLIC,COMPLETED,55116223,16622032,48877,554.9892479384874,55256836,16654067,3000,476.38491666763974
90081025,2026-08-05T03:33:00.835662900Z,2026-08-05T03:34:46.387384Z,EPISODE_TYPE_PUBLIC,COMPLETED,55257032,16655062,4751,495.27511601020746,55134735,16622820,56150,617.1002992406542
90085791,2026-08-05T04:01:02.017627300Z,2026-08-05T04:02:56.315466800Z,EPISODE_TYPE_PUBLIC,COMPLETED,55257009,16663766,88539,741.6912029837073,55135047,16630315,75243,672.1487359462752
90087156,2026-08-05T04:08:58.414692900Z,2026-08-05T04:09:56.876183100Z,EPISODE_TYPE_PUBLIC,COMPLETED,55257644,16653078,494,379.5318235876455,55134274,16625611,24700,456.4676920204431
90087886,2026-08-05T04:12:58.934720500Z,2026-08-05T04:14:20.992628600Z,EPISODE_TYPE_PUBLIC,COMPLETED,55257598,16664129,3000,279.95844459890117,55115827,16621290,6057,378.85046610171605
