episode_id,seat,final_money,peak_crew,total_hires,first_land_day,elbow_day,tiles_planted,plants_carrot,plants_melon,plants_north,plants_plant,plants_strawberry,plants_tomato,plants_west,plants_wheat,price_carrot_max,price_carrot_min,price_egg_max,price_egg_min,price_fertilizer_max,price_fertilizer_min,price_melon_max,price_melon_min,price_milk_max,price_milk_min,price_strawberry_max,price_strawberry_min,price_tomato_max,price_tomato_min,price_wheat_max,price_wheat_min,price_wool_max,price_wool_min
89004648,0,4127.0,2,60,,0.0,9,0,0,0,0,0,9,0,0,42,35,67,50,100,100,293,250,361,160,321,120,108,60,51,25,248,200
89004648,1,4127.0,2,60,,0.0,9,0,0,0,0,0,9,0,0,42,35,67,50,100,100,293,250,361,160,321,120,108,60,51,25,248,200
89004697,0,6296.0,8,192,0.0,0.0,266,147,119,0,0,0,0,0,0,41,35,69,50,100,100,277,1,340,160,314,120,98,60,51,25,250,200
89004697,1,6894.0,8,192,0.0,0.0,262,143,119,0,0,0,0,0,0,41,35,69,50,100,100,277,1,340,160,314,120,98,60,51,25,250,200
89005098,0,664.0,4,107,10.0,0.0,80,0,0,0,0,79,1,0,0,42,35,73,50,100,100,293,250,340,160,238,12,108,60,52,25,247,200
89005098,1,470.0,6,110,10.0,0.0,82,0,0,0,0,81,1,0,0,42,35,73,50,100,100,293,250,340,160,238,12,108,60,52,25,247,200
89005103,0,27698.0,7,203,,0.0,86,27,32,0,0,3,5,0,19,42,33,74,50,100,100,281,13,344,160,315,120,101,60,49,25,246,200
89005103,1,27698.0,7,203,,0.0,86,27,32,0,0,3,5,0,19,42,33,74,50,100,100,281,13,344,160,315,120,101,60,49,25,246,200
89005559,0,2300.0,0,0,,0.0,30,30,0,0,0,0,0,0,0,42,35,67,50,100,100,293,250,351,160,327,120,101,60,50,25,250,200
89005559,1,2300.0,0,0,,0.0,30,30,0,0,0,0,0,0,0,42,35,67,50,100,100,293,250,351,160,327,120,101,60,50,25,250,200
89005564,0,23794.0,0,0,,0.0,17,0,17,0,0,0,0,0,0,42,35,70,50,100,100,281,204,328,160,324,120,107,60,50,25,251,200
89005564,1,23794.0,0,0,,0.0,17,0,17,0,0,0,0,0,0,42,35,70,50,100,100,281,204,328,160,324,120,107,60,50,25,251,200
89006005,0,2300.0,0,0,,0.0,30,30,0,0,0,0,0,0,0,42,35,66,50,100,100,293,250,358,160,318,120,93,60,49,25,248,200
89006005,1,3846.0,2,60,,0.0,9,0,0,0,0,0,9,0,0,42,35,66,50,100,100,293,250,358,160,318,120,93,60,49,25,248,200
89006016,0,40969.0,10,254,14.0,13.0,162,40,19,0,0,8,14,0,81,40,29,71,50,100,100,281,138,351,160,304,120,96,60,36,22,248,200
89006016,1,41521.0,10,254,14.0,13.0,167,45,19,0,0,8,14,0,81,40,29,71,50,100,100,281,138,351,160,304,120,96,60,36,22,248,200
89006021,0,2300.0,0,0,,0.0,30,30,0,0,0,0,0,0,0,42,35,67,50,100,100,293,250,351,160,327,120,101,60,50,25,250,200
89006021,1,2300.0,0,0,,0.0,30,30,0,0,0,0,0,0,0,42,35,67,50,100,100,293,250,351,160,327,120,101,60,50,25,250,200
89006464,0,28157.0,10,254,14.0,0.0,158,50,19,0,0,8,11,0,70,40,33,74,50,100,100,277,1,328,160,327,120,96,60,45,25,251,200
89006464,1,17093.0,8,192,0.0,0.0,262,143,119,0,0,0,0,0,0,40,33,74,50,100,100,277,1,328,160,327,120,96,60,45,25,251,200
89006465,0,2423.0,2,44,0.0,0.0,88,0,0,0,0,0,88,0,0,42,35,67,50,100,100,293,250,354,160,308,120,75,60,49,25,252,200
89006465,1,1579.0,2,46,0.0,0.0,101,0,0,0,0,0,101,0,0,42,35,67,50,100,100,293,250,354,160,308,120,75,60,49,25,252,200
89006909,0,44.0,2,39,0.0,0.0,93,0,0,0,0,0,93,0,0,42,35,70,50,100,100,293,250,311,160,278,120,89,60,50,25,251,200
89006909,1,419.0,4,107,10.0,0.0,82,0,0,0,0,81,1,0,0,42,35,70,50,100,100,293,250,311,160,278,120,89,60,50,25,251,200
89006914,0,27932.0,7,210,,0.0,144,90,20,0,0,0,0,0,34,40,23,74,50,100,100,278,86,340,160,308,120,109,60,47,23,247,200
89006914,1,27932.0,7,210,,0.0,144,90,20,0,0,0,0,0,34,40,23,74,50,100,100,278,86,340,160,308,120,109,60,47,23,247,200
89006916,0,3514.0,4,100,10.0,0.0,78,0,0,0,0,0,78,0,0,42,35,73,50,100,100,293,250,336,160,333,120,69,46,51,25,248,200
89006916,1,3447.0,4,100,10.0,0.0,74,0,0,0,0,0,74,0,0,42,35,73,50,100,100,293,250,336,160,333,120,69,46,51,25,248,200
89007360,0,20404.0,0,0,,0.0,17,0,17,0,0,0,0,0,0,42,35,64,50,100,100,281,70,347,160,316,120,103,60,49,25,250,200
89007360,1,38514.0,7,203,,13.0,86,27,32,0,0,3,5,0,19,42,35,64,50,100,100,281,70,347,160,316,120,103,60,49,25,250,200
89007361,0,20469.0,7,177,12.0,0.0,63,27,9,0,0,4,8,0,15,41,32,73,50,100,100,282,243,344,160,289,120,94,60,47,25,252,200
89007361,1,22081.0,7,177,12.0,0.0,78,33,10,0,0,3,7,0,25,41,32,73,50,100,100,282,243,344,160,289,120,94,60,47,25,252,200
89007807,0,2300.0,0,0,,0.0,30,30,0,0,0,0,0,0,0,42,35,65,50,100,100,289,250,354,160,299,120,104,60,49,25,250,200
89007807,1,21662.0,7,177,12.0,0.0,76,35,9,0,0,3,6,0,23,42,35,65,50,100,100,289,250,354,160,299,120,104,60,49,25,250,200
89007813,0,6517.0,8,192,0.0,0.0,260,141,119,0,0,0,0,0,0,42,35,69,50,100,100,277,1,340,160,314,120,98,60,51,25,250,200
89007813,1,7058.0,8,192,0.0,0.0,270,151,119,0,0,0,0,0,0,42,35,69,50,100,100,277,1,340,160,314,120,98,60,51,25,250,200
89007853,0,30641.0,5,111,16.0,8.0,89,26,12,0,0,3,7,0,41,41,32,74,50,100,100,281,243,332,160,327,120,99,60,45,23,250,200
89007853,1,31848.0,5,116,15.0,8.0,96,30,12,0,0,3,7,0,44,41,32,74,50,100,100,281,243,332,160,327,120,99,60,45,23,250,200
89008254,0,21529.0,0,0,,0.0,17,0,17,0,0,0,0,0,0,41,28,69,50,100,100,278,189,354,160,330,120,105,60,48,24,247,200
89008254,1,32455.0,7,210,,10.0,144,90,20,0,0,0,0,0,34,41,28,69,50,100,100,278,189,354,160,330,120,105,60,48,24,247,200
89008697,0,4625.0,4,100,10.0,0.0,74,0,0,0,0,0,74,0,0,41,32,73,50,100,100,288,250,347,160,292,120,81,60,48,25,251,200
89008697,1,29182.0,5,113,16.0,0.0,89,24,10,0,0,3,9,0,43,41,32,73,50,100,100,288,250,347,160,292,120,81,60,48,25,251,200
89008699,0,6952.0,4,29,0.0,0.0,337,49,272,0,0,0,0,0,16,42,35,69,50,100,100,281,242,336,160,321,120,96,60,49,25,253,200
89008699,1,12894.0,5,67,0.0,0.0,238,134,89,0,0,0,0,0,15,42,35,69,50,100,100,281,242,336,160,321,120,96,60,49,25,253,200
89009154,0,17545.0,8,192,0.0,0.0,267,148,119,0,0,0,0,0,0,41,33,66,50,100,100,277,1,340,160,319,120,90,60,41,23,252,200
89009154,1,27602.0,10,254,14.0,0.0,165,63,18,0,0,4,14,0,66,41,33,66,50,100,100,277,1,340,160,319,120,90,60,41,23,252,200
89009207,0,27698.0,7,203,,0.0,86,27,32,0,0,3,5,0,19,42,33,74,50,100,100,281,13,344,160,315,120,101,60,49,25,246,200
89009207,1,27698.0,7,203,,0.0,86,27,32,0,0,3,5,0,19,42,33,74,50,100,100,281,13,344,160,315,120,101,60,49,25,246,200
89009657,0,4961.0,4,100,10.0,0.0,78,0,0,0,0,0,78,0,0,42,35,68,50,100,100,288,250,368,160,327,120,87,60,51,25,246,200
89009657,1,12970.0,5,67,0.0,0.0,384,119,252,0,0,0,0,0,13,42,35,68,50,100,100,288,250,368,160,327,120,87,60,51,25,246,200
89010550,0,5616.0,4,100,10.0,0.0,74,0,0,0,0,0,74,0,0,42,35,67,50,100,100,281,219,365,160,319,120,83,60,49,25,246,200
89010550,1,48979.0,7,203,,13.0,86,27,32,0,0,3,5,0,19,42,35,67,50,100,100,281,219,365,160,319,120,83,60,49,25,246,200
89010551,0,200.0,0,0,,0.0,0,0,0,0,0,0,0,0,0,42,35,71,50,100,100,293,250,320,160,294,120,105,60,50,25,253,200
89010551,1,200.0,0,0,,0.0,0,0,0,0,0,0,0,0,0,42,35,71,50,100,100,293,250,320,160,294,120,105,60,50,25,253,200
89010553,0,30528.0,7,177,12.0,10.0,88,38,13,0,0,5,6,0,26,41,31,73,50,100,100,280,242,336,160,292,120,96,60,47,25,250,200
89010553,1,28132.0,7,177,12.0,0.0,89,38,12,0,0,3,9,0,27,41,31,73,50,100,100,280,242,336,160,292,120,96,60,47,25,250,200
89010999,0,37371.0,4,109,12.0,12.0,49,2,27,0,0,5,0,0,15,42,35,68,50,100,62,280,179,345,160,304,120,109,60,54,25,244,200
89010999,1,37371.0,4,109,12.0,12.0,49,2,27,0,0,5,0,0,15,42,35,68,50,100,62,280,179,345,160,304,120,109,60,54,25,244,200
89011010,0,73156.0,10,272,9.0,11.0,155,13,23,0,0,33,19,0,67,42,30,75,50,100,20,278,28,286,160,278,120,92,60,56,25,247,200
89011010,1,77048.0,10,272,9.0,11.0,153,12,23,0,0,33,20,0,65,42,30,75,50,100,20,278,28,286,160,278,120,92,60,56,25,247,200
89011450,0,49111.0,7,203,,13.0,86,27,32,0,0,3,5,0,19,42,35,70,50,100,100,281,219,332,160,299,120,107,60,49,25,252,200
89011450,1,50.0,0,0,,0.0,0,0,0,0,0,0,0,0,0,42,35,70,50,100,100,281,219,332,160,299,120,107,60,49,25,252,200
89011451,0,3000.0,0,0,,0.0,0,0,0,0,0,0,0,0,0,42,35,71,50,100,100,293,250,320,160,294,120,105,60,50,25,253,200
89011451,1,3000.0,0,0,,0.0,0,0,0,0,0,0,0,0,0,42,35,71,50,100,100,293,250,320,160,294,120,105,60,50,25,253,200
89011452,0,3000.0,0,0,,0.0,0,0,0,0,0,0,0,0,0,42,35,71,50,100,100,293,250,320,160,294,120,105,60,50,25,253,200
89011452,1,3000.0,0,0,,0.0,0,0,0,0,0,0,0,0,0,42,35,71,50,100,100,293,250,320,160,294,120,105,60,50,25,253,200
89011459,0,29252.0,7,203,11.0,0.0,127,34,29,0,0,5,5,0,54,41,29,75,50,100,100,278,1,344,160,324,120,97,60,46,25,247,200
89011459,1,29041.0,7,203,11.0,0.0,131,36,29,0,0,5,5,0,56,41,29,75,50,100,100,278,1,344,160,324,120,97,60,46,25,247,200
89011460,0,3000.0,0,0,,0.0,0,0,0,0,0,0,0,0,0,42,35,71,50,100,100,293,250,320,160,294,120,105,60,50,25,253,200
89011460,1,3000.0,0,0,,0.0,0,0,0,0,0,0,0,0,0,42,35,71,50,100,100,293,250,320,160,294,120,105,60,50,25,253,200
89011899,0,19696.0,7,177,12.0,0.0,86,37,9,0,0,3,7,0,30,42,31,77,50,100,57,278,89,305,160,282,120,81,60,50,25,248,200
89011899,1,102791.0,10,283,10.0,11.0,150,9,31,0,0,35,9,0,66,42,31,77,50,100,57,278,89,305,160,282,120,81,60,50,25,248,200
89011900,0,37622.0,12,186,10.0,10.0,201,72,30,0,0,17,2,0,80,40,32,70,50,100,100,278,1,332,160,291,120,97,60,42,25,252,200
89011900,1,39056.0,11,185,10.0,10.0,206,67,30,0,0,13,1,0,95,40,32,70,50,100,100,278,1,332,160,291,120,97,60,42,25,252,200
89011902,0,3000.0,0,0,,0.0,0,0,0,0,0,0,0,0,0,42,35,71,50,100,100,293,250,320,160,294,120,105,60,50,25,253,200
89011902,1,3000.0,0,0,,0.0,0,0,0,0,0,0,0,0,0,42,35,71,50,100,100,293,250,320,160,294,120,105,60,50,25,253,200
89012344,0,100643.0,10,275,9.0,11.0,141,12,31,0,0,41,5,0,52,42,32,69,50,100,42,278,65,329,160,291,120,109,60,56,25,243,200
89012344,1,25824.0,5,115,12.0,0.0,49,1,28,0,0,6,0,0,14,42,32,69,50,100,42,278,65,329,160,291,120,109,60,56,25,243,200
89012350,0,73156.0,10,272,9.0,11.0,155,13,23,0,0,33,19,0,67,42,30,75,50,100,20,278,28,286,160,278,120,92,60,56,25,247,200
89012350,1,77048.0,10,272,9.0,11.0,153,12,23,0,0,33,20,0,65,42,30,75,50,100,20,278,28,286,160,278,120,92,60,56,25,247,200
89012792,0,3784.0,2,60,,0.0,9,0,0,0,0,0,9,0,0,42,35,71,50,100,100,293,250,351,160,327,120,87,60,50,25,250,200
89012792,1,3000.0,0,0,,0.0,0,0,0,0,0,0,0,0,0,42,35,71,50,100,100,293,250,351,160,327,120,87,60,50,25,250,200
89012835,0,3321.0,0,0,,0.0,15,0,0,0,0,0,0,0,15,42,35,67,50,100,100,293,250,351,160,327,120,101,60,49,25,250,200
89012835,1,3321.0,0,0,,0.0,15,0,0,0,0,0,0,0,15,42,35,67,50,100,100,293,250,351,160,327,120,101,60,49,25,250,200
89013236,0,35388.0,5,113,14.0,10.0,94,27,13,0,0,3,7,0,44,42,32,76,50,100,100,286,250,340,160,313,120,102,60,49,25,247,200
89013236,1,3000.0,0,0,,0.0,0,0,0,0,0,0,0,0,0,42,32,76,50,100,100,286,250,340,160,313,120,102,60,49,25,247,200
89013246,0,3361.0,0,0,,0.0,15,0,0,0,0,0,0,0,15,42,35,67,50,100,100,293,250,351,160,327,120,101,60,49,25,250,200
89013246,1,3361.0,0,0,,0.0,15,0,0,0,0,0,0,0,15,42,35,67,50,100,100,293,250,351,160,327,120,101,60,49,25,250,200
89013685,0,45802.0,7,203,11.0,11.0,125,36,29,0,0,5,5,0,50,41,32,67,50,100,100,278,214,368,160,310,120,96,60,47,24,250,200
89013685,1,3000.0,0,0,,0.0,0,0,0,0,0,0,0,0,0,41,32,67,50,100,100,278,214,368,160,310,120,96,60,47,24,250,200
89014127,0,3000.0,0,0,,0.0,0,0,0,0,0,0,0,0,0,42,35,65,50,100,100,293,250,347,160,311,120,114,60,50,25,251,200
89014127,1,3384.0,0,0,,0.0,15,0,0,0,0,0,0,0,15,42,35,65,50,100,100,293,250,347,160,311,120,114,60,50,25,251,200
89014129,0,5418.0,4,72,3.0,0.0,196,89,0,0,0,49,58,0,0,42,31,73,50,100,100,293,250,344,160,326,120,86,60,52,25,246,200
89014129,1,2405.0,4,72,3.0,0.0,590,45,0,0,0,106,439,0,0,42,31,73,50,100,100,293,250,344,160,326,120,86,60,52,25,246,200
89014132,0,29252.0,7,203,11.0,0.0,127,34,29,0,0,5,5,0,54,41,29,75,50,100,100,278,1,344,160,324,120,97,60,46,25,247,200
89014132,1,29041.0,7,203,11.0,0.0,131,36,29,0,0,5,5,0,56,41,29,75,50,100,100,278,1,344,160,324,120,97,60,46,25,247,200
89014574,0,200.0,0,0,,0.0,0,0,0,0,0,0,0,0,0,42,35,73,50,100,100,278,13,328,160,309,120,94,60,48,25,253,200
89014574,1,66787.0,12,178,10.0,11.0,154,10,41,0,0,23,0,0,80,42,35,73,50,100,100,278,13,328,160,309,120,94,60,48,25,253,200
89015023,0,3000.0,0,0,,0.0,0,0,0,0,0,0,0,0,0,42,32,71,50,100,58,278,212,325,160,279,120,98,60,53,25,250,200
89015023,1,119070.0,10,276,9.0,11.0,133,7,29,0,0,48,0,0,49,42,32,71,50,100,58,278,212,325,160,279,120,98,60,53,25,250,200
89015463,0,3348.0,0,0,,0.0,15,0,0,0,0,0,0,0,15,42,35,69,50,100,100,293,250,347,160,289,120,109,60,51,25,247,200
89015463,1,706.0,4,107,10.0,0.0,80,0,0,0,0,79,1,0,0,42,35,69,50,100,100,293,250,347,160,289,120,109,60,51,25,247,200
89015468,0,29252.0,7,203,11.0,0.0,127,34,29,0,0,5,5,0,54,41,29,75,50,100,100,278,1,344,160,324,120,97,60,46,25,247,200
89015468,1,29041.0,7,203,11.0,0.0,131,36,29,0,0,5,5,0,56,41,29,75,50,100,100,278,1,344,160,324,120,97,60,46,25,247,200
89015470,0,3361.0,0,0,,0.0,15,0,0,0,0,0,0,0,15,42,35,67,50,100,100,293,250,351,160,327,120,101,60,49,25,250,200
89015470,1,3361.0,0,0,,0.0,15,0,0,0,0,0,0,0,15,42,35,67,50,100,100,293,250,351,160,327,120,101,60,49,25,250,200
89015471,0,6247.0,0,0,,0.0,2,0,2,0,0,0,0,0,0,42,35,67,50,100,100,292,250,351,160,327,120,101,60,50,25,250,200
89015471,1,6247.0,0,0,,0.0,2,0,2,0,0,0,0,0,0,42,35,67,50,100,100,292,250,351,160,327,120,101,60,50,25,250,200
89015472,0,5657.0,0,0,,0.0,110,110,0,0,0,0,0,0,0,40,28,75,50,100,100,293,250,328,160,330,120,103,60,52,25,250,200
89015472,1,5657.0,0,0,,0.0,110,110,0,0,0,0,0,0,0,40,28,75,50,100,100,293,250,328,160,330,120,103,60,52,25,250,200
89015911,0,3994.0,2,60,,0.0,9,0,0,0,0,0,9,0,0,42,35,75,50,100,100,293,250,320,160,324,120,100,60,50,25,248,200
89015911,1,3346.0,0,0,,0.0,15,0,0,0,0,0,0,0,15,42,35,75,50,100,100,293,250,320,160,324,120,100,60,50,25,248,200
89015912,0,5800.0,0,0,,0.0,112,112,0,0,0,0,0,0,0,41,29,75,50,100,100,293,250,332,160,327,120,107,60,52,25,246,200
89015912,1,5768.0,0,0,,0.0,113,113,0,0,0,0,0,0,0,41,29,75,50,100,100,293,250,332,160,327,120,107,60,52,25,246,200
89015915,0,37443.0,10,296,0.0,11.0,206,81,17,0,0,5,17,0,86,38,23,68,50,100,100,278,173,358,160,300,120,84,60,36,21,250,200
89015915,1,37985.0,10,296,0.0,11.0,205,85,17,0,0,5,18,0,80,38,23,68,50,100,100,278,173,358,160,300,120,84,60,36,21,250,200
89016359,0,6728.0,8,192,0.0,0.0,298,179,119,0,0,0,0,0,0,41,35,70,50,100,100,277,1,336,160,318,120,96,60,51,25,250,200
89016359,1,7403.0,8,192,0.0,0.0,299,180,119,0,0,0,0,0,0,41,35,70,50,100,100,277,1,336,160,318,120,96,60,51,25,250,200
89016360,0,1584.0,4,72,3.0,0.0,384,74,0,0,0,47,263,0,0,42,29,77,50,100,61,278,198,289,160,278,120,92,60,53,25,250,200
89016360,1,108623.0,10,275,9.0,11.0,146,8,31,0,0,44,4,0,59,42,29,77,50,100,61,278,198,289,160,278,120,92,60,53,25,250,200
89016361,0,37999.0,10,296,0.0,11.0,204,79,18,0,0,5,17,0,85,38,22,70,50,100,100,278,25,361,160,312,120,88,60,41,22,250,200
89016361,1,32970.0,7,203,11.0,11.0,128,34,29,0,0,5,5,0,55,38,22,70,50,100,100,278,25,361,160,312,120,88,60,41,22,250,200
89016375,0,4102.0,2,60,,0.0,252,252,0,0,0,0,0,0,0,37,8,75,50,100,100,293,250,320,160,308,120,101,60,50,25,253,200
89016375,1,3717.0,2,60,,0.0,259,259,0,0,0,0,0,0,0,37,8,75,50,100,100,293,250,320,160,308,120,101,60,50,25,253,200
89016817,0,3375.0,0,0,,0.0,15,0,0,0,0,0,0,0,15,42,31,74,50,100,100,293,250,311,160,297,120,101,60,50,25,252,200
89016817,1,6570.0,0,0,,0.0,110,110,0,0,0,0,0,0,0,42,31,74,50,100,100,293,250,311,160,297,120,101,60,50,25,252,200
89016818,0,46830.0,7,203,11.0,11.0,127,33,29,0,0,5,5,0,55,41,32,71,50,100,100,278,214,347,160,322,120,107,60,50,25,247,200
89016818,1,6501.0,0,0,,0.0,110,110,0,0,0,0,0,0,0,41,32,71,50,100,100,278,214,347,160,322,120,107,60,50,25,247,200
89016824,0,26561.0,12,243,0.0,0.0,123,41,23,0,0,1,7,0,51,41,35,71,50,106,100,281,91,347,160,338,120,95,60,43,25,248,200
89016824,1,27065.0,12,243,0.0,0.0,114,32,23,0,0,1,7,0,51,41,35,71,50,106,100,281,91,347,160,338,120,95,60,43,25,248,200
89017266,0,5831.0,0,0,,0.0,113,113,0,0,0,0,0,0,0,41,29,71,50,100,100,289,250,340,160,321,120,101,60,49,25,251,200
89017266,1,10263.0,5,62,0.0,0.0,400,152,235,0,0,0,0,0,13,41,29,71,50,100,100,289,250,340,160,321,120,101,60,49,25,251,200
89017267,0,35811.0,12,244,0.0,13.0,121,40,23,0,0,1,6,0,51,42,35,70,50,104,100,284,240,336,160,304,120,94,60,44,25,250,200
89017267,1,6101.0,0,0,,0.0,2,0,2,0,0,0,0,0,0,42,35,70,50,104,100,284,240,336,160,304,120,94,60,44,25,250,200
89017268,0,15706.0,10,233,0.0,0.0,370,137,111,0,0,0,0,0,122,38,23,74,50,100,100,281,1,320,160,294,120,92,60,28,21,253,200
89017268,1,15706.0,10,233,0.0,0.0,370,137,111,0,0,0,0,0,122,38,23,74,50,100,100,281,1,320,160,294,120,92,60,28,21,253,200
89017279,0,6062.0,5,63,29.0,0.0,156,110,0,0,0,0,46,0,0,37,14,75,50,100,100,293,250,324,160,311,120,84,60,51,25,253,200
89017279,1,6791.0,5,84,22.0,0.0,159,108,0,0,0,0,51,0,0,37,14,75,50,100,100,293,250,324,160,311,120,84,60,51,25,253,200
89017721,0,16548.0,8,192,0.0,0.0,298,180,118,0,0,0,0,0,0,40,28,73,50,100,100,277,1,354,160,304,120,103,60,50,25,246,200
89017721,1,20519.0,7,210,,0.0,144,90,20,0,0,0,0,0,34,40,28,73,50,100,100,277,1,354,160,304,120,103,60,50,25,246,200
89017722,0,2300.0,0,0,,0.0,30,30,0,0,0,0,0,0,0,39,23,73,50,100,100,293,250,340,160,327,120,111,60,52,25,246,200
89017722,1,8969.0,2,60,,0.0,259,259,0,0,0,0,0,0,0,39,23,73,50,100,100,293,250,340,160,327,120,111,60,52,25,246,200
89017723,0,43069.0,10,241,0.0,13.0,382,139,121,0,0,0,0,0,122,40,28,67,50,100,100,280,76,351,160,338,120,97,60,41,24,250,200
89017723,1,16255.0,7,177,12.0,0.0,82,35,6,0,0,3,7,0,31,40,28,67,50,100,100,280,76,351,160,338,120,97,60,41,24,250,200
89017724,0,3334.0,0,0,,0.0,15,0,0,0,0,0,0,0,15,41,35,71,50,100,100,281,154,332,160,321,120,111,60,44,25,250,200
89017724,1,51705.0,10,242,0.0,13.0,379,138,118,0,0,0,0,0,123,41,35,71,50,100,100,281,154,332,160,321,120,111,60,44,25,250,200
89017725,0,7832.0,5,65,28.0,0.0,155,110,0,0,0,0,45,0,0,41,26,70,50,100,100,293,250,347,160,318,120,91,60,50,25,248,200
89017725,1,2300.0,0,0,,0.0,30,30,0,0,0,0,0,0,0,41,26,70,50,100,100,293,250,347,160,318,120,91,60,50,25,248,200
89017726,0,6381.0,0,0,,0.0,104,104,0,0,0,0,0,0,0,42,29,67,50,100,54,278,160,313,160,287,120,95,60,48,25,253,200
89017726,1,105582.0,10,278,9.0,11.0,169,10,37,0,0,34,7,0,81,42,29,67,50,100,54,278,160,313,160,287,120,95,60,48,25,253,200
89017727,0,20407.0,7,177,12.0,0.0,72,33,9,0,0,3,6,0,21,38,25,65,50,100,100,289,250,340,160,299,120,100,60,48,25,253,200
89017727,1,10089.0,2,60,,0.0,252,252,0,0,0,0,0,0,0,38,25,65,50,100,100,289,250,340,160,299,120,100,60,48,25,253,200
89018168,0,42702.0,10,296,0.0,11.0,213,82,17,0,0,5,16,0,93,41,26,74,50,100,100,278,220,336,160,311,120,84,60,45,22,251,200
89018168,1,12129.0,5,67,0.0,0.0,240,74,156,0,0,0,0,0,10,41,26,74,50,100,100,278,220,336,160,311,120,84,60,45,22,251,200
89018169,0,28857.0,7,210,,0.0,144,90,20,0,0,0,0,0,34,40,26,75,50,100,100,278,1,324,160,306,120,101,60,46,24,252,200
89018169,1,30058.0,7,203,11.0,11.0,129,34,29,0,0,5,5,0,56,40,26,75,50,100,100,278,1,324,160,306,120,101,60,46,24,252,200
89018170,0,36130.0,12,241,0.0,14.0,115,27,23,0,0,1,7,0,57,41,35,70,50,104,100,287,250,351,160,336,120,102,60,47,25,246,200
89018170,1,6483.0,0,0,,0.0,113,113,0,0,0,0,0,0,0,41,35,70,50,104,100,287,250,351,160,336,120,102,60,47,25,246,200
89018171,0,11324.0,5,67,0.0,0.0,209,66,131,0,0,0,0,0,12,41,35,70,50,100,100,281,1,332,160,308,120,88,60,41,23,251,200
89018171,1,33778.0,10,246,0.0,13.0,378,143,112,0,0,0,0,0,123,41,35,70,50,100,100,281,1,332,160,308,120,88,60,41,23,251,200
89018172,0,48674.0,7,203,,13.0,86,27,32,0,0,3,5,0,19,37,19,70,50,100,100,281,219,336,160,326,120,96,60,50,25,251,200
89018172,1,7871.0,2,60,,0.0,252,252,0,0,0,0,0,0,0,37,19,70,50,100,100,281,219,336,160,326,120,96,60,50,25,251,200
89018173,0,3298.0,0,0,,0.0,15,0,0,0,0,0,0,0,15,42,35,69,50,100,100,278,13,340,160,305,120,92,60,45,25,250,200
89018173,1,64787.0,12,178,10.0,10.0,167,45,41,0,0,20,0,0,61,42,35,69,50,100,100,278,13,340,160,305,120,92,60,45,25,250,200
89018174,0,7166.0,5,65,28.0,0.0,155,110,0,0,0,0,45,0,0,40,21,71,50,100,100,283,249,324,160,314,120,91,60,43,22,250,200
89018174,1,44419.0,10,296,0.0,11.0,204,79,16,0,0,5,17,0,87,40,21,71,50,100,100,283,249,324,160,314,120,91,60,43,22,250,200
89018622,0,21143.0,12,247,0.0,0.0,127,40,20,0,0,1,9,0,57,41,35,71,50,100,59,278,13,313,160,296,120,108,60,51,25,250,200
89018622,1,108122.0,10,277,9.0,11.0,134,7,30,0,0,45,0,0,52,41,35,71,50,100,59,278,13,313,160,296,120,108,60,51,25,250,200
89018623,0,36903.0,7,203,,13.0,86,27,32,0,0,3,5,0,19,41,33,76,50,104,100,281,13,351,160,319,120,99,60,47,25,246,200
89018623,1,23174.0,12,240,0.0,0.0,119,30,23,0,0,1,6,0,59,41,33,76,50,104,100,281,13,351,160,319,120,99,60,47,25,246,200
89018624,0,3920.0,2,60,,0.0,9,0,0,0,0,0,9,0,0,42,35,65,50,100,100,278,214,340,160,322,120,96,60,46,24,250,200
89018624,1,45921.0,7,203,11.0,11.0,123,35,29,0,0,5,5,0,49,42,35,65,50,100,100,278,214,340,160,322,120,96,60,46,24,250,200
89018625,0,38444.0,7,203,,13.0,86,27,32,0,0,3,5,0,19,42,35,73,50,100,100,281,37,328,160,317,120,101,60,44,23,246,200
89018625,1,34510.0,10,254,14.0,13.0,164,55,17,0,0,5,15,0,72,42,35,73,50,100,100,281,37,328,160,317,120,101,60,44,23,246,200
89018626,0,42158.0,7,203,11.0,11.0,125,34,29,0,0,5,5,0,52,42,32,75,50,100,100,278,133,315,160,308,120,101,60,46,23,248,200
89018626,1,26238.0,5,113,15.0,0.0,93,33,10,0,0,3,10,0,37,42,32,75,50,100,100,278,133,315,160,308,120,101,60,46,23,248,200
89018627,0,66706.0,10,279,9.0,21.0,137,13,19,0,0,39,7,0,59,42,35,66,50,100,68,278,13,321,160,285,120,109,60,49,25,250,200
89018627,1,52842.0,12,182,10.0,10.0,184,14,32,0,0,17,0,0,121,42,35,66,50,100,68,278,13,321,160,285,120,109,60,49,25,250,200
89018628,0,34865.0,10,295,0.0,11.0,210,77,18,0,0,4,16,0,95,39,24,68,50,100,55,278,65,333,160,285,120,86,60,46,25,253,200
89018628,1,97709.0,10,277,9.0,11.0,139,10,26,0,0,36,20,0,47,39,24,68,50,100,55,278,65,333,160,285,120,86,60,46,25,253,200
89018631,0,36917.0,8,184,0.0,13.0,286,8,63,0,0,25,5,0,185,42,29,71,50,100,100,280,25,347,160,297,120,112,60,52,23,246,200
89018631,1,33367.0,10,188,0.0,13.0,311,8,70,0,0,50,5,0,178,42,29,71,50,100,100,280,25,347,160,297,120,112,60,52,23,246,200
89019077,0,21845.0,7,203,,0.0,86,27,32,0,0,3,5,0,19,42,32,70,50,100,57,278,13,310,160,276,120,88,60,49,25,252,200
89019077,1,87552.0,10,275,9.0,11.0,143,11,31,0,0,41,4,0,56,42,32,70,50,100,57,278,13,310,160,276,120,88,60,49,25,252,200
89019078,0,31527.0,7,203,11.0,11.0,131,38,26,0,0,5,6,0,56,40,25,74,50,100,100,278,1,347,160,320,120,101,60,40,22,247,200
89019078,1,16031.0,10,232,0.0,0.0,368,135,108,0,0,0,0,0,125,40,25,74,50,100,100,278,1,347,160,320,120,101,60,40,22,247,200
89019079,0,102567.0,10,276,9.0,11.0,132,10,27,0,0,40,6,0,49,41,26,66,50,100,58,278,84,326,160,273,120,81,60,44,22,253,200
89019079,1,33803.0,10,295,0.0,11.0,197,80,18,0,0,4,16,0,79,41,26,66,50,100,58,278,84,326,160,273,120,81,60,44,22,253,200
89019080,0,8090.0,2,60,,0.0,142,107,0,0,0,0,35,0,0,39,20,71,50,100,100,277,1,336,160,308,120,82,60,49,25,252,200
89019080,1,34028.0,8,192,0.0,10.0,265,149,116,0,0,0,0,0,0,39,20,71,50,100,100,277,1,336,160,308,120,82,60,49,25,252,200
89019081,0,25181.0,7,177,12.0,0.0,96,44,10,0,0,3,7,0,32,41,30,69,50,100,100,280,122,340,160,299,120,95,60,47,23,253,200
89019081,1,47379.0,10,226,0.0,14.0,339,8,87,0,0,54,5,0,185,41,30,69,50,100,100,280,122,340,160,299,120,95,60,47,23,253,200
89019082,0,25866.0,7,203,11.0,0.0,122,36,29,0,0,5,5,0,47,41,30,74,50,100,56,278,1,295,160,290,120,95,60,52,25,252,200
89019082,1,93993.0,10,275,9.0,11.0,131,10,23,0,0,43,10,0,45,41,30,74,50,100,56,278,1,295,160,290,120,95,60,52,25,252,200
89019083,0,110474.0,10,274,9.0,11.0,142,7,31,0,0,43,5,0,56,42,35,67,50,100,58,278,205,334,160,278,120,90,60,51,25,248,200
89019083,1,3830.0,2,60,,0.0,9,0,0,0,0,0,9,0,0,42,35,67,50,100,58,278,205,334,160,278,120,90,60,51,25,248,200
89019125,0,25786.0,4,74,11.0,0.0,113,49,28,0,0,0,0,0,36,42,35,69,50,100,100,277,10,328,160,321,120,109,60,48,25,250,200
89019125,1,23315.0,4,75,11.0,0.0,107,39,33,0,0,0,0,0,35,42,35,69,50,100,100,277,10,328,160,321,120,109,60,48,25,250,200
89019130,0,4682.0,0,0,,0.0,88,0,0,0,0,0,0,0,88,42,35,70,50,100,100,293,250,358,160,311,120,103,60,47,23,246,200
89019130,1,4493.0,0,0,,0.0,92,0,0,0,0,0,0,0,92,42,35,70,50,100,100,293,250,358,160,311,120,103,60,47,23,246,200
89019569,0,15082.0,4,56,0.0,0.0,138,33,99,0,0,0,0,0,6,42,35,69,50,100,100,280,146,332,160,314,120,105,60,49,25,250,200
89019569,1,12461.0,4,56,0.0,0.0,259,47,161,0,0,0,0,0,51,42,35,69,50,100,100,280,146,332,160,314,120,105,60,49,25,250,200
89019570,0,27918.0,8,200,0.0,0.0,425,8,197,0,0,30,5,0,185,42,32,74,50,100,100,280,13,324,160,276,120,98,60,49,23,250,200
89019570,1,34912.0,7,203,,13.0,86,27,32,0,0,3,5,0,19,42,32,74,50,100,100,280,13,324,160,276,120,98,60,49,23,250,200
89019571,0,5826.0,0,0,,0.0,2,0,2,0,0,0,0,0,0,42,35,70,50,100,100,277,209,351,160,308,120,103,60,50,25,250,200
89019571,1,43109.0,4,75,11.0,10.0,108,38,33,0,0,0,0,0,37,42,35,70,50,100,100,277,209,351,160,308,120,103,60,50,25,250,200
89019572,0,27895.0,7,203,,0.0,86,27,32,0,0,3,5,0,19,40,28,70,50,100,100,281,1,332,160,319,120,94,60,40,22,253,200
89019572,1,18730.0,10,230,0.0,0.0,362,134,107,0,0,0,0,0,121,40,28,70,50,100,100,281,1,332,160,319,120,94,60,40,22,253,200
89019573,0,44445.0,4,75,11.0,10.0,107,39,33,0,0,0,0,0,35,41,31,68,50,100,100,277,223,354,160,309,120,93,60,48,25,252,200
89019573,1,3282.0,4,72,3.0,0.0,321,73,0,0,0,7,241,0,0,41,31,68,50,100,100,277,223,354,160,309,120,93,60,48,25,252,200
89019574,0,28924.0,8,192,0.0,0.0,278,160,118,0,0,0,0,0,0,41,33,70,50,100,100,277,1,361,160,319,120,91,60,49,25,246,200
89019574,1,11512.0,7,177,12.0,0.0,84,43,4,0,0,4,7,0,26,41,33,70,50,100,100,277,1,361,160,319,120,91,60,49,25,246,200
89019575,0,3000.0,0,0,,0.0,0,0,0,0,0,0,0,0,0,41,35,76,50,100,100,277,1,344,160,318,120,101,60,51,25,246,200
89019575,1,33861.0,8,192,0.0,10.0,307,210,97,0,0,0,0,0,0,41,35,76,50,100,100,277,1,344,160,318,120,101,60,51,25,246,200
89019576,0,33.0,2,41,0.0,0.0,97,0,0,0,0,0,97,0,0,42,35,70,50,100,100,293,250,347,160,301,120,94,60,52,25,248,200
89019576,1,6259.0,0,0,,0.0,2,0,2,0,0,0,0,0,0,42,35,70,50,100,100,293,250,347,160,301,120,94,60,52,25,248,200
89019579,0,6087.0,0,0,,0.0,3,0,3,0,0,0,0,0,0,42,35,67,50,100,100,292,250,351,160,327,120,101,60,50,25,250,200
89019579,1,6087.0,0,0,,0.0,3,0,3,0,0,0,0,0,0,42,35,67,50,100,100,292,250,351,160,327,120,101,60,50,25,250,200
89019618,0,29252.0,7,203,11.0,0.0,127,34,29,0,0,5,5,0,54,41,29,75,50,100,100,278,1,344,160,324,120,97,60,46,25,247,200
89019618,1,29041.0,7,203,11.0,0.0,131,36,29,0,0,5,5,0,56,41,29,75,50,100,100,278,1,344,160,324,120,97,60,46,25,247,200
89020019,0,31400.0,12,244,0.0,13.0,115,33,23,0,0,1,6,0,52,42,35,69,50,104,100,280,164,324,160,300,120,96,60,45,25,250,200
89020019,1,10049.0,4,56,0.0,0.0,152,29,93,0,0,0,0,0,30,42,35,69,50,104,100,280,164,324,160,300,120,96,60,45,25,250,200
89020020,0,4384.0,0,0,,0.0,94,0,0,0,0,0,0,0,94,42,32,69,50,100,100,282,232,332,160,309,120,92,60,46,23,251,200
89020020,1,41789.0,10,204,0.0,14.0,542,8,274,0,0,70,5,0,185,42,32,69,50,100,100,282,232,332,160,309,120,92,60,46,23,251,200
89020021,0,45163.0,7,203,11.0,11.0,127,36,29,0,0,5,5,0,52,41,20,71,50,100,100,278,214,344,160,313,120,95,60,48,24,247,200
89020021,1,7792.0,5,65,28.0,0.0,152,110,0,0,0,0,42,0,0,41,20,71,50,100,100,278,214,344,160,313,120,95,60,48,24,247,200
89020022,0,28130.0,7,203,,0.0,86,27,32,0,0,3,5,0,19,42,35,74,50,100,100,277,13,344,160,319,120,86,60,47,24,248,200
89020022,1,22569.0,4,72,11.0,0.0,109,46,30,0,0,0,0,0,33,42,35,74,50,100,100,277,13,344,160,319,120,86,60,47,24,248,200
89020023,0,32729.0,8,192,0.0,10.0,297,181,116,0,0,0,0,0,0,41,24,65,50,100,100,277,1,347,160,294,120,99,60,50,25,252,200
89020023,1,8022.0,5,65,28.0,0.0,155,110,0,0,0,0,45,0,0,41,24,65,50,100,100,277,1,347,160,294,120,99,60,50,25,252,200
89020024,0,6829.0,0,0,,0.0,110,110,0,0,0,0,0,0,0,41,35,70,50,100,100,293,250,332,160,308,120,114,60,52,25,251,200
89020024,1,3000.0,0,0,,0.0,0,0,0,0,0,0,0,0,0,41,35,70,50,100,100,293,250,332,160,308,120,114,60,52,25,251,200
89020025,0,3000.0,0,0,,0.0,0,0,0,0,0,0,0,0,0,42,35,70,50,100,81,284,246,341,160,334,120,92,60,51,25,247,200
89020025,1,42177.0,4,109,12.0,12.0,49,2,27,0,0,5,0,0,15,42,35,70,50,100,81,284,246,341,160,334,120,92,60,51,25,247,200
89020030,0,22306.0,10,191,11.0,0.0,268,120,57,0,0,0,0,0,91,41,35,74,50,100,100,277,1,324,160,327,120,103,60,43,25,246,200
89020030,1,23090.0,10,193,11.0,0.0,267,97,58,0,0,0,0,0,112,41,35,74,50,100,100,277,1,324,160,327,120,103,60,43,25,246,200
89020471,0,5666.0,0,0,,0.0,3,0,3,0,0,0,0,0,0,42,35,69,50,100,100,277,208,340,160,308,120,111,60,50,25,252,200
89020471,1,43607.0,4,75,11.0,10.0,108,37,33,0,0,0,0,0,38,42,35,69,50,100,100,277,208,340,160,308,120,111,60,50,25,252,200
89020472,0,18081.0,4,74,11.0,0.0,102,34,32,0,0,0,0,0,36,41,31,71,50,100,100,277,13,340,160,306,120,103,60,46,25,250,200
89020472,1,36176.0,7,203,11.0,11.0,129,34,29,0,0,5,5,0,56,41,31,71,50,100,100,277,13,340,160,306,120,103,60,46,25,250,200
89020473,0,3389.0,0,0,,0.0,15,0,0,0,0,0,0,0,15,42,35,70,50,100,100,287,240,358,160,324,120,101,60,51,25,248,200
89020473,1,12859.0,4,56,0.0,0.0,292,41,170,0,0,0,0,0,81,42,35,70,50,100,100,287,240,358,160,324,120,101,60,51,25,248,200
89020474,0,4453.0,0,0,,0.0,91,0,0,0,0,0,0,0,91,42,35,71,50,100,100,293,250,347,160,321,120,88,60,47,24,248,200
89020474,1,6259.0,0,0,,0.0,2,0,2,0,0,0,0,0,0,42,35,71,50,100,100,293,250,347,160,321,120,88,60,47,24,248,200
89020475,0,35667.0,7,203,11.0,11.0,128,36,27,0,0,5,5,0,55,42,32,66,50,100,100,277,31,336,160,303,120,99,60,42,23,253,200
89020475,1,18152.0,4,66,11.0,0.0,112,39,29,0,0,0,0,0,44,42,32,66,50,100,100,277,31,336,160,303,120,99,60,42,23,253,200
89020476,0,27041.0,8,192,0.0,0.0,264,145,119,0,0,0,0,0,0,41,35,70,50,100,100,277,1,351,160,318,120,103,60,51,25,247,200
89020476,1,170.0,4,17,0.0,0.0,140,18,109,0,0,0,0,0,13,41,35,70,50,100,100,277,1,351,160,318,120,103,60,51,25,247,200
89020477,0,39064.0,8,205,0.0,14.0,179,8,61,0,0,34,5,0,71,42,32,65,50,100,81,280,104,347,160,315,120,108,60,51,24,250,200
89020477,1,34363.0,4,109,12.0,12.0,49,2,27,0,0,5,0,0,15,42,32,65,50,100,81,280,104,347,160,315,120,108,60,51,24,250,200
89020921,0,38211.0,10,195,11.0,10.0,280,125,52,0,0,0,0,0,103,41,35,70,50,100,100,277,13,332,160,286,120,103,60,45,25,252,200
89020921,1,7140.0,5,67,0.0,0.0,312,211,90,0,0,0,0,0,11,41,35,70,50,100,100,277,13,332,160,286,120,103,60,45,25,252,200
89020922,0,32890.0,7,203,11.0,11.0,123,32,27,0,0,5,5,0,54,41,25,70,50,100,100,278,25,344,160,328,120,82,54,41,22,248,200
89020922,1,37675.0,10,296,0.0,11.0,202,89,18,0,0,5,18,0,72,41,25,70,50,100,100,278,25,344,160,328,120,82,54,41,22,248,200
89020923,0,6099.0,0,0,,0.0,3,0,3,0,0,0,0,0,0,41,32,74,50,100,100,293,250,358,160,326,120,85,60,51,25,248,200
89020923,1,4758.0,4,72,3.0,0.0,528,41,0,0,0,7,480,0,0,41,32,74,50,100,100,293,250,358,160,326,120,85,60,51,25,248,200
89020924,0,1972.0,2,46,0.0,0.0,95,0,0,0,0,0,95,0,0,42,35,69,50,100,100,286,240,361,160,311,120,82,53,50,25,248,200
89020924,1,14617.0,4,56,0.0,0.0,206,100,87,0,0,0,0,0,19,42,35,69,50,100,100,286,240,361,160,311,120,82,53,50,25,248,200
89020925,0,28819.0,5,114,14.0,0.0,90,29,14,0,0,2,6,0,39,39,24,66,50,100,100,278,209,358,160,299,120,85,60,37,21,253,200
89020925,1,41284.0,10,296,0.0,11.0,207,86,17,0,0,5,17,0,82,39,24,66,50,100,100,278,209,358,160,299,120,85,60,37,21,253,200
89020926,0,20405.0,7,177,12.0,0.0,71,25,11,0,0,4,5,0,26,41,32,71,50,100,100,278,146,344,160,308,120,110,60,49,25,248,200
89020926,1,42671.0,7,203,11.0,11.0,127,34,29,0,0,6,6,0,52,41,32,71,50,100,100,278,146,344,160,308,120,110,60,49,25,248,200
89020927,0,79631.0,10,276,9.0,11.0,141,9,27,0,0,29,22,0,54,42,30,70,50,100,57,278,1,304,160,268,120,100,60,51,25,252,200
89020927,1,25363.0,7,203,11.0,0.0,127,34,29,0,0,5,5,0,54,42,30,70,50,100,57,278,1,304,160,268,120,100,60,51,25,252,200
89020936,0,34673.0,8,240,0.0,12.0,250,91,31,0,0,22,38,0,68,41,29,69,50,100,100,280,7,336,160,254,120,76,60,41,21,253,200
89020936,1,34653.0,8,240,0.0,12.0,250,91,31,0,0,22,38,0,68,41,29,69,50,100,100,280,7,336,160,254,120,76,60,41,21,253,200
89020940,0,62136.0,12,240,10.0,11.0,63,16,23,0,0,0,0,0,24,42,35,73,50,100,15,277,70,248,108,308,120,105,60,64,25,223,1
89020940,1,41276.0,12,220,13.0,12.0,47,15,24,0,0,0,0,0,8,42,35,73,50,100,15,277,70,248,108,308,120,105,60,64,25,223,1
89020941,0,35350.0,7,209,,6.0,107,36,8,0,0,0,0,0,63,41,30,53,43,100,19,286,248,332,160,297,120,105,60,47,25,252,200
89020941,1,35350.0,7,209,,6.0,107,36,8,0,0,0,0,0,63,41,30,53,43,100,19,286,248,332,160,297,120,105,60,47,25,252,200
89021381,0,13309.0,12,244,0.0,0.0,103,22,23,0,0,1,7,0,50,41,35,70,50,103,100,278,13,358,160,324,120,106,60,43,25,246,200
89021381,1,36377.0,10,192,11.0,10.0,279,127,57,0,0,0,0,0,95,41,35,70,50,103,100,278,13,358,160,324,120,106,60,43,25,246,200
89021382,0,16696.0,10,190,11.0,0.0,250,113,56,0,0,0,0,0,81,41,31,66,50,100,100,277,1,368,160,285,120,100,60,42,22,250,200
89021382,1,62828.0,8,240,0.0,12.0,174,14,20,0,0,82,1,0,57,41,31,66,50,100,100,277,1,368,160,285,120,100,60,42,22,250,200
89021383,0,29097.0,7,203,11.0,0.0,128,34,29,0,0,5,5,0,55,42,30,66,50,100,100,278,1,354,160,260,120,92,60,42,22,252,200
89021383,1,55862.0,8,240,0.0,13.0,178,22,19,0,0,79,0,0,58,42,30,66,50,100,100,278,1,354,160,260,120,92,60,42,22,252,200
89021384,0,6087.0,0,0,,0.0,3,0,3,0,0,0,0,0,0,42,35,73,50,100,100,292,250,336,160,318,120,96,60,49,25,247,200
89021384,1,6247.0,0,0,,0.0,2,0,2,0,0,0,0,0,0,42,35,73,50,100,100,292,250,336,160,318,120,96,60,49,25,247,200
89021385,0,41804.0,10,254,14.0,13.0,160,52,23,0,0,6,13,0,66,42,30,68,50,100,100,280,57,351,160,306,120,107,60,46,23,246,200
89021385,1,35682.0,8,202,0.0,13.0,505,8,261,0,0,46,5,0,185,42,30,68,50,100,100,280,57,351,160,306,120,107,60,46,23,246,200
89021386,0,59900.0,13,181,10.0,10.0,136,2,32,0,0,29,0,0,73,42,32,75,50,100,100,278,1,344,160,295,120,99,60,47,25,247,200
89021386,1,15066.0,7,203,11.0,0.0,126,36,29,0,0,5,5,0,51,42,32,75,50,100,100,278,1,344,160,295,120,99,60,47,25,247,200
89021387,0,35191.0,7,203,11.0,11.0,129,34,29,0,0,5,5,0,56,42,32,74,50,100,100,278,13,344,160,308,120,93,60,46,25,247,200
89021387,1,20673.0,7,203,,0.0,87,28,31,0,0,4,5,0,19,42,32,74,50,100,100,278,13,344,160,308,120,93,60,46,25,247,200
89021388,0,31231.0,7,210,,9.0,144,90,20,0,0,0,0,0,34,41,29,68,50,100,100,277,19,354,160,330,120,96,60,46,23,246,200
89021388,1,26395.0,4,75,11.0,0.0,105,36,33,0,0,0,0,0,36,41,29,68,50,100,100,277,19,354,160,330,120,96,60,46,23,246,200
89021832,0,129393.0,12,242,10.0,15.0,44,11,23,0,0,0,0,0,10,41,31,77,50,100,30,277,78,282,160,311,120,100,60,56,25,240,200
89021832,1,23379.0,12,246,0.0,0.0,122,33,23,0,0,1,6,0,59,41,31,77,50,100,30,277,78,282,160,311,120,100,60,56,25,240,200
89021833,0,65517.0,8,240,0.0,12.0,170,9,28,0,0,70,0,0,63,41,30,70,50,100,100,280,104,340,160,267,120,97,60,40,21,253,200
89021833,1,29708.0,10,254,14.0,0.0,154,44,19,0,0,7,17,0,67,41,30,70,50,100,100,280,104,340,160,267,120,97,60,40,21,253,200
89021834,0,41648.0,7,209,,7.0,107,36,8,0,0,0,0,0,63,42,34,62,50,100,59,290,250,311,160,301,120,94,60,47,25,253,200
89021834,1,3305.0,0,0,,0.0,15,0,0,0,0,0,0,0,15,42,34,62,50,100,59,290,250,311,160,301,120,94,60,47,25,253,200
89021835,0,3331.0,0,0,,0.0,15,0,0,0,0,0,0,0,15,41,35,73,50,100,100,277,65,340,160,301,120,103,60,47,25,252,200
89021835,1,54531.0,10,193,11.0,11.0,286,136,53,0,0,0,0,0,97,41,35,73,50,100,100,277,65,340,160,301,120,103,60,47,25,252,200
89021836,0,12518.0,7,177,12.0,0.0,84,41,4,0,0,5,7,0,27,41,33,68,50,100,100,277,1,347,160,298,120,92,60,45,25,252,200
89021836,1,27931.0,8,192,0.0,0.0,304,185,119,0,0,0,0,0,0,41,33,68,50,100,100,277,1,347,160,298,120,92,60,45,25,252,200
89021837,0,18911.0,4,56,0.0,0.0,186,27,141,0,0,0,0,0,18,42,33,73,50,100,100,280,225,332,160,325,120,95,60,49,25,250,200
89021837,1,30785.0,5,112,15.0,8.0,84,23,13,0,0,3,9,0,36,42,33,73,50,100,100,280,225,332,160,325,120,95,60,49,25,250,200
89021838,0,12629.0,10,246,0.0,0.0,378,143,112,0,0,0,0,0,123,41,35,65,50,100,100,277,1,336,160,314,120,101,60,40,23,250,200
89021838,1,13109.0,8,191,0.0,0.0,272,153,119,0,0,0,0,0,0,41,35,65,50,100,100,277,1,336,160,314,120,101,60,40,23,250,200
89021839,0,24384.0,7,203,11.0,0.0,122,34,29,0,0,5,5,0,49,41,30,69,50,100,58,278,1,312,160,277,120,92,60,50,25,253,200
89021839,1,90342.0,10,275,9.0,11.0,147,9,22,0,0,39,17,0,60,41,30,69,50,100,58,278,1,312,160,277,120,92,60,50,25,253,200
89021840,0,43152.0,11,282,0.0,13.0,99,53,10,0,0,4,2,0,30,41,29,51,42,100,100,278,244,339,160,302,120,95,60,48,25,248,200
89021840,1,42902.0,11,282,0.0,13.0,99,54,10,0,0,4,2,0,29,41,29,51,42,100,100,278,244,339,160,302,120,95,60,48,25,248,200
89021883,0,92040.0,13,309,0.0,11.0,90,21,37,0,0,32,0,0,0,41,23,75,50,100,1,278,7,266,160,284,120,92,60,62,25,247,200
89021883,1,91498.0,13,309,0.0,11.0,88,21,37,0,0,30,0,0,0,41,23,75,50,100,1,278,7,266,160,284,120,92,60,62,25,247,200
89022285,0,3438.0,11,77,0.0,0.0,45,19,7,0,0,4,8,0,7,42,35,76,50,100,100,289,250,351,160,319,120,94,60,51,25,247,200
89022285,1,6433.0,4,17,0.0,0.0,163,23,121,0,0,0,0,0,19,42,35,76,50,100,100,289,250,351,160,319,120,94,60,51,25,247,200
89022286,0,112129.0,12,241,10.0,15.0,39,15,24,0,0,0,0,0,0,42,33,67,50,100,26,277,37,285,160,329,120,101,60,56,25,232,161
89022286,1,36381.0,7,203,11.0,11.0,129,34,29,0,0,5,5,0,56,42,33,67,50,100,26,277,37,285,160,329,120,101,60,56,25,232,161
89022287,0,36712.0,7,209,,6.0,107,36,8,0,0,0,0,0,63,41,29,63,50,100,12,277,162,292,160,314,120,101,60,56,25,245,200
89022287,1,125063.0,12,240,10.0,16.0,70,21,25,0,0,0,0,0,24,41,29,63,50,100,12,277,162,292,160,314,120,101,60,56,25,245,200
89022288,0,47987.0,11,184,10.0,10.0,211,95,33,0,0,11,0,0,72,41,35,69,50,100,100,277,1,328,160,286,120,105,60,44,25,250,200
89022288,1,11743.0,9,172,11.0,0.0,191,84,40,0,0,0,0,0,67,41,35,69,50,100,100,277,1,328,160,286,120,105,60,44,25,250,200
89022289,0,70983.0,10,275,9.0,11.0,145,11,31,0,0,27,17,0,59,42,30,70,50,100,58,278,40,285,160,237,120,97,60,48,22,253,200
89022289,1,46000.0,8,240,0.0,12.0,206,45,19,0,0,68,0,0,74,42,30,70,50,100,58,278,40,285,160,237,120,97,60,48,22,253,200
89022290,0,19212.0,7,203,11.0,0.0,124,36,29,0,0,5,5,0,49,41,35,71,50,100,100,277,1,332,160,319,120,109,60,49,25,250,200
89022290,1,15903.0,8,192,0.0,0.0,319,207,112,0,0,0,0,0,0,41,35,71,50,100,100,277,1,332,160,319,120,109,60,49,25,250,200
89022291,0,22165.0,5,113,16.0,0.0,89,28,12,0,0,3,7,0,39,42,32,67,50,100,100,278,65,354,160,314,120,95,60,46,25,248,200
89022291,1,69027.0,14,183,10.0,11.0,120,10,32,0,0,41,0,0,37,42,32,67,50,100,100,278,65,354,160,314,120,95,60,46,25,248,200
89022292,0,26636.0,7,203,11.0,0.0,122,37,29,0,0,5,5,0,46,41,31,69,50,100,60,278,1,321,160,294,120,107,60,53,25,250,200
89022292,1,101665.0,10,276,9.0,11.0,136,12,25,0,0,48,7,0,44,41,31,69,50,100,60,278,1,321,160,294,120,107,60,53,25,250,200
89022293,0,27698.0,7,203,,0.0,86,27,32,0,0,3,5,0,19,42,33,74,50,100,100,281,13,344,160,315,120,101,60,49,25,246,200
89022293,1,27698.0,7,203,,0.0,86,27,32,0,0,3,5,0,19,42,33,74,50,100,100,281,13,344,160,315,120,101,60,49,25,246,200
89022294,0,36132.0,8,211,0.0,14.0,287,8,57,0,0,32,5,0,185,42,29,69,50,100,100,280,13,351,160,300,120,113,60,51,23,250,200
89022294,1,29363.0,10,237,0.0,0.0,325,8,89,0,0,45,5,0,178,42,29,69,50,100,100,280,13,351,160,300,120,113,60,51,23,250,200
89022296,0,29252.0,7,203,11.0,0.0,127,34,29,0,0,5,5,0,54,41,29,75,50,100,100,278,1,344,160,324,120,97,60,46,25,247,200
89022296,1,29041.0,7,203,11.0,0.0,131,36,29,0,0,5,5,0,56,41,29,75,50,100,100,278,1,344,160,324,120,97,60,46,25,247,200
89022336,0,36454.0,9,243,0.0,11.0,226,78,22,0,0,4,18,0,104,40,28,71,50,100,100,278,1,344,160,299,120,96,60,36,21,250,200
89022336,1,36341.0,9,243,0.0,11.0,221,65,22,0,0,3,18,0,113,40,28,71,50,100,100,278,1,344,160,299,120,96,60,36,21,250,200
89022737,0,36821.0,9,239,0.0,11.0,215,69,24,0,0,4,16,0,102,40,28,73,50,100,100,278,1,344,160,302,120,97,60,36,22,248,200
89022737,1,37706.0,9,239,0.0,11.0,225,66,24,0,0,4,17,0,114,40,28,73,50,100,100,278,1,344,160,302,120,97,60,36,22,248,200
89022738,0,27543.0,7,210,,0.0,144,90,20,0,0,0,0,0,34,41,25,71,50,100,100,278,96,328,160,305,120,98,60,47,25,251,200
89022738,1,198.0,13,203,0.0,0.0,68,21,23,0,0,24,0,0,0,41,25,71,50,100,100,278,96,328,160,305,120,98,60,47,25,251,200
89022739,0,25940.0,5,116,15.0,0.0,95,28,11,0,0,3,8,0,45,41,29,75,50,100,100,281,113,347,160,311,120,89,60,44,23,250,200
89022739,1,41854.0,7,203,,13.0,91,29,33,0,0,4,7,0,18,41,29,75,50,100,100,281,113,347,160,311,120,89,60,44,23,250,200
89022740,0,143235.0,13,324,0.0,11.0,105,21,38,0,0,46,0,0,0,41,25,67,50,100,52,278,13,320,160,272,120,107,60,58,24,246,200
89022740,1,21374.0,8,216,0.0,0.0,287,8,62,0,0,27,5,0,185,41,25,67,50,100,52,278,13,320,160,272,120,107,60,58,24,246,200
89022741,0,120718.0,11,239,10.0,15.0,44,11,21,0,0,0,0,0,12,42,29,76,50,100,23,277,37,285,160,270,120,105,60,56,25,236,177
89022741,1,56241.0,8,240,0.0,12.0,179,8,24,0,0,75,0,0,72,42,29,76,50,100,23,277,37,285,160,270,120,105,60,56,25,236,177
89022742,0,132377.0,13,326,0.0,11.0,102,21,36,0,0,45,0,0,0,42,27,60,50,100,5,278,108,279,160,270,120,103,60,56,25,239,200
89022742,1,35058.0,7,209,,6.0,107,36,8,0,0,0,0,0,63,42,27,60,50,100,5,278,108,279,160,270,120,103,60,56,25,239,200
89022743,0,5322.0,0,0,,0.0,3,0,3,0,0,0,0,0,0,42,32,70,50,100,100,278,206,354,160,316,120,94,60,49,25,250,200
89022743,1,45452.0,7,203,11.0,11.0,121,34,29,0,0,5,5,0,48,42,32,70,50,100,100,278,206,354,160,316,120,94,60,49,25,250,200
89022744,0,33964.0,11,191,0.0,20.0,84,48,9,0,0,3,1,0,23,41,33,60,50,100,100,289,250,332,160,315,120,100,60,47,25,250,200
89022744,1,6565.0,0,0,,0.0,113,113,0,0,0,0,0,0,0,41,33,60,50,100,100,289,250,332,160,315,120,100,60,47,25,250,200
89022745,0,21900.0,5,114,16.0,0.0,89,29,10,0,0,2,11,0,37,41,30,70,50,100,100,280,146,340,160,249,120,95,60,42,21,252,200
89022745,1,61052.0,8,240,0.0,12.0,193,39,38,0,0,54,4,0,58,41,30,70,50,100,100,280,146,340,160,249,120,95,60,42,21,252,200
89023201,0,3000.0,0,0,,0.0,0,0,0,0,0,0,0,0,0,42,35,71,50,100,100,293,250,320,160,294,120,105,60,50,25,253,200
89023201,1,3000.0,0,0,,0.0,0,0,0,0,0,0,0,0,0,42,35,71,50,100,100,293,250,320,160,294,120,105,60,50,25,253,200
89023202,0,10731.0,5,67,0.0,0.0,272,79,180,0,0,0,0,0,13,42,35,68,50,100,100,278,154,336,160,306,120,100,60,41,22,247,200
89023202,1,45358.0,9,243,0.0,11.0,222,58,20,0,0,3,24,0,117,42,35,68,50,100,100,278,154,336,160,306,120,100,60,41,22,247,200
89023203,0,6039.0,0,0,,0.0,2,0,2,0,0,0,0,0,0,42,35,68,50,100,100,281,204,347,160,338,120,96,60,49,25,250,200
89023203,1,48239.0,7,203,,13.0,86,27,32,0,0,3,5,0,19,42,35,68,50,100,100,281,204,347,160,338,120,96,60,49,25,250,200
89023204,0,49334.0,9,244,0.0,11.0,219,62,25,0,0,3,22,0,107,41,32,77,50,100,100,278,129,340,160,309,120,90,60,45,23,250,200
89023204,1,9838.0,5,67,0.0,0.0,268,123,132,0,0,0,0,0,13,41,32,77,50,100,100,278,129,340,160,309,120,90,60,45,23,250,200
89023205,0,38212.0,7,203,11.0,11.0,122,33,29,0,0,4,5,0,51,42,32,70,50,100,100,278,1,344,160,289,120,98,60,47,23,246,200
89023205,1,23095.0,10,228,0.0,0.0,324,8,87,0,0,39,5,0,185,42,32,70,50,100,100,278,1,344,160,289,120,98,60,47,23,246,200
89023206,0,17838.0,8,192,0.0,0.0,271,159,112,0,0,0,0,0,0,42,31,70,50,100,26,277,1,286,160,327,120,92,60,57,25,242,200
89023206,1,115987.0,12,242,10.0,18.0,49,11,28,0,0,0,0,0,10,42,31,70,50,100,26,277,1,286,160,327,120,92,60,57,25,242,200
89023207,0,50436.0,8,216,0.0,14.0,283,8,60,0,0,31,5,0,179,42,32,65,50,100,100,281,233,361,160,314,120,109,60,51,24,250,200
89023207,1,3000.0,0,0,,0.0,0,0,0,0,0,0,0,0,0,42,32,65,50,100,100,281,233,361,160,314,120,109,60,51,24,250,200
89023208,0,5699.0,0,0,,0.0,110,110,0,0,0,0,0,0,0,41,24,68,50,100,44,278,184,314,160,308,120,92,60,56,25,242,200
89023208,1,157449.0,13,324,0.0,11.0,105,21,36,0,0,48,0,0,0,41,24,68,50,100,44,278,184,314,160,308,120,92,60,56,25,242,200
89023209,0,32180.0,8,192,0.0,10.0,315,203,112,0,0,0,0,0,0,41,35,73,50,100,100,277,1,347,160,323,120,107,60,51,25,250,200
89023209,1,3177.0,10,86,0.0,0.0,13,7,3,0,0,2,0,0,1,41,35,73,50,100,100,277,1,347,160,323,120,107,60,51,25,250,200
89023210,0,25874.0,7,203,,0.0,86,27,32,0,0,3,5,0,19,42,31,66,50,100,26,277,1,292,160,326,120,94,60,56,25,238,200
89023210,1,129741.0,12,243,10.0,16.0,41,12,23,0,0,0,0,0,6,42,31,66,50,100,26,277,1,292,160,326,120,94,60,56,25,238,200
89023211,0,890.0,5,100,,0.0,137,129,0,0,0,0,8,0,0,42,35,71,50,100,100,293,250,324,160,294,120,89,60,49,25,253,200
89023211,1,890.0,5,100,,0.0,137,129,0,0,0,0,8,0,0,42,35,71,50,100,100,293,250,324,160,294,120,89,60,49,25,253,200
89023212,0,524.0,4,40,0.0,0.0,29,5,0,0,0,9,10,0,5,42,35,68,50,100,100,293,250,361,160,311,120,101,60,49,25,246,200
89023212,1,479.0,4,80,0.0,0.0,43,5,3,0,0,15,15,0,5,42,35,68,50,100,100,293,250,361,160,311,120,101,60,49,25,246,200
89023216,0,2883.0,1,27,,0.0,8,0,0,0,0,0,0,0,8,42,35,69,50,100,100,293,250,320,160,301,120,103,60,49,25,253,200
89023216,1,2853.0,1,27,,0.0,9,0,0,0,0,0,0,0,9,42,35,69,50,100,100,293,250,320,160,301,120,103,60,49,25,253,200
89023218,0,211.0,10,132,0.0,0.0,40,5,25,0,0,2,8,0,0,42,35,73,50,100,100,281,96,358,160,319,120,100,60,51,25,246,200
89023218,1,112.0,10,133,0.0,0.0,37,4,24,0,0,1,8,0,0,42,35,73,50,100,100,281,96,358,160,319,120,100,60,51,25,246,200
89023657,0,14393.0,4,56,0.0,0.0,120,19,90,0,0,0,0,0,11,42,35,77,50,100,100,286,240,320,160,311,120,88,60,50,25,250,200
89023657,1,3000.0,0,0,,0.0,0,0,0,0,0,0,0,0,0,42,35,77,50,100,100,286,240,320,160,311,120,88,60,50,25,250,200
89023658,0,1873.0,4,84,0.0,0.0,49,11,4,0,0,14,15,0,5,41,35,77,50,100,100,293,250,347,160,317,120,91,60,52,25,248,200
89023658,1,3000.0,0,0,,0.0,0,0,0,0,0,0,0,0,0,41,35,77,50,100,100,293,250,347,160,317,120,91,60,52,25,248,200
89023659,0,646.0,5,87,19.0,0.0,121,113,0,0,0,0,8,0,0,42,35,66,50,100,100,293,250,336,160,311,120,105,60,49,25,252,200
89023659,1,6259.0,0,0,,0.0,2,0,2,0,0,0,0,0,0,42,35,66,50,100,100,293,250,336,160,311,120,105,60,49,25,252,200
89023660,0,8709.0,4,17,0.0,0.0,118,23,84,0,0,0,0,0,11,42,35,76,50,100,100,290,250,340,160,297,120,98,60,51,25,248,200
89023660,1,2883.0,1,27,,0.0,8,0,0,0,0,0,0,0,8,42,35,76,50,100,100,290,250,340,160,297,120,98,60,51,25,248,200
89023661,0,68834.0,8,240,0.0,12.0,173,46,28,0,0,68,0,0,31,42,30,70,50,100,100,278,99,336,160,288,120,96,60,40,21,246,200
89023661,1,34430.0,9,244,0.0,11.0,237,68,14,0,0,5,23,0,127,42,30,70,50,100,100,278,99,336,160,288,120,96,60,40,21,246,200
89023662,0,60335.0,9,244,0.0,11.0,207,52,31,0,0,4,20,0,100,41,32,75,50,100,100,278,204,351,160,305,120,85,60,46,23,247,200
89023662,1,834.0,4,84,0.0,0.0,41,5,4,0,0,12,15,0,5,41,32,75,50,100,100,278,204,351,160,305,120,85,60,46,23,247,200
89023663,0,35020.0,7,203,11.0,11.0,127,34,29,0,0,5,5,0,54,41,30,75,50,100,100,278,13,340,160,298,120,99,60,48,25,248,200
89023663,1,21216.0,7,203,,0.0,86,27,32,0,0,3,5,0,19,41,30,75,50,100,100,278,13,340,160,298,120,99,60,48,25,248,200
89023664,0,46883.0,7,203,11.0,11.0,128,34,29,0,0,5,5,0,55,42,35,68,50,100,100,278,214,340,160,319,120,98,60,48,25,250,200
89023664,1,3973.0,2,60,,0.0,9,0,0,0,0,0,9,0,0,42,35,68,50,100,100,278,214,340,160,319,120,98,60,48,25,250,200
89023665,0,36040.0,10,200,0.0,14.0,388,8,152,0,0,38,5,0,185,42,32,69,50,100,83,280,43,368,160,314,120,104,60,52,24,244,200
89023665,1,26653.0,4,109,12.0,0.0,50,2,27,0,0,5,0,0,16,42,32,69,50,100,83,280,43,368,160,314,120,104,60,52,24,244,200
89023667,0,27073.0,7,203,,0.0,92,25,35,0,0,5,5,0,22,41,32,76,50,100,100,281,13,344,160,304,120,91,60,48,25,248,200
89023667,1,27073.0,7,203,,0.0,92,25,35,0,0,5,5,0,22,41,32,76,50,100,100,281,13,344,160,304,120,91,60,48,25,248,200
89024110,0,42516.0,9,225,0.0,12.0,224,66,24,0,0,4,18,0,112,41,27,74,50,100,100,278,31,340,160,294,120,97,60,42,23,247,200
89024110,1,26828.0,7,210,,0.0,144,90,20,0,0,0,0,0,34,41,27,74,50,100,100,278,31,340,160,294,120,97,60,42,23,247,200
89024111,0,26039.0,7,203,11.0,0.0,129,34,29,0,0,5,5,0,56,41,28,74,50,100,100,278,1,344,160,309,120,93,60,44,22,247,200
89024111,1,42289.0,9,239,0.0,11.0,216,63,25,0,0,6,19,0,103,41,28,74,50,100,100,278,1,344,160,309,120,93,60,44,22,247,200
89024112,0,983.0,5,101,,0.0,138,130,0,0,0,0,8,0,0,42,35,70,50,100,100,277,223,358,160,339,120,97,60,50,25,246,200
89024112,1,44878.0,4,75,11.0,10.0,106,38,33,0,0,0,0,0,35,42,35,70,50,100,100,277,223,358,160,339,120,97,60,50,25,246,200
89024113,0,22890.0,4,67,11.0,0.0,109,35,34,0,0,0,0,0,40,42,35,75,50,100,100,277,7,320,160,310,120,90,60,48,24,248,200
89024113,1,29490.0,7,203,,0.0,91,26,35,0,0,5,5,0,20,42,35,75,50,100,100,277,7,320,160,310,120,90,60,48,24,248,200
89024114,0,42815.0,9,243,0.0,11.0,212,66,22,0,0,2,23,0,99,41,28,68,50,100,100,278,142,351,160,327,120,77,54,36,21,251,200
89024114,1,25187.0,5,111,16.0,0.0,83,22,14,0,0,3,8,0,36,41,28,68,50,100,100,278,142,351,160,327,120,77,54,36,21,251,200
89024115,0,8815.0,5,67,0.0,0.0,215,59,144,0,0,0,0,0,12,42,35,67,50,100,100,281,179,344,160,297,120,93,60,49,25,252,200
89024115,1,121.0,10,136,0.0,0.0,38,4,24,0,0,1,9,0,0,42,35,67,50,100,100,281,179,344,160,297,120,93,60,49,25,252,200
89024116,0,58979.0,9,244,0.0,11.0,225,63,27,0,0,4,22,0,109,42,35,68,50,100,100,278,212,344,160,315,120,98,60,46,23,247,200
89024116,1,3000.0,0,0,,0.0,0,0,0,0,0,0,0,0,0,42,35,68,50,100,100,278,212,344,160,315,120,98,60,46,23,247,200
89024117,0,56278.0,9,244,0.0,11.0,216,62,27,0,0,4,22,0,101,42,35,70,50,100,100,278,212,328,160,315,120,87,57,41,22,250,200
89024117,1,2883.0,1,27,,0.0,7,0,0,0,0,0,0,0,7,42,35,70,50,100,100,278,212,328,160,315,120,87,57,41,22,250,200
89024118,0,15729.0,7,203,,0.0,91,27,34,0,0,4,6,0,20,41,35,68,50,100,100,277,1,351,160,299,120,95,60,47,25,253,200
89024118,1,15500.0,8,192,0.0,0.0,298,179,119,0,0,0,0,0,0,41,35,68,50,100,100,277,1,351,160,299,120,95,60,47,25,253,200
89024119,0,16195.0,5,66,0.0,0.0,159,42,79,0,0,0,0,0,38,42,35,71,50,100,100,280,146,332,160,321,120,105,60,50,25,250,200
89024119,1,12107.0,5,66,0.0,0.0,231,50,74,0,0,0,0,0,107,42,35,71,50,100,100,280,146,332,160,321,120,105,60,50,25,250,200
89024122,0,21485.0,1,29,,0.0,152,113,39,0,0,0,0,0,0,42,35,70,50,100,100,278,133,361,160,324,120,105,60,51,25,246,200
89024122,1,21885.0,1,29,,0.0,150,113,37,0,0,0,0,0,0,42,35,70,50,100,100,278,133,361,160,324,120,105,60,51,25,246,200
89024561,0,46603.0,7,203,,13.0,92,25,35,0,0,5,5,0,22,42,35,73,50,100,100,281,212,347,160,316,120,112,60,52,25,246,200
89024561,1,6039.0,0,0,,0.0,2,0,2,0,0,0,0,0,0,42,35,73,50,100,100,281,212,347,160,316,120,112,60,52,25,246,200
89024562,0,3883.0,2,60,,0.0,9,0,0,0,0,0,9,0,0,42,35,74,50,100,100,285,240,315,160,314,120,96,60,50,25,253,200
89024562,1,15898.0,5,66,0.0,0.0,237,117,98,0,0,0,0,0,22,42,35,74,50,100,100,285,240,315,160,314,120,96,60,50,25,253,200
89024563,0,13591.0,10,233,0.0,0.0,369,131,118,0,0,0,0,0,120,38,22,74,50,100,100,278,1,347,160,325,120,88,60,36,22,248,200
89024563,1,38846.0,9,238,0.0,11.0,227,69,22,0,0,4,21,0,111,38,22,74,50,100,100,278,1,347,160,325,120,88,60,36,22,248,200
89024564,0,175.0,10,141,0.0,0.0,37,4,24,0,0,2,7,0,0,42,35,69,50,100,100,281,227,347,160,316,120,105,60,52,25,250,200
89024564,1,1034.0,4,84,0.0,0.0,45,8,5,0,0,12,15,0,5,42,35,69,50,100,100,281,227,347,160,316,120,105,60,52,25,250,200
89024565,0,111073.0,12,241,10.0,15.0,42,11,26,0,0,0,0,0,5,41,29,73,50,100,35,277,19,295,160,338,120,92,60,56,25,230,129
89024565,1,34210.0,7,203,11.0,11.0,129,38,26,0,0,5,6,0,54,41,29,73,50,100,35,277,19,295,160,338,120,92,60,56,25,230,129
89024566,0,130940.0,13,325,0.0,11.0,106,21,36,0,0,49,0,0,0,41,27,70,50,100,43,278,1,285,160,277,120,114,60,53,25,235,192
89024566,1,14630.0,10,243,0.0,0.0,378,144,111,0,0,0,0,0,123,41,27,70,50,100,43,278,1,285,160,277,120,114,60,53,25,235,192
89024567,0,17168.0,7,203,,0.0,86,27,32,0,0,3,5,0,19,42,26,74,50,100,46,278,13,294,160,301,120,88,60,56,25,236,196
89024567,1,137288.0,13,325,0.0,11.0,101,21,36,0,0,44,0,0,0,42,26,74,50,100,46,278,13,294,160,301,120,88,60,56,25,236,196
89024568,0,35609.0,10,254,14.0,13.0,168,59,20,0,0,5,14,0,70,42,32,64,50,100,100,280,13,340,160,298,120,92,60,41,22,252,200
89024568,1,38117.0,8,216,0.0,14.0,296,8,65,0,0,33,5,0,185,42,32,64,50,100,100,280,13,340,160,298,120,92,60,41,22,252,200
89024569,0,34761.0,7,203,11.0,11.0,129,34,29,0,0,5,5,0,56,42,35,70,50,100,100,278,13,336,160,290,120,95,60,44,23,250,200
89024569,1,20938.0,7,203,,0.0,86,27,32,0,0,3,5,0,19,42,35,70,50,100,100,278,13,336,160,290,120,95,60,44,23,250,200
89024576,0,24339.0,6,168,,0.0,133,0,31,0,0,0,0,0,102,42,35,70,50,100,100,281,7,347,160,304,120,109,60,43,25,247,200
89024576,1,24339.0,6,168,,0.0,133,0,31,0,0,0,0,0,102,42,35,70,50,100,100,281,7,347,160,304,120,109,60,43,25,247,200
89025017,0,64247.0,8,240,0.0,12.0,177,15,23,0,0,71,0,0,68,41,32,75,50,100,100,280,43,347,160,260,120,98,60,48,23,250,200
89025017,1,7567.0,5,66,0.0,0.0,225,65,55,0,0,0,0,0,105,41,32,75,50,100,100,280,43,347,160,260,120,98,60,48,23,250,200
89025018,0,23930.0,1,29,,0.0,152,113,39,0,0,0,0,0,0,41,35,58,44,100,59,278,221,351,160,339,120,101,60,49,25,250,200
89025018,1,39765.0,7,209,,7.0,107,36,8,0,0,0,0,0,63,41,35,58,44,100,59,278,221,351,160,339,120,101,60,49,25,250,200
89025019,0,25279.0,6,168,,0.0,131,0,32,0,0,0,0,0,99,42,35,76,50,100,100,281,7,336,160,326,120,92,60,45,25,246,200
89025019,1,27450.0,7,203,,0.0,87,28,31,0,0,4,5,0,19,42,35,76,50,100,100,281,7,336,160,326,120,92,60,45,25,246,200
89025020,0,27461.0,7,203,,0.0,86,27,32,0,0,3,5,0,19,42,32,70,50,100,100,281,13,351,160,336,120,90,60,48,25,247,200
89025020,1,27531.0,7,203,,0.0,90,27,35,0,0,4,5,0,19,42,32,70,50,100,100,281,13,351,160,336,120,90,60,48,25,247,200
89025021,0,129129.0,13,324,0.0,11.0,106,21,36,0,0,49,0,0,0,42,26,73,50,100,44,278,13,291,160,267,120,78,60,52,24,244,200
89025021,1,30067.0,9,233,0.0,11.0,204,64,22,0,0,4,21,0,93,42,26,73,50,100,44,278,13,291,160,267,120,78,60,52,24,244,200
89025022,0,93168.0,10,276,9.0,11.0,137,9,22,0,0,44,10,0,52,42,35,69,50,100,12,277,68,259,160,297,120,92,60,58,25,234,167
89025022,1,94576.0,12,238,10.0,16.0,69,26,23,0,0,0,0,0,20,42,35,69,50,100,12,277,68,259,160,297,120,92,60,58,25,234,167
89025023,0,40630.0,9,235,0.0,11.0,222,63,18,0,0,4,21,0,116,40,25,77,50,100,100,278,81,332,160,312,120,79,60,41,23,250,200
89025023,1,26495.0,7,210,,0.0,144,90,20,0,0,0,0,0,34,40,25,77,50,100,100,278,81,332,160,312,120,79,60,41,23,250,200
89025024,0,105524.0,12,240,10.0,16.0,70,20,26,0,0,0,0,0,24,42,29,70,50,100,12,277,96,248,160,271,120,96,60,60,25,235,200
89025024,1,89461.0,10,274,9.0,11.0,116,8,20,0,0,42,15,0,31,42,29,70,50,100,12,277,96,248,160,271,120,96,60,60,25,235,200
89025025,0,36889.0,7,203,11.0,11.0,127,36,29,0,0,5,5,0,52,41,29,73,50,100,100,278,4,344,160,278,120,100,60,47,24,251,200
89025025,1,19101.0,10,244,0.0,0.0,334,8,89,0,0,47,5,0,185,41,29,73,50,100,100,278,4,344,160,278,120,100,60,47,24,251,200
89025028,0,3000.0,0,0,,0.0,0,0,0,0,0,0,0,0,0,42,35,71,50,100,100,293,250,320,160,294,120,105,60,50,25,253,200
89025028,1,3000.0,0,0,,0.0,0,0,0,0,0,0,0,0,0,42,35,71,50,100,100,293,250,320,160,294,120,105,60,50,25,253,200
89025471,0,3000.0,0,0,,0.0,0,0,0,0,0,0,0,0,0,42,29,73,50,100,100,283,242,332,160,330,120,96,60,49,25,248,200
89025471,1,34548.0,7,210,,10.0,144,90,20,0,0,0,0,0,34,42,29,73,50,100,100,283,242,332,160,330,120,96,60,49,25,248,200
89025472,0,40846.0,10,254,14.0,13.0,163,50,20,0,0,5,10,0,78,40,31,74,50,100,100,280,142,347,160,309,120,86,60,42,25,251,200
89025472,1,14281.0,5,66,0.0,0.0,183,36,84,0,0,0,0,0,63,40,31,74,50,100,100,280,142,347,160,309,120,86,60,42,25,251,200
89025473,0,19960.0,10,234,0.0,0.0,319,8,81,0,0,40,5,0,185,42,32,75,50,100,100,280,22,336,160,318,120,89,60,46,24,251,200
89025473,1,32983.0,6,168,,13.0,122,0,35,0,0,0,0,0,87,42,32,75,50,100,100,280,22,336,160,318,120,89,60,46,24,251,200
89025474,0,23727.0,1,29,,0.0,152,113,39,0,0,0,0,0,0,42,35,68,50,100,70,278,227,327,160,315,120,98,60,51,25,250,200
89025474,1,39104.0,7,136,10.0,20.0,55,1,25,0,0,5,0,0,24,42,35,68,50,100,70,278,227,327,160,315,120,98,60,51,25,250,200
89025475,0,36893.0,9,225,0.0,11.0,226,66,23,0,0,3,22,0,112,42,31,70,50,100,100,278,1,344,160,304,120,94,60,46,23,248,200
89025475,1,28397.0,7,203,,0.0,92,25,35,0,0,5,5,0,22,42,31,70,50,100,100,278,1,344,160,304,120,94,60,46,23,248,200
89025476,0,27361.0,7,203,,0.0,86,27,32,0,0,3,5,0,19,41,32,68,50,100,100,281,13,358,160,311,120,89,60,47,23,250,200
89025476,1,26889.0,7,203,,0.0,88,25,35,0,0,5,5,0,18,41,32,68,50,100,100,281,13,358,160,311,120,89,60,47,23,250,200
89025477,0,27946.0,7,177,12.0,0.0,84,34,11,0,0,4,8,0,27,42,34,73,50,100,100,288,250,347,160,309,120,95,60,49,25,246,200
89025477,1,3334.0,0,0,,0.0,15,0,0,0,0,0,0,0,15,42,34,73,50,100,100,288,250,347,160,309,120,95,60,49,25,246,200
89025478,0,29487.0,7,203,11.0,0.0,129,34,29,0,0,5,5,0,56,41,28,73,50,100,100,278,1,354,160,311,120,105,60,48,25,246,200
89025478,1,29487.0,7,203,11.0,0.0,129,34,29,0,0,5,5,0,56,41,28,73,50,100,100,278,1,354,160,311,120,105,60,48,25,246,200
89025479,0,6664.0,0,0,,0.0,110,110,0,0,0,0,0,0,0,41,33,73,50,100,100,293,250,344,160,336,120,101,60,51,25,248,200
89025479,1,3000.0,0,0,,0.0,0,0,0,0,0,0,0,0,0,41,33,73,50,100,100,293,250,344,160,336,120,101,60,51,25,248,200
89025480,0,34148.0,7,203,11.0,11.0,124,36,29,0,0,5,5,0,49,42,30,76,50,100,100,278,13,336,160,298,120,99,60,48,25,247,200
89025480,1,21128.0,7,203,,0.0,86,27,32,0,0,3,5,0,19,42,30,76,50,100,100,278,13,336,160,298,120,99,60,48,25,247,200
89025486,0,25612.0,10,290,11.0,0.0,151,37,27,0,0,4,5,0,78,42,35,69,50,100,100,278,1,328,160,301,120,92,60,42,22,252,200
89025486,1,26102.0,10,290,11.0,0.0,153,37,27,0,0,4,5,0,80,42,35,69,50,100,100,278,1,328,160,301,120,92,60,42,22,252,200
89025925,0,9924.0,4,59,0.0,0.0,196,84,94,0,0,0,0,0,18,42,35,68,50,100,100,278,51,340,160,319,120,107,60,49,25,247,200
89025925,1,35220.0,10,290,11.0,11.0,147,34,27,0,0,4,5,0,77,42,35,68,50,100,100,278,51,340,160,319,120,107,60,49,25,247,200
89025926,0,48107.0,6,168,,13.0,73,0,70,0,0,0,0,0,3,42,35,75,50,100,100,281,120,344,160,304,120,103,60,51,25,250,200
89025926,1,5985.0,0,0,,0.0,2,0,2,0,0,0,0,0,0,42,35,75,50,100,100,281,120,344,160,304,120,103,60,51,25,250,200
89025927,0,3000.0,0,0,,0.0,0,0,0,0,0,0,0,0,0,42,35,71,50,100,100,293,250,351,160,321,120,109,60,51,25,246,200
89025927,1,3000.0,0,0,,0.0,0,0,0,0,0,0,0,0,0,42,35,71,50,100,100,293,250,351,160,321,120,109,60,51,25,246,200
89025928,0,34787.0,4,109,12.0,12.0,49,2,27,0,0,5,0,0,15,42,35,69,50,100,81,280,176,335,160,295,120,101,60,51,25,249,200
89025928,1,9736.0,5,66,0.0,0.0,135,25,98,0,0,0,0,0,12,42,35,69,50,100,81,280,176,335,160,295,120,101,60,51,25,249,200
89025929,0,21433.0,7,177,12.0,0.0,91,40,9,0,0,5,8,0,29,41,27,70,50,100,100,278,165,344,160,296,120,95,60,46,23,253,200
89025929,1,42950.0,7,203,11.0,11.0,127,34,29,0,0,5,5,0,54,41,27,70,50,100,100,278,165,344,160,296,120,95,60,46,23,253,200
89025930,0,27877.0,7,203,11.0,0.0,123,33,29,0,0,4,5,0,52,41,29,74,50,100,100,278,1,324,160,324,120,85,60,39,22,252,200
89025930,1,37681.0,9,243,0.0,11.0,223,62,18,0,0,3,24,0,116,41,29,74,50,100,100,278,1,324,160,324,120,85,60,39,22,252,200
89025931,0,136248.0,13,323,0.0,11.0,103,21,36,0,0,46,0,0,0,41,26,70,50,100,47,278,1,310,160,271,120,96,60,54,24,236,197
89025931,1,33758.0,9,230,0.0,11.0,209,53,23,0,0,4,23,0,106,41,26,70,50,100,47,278,1,310,160,271,120,96,60,54,24,236,197
89025932,0,15807.0,5,66,0.0,0.0,138,29,94,0,0,0,0,0,15,42,35,62,46,100,59,278,223,315,160,304,120,105,60,49,25,253,200
89025932,1,40846.0,7,209,,7.0,107,36,8,0,0,0,0,0,63,42,35,62,46,100,59,278,223,315,160,304,120,105,60,49,25,253,200
89025933,0,6532.0,0,0,,0.0,113,113,0,0,0,0,0,0,0,41,35,73,50,100,100,293,250,336,160,330,120,101,60,51,25,248,200
89025933,1,3000.0,0,0,,0.0,0,0,0,0,0,0,0,0,0,41,35,73,50,100,100,293,250,336,160,330,120,101,60,51,25,248,200
89025934,0,49336.0,11,184,10.0,10.0,204,71,33,0,0,13,0,0,87,41,33,70,50,100,100,278,1,324,160,286,120,99,60,44,25,252,200
89025934,1,15226.0,7,203,11.0,0.0,129,34,29,0,0,5,5,0,56,41,33,70,50,100,100,278,1,324,160,286,120,99,60,44,25,252,200
89026383,0,38159.0,10,290,11.0,11.0,153,37,27,0,0,4,5,0,80,41,32,71,50,100,76,278,70,353,160,317,120,90,60,49,24,249,200
89026383,1,31149.0,7,131,12.0,13.0,67,12,29,0,0,5,0,0,21,41,32,71,50,100,76,278,70,353,160,317,120,90,60,49,24,249,200
89026384,0,1844.0,4,72,3.0,0.0,513,44,0,0,0,65,404,0,0,42,32,75,50,100,100,293,250,336,160,310,120,81,60,49,25,250,200
89026384,1,656.0,4,84,0.0,0.0,45,5,5,0,0,15,15,0,5,42,32,75,50,100,100,293,250,336,160,310,120,81,60,49,25,250,200
89026385,0,3000.0,0,0,,0.0,0,0,0,0,0,0,0,0,0,42,35,70,50,100,100,293,250,344,160,330,120,96,60,51,25,246,200
89026385,1,3000.0,0,0,,0.0,0,0,0,0,0,0,0,0,0,42,35,70,50,100,100,293,250,344,160,330,120,96,60,51,25,246,200
89026386,0,22630.0,10,203,0.0,0.0,297,8,74,0,0,25,5,0,185,42,32,75,50,100,100,280,13,320,160,319,120,100,60,48,24,248,200
89026386,1,31586.0,6,168,,13.0,118,0,34,0,0,0,0,0,84,42,32,75,50,100,100,280,13,320,160,319,120,100,60,48,24,248,200
89026387,0,4801.0,0,0,,0.0,85,0,0,0,0,0,0,0,85,42,35,68,50,100,100,280,240,347,160,333,120,105,60,50,25,250,200
89026387,1,22590.0,5,66,0.0,0.0,134,25,98,0,0,0,0,0,11,42,35,68,50,100,100,280,240,347,160,333,120,105,60,50,25,250,200
89026388,0,2853.0,1,27,,0.0,9,0,0,0,0,0,0,0,9,42,35,75,50,100,100,293,250,347,160,311,120,105,60,51,25,248,200
89026388,1,3000.0,0,0,,0.0,0,0,0,0,0,0,0,0,0,42,35,75,50,100,100,293,250,347,160,311,120,105,60,51,25,248,200
89026389,0,3000.0,0,0,,0.0,0,0,0,0,0,0,0,0,0,42,35,70,50,100,100,293,250,347,160,330,120,103,60,50,25,246,200
89026389,1,621.0,5,86,19.0,0.0,119,111,0,0,0,0,8,0,0,42,35,70,50,100,100,293,250,347,160,330,120,103,60,50,25,246,200
89026390,0,27433.0,10,191,11.0,0.0,269,110,53,0,0,0,0,0,106,40,27,70,50,100,100,277,1,351,160,291,120,94,60,36,24,251,200
89026390,1,33549.0,10,254,14.0,12.0,167,43,21,0,0,5,15,0,83,40,27,70,50,100,100,277,1,351,160,291,120,94,60,36,24,251,200
89026391,0,27281.0,11,183,0.0,0.0,84,42,9,0,0,2,0,0,31,41,35,61,50,100,100,278,247,347,160,308,120,96,60,46,25,253,200
89026391,1,24641.0,7,177,12.0,0.0,77,34,11,0,0,3,6,0,23,41,35,61,50,100,100,278,247,347,160,308,120,96,60,46,25,253,200
89026392,0,19830.0,7,203,,0.0,92,25,35,0,0,5,5,0,22,42,30,71,50,100,100,278,13,340,160,298,120,97,60,47,25,248,200
89026392,1,32373.0,10,290,11.0,11.0,153,37,27,0,0,4,5,0,80,42,30,71,50,100,100,278,13,340,160,298,120,97,60,47,25,248,200
89026836,0,39925.0,7,209,,7.0,107,36,8,0,0,0,0,0,63,41,29,58,44,100,59,278,142,351,160,313,120,107,60,48,25,247,200
89026836,1,39047.0,10,290,11.0,11.0,152,35,27,0,0,4,5,0,81,41,29,58,44,100,59,278,142,351,160,313,120,107,60,48,25,247,200
89026837,0,3000.0,0,0,,0.0,0,0,0,0,0,0,0,0,0,42,32,71,50,100,100,287,250,340,160,326,120,101,60,47,25,250,200
89026837,1,32691.0,5,114,16.0,8.0,87,26,12,0,0,3,9,0,37,42,32,71,50,100,100,287,250,340,160,326,120,101,60,47,25,250,200
89026838,0,18407.0,6,168,,0.0,131,0,30,0,0,0,0,0,101,41,35,71,50,100,100,277,1,336,160,330,120,105,60,48,25,250,200
89026838,1,14681.0,8,192,0.0,0.0,298,179,119,0,0,0,0,0,0,41,35,71,50,100,100,277,1,336,160,330,120,105,60,48,25,250,200
89026839,0,16944.0,6,168,,0.0,128,0,30,0,0,0,0,0,98,42,35,69,50,100,100,277,1,332,160,321,120,92,60,43,25,250,200
89026839,1,15054.0,8,192,0.0,0.0,278,165,113,0,0,0,0,0,0,42,35,69,50,100,100,277,1,332,160,321,120,92,60,43,25,250,200
89026840,0,93324.0,10,276,9.0,11.0,135,7,22,0,0,41,13,0,52,42,35,71,50,100,14,277,76,262,160,284,120,95,60,59,25,227,82
89026840,1,87044.0,12,239,10.0,15.0,58,24,24,0,0,0,0,0,10,42,35,71,50,100,14,277,76,262,160,284,120,95,60,59,25,227,82
89026841,0,3377.0,0,0,,0.0,15,0,0,0,0,0,0,0,15,42,35,67,50,100,100,293,250,358,160,297,120,98,60,50,25,250,200
89026841,1,1696.0,4,56,0.0,0.0,40,5,2,0,0,13,15,0,5,42,35,67,50,100,100,293,250,358,160,297,120,98,60,50,25,250,200
89026842,0,40810.0,8,240,0.0,24.0,151,41,19,0,0,52,0,0,39,42,32,73,50,100,100,278,7,328,160,278,120,92,60,45,22,250,200
89026842,1,63435.0,14,188,10.0,10.0,145,58,24,0,0,33,0,0,30,42,32,73,50,100,100,278,7,328,160,278,120,92,60,45,22,250,200
89026843,0,40566.0,7,209,,7.0,107,36,8,0,0,0,0,0,63,41,30,61,46,100,59,278,62,365,160,316,120,102,60,49,23,247,200
89026843,1,46447.0,10,222,0.0,14.0,332,8,87,0,0,47,5,0,185,41,30,61,46,100,59,278,62,365,160,316,120,102,60,49,23,247,200
89026844,0,133681.0,13,323,0.0,11.0,104,21,36,0,0,47,0,0,0,41,26,75,50,100,44,278,13,273,160,292,120,96,60,53,24,244,200
89026844,1,37476.0,9,235,0.0,11.0,218,59,14,0,0,7,21,0,117,41,26,75,50,100,44,278,13,273,160,292,120,96,60,53,24,244,200
89026845,0,71722.0,10,278,9.0,11.0,158,17,25,0,0,39,16,0,61,41,25,68,50,100,2,278,1,282,160,278,120,106,60,59,25,248,200
89026845,1,91389.0,13,318,0.0,11.0,69,21,33,0,0,15,0,0,0,41,25,68,50,100,2,278,1,282,160,278,120,106,60,59,25,248,200
89026857,0,28958.0,9,174,0.0,0.0,130,39,36,0,0,2,9,0,44,41,33,69,50,100,100,281,91,358,160,299,120,94,60,48,25,252,200
89026857,1,28123.0,9,181,0.0,0.0,111,35,39,0,0,1,10,0,26,41,33,69,50,100,100,281,91,358,160,299,120,94,60,48,25,252,200
89027297,0,20048.0,7,203,,0.0,92,25,35,0,0,5,5,0,22,41,35,71,50,100,100,278,13,324,160,318,120,97,60,47,25,252,200
89027297,1,32065.0,10,290,11.0,11.0,149,35,27,0,0,4,5,0,78,41,35,71,50,100,100,278,13,324,160,318,120,97,60,47,25,252,200
89027298,0,29686.0,7,203,11.0,0.0,129,34,29,0,0,5,5,0,56,42,35,66,50,100,100,278,1,344,160,316,120,112,60,43,25,251,200
89027298,1,23474.0,6,168,,0.0,128,0,34,0,0,0,0,0,94,42,35,66,50,100,100,278,1,344,160,316,120,112,60,43,25,251,200
89027299,0,4085.0,4,72,3.0,0.0,291,85,0,0,0,33,173,0,0,42,31,73,50,100,100,293,250,336,160,331,120,87,60,49,25,250,200
89027299,1,3363.0,0,0,,0.0,15,0,0,0,0,0,0,0,15,42,31,73,50,100,100,293,250,336,160,331,120,87,60,49,25,250,200
89027300,0,3000.0,0,0,,0.0,0,0,0,0,0,0,0,0,0,42,35,74,50,100,100,277,1,320,160,286,120,98,60,50,25,251,200
89027300,1,33938.0,8,192,0.0,10.0,315,203,112,0,0,0,0,0,0,42,35,74,50,100,100,277,1,320,160,286,120,98,60,50,25,251,200
89027301,0,6385.0,0,0,,0.0,113,113,0,0,0,0,0,0,0,41,33,70,50,100,100,284,248,328,160,327,120,98,60,50,25,253,200
89027301,1,25094.0,1,29,,0.0,152,113,39,0,0,0,0,0,0,41,33,70,50,100,100,284,248,328,160,327,120,98,60,50,25,253,200
89027302,0,2300.0,0,0,,0.0,30,30,0,0,0,0,0,0,0,42,35,68,50,100,100,281,232,328,160,307,120,93,60,50,25,253,200
89027302,1,242.0,10,144,0.0,0.0,38,4,24,0,0,1,9,0,0,42,35,68,50,100,100,281,232,328,160,307,120,93,60,50,25,253,200
89027303,0,2187.0,11,56,0.0,0.0,40,16,9,0,0,4,2,0,9,42,35,77,50,100,100,292,250,320,160,316,120,94,60,51,25,251,200
89027303,1,3000.0,0,0,,0.0,0,0,0,0,0,0,0,0,0,42,35,77,50,100,100,292,250,320,160,316,120,94,60,51,25,251,200
89027304,0,28005.0,10,296,0.0,0.0,205,78,17,0,0,5,16,0,89,38,25,73,50,100,100,277,1,340,160,314,120,89,60,45,22,252,200
89027304,1,17096.0,8,192,0.0,0.0,263,144,119,0,0,0,0,0,0,38,25,73,50,100,100,277,1,340,160,314,120,89,60,45,22,252,200
89027305,0,28532.0,7,203,,0.0,86,27,32,0,0,3,5,0,19,42,33,70,50,100,100,278,1,354,160,307,120,85,60,41,22,247,200
89027305,1,35347.0,9,228,0.0,11.0,227,70,22,0,0,3,22,0,110,42,33,70,50,100,100,278,1,354,160,307,120,85,60,41,22,247,200
89027306,0,69892.0,10,275,9.0,11.0,148,9,23,0,0,33,13,0,70,42,27,69,50,100,7,278,13,293,160,268,120,90,60,57,25,236,199
89027306,1,92397.0,13,320,0.0,11.0,86,21,36,0,0,29,0,0,0,42,27,69,50,100,7,278,13,293,160,268,120,90,60,57,25,236,199
89027753,0,31190.0,10,290,11.0,11.0,150,37,27,0,0,4,5,0,77,41,30,70,50,100,100,278,13,336,160,321,120,97,60,45,25,252,200
89027753,1,20352.0,7,203,,0.0,91,28,33,0,0,4,6,0,20,41,30,70,50,100,100,278,13,336,160,321,120,97,60,45,25,252,200
89027754,0,5673.0,0,0,,0.0,3,0,3,0,0,0,0,0,0,42,35,70,50,100,100,281,246,315,160,308,120,96,60,48,25,253,200
89027754,1,25271.0,1,29,,0.0,150,113,37,0,0,0,0,0,0,42,35,70,50,100,100,281,246,315,160,308,120,96,60,48,25,253,200
89027755,0,32108.0,9,162,0.0,13.0,125,42,32,0,0,3,10,0,38,41,32,71,50,100,100,280,133,344,160,295,120,97,60,48,24,252,200
89027755,1,22324.0,10,219,0.0,0.0,314,8,76,0,0,40,5,0,185,41,32,71,50,100,100,280,133,344,160,295,120,97,60,48,24,252,200
89027756,0,49097.0,11,187,10.0,10.0,210,100,32,0,0,14,0,0,64,41,35,74,50,100,100,278,1,315,160,296,120,88,60,44,24,251,200
89027756,1,14413.0,10,290,11.0,0.0,153,37,27,0,0,4,5,0,80,41,35,74,50,100,100,278,1,315,160,296,120,88,60,44,24,251,200
89027757,0,16636.0,10,238,0.0,0.0,371,135,112,0,0,0,0,0,124,38,24,69,50,100,100,278,1,365,160,313,120,92,60,39,23,248,200
89027757,1,29407.0,7,203,11.0,0.0,126,36,29,0,0,5,5,0,51,38,24,69,50,100,100,278,1,365,160,313,120,92,60,39,23,248,200
89027758,0,4548.0,4,100,10.0,0.0,73,0,0,0,0,0,73,0,0,42,35,75,50,100,100,293,250,336,160,330,120,84,52,52,25,250,200
89027758,1,3000.0,0,0,,0.0,0,0,0,0,0,0,0,0,0,42,35,75,50,100,100,293,250,336,160,330,120,84,52,52,25,250,200
89027759,0,38189.0,10,254,14.0,13.0,162,44,21,0,0,6,12,0,79,38,20,74,50,100,100,278,138,358,160,311,120,82,54,35,22,248,200
89027759,1,38882.0,10,296,0.0,11.0,207,80,18,0,0,5,18,0,86,38,20,74,50,100,100,278,138,358,160,311,120,82,54,35,22,248,200
89027760,0,30094.0,6,168,,13.0,88,1,63,0,0,0,0,0,24,42,31,69,50,100,100,278,13,347,160,318,120,97,60,42,22,246,200
89027760,1,34621.0,9,244,0.0,11.0,240,79,14,0,0,4,19,0,124,42,31,69,50,100,100,278,13,347,160,318,120,97,60,42,22,246,200
89027761,0,104993.0,12,245,10.0,18.0,78,26,25,0,0,0,0,0,27,42,29,69,50,100,15,277,84,280,126,288,120,105,60,60,25,244,200
89027761,1,84814.0,10,274,9.0,11.0,124,15,20,0,0,42,15,0,32,42,29,69,50,100,15,277,84,280,126,288,120,105,60,60,25,244,200
89027762,0,32203.0,9,244,0.0,11.0,254,89,13,0,0,4,20,0,128,38,26,68,50,100,100,277,1,358,160,301,120,98,60,43,22,252,200
89027762,1,16174.0,8,192,0.0,0.0,271,153,118,0,0,0,0,0,0,38,26,68,50,100,100,277,1,358,160,301,120,98,60,43,22,252,200
89027765,0,3000.0,0,0,,0.0,0,0,0,0,0,0,0,0,0,42,35,71,50,100,100,293,250,320,160,294,120,105,60,50,25,253,200
89027765,1,3000.0,0,0,,0.0,0,0,0,0,0,0,0,0,0,42,35,71,50,100,100,293,250,320,160,294,120,105,60,50,25,253,200
89028207,0,4104.0,2,60,,0.0,9,0,0,0,0,0,9,0,0,42,35,69,50,100,100,284,248,347,160,301,120,108,60,51,25,250,200
89028207,1,25522.0,1,29,,0.0,150,113,37,0,0,0,0,0,0,42,35,69,50,100,100,284,248,347,160,301,120,108,60,51,25,250,200
89028208,0,20431.0,7,203,,0.0,86,27,32,0,0,3,5,0,19,42,30,71,50,100,100,278,13,344,160,315,120,97,60,44,25,250,200
89028208,1,32253.0,10,290,11.0,11.0,153,37,27,0,0,4,5,0,80,42,30,71,50,100,100,278,13,344,160,315,120,97,60,44,25,250,200
89028209,0,43405.0,4,71,11.0,10.0,106,37,33,0,0,0,0,0,36,42,35,74,50,100,100,277,219,347,160,327,120,93,60,51,25,246,200
89028209,1,5505.0,4,100,10.0,0.0,78,0,0,0,0,0,78,0,0,42,35,74,50,100,100,277,219,347,160,327,120,93,60,51,25,246,200
89028210,0,15299.0,8,192,0.0,0.0,271,159,112,0,0,0,0,0,0,41,32,70,50,100,100,277,1,332,160,296,120,91,60,44,22,252,200
89028210,1,46865.0,8,240,0.0,12.0,206,49,19,0,0,52,19,0,67,41,32,70,50,100,100,277,1,332,160,296,120,91,60,44,22,252,200
89028211,0,35799.0,7,203,,13.0,86,27,32,0,0,3,5,0,19,41,31,74,50,100,100,281,13,324,160,307,120,87,60,42,23,252,200
89028211,1,31106.0,10,254,14.0,12.0,153,56,20,0,0,5,12,0,60,41,31,74,50,100,100,281,13,324,160,307,120,87,60,42,23,252,200
89028212,0,28733.0,9,162,0.0,0.0,121,42,33,0,0,3,11,0,32,41,32,70,50,100,100,280,108,358,160,310,120,105,60,51,24,247,200
89028212,1,41056.0,8,216,0.0,14.0,289,8,58,0,0,33,5,0,185,41,32,70,50,100,100,280,108,358,160,310,120,105,60,51,24,247,200
89028213,0,40792.0,9,239,0.0,11.0,216,61,25,0,0,6,19,0,105,42,30,70,50,100,100,278,1,328,160,305,120,91,55,39,22,251,200
89028213,1,25077.0,7,203,11.0,0.0,128,34,31,0,0,4,5,0,54,42,30,70,50,100,100,278,1,328,160,305,120,91,55,39,22,251,200
89028214,0,56812.0,13,176,10.0,10.0,135,13,38,0,0,29,0,0,55,41,27,71,50,100,100,278,7,328,160,298,120,94,60,43,22,252,200
89028214,1,27654.0,10,296,0.0,0.0,209,89,18,0,0,5,18,0,79,41,27,71,50,100,100,278,7,328,160,298,120,94,60,43,22,252,200
89028215,0,3000.0,0,0,,0.0,0,0,0,0,0,0,0,0,0,42,35,67,50,100,100,293,250,358,160,311,120,96,60,49,25,253,200
89028215,1,2300.0,0,0,,0.0,30,30,0,0,0,0,0,0,0,42,35,67,50,100,100,293,250,358,160,311,120,96,60,49,25,253,200
89028216,0,3000.0,0,0,,0.0,0,0,0,0,0,0,0,0,0,41,32,75,50,100,100,286,250,324,160,322,120,95,60,48,25,252,200
89028216,1,33971.0,5,112,15.0,10.0,89,28,13,0,0,3,7,0,38,41,32,75,50,100,100,286,250,324,160,322,120,95,60,48,25,252,200
89028219,0,39223.0,11,252,0.0,13.0,109,21,29,0,0,35,5,0,19,41,35,74,50,100,100,281,13,347,160,271,120,99,60,50,25,251,200
89028219,1,38289.0,11,250,0.0,13.0,109,22,31,0,0,32,4,0,20,41,35,74,50,100,100,281,13,347,160,271,120,99,60,50,25,251,200
89028221,0,49059.0,9,196,7.0,18.0,182,94,23,0,0,0,0,0,65,39,29,73,50,100,100,285,81,349,160,321,120,101,60,50,25,242,133
89028221,1,47184.0,9,183,7.0,17.0,186,93,26,0,0,0,0,0,67,39,29,73,50,100,100,285,81,349,160,321,120,101,60,50,25,242,133
89028663,0,32069.0,7,203,,13.0,86,27,32,0,0,3,5,0,19,42,35,71,50,100,100,281,1,344,160,301,120,110,60,51,25,247,200
89028663,1,30353.0,11,253,0.0,13.0,110,21,29,0,0,35,5,0,20,42,35,71,50,100,100,281,1,344,160,301,120,110,60,51,25,247,200
89028664,0,57011.0,9,193,7.0,16.0,170,80,21,0,0,0,0,0,69,42,35,73,50,100,100,285,245,308,160,318,120,103,60,50,25,246,200
89028664,1,6957.0,0,0,,0.0,110,110,0,0,0,0,0,0,0,42,35,73,50,100,100,285,245,308,160,318,120,103,60,50,25,246,200
89028665,0,6720.0,0,0,,0.0,110,110,0,0,0,0,0,0,0,42,33,69,50,100,100,283,120,351,160,321,120,106,60,50,25,246,200
89028665,1,51668.0,9,162,0.0,13.0,90,18,62,0,0,0,3,0,7,42,33,69,50,100,100,283,120,351,160,321,120,106,60,50,25,246,200
89028666,0,3000.0,0,0,,0.0,0,0,0,0,0,0,0,0,0,41,34,73,50,100,100,287,250,361,160,322,120,95,60,50,25,246,200
89028666,1,30574.0,7,177,12.0,10.0,89,41,12,0,0,4,7,0,25,41,34,73,50,100,100,287,250,361,160,322,120,95,60,50,25,246,200
89028667,0,18808.0,1,29,,0.0,152,113,39,0,0,0,0,0,0,40,31,66,50,100,100,278,1,358,160,304,120,103,60,45,25,253,200
89028667,1,26250.0,10,211,7.0,0.0,286,111,56,0,0,0,0,0,119,40,31,66,50,100,100,278,1,358,160,304,120,103,60,45,25,253,200
89028668,0,18365.0,7,203,11.0,0.0,126,36,29,0,0,5,5,0,51,41,32,70,50,100,100,277,1,351,160,296,120,96,60,47,25,250,200
89028668,1,15863.0,8,192,0.0,0.0,299,180,119,0,0,0,0,0,0,41,32,70,50,100,100,277,1,351,160,296,120,96,60,47,25,250,200
89028669,0,46221.0,10,226,0.0,14.0,309,8,73,0,0,38,5,0,185,42,31,70,50,100,100,281,242,320,160,288,120,109,60,50,24,252,200
89028669,1,6693.0,0,0,,0.0,110,110,0,0,0,0,0,0,0,42,31,70,50,100,100,281,242,320,160,288,120,109,60,50,24,252,200
89028670,0,21308.0,10,241,0.0,0.0,378,139,112,0,0,0,0,0,127,41,30,71,50,100,100,281,1,332,160,323,120,94,60,43,24,250,200
89028670,1,27463.0,7,203,,0.0,86,27,32,0,0,3,5,0,19,41,30,71,50,100,100,281,1,332,160,323,120,94,60,43,24,250,200
89028671,0,35018.0,10,254,14.0,13.0,169,63,19,0,0,5,14,0,68,41,35,70,50,100,100,277,13,328,160,315,120,97,60,37,23,247,200
89028671,1,28278.0,10,192,11.0,0.0,255,106,54,0,0,0,0,0,95,41,35,70,50,100,100,277,13,328,160,315,120,97,60,37,23,247,200
89028672,0,26942.0,7,203,11.0,0.0,130,34,29,0,0,5,5,0,57,41,28,76,50,100,100,278,1,320,160,301,120,88,60,44,25,252,200
89028672,1,28085.0,10,290,11.0,0.0,153,37,27,0,0,4,5,0,80,41,28,76,50,100,100,278,1,320,160,301,120,88,60,44,25,252,200
89029118,0,3000.0,0,0,,0.0,0,0,0,0,0,0,0,0,0,42,34,67,50,100,100,288,250,347,160,322,120,91,60,46,24,248,200
89029118,1,26564.0,7,177,12.0,0.0,84,36,10,0,0,4,7,0,27,42,34,67,50,100,100,288,250,347,160,322,120,91,60,46,24,248,200
89029119,0,11066.0,4,56,0.0,0.0,138,37,88,0,0,0,0,0,13,41,35,76,50,100,100,280,91,336,160,287,120,103,60,51,25,250,200
89029119,1,41975.0,11,252,0.0,13.0,103,21,31,0,0,31,4,0,16,41,35,76,50,100,100,280,91,336,160,287,120,103,60,51,25,250,200
89029120,0,34681.0,9,162,0.0,13.0,102,21,54,0,0,1,11,0,15,41,32,74,50,100,100,281,13,328,160,294,120,100,60,45,24,250,200
89029120,1,36439.0,10,254,14.0,13.0,168,53,18,0,0,4,18,0,75,41,32,74,50,100,100,281,13,328,160,294,120,100,60,45,24,250,200
89029121,0,107237.0,12,237,10.0,17.0,67,23,24,0,0,0,0,0,20,42,32,66,50,100,15,277,101,275,160,294,120,100,60,59,25,241,200
89029121,1,95661.0,10,272,9.0,11.0,127,9,19,0,0,51,7,0,41,42,32,66,50,100,15,277,101,275,160,294,120,100,60,59,25,241,200
89029122,0,3000.0,0,0,,0.0,0,0,0,0,0,0,0,0,0,42,35,68,50,100,100,293,250,354,160,297,120,101,60,49,25,250,200
89029122,1,2300.0,0,0,,0.0,30,30,0,0,0,0,0,0,0,42,35,68,50,100,100,293,250,354,160,297,120,101,60,49,25,250,200
89029123,0,35528.0,7,203,11.0,11.0,129,34,29,0,0,5,5,0,56,41,33,71,50,100,100,278,1,338,160,313,120,94,60,45,25,247,200
89029123,1,45343.0,9,196,7.0,14.0,185,92,24,0,0,0,0,0,69,41,33,71,50,100,100,278,1,338,160,313,120,94,60,45,25,247,200
89029124,0,58329.0,8,240,0.0,23.0,169,19,19,0,0,76,1,0,54,41,30,68,50,100,100,278,1,351,160,279,120,111,60,47,22,250,200
89029124,1,30259.0,7,203,11.0,11.0,126,34,29,0,0,5,5,0,53,41,30,68,50,100,100,278,1,351,160,279,120,111,60,47,22,250,200
89029125,0,44837.0,11,179,10.0,10.0,207,49,39,0,0,12,0,0,107,41,27,68,50,100,73,278,1,344,160,285,120,96,60,47,25,251,200
89029125,1,26138.0,13,296,0.0,0.0,60,21,23,0,0,16,0,0,0,41,27,68,50,100,73,278,1,344,160,285,120,96,60,47,25,251,200
89029126,0,38.0,2,30,0.0,0.0,102,0,0,0,0,0,102,0,0,42,35,67,50,100,100,293,250,340,160,327,120,87,60,49,25,248,200
89029126,1,3363.0,0,0,,0.0,16,0,0,0,0,0,0,0,16,42,35,67,50,100,100,293,250,340,160,327,120,87,60,49,25,248,200
89029127,0,74261.0,11,251,0.0,14.0,129,14,48,0,0,48,3,0,16,42,35,69,50,100,100,281,164,328,160,299,120,97,60,48,25,253,200
89029127,1,3000.0,0,0,,0.0,0,0,0,0,0,0,0,0,0,42,35,69,50,100,100,281,164,328,160,299,120,97,60,48,25,253,200
89029591,0,16055.0,2,55,12.0,0.0,86,0,45,0,0,41,0,0,0,42,35,69,50,100,100,287,250,336,160,324,120,89,60,48,25,250,200
89029591,1,3809.0,2,60,,0.0,9,0,0,0,0,0,9,0,0,42,35,69,50,100,100,287,250,336,160,324,120,89,60,48,25,250,200
89029592,0,3291.0,0,0,,0.0,15,0,0,0,0,0,0,0,15,42,35,70,50,100,100,278,214,311,160,310,120,96,60,46,24,251,200
89029592,1,45921.0,7,203,11.0,11.0,125,34,29,0,0,5,5,0,52,42,35,70,50,100,100,278,214,311,160,310,120,96,60,46,24,251,200
89029593,0,34711.0,7,203,,13.0,86,27,32,0,0,3,5,0,19,41,35,76,50,100,100,281,13,325,160,319,120,90,60,49,25,248,200
89029593,1,44094.0,9,191,7.0,14.0,166,66,27,0,0,0,0,0,73,41,35,76,50,100,100,281,13,325,160,319,120,90,60,49,25,248,200
89029594,0,43467.0,4,109,12.0,12.0,49,2,27,0,0,5,0,0,15,42,35,71,50,100,81,283,246,355,160,334,120,96,60,52,25,245,200
89029594,1,3000.0,0,0,,0.0,0,0,0,0,0,0,0,0,0,42,35,71,50,100,81,283,246,355,160,334,120,96,60,52,25,245,200
89029595,0,35749.0,11,235,0.0,13.0,108,19,31,0,0,39,4,0,15,41,32,68,50,100,100,280,13,365,160,293,120,100,60,49,24,251,200
89029595,1,26887.0,10,217,0.0,0.0,377,8,144,0,0,42,5,0,178,41,32,68,50,100,100,280,13,365,160,293,120,100,60,49,24,251,200
89029596,0,3846.0,2,60,,0.0,9,0,0,0,0,0,9,0,0,42,35,68,50,100,100,283,164,340,160,311,120,92,60,49,25,253,200
89029596,1,50842.0,9,162,0.0,13.0,92,19,61,0,0,0,4,0,8,42,35,68,50,100,100,283,164,340,160,311,120,92,60,49,25,253,200
89029597,0,3000.0,0,0,,0.0,0,0,0,0,0,0,0,0,0,42,35,67,50,100,100,284,248,351,160,330,120,96,60,50,25,250,200
89029597,1,25122.0,1,29,,0.0,152,113,39,0,0,0,0,0,0,42,35,67,50,100,100,284,248,351,160,330,120,96,60,50,25,250,200
89029598,0,23759.0,7,203,,0.0,86,27,32,0,0,3,5,0,19,42,33,69,50,100,100,280,7,340,160,293,120,109,60,47,22,250,200
89029598,1,59750.0,8,240,0.0,12.0,183,37,23,0,0,78,0,0,45,42,33,69,50,100,100,280,7,340,160,293,120,109,60,47,22,250,200
89029599,0,2267.0,4,72,3.0,0.0,514,44,0,0,0,66,404,0,0,42,32,70,50,100,100,287,250,351,160,325,120,85,60,49,25,248,200
89029599,1,16065.0,2,55,12.0,0.0,86,0,45,0,0,41,0,0,0,42,32,70,50,100,100,287,250,351,160,325,120,85,60,49,25,248,200
89029600,0,67830.0,8,240,0.0,12.0,183,45,27,0,0,75,0,0,36,42,29,67,50,100,100,278,19,347,160,285,120,80,60,37,21,250,200
89029600,1,32841.0,9,235,0.0,11.0,217,55,20,0,0,3,24,0,115,42,29,67,50,100,100,278,19,347,160,285,120,80,60,37,21,250,200
89029603,0,24794.0,10,290,11.0,0.0,151,37,27,0,0,4,5,0,78,42,35,69,50,100,100,278,13,328,160,301,120,92,60,42,22,252,200
89029603,1,25284.0,10,290,11.0,0.0,153,37,27,0,0,4,5,0,80,42,35,69,50,100,100,278,13,328,160,301,120,92,60,42,22,252,200
89030049,0,5449.0,0,0,,0.0,2,0,2,0,0,0,0,0,0,42,35,76,50,100,100,278,201,320,160,292,120,96,60,47,25,250,200
89030049,1,43396.0,10,290,11.0,11.0,153,37,27,0,0,4,5,0,80,42,35,76,50,100,100,278,201,320,160,292,120,96,60,47,25,250,200
89030050,0,32919.0,7,203,11.0,11.0,116,34,30,0,0,5,5,0,42,42,35,65,50,100,100,278,13,340,160,306,120,92,60,44,22,252,200
89030050,1,4333.0,9,222,13.0,0.0,77,10,37,0,0,0,0,0,30,42,35,65,50,100,100,278,13,340,160,306,120,92,60,44,22,252,200
89030051,0,28516.0,7,203,11.0,0.0,121,36,29,0,0,5,5,0,46,41,32,69,50,100,100,278,1,344,160,308,120,110,60,47,25,250,200
89030051,1,28803.0,7,203,11.0,0.0,127,36,28,0,0,4,5,0,54,41,32,69,50,100,100,278,1,344,160,308,120,110,60,47,25,250,200
89030052,0,5882.0,2,55,12.0,0.0,86,0,45,0,0,41,0,0,0,41,35,69,50,100,100,277,1,361,160,339,120,103,60,51,25,247,200
89030052,1,20473.0,8,192,0.0,0.0,266,169,97,0,0,0,0,0,0,41,35,69,50,100,100,277,1,361,160,339,120,103,60,51,25,247,200
89030053,0,46256.0,9,194,7.0,14.0,175,77,22,0,0,0,0,0,76,42,33,69,50,100,100,278,1,337,160,313,120,96,60,47,25,247,200
89030053,1,34057.0,7,203,11.0,11.0,125,36,29,0,0,5,5,0,50,42,33,69,50,100,100,278,1,337,160,313,120,96,60,47,25,247,200
89030054,0,39652.0,7,209,,7.0,107,36,8,0,0,0,0,0,63,42,35,56,44,100,59,278,179,324,160,295,120,103,60,46,24,251,200
89030054,1,46467.0,11,251,0.0,13.0,108,23,29,0,0,33,5,0,18,42,35,56,44,100,59,278,179,324,160,295,120,103,60,46,24,251,200
89030055,0,5875.0,0,0,,0.0,111,111,0,0,0,0,0,0,0,41,28,76,50,100,100,293,250,351,160,321,120,103,60,52,25,246,200
89030055,1,3000.0,0,0,,0.0,0,0,0,0,0,0,0,0,0,41,28,76,50,100,100,293,250,351,160,321,120,103,60,52,25,246,200
89030056,0,2853.0,1,27,,0.0,9,0,0,0,0,0,0,0,9,42,35,75,50,100,100,293,250,324,160,301,120,92,60,49,25,251,200
89030056,1,3328.0,0,0,,0.0,15,0,0,0,0,0,0,0,15,42,35,75,50,100,100,293,250,324,160,301,120,92,60,49,25,251,200
89030057,0,41331.0,9,162,0.0,13.0,92,16,65,0,0,0,3,0,8,42,35,58,46,100,59,278,13,347,160,339,120,104,60,49,25,250,200
89030057,1,40588.0,7,209,,7.0,107,36,8,0,0,0,0,0,63,42,35,58,46,100,59,278,13,347,160,339,120,104,60,49,25,250,200
89030058,0,62779.0,14,181,10.0,11.0,130,2,31,0,0,33,0,0,64,42,31,74,50,100,26,277,1,290,160,318,120,98,60,56,25,230,121
89030058,1,104223.0,11,236,10.0,16.0,40,11,23,0,0,0,0,0,6,42,31,74,50,100,26,277,1,290,160,318,120,98,60,56,25,230,121
89030059,0,16055.0,7,177,12.0,0.0,98,46,4,0,0,5,7,0,36,41,33,66,50,100,100,277,1,347,160,298,120,106,60,48,25,252,200
89030059,1,28648.0,8,192,0.0,0.0,265,146,119,0,0,0,0,0,0,41,33,66,50,100,100,277,1,347,160,298,120,106,60,48,25,252,200
89030516,0,34744.0,7,203,11.0,11.0,129,34,29,0,0,5,5,0,56,41,30,76,50,100,100,278,13,332,160,298,120,88,60,47,25,252,200
89030516,1,20915.0,7,203,,0.0,86,27,32,0,0,3,5,0,19,41,30,76,50,100,100,278,13,332,160,298,120,88,60,47,25,252,200
89030517,0,23212.0,8,216,0.0,0.0,287,8,58,0,0,31,5,0,185,42,32,71,50,100,100,278,13,332,160,302,120,96,60,47,23,246,200
89030517,1,37414.0,10,290,11.0,11.0,149,37,27,0,0,4,5,0,76,42,32,71,50,100,100,278,13,332,160,302,120,96,60,47,23,246,200
89030518,0,3330.0,0,0,,0.0,15,0,0,0,0,0,0,0,15,42,35,68,50,100,100,280,216,324,160,308,120,90,60,47,24,253,200
89030518,1,37382.0,9,222,13.0,11.0,82,10,37,0,0,0,0,0,35,42,35,68,50,100,100,280,216,324,160,308,120,90,60,47,24,253,200
89030519,0,63477.0,13,184,10.0,10.0,141,16,31,0,0,31,0,0,63,41,35,68,50,100,100,278,1,345,160,310,120,111,60,48,25,247,200
89030519,1,36845.0,9,193,7.0,14.0,170,85,24,0,0,0,0,0,61,41,35,68,50,100,100,278,1,345,160,310,120,111,60,48,25,247,200
89030520,0,12766.0,2,55,12.0,0.0,86,0,45,0,0,41,0,0,0,41,29,73,50,100,100,278,183,347,160,320,120,92,60,47,24,246,200
89030520,1,32186.0,7,210,,9.0,144,90,20,0,0,0,0,0,34,41,29,73,50,100,100,278,183,347,160,320,120,92,60,47,24,246,200
89030521,0,26704.0,11,248,0.0,0.0,104,20,29,0,0,33,5,0,17,42,35,70,50,100,100,277,1,328,160,270,120,101,60,49,25,253,200
89030521,1,15572.0,8,192,0.0,0.0,260,143,117,0,0,0,0,0,0,42,35,70,50,100,100,277,1,328,160,270,120,101,60,49,25,253,200
89030522,0,29805.0,9,162,0.0,0.0,101,25,48,0,0,0,13,0,15,42,32,67,50,100,100,281,46,340,160,318,120,87,60,42,24,251,200
89030522,1,38130.0,10,254,14.0,13.0,167,58,20,0,0,7,12,0,70,42,32,67,50,100,100,281,46,340,160,318,120,87,60,42,24,251,200
89030523,0,29521.0,7,210,,0.0,144,90,20,0,0,0,0,0,34,41,30,70,50,100,100,278,13,336,160,310,120,99,60,47,25,250,200
89030523,1,31257.0,7,203,,13.0,86,27,32,0,0,3,5,0,19,41,30,70,50,100,100,278,13,336,160,310,120,99,60,47,25,250,200
89030524,0,30668.0,10,290,11.0,11.0,153,37,27,0,0,4,5,0,80,40,25,70,50,100,100,278,25,336,160,295,120,80,54,37,22,253,200
89030524,1,35182.0,10,296,0.0,11.0,206,84,17,0,0,5,17,0,83,40,25,70,50,100,100,278,25,336,160,295,120,80,54,37,22,253,200
89030525,0,30331.0,7,203,11.0,11.0,129,34,29,0,0,5,5,0,56,42,33,70,50,100,100,278,1,332,160,326,120,99,60,42,24,250,200
89030525,1,22805.0,6,168,,0.0,131,0,32,0,0,0,0,0,99,42,33,70,50,100,100,278,1,332,160,326,120,99,60,42,24,250,200
89030975,0,34540.0,10,254,14.0,13.0,166,54,17,0,0,3,20,0,72,41,29,69,50,100,100,278,76,340,160,286,120,99,60,41,23,250,200
89030975,1,36524.0,7,203,11.0,11.0,123,36,29,0,0,5,5,0,48,41,29,69,50,100,100,278,76,340,160,286,120,99,60,41,23,250,200
89030977,0,30212.0,9,221,13.0,11.0,96,10,37,0,0,0,0,0,49,42,35,69,50,100,100,279,142,328,160,292,120,101,60,45,22,249,200
89030977,1,24942.0,5,114,16.0,0.0,91,29,10,0,0,2,10,0,40,42,35,69,50,100,100,279,142,328,160,292,120,101,60,45,22,249,200
89030978,0,32083.0,10,290,11.0,11.0,153,37,27,0,0,4,5,0,80,41,28,76,50,100,100,278,1,344,160,308,120,102,60,46,25,248,200
89030978,1,20929.0,7,203,11.0,0.0,136,39,26,0,0,6,6,0,59,41,28,76,50,100,100,278,1,344,160,308,120,102,60,46,25,248,200
89030979,0,62448.0,8,240,0.0,12.0,185,16,19,0,0,78,2,0,70,40,32,66,50,100,100,280,13,355,160,274,120,107,60,44,25,250,200
89030979,1,42138.0,12,224,7.0,13.0,238,110,41,0,0,0,0,0,87,40,32,66,50,100,100,280,13,355,160,274,120,107,60,44,25,250,200
89030980,0,48249.0,9,244,0.0,11.0,227,68,21,0,0,2,23,0,113,42,35,69,50,100,100,278,73,312,160,323,120,91,60,40,25,248,200
89030980,1,41812.0,9,195,7.0,14.0,174,77,22,0,0,0,0,0,75,42,35,69,50,100,100,278,73,312,160,323,120,91,60,40,25,248,200
89030981,0,35276.0,11,252,0.0,13.0,108,21,31,0,0,36,4,0,16,42,32,69,50,100,61,278,13,317,160,293,120,96,60,51,25,250,200
89030981,1,105861.0,10,275,9.0,11.0,152,11,26,0,0,53,0,0,62,42,32,69,50,100,61,278,13,317,160,293,120,96,60,51,25,250,200
89030982,0,13030.0,2,53,12.0,0.0,84,0,45,0,0,39,0,0,0,40,32,69,50,100,100,278,1,344,160,320,120,105,60,42,23,251,200
89030982,1,32853.0,10,245,0.0,13.0,374,137,116,0,0,0,0,0,121,40,32,69,50,100,100,278,1,344,160,320,120,105,60,42,23,251,200
89030983,0,149.0,10,142,0.0,0.0,48,12,24,0,0,2,8,0,2,42,35,69,50,100,100,281,227,332,160,310,120,98,60,49,25,253,200
89030983,1,1034.0,5,102,,0.0,139,131,0,0,0,0,8,0,0,42,35,69,50,100,100,281,227,332,160,310,120,98,60,49,25,253,200
89030984,0,3000.0,0,0,,0.0,0,0,0,0,0,0,0,0,0,42,35,69,50,100,100,293,250,344,160,311,120,114,60,51,25,246,200
89030984,1,3000.0,0,0,,0.0,0,0,0,0,0,0,0,0,0,42,35,69,50,100,100,293,250,344,160,311,120,114,60,51,25,246,200
89030985,0,3677.0,4,100,10.0,0.0,78,0,0,0,0,0,78,0,0,42,35,66,50,100,100,293,250,347,160,304,120,76,47,46,24,251,200
89030985,1,4354.0,0,0,,0.0,91,0,0,0,0,0,0,0,91,42,35,66,50,100,100,293,250,347,160,304,120,76,47,46,24,251,200
89030988,0,42554.0,12,238,10.0,10.0,21,11,10,0,0,0,0,0,0,41,35,74,50,100,8,289,244,275,1,314,120,94,60,64,25,249,200
89030988,1,50639.0,12,238,10.0,10.0,20,11,9,0,0,0,0,0,0,41,35,74,50,100,8,289,244,275,1,314,120,94,60,64,25,249,200
89031428,0,459.0,12,195,0.0,0.0,79,2,29,0,0,13,1,0,34,42,35,68,50,100,99,286,227,332,160,286,120,98,60,49,23,253,200
89031428,1,3912.0,2,60,,0.0,9,0,0,0,0,0,9,0,0,42,35,68,50,100,99,286,227,332,160,286,120,98,60,49,23,253,200
89031429,0,98750.0,13,317,0.0,11.0,90,21,38,0,0,31,0,0,0,41,25,77,50,100,44,278,1,284,160,288,120,92,60,54,25,246,200
89031429,1,26869.0,10,290,11.0,0.0,153,37,27,0,0,4,5,0,80,41,25,77,50,100,44,278,1,284,160,288,120,92,60,54,25,246,200
89031430,0,32517.0,7,203,11.0,11.0,124,34,29,0,0,5,5,0,51,40,24,76,50,100,100,278,25,340,160,302,120,82,54,42,22,248,200
89031430,1,38286.0,10,296,0.0,11.0,202,76,17,0,0,5,17,0,87,40,24,76,50,100,100,278,25,340,160,302,120,82,54,42,22,248,200
89031431,0,7012.0,9,231,12.0,0.0,68,10,37,0,0,0,0,0,21,42,35,67,50,100,100,277,70,347,160,318,120,99,60,42,22,246,200
89031431,1,35241.0,10,254,14.0,13.0,164,54,19,0,0,6,14,0,71,42,35,67,50,100,100,277,70,347,160,318,120,99,60,42,22,246,200
89031432,0,3898.0,0,0,,0.0,3,0,3,0,0,0,0,0,0,41,35,68,50,100,100,277,1,347,160,324,120,107,60,52,25,251,200
89031432,1,31925.0,8,192,0.0,10.0,310,198,112,0,0,0,0,0,0,41,35,68,50,100,100,277,1,347,160,324,120,107,60,52,25,251,200
89031433,0,39307.0,11,242,0.0,13.0,156,29,44,0,0,44,9,0,30,41,35,70,50,100,100,281,13,358,160,288,120,90,60,45,25,250,200
89031433,1,24824.0,6,168,,0.0,124,0,32,0,0,0,0,0,92,41,35,70,50,100,100,281,13,358,160,288,120,90,60,45,25,250,200
89031434,0,40753.0,9,194,7.0,14.0,178,85,25,0,0,0,0,0,68,42,35,65,50,100,100,278,48,352,160,306,120,96,60,42,25,244,200
89031434,1,49178.0,9,244,0.0,11.0,221,67,25,0,0,3,22,0,104,42,35,65,50,100,100,278,48,352,160,306,120,96,60,42,25,244,200
89031435,0,6099.0,0,0,,0.0,3,0,3,0,0,0,0,0,0,42,35,71,50,100,100,293,250,324,160,314,120,105,60,51,25,250,200
89031435,1,3000.0,0,0,,0.0,0,0,0,0,0,0,0,0,0,42,35,71,50,100,100,293,250,324,160,314,120,105,60,51,25,250,200
89031436,0,6894.0,0,0,,0.0,104,104,0,0,0,0,0,0,0,42,35,67,50,100,100,293,250,336,160,301,120,114,60,49,25,250,200
89031436,1,4709.0,0,0,,0.0,89,0,0,0,0,0,0,0,89,42,35,67,50,100,100,293,250,336,160,301,120,114,60,49,25,250,200
89031437,0,31095.0,7,203,,13.0,86,27,32,0,0,3,5,0,19,40,24,70,50,100,100,278,13,365,160,316,120,99,60,48,25,250,200
89031437,1,28010.0,7,210,,0.0,144,90,20,0,0,0,0,0,34,40,24,70,50,100,100,278,13,365,160,316,120,99,60,48,25,250,200
89031438,0,27000.0,7,203,,0.0,92,25,35,0,0,5,5,0,22,41,34,71,50,100,100,281,1,324,160,310,120,97,60,42,24,250,200
89031438,1,21306.0,10,237,0.0,0.0,370,136,107,0,0,0,0,0,127,41,34,71,50,100,100,281,1,324,160,310,120,97,60,42,24,250,200
89031888,0,24463.0,12,277,0.0,0.0,134,20,26,0,0,14,6,0,68,42,35,75,50,100,99,278,214,332,160,297,120,94,60,48,23,253,200
89031888,1,5334.0,0,0,,0.0,3,0,3,0,0,0,0,0,0,42,35,75,50,100,99,278,214,332,160,297,120,94,60,48,23,253,200
89031889,0,44822.0,7,203,,13.0,86,27,32,0,0,3,5,0,19,42,35,66,50,100,57,277,176,292,160,313,120,109,60,57,25,250,200
89031889,1,86685.0,12,238,10.0,20.0,22,11,11,0,0,0,0,0,0,42,35,66,50,100,57,277,176,292,160,313,120,109,60,57,25,250,200
89031890,0,87272.0,15,299,9.0,17.0,94,18,24,0,0,0,0,0,52,42,29,68,50,100,12,277,84,231,137,284,120,97,60,59,25,246,200
89031890,1,83545.0,10,273,9.0,11.0,125,7,20,0,0,45,12,0,41,42,29,68,50,100,12,277,84,231,137,284,120,97,60,59,25,246,200
89031891,0,34438.0,7,203,11.0,11.0,125,36,29,0,0,5,5,0,50,41,33,70,50,100,100,278,1,352,160,322,120,107,60,48,25,242,200
89031891,1,42584.0,9,189,7.0,13.0,161,68,27,0,0,0,0,0,66,41,33,70,50,100,100,278,1,352,160,322,120,107,60,48,25,242,200
89031892,0,36890.0,10,296,0.0,11.0,212,93,17,0,0,4,17,0,81,40,25,67,50,100,100,278,43,361,160,323,120,84,54,38,22,248,200
89031892,1,31861.0,7,203,11.0,11.0,126,36,29,0,0,5,6,0,50,40,25,67,50,100,100,278,43,361,160,323,120,84,54,38,22,248,200
89031893,0,33231.0,9,218,12.0,10.0,94,13,37,0,0,0,0,0,44,42,35,70,50,100,56,277,162,284,160,318,120,105,60,56,25,249,200
89031893,1,80498.0,12,238,10.0,19.0,20,11,9,0,0,0,0,0,0,42,35,70,50,100,56,277,162,284,160,318,120,105,60,56,25,249,200
89031894,0,23624.0,5,66,0.0,0.0,133,23,100,0,0,0,0,0,10,42,35,67,50,100,100,278,223,347,160,311,120,90,60,47,25,251,200
89031894,1,98.0,5,116,11.0,0.0,69,0,69,0,0,0,0,0,0,42,35,67,50,100,100,278,223,347,160,311,120,90,60,47,25,251,200
89031895,0,931.0,5,101,,0.0,138,130,0,0,0,0,8,0,0,42,35,68,50,100,100,293,250,347,160,301,120,95,60,48,25,252,200
89031895,1,6099.0,0,0,,0.0,3,0,3,0,0,0,0,0,0,42,35,68,50,100,100,293,250,347,160,301,120,95,60,48,25,252,200
89031896,0,31452.0,10,290,11.0,11.0,153,37,27,0,0,4,5,0,80,41,28,70,50,100,100,278,1,347,160,308,120,101,60,46,25,250,200
89031896,1,21968.0,7,203,11.0,0.0,123,35,31,0,0,5,6,0,46,41,28,70,50,100,100,278,1,347,160,308,120,101,60,46,25,250,200
89031897,0,27889.0,11,245,0.0,0.0,120,29,29,0,0,33,4,0,25,41,31,69,50,100,100,278,13,344,160,296,120,86,60,44,23,253,200
89031897,1,35392.0,7,203,11.0,11.0,122,33,27,0,0,4,5,0,53,41,31,69,50,100,100,278,13,344,160,296,120,86,60,44,23,253,200
89031898,0,3391.0,0,0,,0.0,15,0,0,0,0,0,0,0,15,42,35,77,50,100,100,293,250,344,160,321,120,97,60,51,25,246,200
89031898,1,983.0,5,101,,0.0,138,130,0,0,0,0,8,0,0,42,35,77,50,100,100,293,250,344,160,321,120,97,60,51,25,246,200
89032348,0,20977.0,9,164,0.0,0.0,115,34,35,0,0,1,8,0,37,42,35,67,50,100,100,281,13,354,160,306,120,91,60,47,25,250,200
89032348,1,35927.0,7,203,,13.0,86,27,32,0,0,3,5,0,19,42,35,67,50,100,100,281,13,354,160,306,120,91,60,47,25,250,200
89032349,0,26923.0,7,203,11.0,0.0,129,34,29,0,0,5,5,0,56,41,29,70,50,100,100,278,1,351,160,332,120,95,60,43,22,247,200
89032349,1,40801.0,9,239,0.0,11.0,223,66,24,0,0,4,20,0,109,41,29,70,50,100,100,278,1,351,160,332,120,95,60,43,22,247,200
89032350,0,15019.0,2,55,12.0,0.0,86,0,45,0,0,41,0,0,0,42,34,66,50,100,100,278,236,354,160,297,120,98,60,48,25,251,200
89032350,1,24221.0,7,177,12.0,0.0,89,39,8,0,0,4,9,0,29,42,34,66,50,100,100,278,236,354,160,297,120,98,60,48,25,251,200
89032351,0,32480.0,10,296,0.0,11.0,207,82,17,0,0,5,17,0,86,40,25,66,50,100,100,278,31,351,160,306,120,97,60,41,22,251,200
89032351,1,34345.0,10,290,11.0,11.0,154,37,27,0,0,4,5,0,81,40,25,66,50,100,100,278,31,351,160,306,120,97,60,41,22,251,200
89032352,0,98.0,5,116,11.0,0.0,69,0,69,0,0,0,0,0,0,41,34,73,50,100,100,285,247,344,160,318,120,87,60,48,25,251,200
89032352,1,31391.0,7,177,12.0,12.0,91,37,13,0,0,5,5,0,31,41,34,73,50,100,100,285,247,344,160,318,120,87,60,48,25,251,200
89032353,0,32940.0,6,171,0.0,13.0,246,0,28,0,0,0,0,0,218,41,35,69,50,100,100,281,1,332,160,318,120,92,60,28,20,251,200
89032353,1,14666.0,10,243,0.0,0.0,381,143,115,0,0,0,0,0,123,41,35,69,50,100,100,281,1,332,160,318,120,92,60,28,20,251,200
89032354,0,2300.0,0,0,,0.0,30,30,0,0,0,0,0,0,0,42,35,64,50,100,100,293,250,358,160,308,120,109,60,50,25,250,200
89032354,1,3000.0,0,0,,0.0,0,0,0,0,0,0,0,0,0,42,35,64,50,100,100,293,250,358,160,308,120,109,60,50,25,250,200
89032355,0,22415.0,7,177,12.0,0.0,94,45,8,0,0,5,6,0,30,42,34,69,50,100,100,279,162,340,160,311,120,108,60,49,25,246,200
89032355,1,37089.0,9,223,11.0,11.0,103,8,37,0,0,0,0,0,58,42,34,69,50,100,100,279,162,340,160,311,120,108,60,49,25,246,200
89032356,0,43469.0,7,203,11.0,11.0,127,34,29,0,0,5,5,0,54,42,32,75,50,100,57,277,169,300,160,316,120,107,60,56,25,242,200
89032356,1,59078.0,12,238,10.0,18.0,21,11,10,0,0,0,0,0,0,42,32,75,50,100,57,277,169,300,160,316,120,107,60,56,25,242,200
89032812,0,35009.0,12,287,11.0,11.0,95,21,29,0,0,12,5,0,28,42,35,75,50,100,96,278,225,328,160,328,120,96,60,50,25,247,200
89032812,1,3979.0,2,60,,0.0,9,0,0,0,0,0,9,0,0,42,35,75,50,100,96,278,225,328,160,328,120,96,60,50,25,247,200
89032813,0,32421.0,6,171,0.0,13.0,236,0,28,0,0,0,0,0,208,41,29,65,50,100,100,278,13,354,160,301,120,103,60,29,21,252,200
89032813,1,29117.0,7,210,,0.0,144,90,20,0,0,0,0,0,34,41,29,65,50,100,100,278,13,354,160,301,120,103,60,29,21,252,200
89032815,0,45693.0,7,203,10.0,11.0,123,34,29,0,0,5,5,0,50,41,33,76,50,100,100,278,206,324,160,319,120,99,60,49,25,250,200
89032815,1,5482.0,0,0,,0.0,2,0,2,0,0,0,0,0,0,41,33,76,50,100,100,278,206,324,160,319,120,99,60,49,25,250,200
89032817,0,46790.0,10,295,0.0,11.0,205,85,17,0,0,5,17,0,81,41,29,66,50,100,58,277,232,320,160,290,120,93,60,50,25,249,200
89032817,1,63931.0,12,238,10.0,18.0,21,11,10,0,0,0,0,0,0,41,29,66,50,100,58,277,232,320,160,290,120,93,60,50,25,249,200
89032818,0,25931.0,10,290,11.0,0.0,153,37,27,0,0,4,5,0,80,41,25,75,50,100,99,278,13,332,160,303,120,94,60,47,25,252,200
89032818,1,0.0,13,129,0.0,,62,21,26,0,0,15,0,0,0,41,25,75,50,100,99,278,13,332,160,303,120,94,60,47,25,252,200
89032820,0,5798.0,4,100,10.0,0.0,73,0,0,0,0,0,73,0,0,42,35,68,50,100,100,293,250,340,160,321,120,95,60,51,25,246,200
89032820,1,3000.0,0,0,,0.0,0,0,0,0,0,0,0,0,0,42,35,68,50,100,100,293,250,340,160,321,120,95,60,51,25,246,200
89032821,0,32970.0,10,254,14.0,13.0,162,48,19,0,0,6,13,0,76,40,27,76,50,100,100,278,70,332,160,296,120,84,60,39,23,252,200
89032821,1,37053.0,7,203,11.0,11.0,129,34,29,0,0,5,5,0,56,40,27,76,50,100,100,278,70,332,160,296,120,84,60,39,23,252,200
89032822,0,25245.0,5,114,15.0,0.0,91,27,10,0,0,2,10,0,42,42,32,73,50,100,96,278,142,336,160,304,120,96,60,48,25,247,200
89032822,1,27050.0,12,304,0.0,0.0,127,37,26,0,0,13,7,0,44,42,32,73,50,100,96,278,142,336,160,304,120,96,60,48,25,247,200
89032827,0,34673.0,8,240,0.0,12.0,250,91,31,0,0,22,38,0,68,41,29,69,50,100,100,280,7,336,160,254,120,76,60,41,21,253,200
89032827,1,34653.0,8,240,0.0,12.0,250,91,31,0,0,22,38,0,68,41,29,69,50,100,100,280,7,336,160,254,120,76,60,41,21,253,200
89033266,0,35213.0,12,336,11.0,11.0,158,33,26,0,0,4,4,0,91,41,30,76,50,100,100,278,150,328,160,310,120,84,60,46,25,250,200
89033266,1,23508.0,7,177,12.0,0.0,93,39,10,0,0,5,8,0,31,41,30,76,50,100,100,278,150,328,160,310,120,84,60,46,25,250,200
89033267,0,21549.0,12,290,11.0,0.0,101,22,29,0,0,12,1,0,37,42,35,69,50,100,96,278,86,347,160,285,120,94,60,41,23,248,200
89033267,1,35211.0,10,254,14.0,13.0,172,62,18,0,0,5,10,0,77,42,35,69,50,100,96,278,86,347,160,285,120,94,60,41,23,248,200
89033269,0,24517.0,6,171,0.0,0.0,219,0,28,0,0,0,0,0,191,42,32,75,50,100,100,278,13,351,160,319,120,96,60,37,21,246,200
89033269,1,35619.0,7,203,11.0,11.0,127,36,29,0,0,5,5,0,52,42,32,75,50,100,100,278,13,351,160,319,120,96,60,37,21,246,200
89033270,0,55428.0,9,243,0.0,11.0,210,53,31,0,0,4,22,0,100,42,32,76,50,100,61,277,142,277,160,294,120,85,57,52,25,247,200
89033270,1,61056.0,12,238,10.0,20.0,21,11,10,0,0,0,0,0,0,42,32,76,50,100,61,277,142,277,160,294,120,85,57,52,25,247,200
89033271,0,13751.0,4,116,11.0,0.0,449,0,99,0,0,350,0,0,0,42,32,75,50,100,100,278,70,332,160,310,120,87,60,49,24,251,200
89033271,1,39782.0,10,218,0.0,14.0,335,8,86,0,0,51,5,0,185,42,32,75,50,100,100,278,70,332,160,310,120,87,60,49,24,251,200
89033272,0,14073.0,7,174,9.0,0.0,107,40,3,0,0,23,21,0,20,42,35,68,50,100,100,293,250,336,160,288,120,91,60,46,25,253,200
89033272,1,3000.0,0,0,,0.0,0,0,0,0,0,0,0,0,0,42,35,68,50,100,100,293,250,336,160,288,120,91,60,46,25,253,200
89033273,0,40540.0,10,290,11.0,11.0,147,33,26,0,0,4,5,0,79,42,33,69,50,100,63,277,150,300,160,299,120,99,60,56,25,243,200
89033273,1,86888.0,12,238,10.0,19.0,19,11,8,0,0,0,0,0,0,42,33,69,50,100,63,277,150,300,160,299,120,99,60,56,25,243,200
89033274,0,36114.0,10,254,14.0,13.0,160,44,19,0,0,5,15,0,77,41,33,70,50,100,98,278,86,340,160,321,120,94,60,43,23,252,200
89033274,1,12484.0,12,274,0.0,0.0,137,22,29,0,0,13,5,0,68,41,33,70,50,100,98,278,86,340,160,321,120,94,60,43,23,252,200
89033275,0,26388.0,10,290,11.0,0.0,149,37,27,0,0,4,5,0,76,40,24,74,50,100,100,278,1,354,160,314,120,86,60,41,23,250,200
89033275,1,38071.0,9,235,0.0,11.0,224,69,17,0,0,4,20,0,114,40,24,74,50,100,100,278,1,354,160,314,120,86,60,41,23,250,200
89033276,0,26125.0,10,220,0.0,0.0,212,8,84,0,0,44,5,0,71,41,29,70,50,100,100,278,1,365,160,323,120,98,60,49,24,247,200
89033276,1,37500.0,7,203,11.0,11.0,127,34,31,0,0,5,6,0,51,41,29,70,50,100,100,278,1,365,160,323,120,98,60,49,24,247,200
89033277,0,55193.0,12,183,10.0,10.0,171,9,32,0,0,24,0,0,106,42,32,67,50,100,23,277,1,294,160,295,120,101,60,54,25,238,200
89033277,1,109422.0,12,242,10.0,17.0,43,16,23,0,0,0,0,0,4,42,32,67,50,100,23,277,1,294,160,295,120,101,60,54,25,238,200
89033281,0,65975.0,13,349,11.0,11.0,63,17,25,0,0,2,4,0,15,42,32,68,50,100,1,278,101,269,160,302,120,110,60,60,25,245,200
89033281,1,65814.0,13,349,11.0,11.0,63,16,25,0,0,2,4,0,16,42,32,68,50,100,1,278,101,269,160,302,120,110,60,60,25,245,200
89033722,0,66872.0,8,240,0.0,12.0,169,14,23,0,0,77,0,0,55,41,31,69,50,100,100,277,1,361,160,282,120,103,60,42,22,250,200
89033722,1,17523.0,10,190,11.0,0.0,258,115,56,0,0,0,0,0,87,41,31,69,50,100,100,277,1,361,160,282,120,103,60,42,22,250,200
89033724,0,18848.0,7,203,10.0,0.0,123,34,29,0,0,5,5,0,50,41,32,69,50,100,100,277,1,351,160,332,120,90,60,46,24,250,200
89033724,1,13865.0,8,192,0.0,0.0,261,154,107,0,0,0,0,0,0,41,32,69,50,100,100,277,1,351,160,332,120,90,60,46,24,250,200
89033726,0,49043.0,4,105,10.0,13.0,46,2,28,0,0,6,0,0,10,42,35,70,50,100,82,278,240,349,160,316,120,82,60,50,25,246,200
89033726,1,16474.0,7,174,9.0,0.0,122,43,9,0,0,20,21,0,29,42,35,70,50,100,82,278,240,349,160,316,120,82,60,50,25,246,200
89033727,0,43818.0,6,171,0.0,13.0,251,0,28,0,0,0,0,0,223,42,32,69,50,100,100,280,1,324,160,312,120,107,60,37,22,250,200
89033727,1,23964.0,8,158,0.0,0.0,398,8,166,0,0,34,5,0,185,42,32,69,50,100,100,280,1,324,160,312,120,107,60,37,22,250,200
89033728,0,56195.0,9,244,0.0,11.0,212,55,27,0,0,4,21,0,105,42,32,75,50,100,49,277,183,252,160,315,120,90,60,52,25,246,200
89033728,1,64213.0,12,237,10.0,20.0,23,11,12,0,0,0,0,0,0,42,32,75,50,100,49,277,183,252,160,315,120,90,60,52,25,246,200
89033729,0,6336.0,0,0,,0.0,113,113,0,0,0,0,0,0,0,42,31,66,50,100,100,284,250,354,160,297,120,105,60,50,25,250,200
89033729,1,21355.0,4,118,11.0,0.0,265,0,94,0,0,171,0,0,0,42,31,66,50,100,100,284,250,354,160,297,120,105,60,50,25,250,200
89033730,0,23379.0,10,290,11.0,0.0,153,37,27,0,0,4,5,0,80,41,30,68,50,100,55,278,13,322,160,278,120,100,60,49,25,252,200
89033730,1,78218.0,10,278,9.0,11.0,165,12,26,0,0,26,19,0,82,41,30,68,50,100,55,278,13,322,160,278,120,100,60,49,25,252,200
89033731,0,86014.0,10,278,9.0,11.0,149,15,20,0,0,45,9,0,60,42,26,69,50,100,58,278,48,301,160,293,120,97,60,52,25,252,200
89033731,1,0.0,13,115,0.0,,56,21,20,0,0,15,0,0,0,42,26,69,50,100,58,278,48,301,160,293,120,97,60,52,25,252,200
89033732,0,20156.0,7,203,,0.0,86,27,32,0,0,3,5,0,19,41,30,74,50,100,100,278,13,344,160,291,120,97,60,47,25,251,200
89033732,1,27579.0,12,336,11.0,0.0,158,34,26,0,0,3,4,0,91,41,30,74,50,100,100,278,13,344,160,291,120,97,60,47,25,251,200
89033733,0,55915.0,10,195,11.0,11.0,278,122,52,0,0,0,0,0,104,41,35,73,50,100,100,277,48,344,160,339,120,105,60,48,25,247,200
89033733,1,3000.0,0,0,,0.0,0,0,0,0,0,0,0,0,0,41,35,73,50,100,100,277,48,344,160,339,120,105,60,48,25,247,200
89034176,0,20454.0,7,203,,0.0,86,27,32,0,0,3,5,0,19,41,31,69,50,100,100,280,7,368,160,281,120,99,60,46,22,250,200
89034176,1,59817.0,8,240,0.0,12.0,170,10,24,0,0,73,0,0,63,41,31,69,50,100,100,280,7,368,160,281,120,99,60,46,22,250,200
89034177,0,35432.0,7,209,,6.0,107,36,8,0,0,0,0,0,63,42,31,57,44,100,1,280,206,291,160,323,120,98,60,55,25,246,200
89034177,1,84749.0,13,354,11.0,11.0,61,18,21,0,0,2,2,0,18,42,31,57,44,100,1,280,206,291,160,323,120,98,60,55,25,246,200
89034178,0,5106.0,4,100,10.0,0.0,78,0,0,0,0,0,78,0,0,42,35,73,50,100,100,293,250,340,160,294,120,87,60,50,25,248,200
89034178,1,3000.0,0,0,,0.0,0,0,0,0,0,0,0,0,0,42,35,73,50,100,100,293,250,340,160,294,120,87,60,50,25,248,200
89034179,0,30208.0,12,340,11.0,11.0,165,33,27,0,0,3,5,0,97,42,35,70,50,100,100,278,13,328,160,304,120,99,60,48,25,248,200
89034179,1,25943.0,11,250,0.0,0.0,112,21,30,0,0,40,4,0,17,42,35,70,50,100,100,278,13,328,160,304,120,99,60,48,25,248,200
89034180,0,10432.0,4,59,0.0,0.0,152,23,97,0,0,0,0,0,32,42,35,64,50,100,59,278,51,311,160,321,120,103,60,55,25,246,200
89034180,1,47018.0,9,239,0.0,11.0,80,0,36,0,0,0,0,0,44,42,35,64,50,100,59,278,51,311,160,321,120,103,60,55,25,246,200
89034181,0,20883.0,7,203,,0.0,86,27,32,0,0,3,5,0,19,42,32,65,50,100,100,278,13,340,160,305,120,90,60,44,23,253,200
89034181,1,32568.0,7,203,10.0,11.0,127,36,29,0,0,4,6,0,52,42,32,65,50,100,100,278,13,340,160,305,120,90,60,44,23,253,200
89034182,0,31446.0,8,184,0.0,14.0,374,8,141,0,0,35,5,0,185,42,32,72,50,100,96,278,1,344,160,316,120,104,60,51,24,247,200
89034182,1,14820.0,12,290,11.0,0.0,95,20,29,0,0,12,5,0,29,42,32,72,50,100,96,278,1,344,160,316,120,104,60,51,24,247,200
89034183,0,99034.0,15,294,10.0,18.0,91,11,23,0,0,0,0,0,57,41,30,68,50,100,5,277,194,298,1,314,120,103,60,63,25,243,194
89034183,1,55917.0,12,238,10.0,20.0,20,11,9,0,0,0,0,0,0,41,30,68,50,100,5,277,194,298,1,314,120,103,60,63,25,243,194
89034184,0,12301.0,4,108,15.0,0.0,286,0,98,0,0,188,0,0,0,42,35,66,50,100,100,277,13,328,160,304,120,103,60,43,25,253,200
89034184,1,36510.0,10,195,11.0,10.0,277,120,54,0,0,0,0,0,103,42,35,66,50,100,100,277,13,328,160,304,120,103,60,43,25,253,200
89034185,0,23543.0,5,111,16.0,0.0,89,30,11,0,0,3,8,0,37,41,32,75,50,100,100,281,138,347,160,326,120,91,60,32,21,246,200
89034185,1,43222.0,6,171,0.0,13.0,221,0,28,0,0,0,0,0,193,41,32,75,50,100,100,281,138,347,160,326,120,91,60,32,21,246,200
89034186,0,14389.0,12,335,11.0,0.0,152,33,26,0,0,3,4,0,86,41,28,76,50,100,100,278,1,340,160,298,120,97,60,44,25,248,200
89034186,1,31817.0,10,290,11.0,11.0,153,37,27,0,0,4,5,0,80,41,28,76,50,100,100,278,1,340,160,298,120,97,60,44,25,248,200
89034187,0,3493.0,4,72,3.0,0.0,262,80,0,0,0,107,75,0,0,42,32,69,50,100,100,292,250,347,160,311,120,90,60,49,25,246,200
89034187,1,17525.0,7,173,9.0,0.0,123,52,4,0,0,16,21,0,30,42,32,69,50,100,100,292,250,347,160,311,120,90,60,49,25,246,200
89034635,0,34135.0,7,203,,13.0,86,27,32,0,0,3,5,0,19,41,30,74,50,100,40,278,86,322,160,325,120,98,60,56,23,235,195
89034635,1,93474.0,13,357,11.0,11.0,65,17,23,0,0,2,4,0,19,41,30,74,50,100,40,278,86,322,160,325,120,98,60,56,23,235,195
89034636,0,46885.0,9,239,0.0,11.0,80,0,34,0,0,0,0,0,46,39,25,63,50,100,70,278,13,332,160,307,120,85,60,47,22,252,200
89034636,1,36401.0,10,295,0.0,11.0,202,74,16,0,0,5,14,0,93,39,25,63,50,100,70,278,13,332,160,307,120,85,60,47,22,252,200
89034637,0,57933.0,8,240,0.0,12.0,180,30,19,0,0,83,1,0,47,42,31,71,50,100,100,278,1,324,160,275,120,109,60,46,22,250,200
89034637,1,28944.0,7,203,11.0,0.0,123,34,29,0,0,5,5,0,50,42,31,71,50,100,100,278,1,324,160,275,120,109,60,46,22,250,200
89034638,0,42413.0,7,203,10.0,11.0,121,36,29,0,0,4,5,0,47,41,31,68,50,100,56,277,178,287,160,306,120,105,60,57,25,251,200
89034638,1,89866.0,12,238,10.0,19.0,20,11,9,0,0,0,0,0,0,41,31,68,50,100,56,277,178,287,160,306,120,105,60,57,25,251,200
89034639,0,6099.0,0,0,,0.0,3,0,3,0,0,0,0,0,0,42,35,64,50,100,100,293,250,351,160,321,120,98,60,49,25,253,200
89034639,1,3000.0,0,0,,0.0,0,0,0,0,0,0,0,0,0,42,35,64,50,100,100,293,250,351,160,321,120,98,60,49,25,253,200
89034641,0,93654.0,10,271,9.0,11.0,138,7,31,0,0,42,4,0,54,42,32,77,50,100,14,277,150,246,160,275,120,103,60,60,25,247,200
89034641,1,45472.0,12,238,10.0,18.0,21,11,10,0,0,0,0,0,0,42,32,77,50,100,14,277,150,246,160,275,120,103,60,60,25,247,200
89034643,0,13710.0,4,108,15.0,0.0,286,0,98,0,0,188,0,0,0,42,35,71,50,100,100,287,249,320,160,293,120,98,60,50,25,251,200
89034643,1,5875.0,0,0,,0.0,3,0,3,0,0,0,0,0,0,42,35,71,50,100,100,287,249,320,160,293,120,98,60,50,25,251,200
89034644,0,16857.0,10,245,0.0,0.0,375,139,115,0,0,0,0,0,121,41,35,64,50,100,96,278,1,347,160,301,120,94,60,37,22,253,200
89034644,1,19680.0,12,308,11.0,0.0,119,32,26,0,0,12,6,0,43,41,35,64,50,100,96,278,1,347,160,301,120,94,60,37,22,253,200
89034645,0,13372.0,7,174,9.0,0.0,103,34,3,0,0,23,22,0,21,41,33,70,50,100,100,288,249,351,160,297,120,87,60,47,23,253,200
89034645,1,23371.0,7,177,12.0,0.0,79,29,9,0,0,4,7,0,30,41,33,70,50,100,100,288,249,351,160,297,120,87,60,47,23,253,200
89034646,0,98.0,5,116,11.0,0.0,69,0,69,0,0,0,0,0,0,42,35,64,50,100,100,292,250,358,160,330,120,105,60,50,25,250,200
89034646,1,2853.0,1,27,,0.0,9,0,0,0,0,0,0,0,9,42,35,64,50,100,100,292,250,358,160,330,120,105,60,50,25,250,200
89034647,0,21942.0,7,203,10.0,0.0,116,34,29,0,0,5,5,0,43,41,27,75,50,100,100,278,1,328,160,298,120,89,60,42,25,252,200
89034647,1,29863.0,10,290,11.0,0.0,153,37,27,0,0,4,5,0,80,41,27,75,50,100,100,278,1,328,160,298,120,89,60,42,25,252,200
89035090,0,16198.0,8,192,0.0,0.0,308,196,112,0,0,0,0,0,0,41,35,67,50,100,100,277,1,328,160,324,120,101,60,49,24,253,200
89035090,1,11670.0,9,223,11.0,0.0,106,10,37,0,0,0,0,0,59,41,35,67,50,100,100,277,1,328,160,324,120,101,60,49,24,253,200
89035091,0,133829.0,13,325,0.0,11.0,103,21,36,0,0,46,0,0,0,42,25,74,50,100,44,278,7,310,160,264,120,101,60,53,25,234,185
89035091,1,44852.0,8,240,0.0,12.0,197,8,25,0,0,55,0,0,109,42,25,74,50,100,44,278,7,310,160,264,120,101,60,53,25,234,185
89035092,0,93241.0,13,355,11.0,11.0,60,19,21,0,0,2,4,0,14,42,28,73,50,100,39,278,70,303,160,322,120,91,60,54,25,239,200
89035092,1,25980.0,12,334,11.0,0.0,159,32,27,0,0,4,4,0,92,42,28,73,50,100,39,278,70,303,160,322,120,91,60,54,25,239,200
89035093,0,31658.0,7,203,10.0,11.0,123,34,29,0,0,5,5,0,50,38,23,69,50,100,100,278,25,351,160,302,120,90,55,40,22,253,200
89035093,1,35814.0,10,296,0.0,11.0,208,76,17,0,0,5,16,0,94,38,23,69,50,100,100,278,25,351,160,302,120,90,55,40,22,253,200
89035094,0,28727.0,12,287,11.0,0.0,89,21,29,0,0,12,5,0,22,41,35,72,50,100,97,278,154,347,160,310,120,88,60,49,25,252,200
89035094,1,20788.0,9,165,0.0,0.0,110,39,32,0,0,3,8,0,28,41,35,72,50,100,97,278,154,347,160,310,120,88,60,49,25,252,200
89035095,0,32459.0,11,249,0.0,13.0,105,22,29,0,0,34,4,0,16,42,35,67,50,100,100,281,13,336,160,292,120,105,60,32,21,253,200
89035095,1,31062.0,6,171,0.0,13.0,221,0,28,0,0,0,0,0,193,42,35,67,50,100,100,281,13,336,160,292,120,105,60,32,21,253,200
89035096,0,33576.0,10,254,14.0,13.0,160,51,21,0,0,7,13,0,68,42,33,54,45,100,69,278,13,334,160,318,120,95,60,47,25,250,200
89035096,1,46758.0,9,239,0.0,11.0,81,0,36,0,0,0,0,0,45,42,33,54,45,100,69,278,13,334,160,318,120,95,60,47,25,250,200
89035097,0,38300.0,10,204,0.0,14.0,190,8,70,0,0,36,5,0,71,42,32,71,50,100,100,278,198,332,160,286,120,95,60,48,24,250,200
89035097,1,13144.0,4,108,15.0,0.0,286,0,98,0,0,188,0,0,0,42,32,71,50,100,100,278,198,332,160,286,120,95,60,48,24,250,200
89035098,0,15990.0,10,290,11.0,0.0,155,37,27,0,0,4,5,0,82,42,33,69,50,100,100,278,1,340,160,292,120,99,60,44,25,250,200
89035098,1,52303.0,14,183,10.0,10.0,162,21,32,0,0,25,0,0,84,42,33,69,50,100,100,278,1,340,160,292,120,99,60,44,25,250,200
89035099,0,99803.0,10,273,9.0,11.0,130,7,26,0,0,47,10,0,40,42,32,74,50,100,18,277,152,259,160,281,120,101,60,59,25,251,200
89035099,1,44431.0,12,238,10.0,10.0,21,11,10,0,0,0,0,0,0,42,32,74,50,100,18,277,152,259,160,281,120,101,60,59,25,251,200
89035100,0,3000.0,0,0,,0.0,0,0,0,0,0,0,0,0,0,41,30,70,50,100,100,293,250,361,160,308,120,103,60,51,25,246,200
89035100,1,6111.0,0,0,,0.0,113,113,0,0,0,0,0,0,0,41,30,70,50,100,100,293,250,361,160,308,120,103,60,51,25,246,200
89035101,0,27704.0,12,334,11.0,0.0,160,33,27,0,0,4,4,0,92,41,30,75,50,100,100,278,13,324,160,311,120,88,60,45,23,253,200
89035101,1,20088.0,7,203,,0.0,86,27,32,0,0,3,5,0,19,41,30,75,50,100,100,278,13,324,160,311,120,88,60,45,23,253,200
89035102,0,60739.0,8,240,0.0,12.0,189,15,29,0,0,77,3,0,65,41,31,71,50,100,100,280,1,365,160,275,120,97,60,43,21,248,200
89035102,1,60739.0,8,240,0.0,12.0,189,15,29,0,0,77,3,0,65,41,31,71,50,100,100,280,1,365,160,275,120,97,60,43,21,248,200
89035551,0,66594.0,8,240,0.0,12.0,184,9,22,0,0,79,2,0,72,42,35,69,50,100,100,280,19,332,160,269,120,92,60,43,21,253,200
89035551,1,21061.0,9,195,0.0,0.0,111,33,54,0,0,0,3,0,21,42,35,69,50,100,100,280,19,332,160,269,120,92,60,43,21,253,200
89035552,0,25018.0,5,114,12.0,0.0,50,2,27,0,0,5,0,0,16,42,35,59,50,100,51,278,1,341,160,325,120,103,60,55,25,248,200
89035552,1,49269.0,9,264,0.0,11.0,92,0,37,0,0,0,0,0,55,42,35,59,50,100,51,278,1,341,160,325,120,103,60,55,25,248,200
89035553,0,70526.0,13,345,11.0,11.0,67,21,25,0,0,2,2,0,17,41,25,74,50,100,49,278,48,322,160,329,120,100,60,57,25,237,200
89035553,1,0.0,13,132,0.0,,63,21,27,0,0,15,0,0,0,41,25,74,50,100,49,278,48,322,160,329,120,100,60,57,25,237,200
89035554,0,30822.0,7,203,11.0,11.0,128,34,29,0,0,5,5,0,55,42,33,61,50,100,66,278,1,331,160,319,120,94,60,52,25,248,200
89035554,1,36609.0,9,239,0.0,11.0,76,0,34,0,0,0,0,0,42,42,33,61,50,100,66,278,1,331,160,319,120,94,60,52,25,248,200
89035555,0,50710.0,10,242,0.0,13.0,386,143,119,0,0,0,0,0,124,41,28,77,50,100,100,281,142,332,160,324,120,96,60,44,25,246,200
89035555,1,3326.0,0,0,,0.0,15,0,0,0,0,0,0,0,15,41,28,77,50,100,100,281,142,332,160,324,120,96,60,44,25,246,200
89035557,0,24010.0,12,283,11.0,0.0,114,21,29,0,0,12,5,0,47,42,35,68,50,100,99,278,25,332,160,312,120,93,60,45,25,252,200
89035557,1,22261.0,6,168,,0.0,131,0,32,0,0,0,0,0,99,42,35,68,50,100,99,278,25,332,160,312,120,93,60,45,25,252,200
89035558,0,32671.0,10,296,0.0,11.0,206,89,16,0,0,4,18,0,79,41,25,67,50,100,100,278,101,344,160,289,120,85,60,37,21,253,200
89035558,1,62534.0,8,240,0.0,12.0,174,8,29,0,0,78,0,0,59,41,25,67,50,100,100,278,101,344,160,289,120,85,60,37,21,253,200
89035559,0,26002.0,12,334,11.0,0.0,165,32,28,0,0,3,5,0,97,41,28,66,50,100,100,278,37,344,160,302,120,91,54,39,22,251,200
89035559,1,39504.0,10,296,0.0,11.0,208,89,17,0,0,5,16,0,81,41,28,66,50,100,100,278,37,344,160,302,120,91,54,39,22,251,200
89035560,0,27222.0,7,203,11.0,0.0,123,34,29,0,0,5,5,0,50,41,28,69,50,100,100,278,1,354,160,321,120,84,60,43,25,251,200
89035560,1,28981.0,7,203,10.0,0.0,127,34,29,0,0,5,5,0,54,41,28,69,50,100,100,278,1,354,160,321,120,84,60,43,25,251,200
89035561,0,28081.0,6,171,0.0,0.0,246,0,28,0,0,0,0,0,218,42,35,69,50,100,100,281,13,340,160,306,120,92,60,32,21,248,200
89035561,1,28095.0,7,203,,0.0,86,27,32,0,0,3,5,0,19,42,35,69,50,100,100,281,13,340,160,306,120,92,60,32,21,248,200
89035562,0,94765.0,10,270,9.0,11.0,124,9,22,0,0,48,7,0,38,42,32,77,50,100,25,277,195,259,129,287,120,98,60,61,25,244,200
89035562,1,59506.0,12,238,10.0,18.0,21,11,10,0,0,0,0,0,0,42,32,77,50,100,25,277,195,259,129,287,120,98,60,61,25,244,200
89035563,0,52601.0,9,192,7.0,16.0,171,76,27,0,0,0,0,0,68,41,31,71,50,100,100,281,13,334,160,327,120,85,60,42,25,249,200
89035563,1,41977.0,10,254,14.0,13.0,161,47,24,0,0,7,12,0,71,41,31,71,50,100,100,281,13,334,160,327,120,85,60,42,25,249,200
89036010,0,19990.0,7,203,,0.0,86,27,32,0,0,3,5,0,19,42,35,68,50,100,100,280,7,347,160,295,120,101,60,47,22,246,200
89036010,1,72274.0,8,240,0.0,12.0,198,49,21,0,0,82,1,0,45,42,35,68,50,100,100,280,7,347,160,295,120,101,60,47,22,246,200
89036011,0,37942.0,9,264,0.0,11.0,88,0,38,0,0,0,0,0,50,42,35,65,50,100,73,278,1,313,160,323,120,101,60,53,25,245,200
89036011,1,24003.0,7,203,,0.0,86,27,32,0,0,3,5,0,19,42,35,65,50,100,73,278,1,313,160,323,120,101,60,53,25,245,200
89036012,0,1338.0,1,9,0.0,0.0,55,14,0,0,0,36,0,0,5,42,35,70,50,100,100,281,219,324,160,280,120,99,60,48,25,252,200
89036012,1,48834.0,7,203,,13.0,86,27,32,0,0,3,5,0,19,42,35,70,50,100,100,281,219,324,160,280,120,99,60,48,25,252,200
89036013,0,97960.0,13,357,11.0,11.0,65,18,23,0,0,2,3,0,19,41,32,68,50,100,39,278,86,311,160,300,120,100,60,55,25,243,200
89036013,1,59576.0,12,225,7.0,19.0,249,111,39,0,0,0,0,0,99,41,32,68,50,100,39,278,86,311,160,300,120,100,60,55,25,243,200
89036014,0,21888.0,6,168,,0.0,131,0,32,0,0,0,0,0,99,42,35,66,50,100,100,280,1,332,160,327,120,94,60,43,24,253,200
89036014,1,25380.0,9,223,11.0,0.0,125,12,37,0,0,0,0,0,76,42,35,66,50,100,100,280,1,332,160,327,120,94,60,43,24,253,200
89036015,0,26625.0,9,238,0.0,0.0,95,0,31,0,0,0,0,0,64,42,32,58,50,100,33,278,13,300,160,280,120,98,60,54,25,250,200
89036015,1,87149.0,10,275,9.0,11.0,148,10,25,0,0,31,15,0,67,42,32,58,50,100,33,278,13,300,160,280,120,98,60,54,25,250,200
89036016,0,36528.0,10,296,0.0,11.0,212,93,17,0,0,4,17,0,81,41,25,75,50,100,100,278,113,328,160,292,120,88,60,42,21,250,200
89036016,1,66908.0,8,240,0.0,13.0,167,8,29,0,0,71,0,0,59,41,25,75,50,100,100,278,113,328,160,292,120,88,60,42,21,250,200
89036017,0,3342.0,0,0,,0.0,15,0,0,0,0,0,0,0,15,42,35,66,50,100,100,293,250,340,160,318,120,76,47,48,25,251,200
89036017,1,3764.0,4,100,10.0,0.0,74,0,0,0,0,0,74,0,0,42,35,66,50,100,100,293,250,340,160,318,120,76,47,48,25,251,200
89036018,0,29117.0,7,203,11.0,0.0,125,37,27,0,0,3,4,0,54,42,31,69,50,100,100,278,1,351,160,259,120,98,60,44,21,250,200
89036018,1,54958.0,8,240,0.0,12.0,183,2,19,0,0,78,9,0,75,42,31,69,50,100,100,278,1,351,160,259,120,98,60,44,21,250,200
89036020,0,21274.0,12,297,0.0,0.0,167,43,26,0,0,13,5,0,80,40,32,77,50,100,98,277,1,332,160,306,120,94,60,44,25,250,200
89036020,1,21793.0,10,190,11.0,0.0,249,110,56,0,0,0,0,0,83,40,32,77,50,100,98,277,1,332,160,306,120,94,60,44,25,250,200
89036021,0,33174.0,10,254,14.0,13.0,161,51,20,0,0,6,14,0,70,41,29,71,50,100,100,278,54,347,160,303,120,96,60,38,22,247,200
89036021,1,29505.0,12,333,11.0,0.0,164,36,26,0,0,4,6,0,92,41,29,71,50,100,100,278,54,347,160,303,120,96,60,38,22,247,200
89036022,0,27339.0,7,203,10.0,0.0,123,34,29,0,0,5,5,0,50,41,29,67,50,100,100,278,1,344,160,317,120,81,56,33,21,252,200
89036022,1,35417.0,9,243,0.0,11.0,223,62,18,0,0,3,24,0,116,41,29,67,50,100,100,278,1,344,160,317,120,81,56,33,21,252,200
89036470,0,62373.0,8,240,0.0,12.0,189,16,20,0,0,79,4,0,70,42,35,62,50,100,67,278,1,351,160,273,120,98,60,52,22,247,200
89036470,1,35174.0,9,264,0.0,11.0,87,0,37,0,0,0,0,0,50,42,35,62,50,100,67,278,1,351,160,273,120,98,60,52,22,247,200
89036471,0,36012.0,11,249,0.0,13.0,103,22,29,0,0,31,4,0,17,42,35,65,50,100,100,280,7,358,160,253,120,95,60,46,22,250,200
89036471,1,58557.0,8,240,0.0,12.0,184,64,24,0,0,71,7,0,18,42,35,65,50,100,100,280,7,358,160,253,120,95,60,46,22,250,200
89036472,0,46554.0,7,203,11.0,11.0,125,37,27,0,0,3,4,0,54,41,32,75,50,100,100,278,204,347,160,323,120,83,45,50,25,246,200
89036472,1,4143.0,4,100,10.0,0.0,78,0,0,0,0,0,78,0,0,41,32,75,50,100,100,278,204,347,160,323,120,83,45,50,25,246,200
89036473,0,24777.0,5,111,16.0,0.0,83,25,13,0,0,2,10,0,33,41,28,66,50,100,100,278,120,354,160,315,120,99,60,44,22,253,200
89036473,1,40072.0,7,203,11.0,11.0,119,32,30,0,0,4,5,0,48,41,28,66,50,100,100,278,120,354,160,315,120,99,60,44,22,253,200
89036475,0,61436.0,13,344,11.0,11.0,74,21,25,0,0,2,2,0,24,42,26,71,50,100,52,278,48,323,160,332,120,98,60,56,25,241,200
89036475,1,0.0,13,135,0.0,,63,21,27,0,0,15,0,0,0,42,26,71,50,100,52,278,48,323,160,332,120,98,60,56,25,241,200
89036476,0,36042.0,9,239,0.0,11.0,83,0,34,0,0,0,0,0,49,42,33,59,50,100,70,278,1,332,160,289,120,94,60,49,23,248,200
89036476,1,41729.0,9,232,0.0,11.0,207,56,25,0,0,6,21,0,99,42,33,59,50,100,70,278,1,332,160,289,120,94,60,49,23,248,200
89036478,0,33364.0,9,244,0.0,11.0,231,71,14,0,0,5,21,0,120,42,30,71,50,100,100,278,86,311,160,272,120,96,60,38,21,252,200
89036478,1,62153.0,8,240,0.0,12.0,185,30,27,0,0,79,2,0,47,42,30,71,50,100,100,278,86,311,160,272,120,96,60,38,21,252,200
89036479,0,21229.0,9,223,11.0,0.0,103,8,37,0,0,0,0,0,58,42,32,69,50,100,100,278,1,340,160,313,120,90,60,47,25,251,200
89036479,1,29933.0,7,203,11.0,0.0,130,35,32,0,0,5,5,0,53,42,32,69,50,100,100,278,1,340,160,313,120,90,60,47,25,251,200
89036481,0,25037.0,11,244,0.0,0.0,107,22,29,0,0,36,4,0,16,42,31,75,50,100,100,278,13,311,160,282,120,91,60,47,23,253,200
89036481,1,33317.0,7,203,10.0,11.0,123,34,29,0,0,5,5,0,50,42,31,75,50,100,100,278,13,311,160,282,120,91,60,47,23,253,200
89036936,0,37215.0,8,208,11.0,13.0,121,34,33,0,0,15,12,0,27,41,33,70,50,100,100,281,91,358,160,329,120,96,60,48,25,247,200
89036936,1,24485.0,9,188,0.0,0.0,140,58,28,0,0,2,8,0,44,41,33,70,50,100,100,281,91,358,160,329,120,96,60,48,25,247,200
89036937,0,16141.0,7,144,10.0,0.0,138,95,43,0,0,0,0,0,0,42,28,68,50,100,100,280,216,324,160,304,120,96,60,47,25,252,200
89036937,1,13818.0,5,66,0.0,0.0,577,459,97,0,0,0,0,0,21,42,28,68,50,100,100,280,216,324,160,304,120,96,60,47,25,252,200
89036938,0,56071.0,10,254,14.0,13.0,152,38,26,0,0,5,16,0,67,41,33,66,50,100,100,282,238,368,160,308,120,103,60,45,25,248,200
89036938,1,3370.0,1,9,0.0,0.0,46,11,0,0,0,31,0,0,4,41,33,66,50,100,100,282,238,368,160,308,120,103,60,45,25,248,200
89036940,0,31274.0,7,203,11.0,11.0,129,34,29,0,0,5,5,0,56,42,35,63,50,100,66,278,1,329,160,313,120,94,60,49,23,245,200
89036940,1,35117.0,9,264,0.0,11.0,91,0,40,0,0,0,0,0,51,42,35,63,50,100,66,278,1,329,160,313,120,94,60,49,23,245,200
89036941,0,20379.0,7,203,,0.0,86,27,32,0,0,3,5,0,19,42,35,74,50,100,100,278,13,340,160,312,120,90,60,47,23,246,200
89036941,1,35077.0,7,203,11.0,11.0,125,34,28,0,0,3,5,0,55,42,35,74,50,100,100,278,13,340,160,312,120,90,60,47,23,246,200
89036942,0,60810.0,8,240,0.0,12.0,180,2,20,0,0,77,3,0,78,41,26,77,50,100,100,278,101,324,160,277,120,85,60,38,21,248,200
89036942,1,36337.0,10,296,0.0,11.0,213,99,18,0,0,5,18,0,73,41,26,77,50,100,100,278,101,324,160,277,120,85,60,38,21,248,200
89036943,0,83551.0,13,352,11.0,11.0,67,20,24,0,0,3,4,0,16,42,31,69,50,100,1,282,195,280,160,320,120,96,60,61,25,244,200
89036943,1,42212.0,12,238,10.0,11.0,20,11,9,0,0,0,0,0,0,42,31,69,50,100,1,282,195,280,160,320,120,96,60,61,25,244,200
89036944,0,22960.0,8,200,0.0,0.0,288,8,61,0,0,29,5,0,185,42,32,60,50,100,100,280,13,358,160,296,120,104,60,48,23,247,200
89036944,1,36001.0,9,222,11.0,11.0,125,12,37,0,0,0,0,0,76,42,32,60,50,100,100,280,13,358,160,296,120,104,60,48,23,247,200
89036945,0,40320.0,9,239,0.0,11.0,85,0,35,0,0,0,0,0,50,41,26,62,50,100,74,278,13,316,160,307,120,85,60,47,22,252,200
89036945,1,36135.0,10,295,0.0,11.0,212,91,17,0,0,5,14,0,85,41,26,62,50,100,74,278,13,316,160,307,120,85,60,47,22,252,200
89036946,0,18498.0,7,173,9.0,0.0,105,33,5,0,0,24,18,0,25,42,35,73,50,100,100,283,231,320,160,305,120,103,60,50,25,251,200
89036946,1,14248.0,5,66,0.0,0.0,207,78,102,0,0,0,0,0,27,42,35,73,50,100,100,283,231,320,160,305,120,103,60,50,25,251,200
89036947,0,63425.0,14,189,10.0,10.0,139,62,25,0,0,41,6,0,5,40,28,68,50,100,100,278,1,351,160,297,120,94,60,38,21,252,200
89036947,1,21328.0,8,240,0.0,0.0,317,62,19,0,0,45,15,0,176,40,28,68,50,100,100,278,1,351,160,297,120,94,60,38,21,252,200
89036948,0,12257.0,4,56,0.0,0.0,215,20,96,0,0,0,0,0,99,42,35,70,50,100,100,287,240,365,160,303,120,103,60,51,25,246,200
89036948,1,2549.0,1,9,0.0,0.0,52,11,0,0,0,36,0,0,5,42,35,70,50,100,100,287,240,365,160,303,120,103,60,51,25,246,200
89036949,0,58896.0,12,238,10.0,20.0,21,11,10,0,0,0,0,0,0,42,35,69,50,100,17,277,162,259,152,270,120,108,60,60,25,248,200
89036949,1,90772.0,10,268,9.0,11.0,125,7,27,0,0,38,11,0,42,42,35,69,50,100,17,277,162,259,152,270,120,108,60,60,25,248,200
89037405,0,16110.0,7,130,10.0,0.0,124,106,18,0,0,0,0,0,0,41,25,66,50,100,100,278,189,347,160,327,120,101,60,47,23,247,200
89037405,1,31916.0,7,210,,10.0,144,90,20,0,0,0,0,0,34,41,25,66,50,100,100,278,189,347,160,327,120,101,60,47,23,247,200
89037407,0,5702.0,4,100,10.0,0.0,78,0,0,0,0,0,78,0,0,42,35,71,50,100,100,278,214,347,160,319,120,94,60,50,25,246,200
89037407,1,46090.0,7,203,10.0,11.0,128,34,31,0,0,4,5,0,54,42,35,71,50,100,100,278,214,347,160,319,120,94,60,50,25,246,200
89037408,0,3324.0,1,9,0.0,0.0,53,11,0,0,0,36,0,0,6,41,29,76,50,100,100,293,250,340,160,320,120,92,60,51,25,248,200
89037408,1,6006.0,0,0,,0.0,110,110,0,0,0,0,0,0,0,41,29,76,50,100,100,293,250,340,160,320,120,92,60,51,25,248,200
89037409,0,42397.0,12,221,7.0,14.0,234,112,47,0,0,0,0,0,75,41,35,54,45,100,67,278,1,346,160,324,120,101,60,50,25,250,200
89037409,1,38987.0,9,264,0.0,11.0,91,0,38,0,0,0,0,0,53,41,35,54,45,100,67,278,1,346,160,324,120,101,60,50,25,250,200
89037410,0,34610.0,10,254,14.0,13.0,168,58,20,0,0,7,12,0,71,41,31,73,50,100,100,278,48,332,160,329,120,94,60,41,23,246,200
89037410,1,37653.0,7,203,11.0,11.0,125,37,27,0,0,3,4,0,54,41,31,73,50,100,100,278,48,332,160,329,120,94,60,41,23,246,200
89037411,0,72965.0,8,240,0.0,12.0,178,28,30,0,0,70,2,0,48,42,31,64,50,100,100,278,86,347,160,277,120,91,60,32,21,250,200
89037411,1,32200.0,9,244,0.0,11.0,234,75,14,0,0,5,21,0,119,42,31,64,50,100,100,278,86,347,160,277,120,91,60,32,21,250,200
89037412,0,57708.0,13,339,11.0,11.0,68,21,25,0,0,2,2,0,18,42,29,65,50,100,3,277,125,298,160,319,120,96,60,61,25,241,200
89037412,1,126521.0,12,243,10.0,18.0,62,13,26,0,0,0,0,0,23,42,29,65,50,100,3,277,125,298,160,319,120,96,60,61,25,241,200
89037413,0,12689.0,9,223,12.0,0.0,92,11,48,0,0,0,0,0,33,42,35,62,50,100,100,277,1,351,160,318,120,111,60,49,25,250,200
89037413,1,10458.0,8,192,0.0,0.0,276,156,120,0,0,0,0,0,0,42,35,62,50,100,100,277,1,351,160,318,120,111,60,49,25,250,200
89037414,0,31466.0,7,203,11.0,11.0,126,34,29,0,0,5,5,0,53,41,32,65,50,100,65,278,1,339,160,313,120,94,60,53,25,249,200
89037414,1,37799.0,9,239,0.0,11.0,75,0,34,0,0,0,0,0,41,41,32,65,50,100,65,278,1,339,160,313,120,94,60,53,25,249,200
89037415,0,3000.0,0,0,,0.0,0,0,0,0,0,0,0,0,0,42,35,70,50,100,100,293,250,344,160,310,120,114,60,51,25,250,200
89037415,1,2637.0,1,9,0.0,0.0,53,12,0,0,0,36,0,0,5,42,35,70,50,100,100,293,250,344,160,310,120,114,60,51,25,250,200
89037416,0,71493.0,12,239,10.0,15.0,56,24,27,0,0,0,0,0,5,42,35,70,50,100,6,277,156,258,160,310,120,104,60,62,25,227,1
89037416,1,28731.0,13,344,11.0,0.0,70,21,25,0,0,2,2,0,20,42,35,70,50,100,6,277,156,258,160,310,120,104,60,62,25,227,1
89037417,0,37463.0,9,235,0.0,11.0,215,55,23,0,0,3,23,0,111,42,30,69,50,100,100,278,34,328,160,263,120,104,60,42,21,250,200
89037417,1,59963.0,8,240,0.0,13.0,169,43,22,0,0,73,0,0,31,42,30,69,50,100,100,278,34,328,160,263,120,104,60,42,21,250,200
89037418,0,3000.0,0,0,,0.0,0,0,0,0,0,0,0,0,0,42,35,71,50,100,100,293,250,358,160,314,120,103,60,51,25,248,200
89037418,1,3000.0,0,0,,0.0,0,0,0,0,0,0,0,0,0,42,35,71,50,100,100,293,250,358,160,314,120,103,60,51,25,248,200
89037863,0,13369.0,8,192,0.0,0.0,272,175,97,0,0,0,0,0,0,41,32,73,50,100,100,277,1,358,160,320,120,103,60,48,24,247,200
89037863,1,18525.0,7,203,11.0,0.0,127,35,27,0,0,5,7,0,53,41,32,73,50,100,100,277,1,358,160,320,120,103,60,48,24,247,200
89037864,0,71142.0,10,278,9.0,11.0,142,13,30,0,0,42,3,0,54,42,32,70,50,100,58,278,19,321,160,268,120,89,60,48,22,253,200
89037864,1,59197.0,8,240,0.0,12.0,182,10,19,0,0,82,4,0,67,42,32,70,50,100,58,278,19,321,160,268,120,89,60,48,22,253,200
89037865,0,29837.0,7,203,,0.0,86,27,32,0,0,3,5,0,19,42,35,69,50,100,100,281,13,340,160,307,120,105,60,50,25,250,200
89037865,1,31233.0,8,210,11.0,13.0,132,40,31,0,0,13,17,0,31,42,35,69,50,100,100,281,13,340,160,307,120,105,60,50,25,250,200
89037867,0,3055.0,1,9,0.0,0.0,52,11,0,0,0,36,0,0,5,42,35,76,50,100,100,293,250,347,160,314,120,80,47,52,25,246,200
89037867,1,4004.0,4,100,10.0,0.0,78,0,0,0,0,0,78,0,0,42,35,76,50,100,100,293,250,347,160,314,120,80,47,52,25,246,200
89037870,0,91636.0,13,357,11.0,11.0,66,17,23,0,0,2,4,0,20,42,35,66,50,100,40,278,31,284,160,278,120,100,60,52,22,248,200
89037870,1,67539.0,8,240,0.0,12.0,187,45,28,0,0,71,0,0,43,42,35,66,50,100,40,278,31,284,160,278,120,100,60,52,22,248,200
89037871,0,47631.0,9,191,7.0,14.0,164,68,26,0,0,0,0,0,70,42,35,60,50,100,72,278,13,339,160,327,120,98,60,53,25,240,200
89037871,1,40816.0,9,239,0.0,11.0,82,0,36,0,0,0,0,0,46,42,35,60,50,100,72,278,13,339,160,327,120,98,60,53,25,240,200
89037872,0,80357.0,10,274,9.0,11.0,165,17,30,0,0,39,8,0,71,42,32,68,50,100,58,278,37,309,160,274,120,96,60,50,25,247,200
89037872,1,60479.0,8,240,0.0,12.0,171,33,19,0,0,76,0,0,43,42,32,68,50,100,58,278,37,309,160,274,120,96,60,50,25,247,200
89037873,0,1215.0,13,268,0.0,0.0,63,21,26,0,0,16,0,0,0,41,26,68,50,100,90,278,13,336,160,329,120,101,60,49,25,251,200
89037873,1,25650.0,10,290,11.0,0.0,149,37,27,0,0,4,5,0,76,41,26,68,50,100,90,278,13,336,160,329,120,101,60,49,25,251,200
89037874,0,23120.0,7,177,12.0,0.0,70,30,10,0,0,4,7,0,19,42,35,75,50,100,100,287,250,336,160,306,120,84,60,48,25,248,200
89037874,1,5913.0,0,0,,0.0,3,0,3,0,0,0,0,0,0,42,35,75,50,100,100,287,250,336,160,306,120,84,60,48,25,248,200
89037875,0,59775.0,12,238,10.0,17.0,21,11,10,0,0,0,0,0,0,41,31,69,50,100,58,277,162,302,160,296,120,103,60,55,25,251,200
89037875,1,42079.0,7,203,10.0,11.0,126,33,29,0,0,5,5,0,54,41,31,69,50,100,58,277,162,302,160,296,120,103,60,55,25,251,200
89038324,0,2950.0,10,289,12.0,0.0,98,6,51,0,0,4,6,0,31,42,35,67,50,101,100,277,1,324,160,291,120,101,60,48,24,252,200
89038324,1,16465.0,8,192,0.0,0.0,304,187,117,0,0,0,0,0,0,42,35,67,50,101,100,277,1,324,160,291,120,101,60,48,24,252,200
89038325,0,38762.0,7,209,,6.0,107,36,8,0,0,0,0,0,63,42,35,54,44,100,59,277,176,347,160,308,120,107,60,48,25,250,200
89038325,1,38163.0,2,58,,10.0,34,1,28,0,0,0,0,0,5,42,35,54,44,100,59,277,176,347,160,308,120,107,60,48,25,250,200
89038326,0,35043.0,8,208,11.0,13.0,126,33,35,0,0,18,15,0,25,42,31,64,50,100,100,278,60,351,160,310,120,92,60,41,22,250,200
89038326,1,39134.0,9,244,0.0,11.0,231,71,16,0,0,3,22,0,119,42,31,64,50,100,100,278,60,351,160,310,120,92,60,41,22,250,200
89038327,0,28110.0,7,203,11.0,0.0,128,34,31,0,0,4,5,0,54,41,28,76,50,100,100,278,1,344,160,324,120,95,60,48,25,246,200
89038327,1,28012.0,7,203,11.0,0.0,133,34,34,0,0,8,5,0,52,41,28,76,50,100,100,278,1,344,160,324,120,95,60,48,25,246,200
89038329,0,33631.0,9,235,0.0,11.0,223,58,20,0,0,3,25,0,117,41,31,73,50,100,100,278,19,347,160,260,120,99,60,39,21,248,200
89038329,1,66678.0,8,240,0.0,12.0,181,6,27,0,0,76,4,0,68,41,31,73,50,100,100,278,19,347,160,260,120,99,60,39,21,248,200
89038331,0,14796.0,7,141,10.0,0.0,126,108,18,0,0,0,0,0,0,41,23,75,50,100,100,281,223,344,160,309,120,91,60,49,25,246,200
89038331,1,30887.0,9,165,0.0,13.0,96,35,33,0,0,3,9,0,16,41,23,75,50,100,100,281,223,344,160,309,120,91,60,49,25,246,200
89038332,0,68300.0,13,346,11.0,11.0,63,18,26,0,0,2,2,0,15,42,33,67,50,100,5,278,94,286,160,283,120,89,60,56,25,247,200
89038332,1,80373.0,10,278,9.0,11.0,163,29,24,0,0,27,27,0,56,42,33,67,50,100,5,278,94,286,160,283,120,89,60,56,25,247,200
89038333,0,6099.0,0,0,,0.0,3,0,3,0,0,0,0,0,0,42,35,64,50,100,100,293,250,336,160,300,120,101,60,48,25,252,200
89038333,1,3420.0,1,9,0.0,0.0,41,11,0,0,0,26,0,0,4,42,35,64,50,100,100,293,250,336,160,300,120,101,60,48,25,252,200
89038334,0,49577.0,9,239,0.0,11.0,93,0,36,0,0,0,0,0,57,42,35,55,45,100,35,277,108,286,160,301,120,103,60,60,25,250,200
89038334,1,79788.0,12,238,10.0,18.0,22,11,11,0,0,0,0,0,0,42,35,55,45,100,35,277,108,286,160,301,120,103,60,60,25,250,200
89038335,0,65287.0,8,240,0.0,12.0,157,40,23,0,0,74,0,0,20,42,32,56,48,100,70,278,13,341,160,292,120,105,60,53,25,245,200
89038335,1,37773.0,9,239,0.0,11.0,82,0,35,0,0,0,0,0,47,42,32,56,48,100,70,278,13,341,160,292,120,105,60,53,25,245,200
89038336,0,25839.0,6,171,0.0,0.0,228,0,28,0,0,0,0,0,200,42,35,64,50,100,100,277,1,361,160,327,120,103,60,28,21,248,200
89038336,1,23393.0,10,190,11.0,0.0,247,111,56,0,0,0,0,0,80,42,35,64,50,100,100,277,1,361,160,327,120,103,60,28,21,248,200
89038337,0,20521.0,7,203,,0.0,86,27,32,0,0,3,5,0,19,42,35,64,50,100,100,279,13,365,160,319,120,101,60,47,23,247,200
89038337,1,25969.0,9,221,13.0,0.0,144,10,37,0,0,0,0,0,97,42,35,64,50,100,100,279,13,365,160,319,120,101,60,47,23,247,200
89038778,0,3397.0,0,0,,0.0,15,0,0,0,0,0,0,0,15,42,35,72,50,101,100,279,215,347,160,331,120,107,60,52,25,246,200
89038778,1,34098.0,10,289,13.0,11.0,94,6,49,0,0,4,6,0,29,42,35,72,50,101,100,279,215,347,160,331,120,107,60,52,25,246,200
89038779,0,21755.0,8,208,11.0,0.0,130,34,35,0,0,18,15,0,28,42,32,65,50,100,100,278,13,347,160,286,120,93,60,44,23,253,200
89038779,1,34203.0,7,203,11.0,11.0,126,36,29,0,0,5,5,0,51,42,32,65,50,100,100,278,13,347,160,286,120,93,60,44,23,253,200
89038781,0,91467.0,13,357,11.0,11.0,66,17,23,0,0,2,4,0,20,42,35,71,50,100,40,278,48,304,160,276,120,97,60,53,22,234,195
89038781,1,60418.0,8,240,0.0,12.0,197,63,32,0,0,69,2,0,31,42,35,71,50,100,40,278,48,304,160,276,120,97,60,53,22,234,195
89038782,0,42914.0,9,264,0.0,11.0,97,0,38,0,0,0,0,0,59,42,32,54,45,100,67,278,1,344,160,322,120,88,60,44,21,252,200
89038782,1,40143.0,9,243,0.0,11.0,216,56,19,0,0,3,26,0,112,42,32,54,45,100,67,278,1,344,160,322,120,88,60,44,21,252,200
89038783,0,50679.0,12,238,10.0,18.0,21,11,10,0,0,0,0,0,0,41,32,70,50,100,1,281,198,293,160,308,120,91,60,61,25,243,200
89038783,1,83009.0,13,352,11.0,11.0,65,18,24,0,0,2,3,0,18,41,32,70,50,100,1,281,198,293,160,308,120,91,60,61,25,243,200
89038785,0,66156.0,8,240,0.0,24.0,169,17,28,0,0,69,0,0,55,42,29,65,50,100,40,278,37,305,160,288,120,98,60,51,21,248,200
89038785,1,96417.0,13,357,11.0,11.0,65,17,23,0,0,2,4,0,19,42,29,65,50,100,40,278,37,305,160,288,120,98,60,51,21,248,200
89038786,0,26321.0,11,247,0.0,0.0,113,23,30,0,0,37,4,0,19,42,35,69,50,100,100,277,13,332,160,323,120,99,60,48,25,248,200
89038786,1,28057.0,9,222,12.0,0.0,92,11,48,0,0,0,0,0,33,42,35,69,50,100,100,277,13,332,160,323,120,99,60,48,25,248,200
89038788,0,3385.0,0,0,,0.0,15,0,0,0,0,0,0,0,15,39,24,70,50,100,100,290,250,354,160,339,120,98,60,51,25,250,200
89038788,1,16728.0,7,153,10.0,0.0,147,120,24,0,0,0,0,0,3,39,24,70,50,100,100,290,250,354,160,339,120,98,60,51,25,250,200
89038789,0,37314.0,7,203,11.0,11.0,130,39,27,0,0,3,4,0,57,40,35,68,50,100,100,278,13,333,160,329,120,103,60,45,25,250,200
89038789,1,38282.0,12,223,7.0,14.0,254,123,39,0,0,0,0,0,92,40,35,68,50,100,100,278,13,333,160,329,120,103,60,45,25,250,200
89038790,0,27744.0,10,290,11.0,0.0,153,37,27,0,0,4,5,0,80,41,31,69,50,100,100,278,13,358,160,296,120,90,60,39,22,247,200
89038790,1,36950.0,9,235,0.0,11.0,224,71,17,0,0,4,19,0,113,41,31,69,50,100,100,278,13,358,160,296,120,90,60,39,22,247,200
89038791,0,21870.0,7,174,9.0,0.0,116,42,8,0,0,17,18,0,31,40,26,67,50,100,100,278,234,368,160,305,120,96,60,46,25,250,200
89038791,1,32862.0,7,210,,10.0,144,90,20,0,0,0,0,0,34,40,26,67,50,100,100,278,234,368,160,305,120,96,60,46,25,250,200
89039236,0,27469.0,1,2,,0.0,0,0,0,0,0,0,0,0,0,41,35,70,50,100,73,281,115,279,120,321,120,96,60,46,25,251,200
89039236,1,53513.0,10,245,0.0,13.0,380,141,116,0,0,0,0,0,123,41,35,70,50,100,73,281,115,279,120,321,120,96,60,46,25,251,200
89039237,0,2486.0,1,9,0.0,0.0,60,14,0,0,0,41,0,0,5,42,35,70,50,100,100,281,219,344,160,312,120,94,60,50,25,246,200
89039237,1,49234.0,7,203,,13.0,85,27,31,0,0,3,5,0,19,42,35,70,50,100,100,281,219,344,160,312,120,94,60,50,25,246,200
89039238,0,3994.0,2,60,,0.0,9,0,0,0,0,0,9,0,0,42,35,68,50,100,100,277,225,347,160,297,120,100,60,48,25,250,200
89039238,1,42299.0,2,58,,10.0,34,1,28,0,0,0,0,0,5,42,35,68,50,100,100,277,225,347,160,297,120,100,60,48,25,250,200
89039239,0,3846.0,2,60,,0.0,9,0,0,0,0,0,9,0,0,42,35,76,50,102,100,279,223,344,160,318,120,93,60,52,25,246,200
89039239,1,31659.0,10,289,13.0,11.0,93,6,50,0,0,4,6,0,27,42,35,76,50,102,100,279,223,344,160,318,120,93,60,52,25,246,200
89039240,0,39037.0,9,232,0.0,11.0,199,57,25,0,0,3,22,0,92,42,35,62,50,100,59,278,1,316,160,312,120,86,60,47,22,247,200
89039240,1,38114.0,9,264,0.0,11.0,103,0,40,0,0,0,0,0,63,42,35,62,50,100,59,278,1,316,160,312,120,86,60,47,22,247,200
89039241,0,34572.0,7,203,10.0,11.0,129,34,31,0,0,4,5,0,55,42,35,67,50,100,100,278,13,347,160,296,120,110,60,48,25,246,200
89039241,1,29297.0,11,250,0.0,0.0,109,24,29,0,0,35,4,0,17,42,35,67,50,100,100,278,13,347,160,296,120,110,60,48,25,246,200
89039242,0,92283.0,12,238,10.0,19.0,19,11,8,0,0,0,0,0,0,42,35,64,50,100,61,277,129,305,160,296,120,102,60,55,22,245,200
89039242,1,81486.0,8,240,0.0,12.0,174,6,37,0,0,63,2,0,66,42,35,64,50,100,61,277,129,305,160,296,120,102,60,55,22,245,200
89039244,0,42396.0,9,194,7.0,14.0,172,75,27,0,0,0,0,0,70,41,35,70,50,100,100,278,10,342,160,316,120,109,60,48,25,246,200
89039244,1,37166.0,7,203,11.0,11.0,127,37,27,0,0,3,4,0,56,41,35,70,50,100,100,278,10,342,160,316,120,109,60,48,25,246,200
89039247,0,62339.0,13,347,11.0,11.0,71,20,25,0,0,2,2,0,22,41,30,69,50,100,11,278,104,324,160,296,120,100,60,59,25,241,200
89039247,1,104821.0,10,275,9.0,11.0,123,7,19,0,0,49,9,0,39,41,30,69,50,100,11,278,104,324,160,296,120,100,60,59,25,241,200
89039248,0,56958.0,8,240,0.0,12.0,183,68,20,0,0,67,0,0,28,42,32,58,50,100,71,278,1,327,160,266,120,111,60,51,25,249,200
89039248,1,37795.0,9,264,0.0,11.0,96,0,36,0,0,0,0,0,60,42,32,58,50,100,71,278,1,327,160,266,120,111,60,51,25,249,200
89039249,0,6099.0,0,0,,0.0,3,0,3,0,0,0,0,0,0,42,35,73,50,100,100,293,250,340,160,314,120,90,60,47,24,251,200
89039249,1,4399.0,0,0,,0.0,93,0,0,0,0,0,0,0,93,42,35,73,50,100,100,293,250,340,160,314,120,90,60,47,24,251,200
89039690,0,17797.0,7,177,12.0,0.0,76,36,7,0,0,2,8,0,23,42,35,73,50,100,100,290,250,347,160,316,120,84,60,48,25,248,200
89039690,1,2890.0,1,9,0.0,0.0,56,14,0,0,0,36,0,0,6,42,35,73,50,100,100,290,250,347,160,316,120,84,60,48,25,248,200
89039691,0,34048.0,1,2,,14.0,0,0,0,0,0,0,0,0,0,42,35,69,50,100,73,293,250,295,160,301,120,92,60,52,25,253,200
89039691,1,3000.0,0,0,,0.0,0,0,0,0,0,0,0,0,0,42,35,69,50,100,73,293,250,295,160,301,120,92,60,52,25,253,200
89039692,0,35621.0,2,58,,10.0,41,1,24,0,0,0,0,0,16,42,34,56,44,100,59,277,189,336,160,321,120,101,60,47,25,253,200
89039692,1,38956.0,7,209,,7.0,107,36,8,0,0,0,0,0,63,42,34,56,44,100,59,277,189,336,160,321,120,101,60,47,25,253,200
89039694,0,36206.0,11,249,0.0,13.0,106,22,29,0,0,36,4,0,15,42,35,68,50,101,100,278,1,340,160,297,120,88,60,48,23,248,200
89039694,1,14305.0,10,289,12.0,0.0,118,8,64,0,0,4,6,0,36,42,35,68,50,101,100,278,1,340,160,297,120,88,60,48,23,248,200
89039696,0,63124.0,8,240,0.0,20.0,185,15,19,0,0,85,4,0,62,42,32,71,50,100,100,278,13,351,160,299,120,103,60,45,22,246,200
89039696,1,27326.0,10,290,11.0,0.0,151,37,27,0,0,4,5,0,78,42,32,71,50,100,100,278,13,351,160,299,120,103,60,45,22,246,200
89039698,0,26562.0,10,290,11.0,0.0,152,35,27,0,0,4,5,0,81,42,30,68,50,100,100,278,13,332,160,274,120,92,60,43,22,252,200
89039698,1,57621.0,8,240,0.0,12.0,170,24,19,0,0,80,0,0,47,42,30,68,50,100,100,278,13,332,160,274,120,92,60,43,22,252,200
89039700,0,32749.0,13,336,11.0,11.0,76,25,25,0,0,2,2,0,22,42,30,68,50,100,4,277,101,287,160,292,120,104,60,61,25,232,116
89039700,1,118418.0,12,240,10.0,17.0,63,22,23,0,0,0,0,0,18,42,30,68,50,100,4,277,101,287,160,292,120,104,60,61,25,232,116
89039701,0,3000.0,0,0,,0.0,0,0,0,0,0,0,0,0,0,42,35,71,50,100,100,293,250,324,160,301,120,111,60,51,25,250,200
89039701,1,6099.0,0,0,,0.0,3,0,3,0,0,0,0,0,0,42,35,71,50,100,100,293,250,324,160,301,120,111,60,51,25,250,200
89039703,0,1014.0,5,102,,0.0,139,131,0,0,0,0,8,0,0,42,35,74,50,100,100,293,250,340,160,333,120,88,60,52,25,246,200
89039703,1,19.0,2,35,0.0,0.0,94,0,0,0,0,0,94,0,0,42,35,74,50,100,100,293,250,340,160,333,120,88,60,52,25,246,200
89040150,0,36247.0,1,2,,14.0,0,0,0,0,0,0,0,0,0,42,35,67,50,100,73,293,250,300,160,311,120,74,47,51,25,251,200
89040150,1,3602.0,4,100,10.0,0.0,78,0,0,0,0,0,78,0,0,42,35,67,50,100,73,293,250,300,160,311,120,74,47,51,25,251,200
89040151,0,18637.0,7,177,12.0,0.0,65,22,7,0,0,5,8,0,23,42,35,75,50,100,100,280,225,332,160,287,120,91,60,47,25,252,200
89040151,1,31845.0,7,174,4.0,12.0,120,0,51,0,0,0,7,0,62,42,35,75,50,100,100,280,225,332,160,287,120,91,60,47,25,252,200
89040152,0,40779.0,2,58,,10.0,36,1,27,0,0,0,0,0,8,42,35,66,50,100,100,277,206,354,160,327,120,92,60,48,25,250,200
89040152,1,5567.0,0,0,,0.0,2,0,2,0,0,0,0,0,0,42,35,66,50,100,100,277,206,354,160,327,120,92,60,48,25,250,200
89040153,0,4740.0,0,0,,0.0,87,0,0,0,0,0,0,0,87,42,35,70,50,100,100,293,250,328,160,310,120,105,60,49,25,250,200
89040153,1,3889.0,1,9,0.0,0.0,42,11,0,0,0,26,0,0,5,42,35,70,50,100,100,293,250,328,160,310,120,105,60,49,25,250,200
89040154,0,29803.0,7,203,11.0,0.0,136,35,29,0,0,5,5,0,62,42,31,70,50,100,100,278,1,324,160,324,120,97,60,45,25,251,200
89040154,1,27254.0,7,203,11.0,0.0,117,34,31,0,0,4,5,0,43,42,31,70,50,100,100,278,1,324,160,324,120,97,60,45,25,251,200
89040155,0,27222.0,10,289,13.0,0.0,94,6,49,0,0,4,6,0,29,42,35,70,50,101,100,279,99,332,160,331,120,98,60,50,25,248,200
89040155,1,10557.0,4,59,0.0,0.0,166,36,86,0,0,0,0,0,44,42,35,70,50,101,100,279,99,332,160,331,120,98,60,50,25,248,200
89040156,0,91814.0,12,238,10.0,18.0,21,11,10,0,0,0,0,0,0,42,35,67,50,100,55,277,129,287,160,292,120,94,60,56,22,245,200
89040156,1,79426.0,8,240,0.0,12.0,186,50,35,0,0,69,0,0,32,42,35,67,50,100,55,277,129,287,160,292,120,94,60,56,22,245,200
89040157,0,36940.0,10,296,0.0,11.0,217,85,18,0,0,5,18,0,91,41,26,73,50,100,100,278,13,320,160,322,120,88,60,39,22,251,200
89040157,1,33502.0,7,203,11.0,11.0,129,37,27,0,0,3,4,0,58,41,26,73,50,100,100,278,13,320,160,322,120,88,60,39,22,251,200
89040158,0,25660.0,6,168,,0.0,126,2,36,0,0,0,0,0,88,42,35,70,50,100,100,281,13,311,160,295,120,95,60,44,25,252,200
89040158,1,26431.0,8,208,11.0,0.0,122,32,35,0,0,18,15,0,22,42,35,70,50,100,100,281,13,311,160,295,120,95,60,44,25,252,200
89040159,0,2300.0,0,0,,0.0,30,30,0,0,0,0,0,0,0,42,35,68,50,100,100,293,250,354,160,294,120,101,60,50,25,252,200
89040159,1,3000.0,0,0,,0.0,0,0,0,0,0,0,0,0,0,42,35,68,50,100,100,293,250,354,160,294,120,101,60,50,25,252,200
89040160,0,41763.0,8,200,0.0,14.0,282,8,61,0,0,23,5,0,185,42,32,71,50,100,100,280,243,336,160,280,120,82,60,49,24,253,200
89040160,1,4699.0,4,100,10.0,0.0,77,0,0,0,0,0,77,0,0,42,32,71,50,100,100,280,243,336,160,280,120,82,60,49,24,253,200
89040161,0,4507.0,0,0,,0.0,92,0,0,0,0,0,0,0,92,42,35,68,50,100,100,293,250,354,160,318,120,109,60,49,24,250,200
89040161,1,2883.0,1,27,,0.0,7,0,0,0,0,0,0,0,7,42,35,68,50,100,100,293,250,354,160,318,120,109,60,49,24,250,200
89040162,0,131.0,2,40,0.0,0.0,89,0,0,0,0,0,89,0,0,42,35,74,50,100,100,293,250,340,160,308,120,97,60,53,25,247,200
89040162,1,3000.0,0,0,,0.0,0,0,0,0,0,0,0,0,0,42,35,74,50,100,100,293,250,340,160,308,120,97,60,53,25,247,200
89040163,0,97188.0,15,290,10.0,17.0,94,11,23,0,0,0,0,0,60,41,29,73,50,100,11,277,70,274,160,287,120,88,60,60,25,244,200
89040163,1,98718.0,10,273,9.0,11.0,112,7,24,0,0,49,0,0,32,41,29,73,50,100,11,277,70,274,160,287,120,88,60,60,25,244,200
89040607,0,1910.0,5,150,0.0,0.0,4,0,4,0,0,0,0,0,0,41,28,74,50,100,100,293,250,336,160,301,120,96,60,50,25,253,200
89040607,1,5944.0,0,0,,0.0,110,110,0,0,0,0,0,0,0,41,28,74,50,100,100,293,250,336,160,301,120,96,60,50,25,253,200
89040608,0,40352.0,7,181,11.0,10.0,76,30,11,0,0,5,3,0,27,41,35,71,50,100,83,289,250,340,160,302,120,81,60,48,25,253,200
89040608,1,4644.0,4,100,10.0,0.0,74,0,0,0,0,0,74,0,0,41,35,71,50,100,83,289,250,340,160,302,120,81,60,48,25,253,200
89040609,0,39046.0,7,203,11.0,11.0,130,38,26,0,0,5,6,0,55,41,33,77,50,100,100,278,1,332,160,317,120,96,60,48,25,248,200
89040609,1,19183.0,7,174,4.0,0.0,125,0,47,0,0,0,7,0,71,41,33,77,50,100,100,278,1,332,160,317,120,96,60,48,25,248,200
89040610,0,46200.0,7,203,11.0,11.0,125,36,29,0,0,5,5,0,50,41,32,71,50,100,73,278,214,310,160,310,120,86,60,50,25,251,200
89040610,1,37958.0,1,2,,14.0,0,0,0,0,0,0,0,0,0,41,32,71,50,100,73,278,214,310,160,310,120,86,60,50,25,251,200
89040611,0,24454.0,2,58,,0.0,34,1,29,0,0,0,0,0,4,42,35,69,50,100,100,277,1,332,160,286,120,103,60,45,25,250,200
89040611,1,22546.0,6,168,,0.0,131,0,32,0,0,0,0,0,99,42,35,69,50,100,100,277,1,332,160,286,120,103,60,45,25,250,200
89040614,0,136954.0,13,326,0.0,11.0,109,21,37,0,0,51,0,0,0,42,27,74,50,100,45,278,4,305,160,251,120,96,60,53,21,235,196
89040614,1,40397.0,8,240,0.0,12.0,198,3,19,0,0,62,23,0,91,42,27,74,50,100,45,278,4,305,160,251,120,96,60,53,21,235,196
89040615,0,6082.0,0,0,,0.0,113,113,0,0,0,0,0,0,0,41,30,69,50,100,100,293,250,351,160,320,120,94,60,50,25,248,200
89040615,1,3374.0,1,9,0.0,0.0,52,11,0,0,0,36,0,0,5,41,30,69,50,100,100,293,250,351,160,320,120,94,60,50,25,248,200
89040617,0,3842.0,4,72,3.0,0.0,442,53,0,0,0,8,381,0,0,42,32,70,50,100,100,293,250,332,160,319,120,89,60,49,25,252,200
89040617,1,3000.0,0,0,,0.0,0,0,0,0,0,0,0,0,0,42,32,70,50,100,100,293,250,332,160,319,120,89,60,49,25,252,200
89040619,0,3038.0,2,46,0.0,0.0,97,0,0,0,0,0,97,0,0,42,35,76,50,100,100,293,250,320,160,324,120,85,60,51,25,250,200
89040619,1,3000.0,0,0,,0.0,0,0,0,0,0,0,0,0,0,42,35,76,50,100,100,293,250,320,160,324,120,85,60,51,25,250,200
89040620,0,57419.0,14,190,10.0,10.0,152,71,25,0,0,29,15,0,12,41,31,69,50,100,100,278,1,328,160,291,120,95,60,41,22,252,200
89040620,1,18871.0,8,240,0.0,0.0,299,71,29,0,0,49,0,0,150,41,31,69,50,100,100,278,1,328,160,291,120,95,60,41,22,252,200
89041065,0,48182.0,9,165,0.0,13.0,95,18,64,0,0,0,4,0,9,42,35,75,50,100,100,281,158,320,160,314,120,106,60,51,25,247,200
89041065,1,1783.0,5,150,0.0,0.0,4,0,4,0,0,0,0,0,0,42,35,75,50,100,100,281,158,320,160,314,120,106,60,51,25,247,200
89041066,0,39555.0,7,209,,7.0,107,36,8,0,0,0,0,0,63,41,31,63,50,100,42,281,245,351,160,327,120,93,60,48,25,246,200
89041066,1,41464.0,7,179,12.0,11.0,82,30,11,0,0,5,6,0,30,41,31,63,50,100,42,281,245,351,160,327,120,93,60,48,25,246,200
89041068,0,18089.0,7,174,4.0,0.0,140,0,45,0,0,0,6,0,89,42,35,64,50,100,100,277,13,351,160,304,120,103,60,42,25,250,200
89041068,1,27217.0,10,197,11.0,0.0,284,127,59,0,0,0,0,0,98,42,35,64,50,100,100,277,13,351,160,304,120,103,60,42,25,250,200
89041070,0,31050.0,2,58,,10.0,47,1,19,0,0,0,0,0,27,41,34,75,50,100,100,277,179,347,160,311,120,103,60,48,25,248,200
89041070,1,23975.0,7,177,12.0,0.0,92,37,9,0,0,5,8,0,33,41,34,75,50,100,100,277,179,347,160,311,120,103,60,48,25,248,200
89041071,0,23690.0,9,175,0.0,0.0,130,46,31,0,0,4,10,0,39,42,35,65,50,101,100,279,46,328,160,302,120,104,60,47,25,252,200
89041071,1,28070.0,10,289,12.0,0.0,97,6,49,0,0,4,6,0,32,42,35,65,50,101,100,279,46,328,160,302,120,104,60,47,25,252,200
89041072,0,24207.0,8,208,11.0,0.0,119,28,36,0,0,16,14,0,25,42,30,70,50,100,100,278,13,324,160,304,120,100,60,46,23,253,200
89041072,1,35124.0,7,203,11.0,11.0,129,34,29,0,0,5,5,0,56,42,30,70,50,100,100,278,13,324,160,304,120,100,60,46,23,253,200
89041073,0,35466.0,1,2,,13.0,0,0,0,0,0,0,0,0,0,42,35,67,50,100,73,286,240,295,160,308,120,101,60,53,25,250,200
89041073,1,14513.0,4,56,0.0,0.0,127,18,91,0,0,0,0,0,18,42,35,67,50,100,73,286,240,295,160,308,120,101,60,53,25,250,200
89041075,0,28784.0,12,290,0.0,0.0,149,32,26,0,0,12,5,0,74,42,35,65,50,100,98,278,104,332,160,289,120,97,60,45,23,253,200
89041075,1,20925.0,9,166,0.0,0.0,113,45,26,0,0,3,8,0,31,42,35,65,50,100,98,278,104,332,160,289,120,97,60,45,23,253,200
89041076,0,51201.0,6,137,12.0,13.0,56,3,29,0,0,5,0,0,19,42,35,66,50,100,69,280,246,336,160,288,120,93,60,51,25,248,200
89041076,1,23325.0,7,174,9.0,0.0,119,38,9,0,0,21,20,0,31,42,35,66,50,100,69,280,246,336,160,288,120,93,60,51,25,248,200
89041077,0,22183.0,6,171,0.0,0.0,225,0,28,0,0,0,0,0,197,42,33,73,50,100,100,278,13,332,160,303,120,92,60,29,21,251,200
89041077,1,35409.0,7,203,11.0,11.0,129,34,29,0,0,5,5,0,56,42,33,73,50,100,100,278,13,332,160,303,120,92,60,29,21,251,200
89041078,0,48677.0,12,187,10.0,10.0,238,38,29,0,0,6,0,0,165,42,32,70,50,100,60,278,1,334,160,293,120,101,60,47,25,246,200
89041078,1,55641.0,10,276,9.0,11.0,169,16,23,0,0,38,14,0,78,42,32,70,50,100,60,278,1,334,160,293,120,101,60,47,25,246,200
89041530,0,44478.0,7,203,,13.0,89,26,32,0,0,4,6,0,21,42,32,76,50,100,83,281,173,329,160,313,120,91,60,48,25,246,200
89041530,1,34551.0,7,181,11.0,9.0,84,35,7,0,0,6,7,0,29,42,32,76,50,100,83,281,173,329,160,313,120,91,60,48,25,246,200
89041531,0,1910.0,5,150,0.0,0.0,4,0,4,0,0,0,0,0,0,42,35,67,50,100,100,293,250,354,160,304,120,98,60,50,25,253,200
89041531,1,3912.0,2,60,,0.0,9,0,0,0,0,0,9,0,0,42,35,67,50,100,100,293,250,354,160,304,120,98,60,50,25,253,200
89041533,0,3751.0,2,60,,0.0,9,0,0,0,0,0,9,0,0,41,35,73,50,100,100,284,248,354,160,318,120,84,60,47,25,250,200
89041533,1,40452.0,7,174,4.0,12.0,131,0,51,0,0,0,6,0,74,41,35,73,50,100,100,284,248,354,160,318,120,84,60,47,25,250,200
89041535,0,21196.0,10,288,,0.0,66,6,27,0,0,4,6,0,23,41,33,66,50,101,100,278,1,354,160,314,120,92,60,47,23,252,200
89041535,1,27388.0,7,203,,0.0,86,27,32,0,0,3,5,0,19,41,33,66,50,101,100,278,1,354,160,314,120,92,60,47,23,252,200
89041536,0,46501.0,7,143,12.0,13.0,58,6,29,0,0,5,0,0,18,42,32,71,50,100,68,280,106,341,160,314,120,100,60,53,24,243,200
89041536,1,40610.0,8,200,0.0,14.0,289,8,66,0,0,25,5,0,185,42,32,71,50,100,68,280,106,341,160,314,120,100,60,53,24,243,200
89041537,0,66522.0,8,240,0.0,23.0,173,27,29,0,0,67,0,0,50,41,31,70,50,100,40,278,28,295,160,300,120,104,60,54,22,247,200
89041537,1,92500.0,13,357,11.0,11.0,65,17,23,0,0,2,4,0,19,41,31,70,50,100,40,278,28,295,160,300,120,104,60,54,22,247,200
89041538,0,51169.0,8,240,0.0,12.0,182,2,19,0,0,80,5,0,76,41,27,73,50,100,44,278,4,323,160,274,120,95,60,55,22,239,200
89041538,1,145307.0,13,326,0.0,11.0,108,21,37,0,0,50,0,0,0,41,27,73,50,100,44,278,4,323,160,274,120,95,60,55,22,239,200
89041539,0,19100.0,9,264,0.0,0.0,111,0,34,0,0,0,0,0,77,42,27,57,50,100,20,278,1,303,160,253,120,103,60,59,25,245,200
89041539,1,126173.0,13,324,0.0,11.0,105,21,38,0,0,46,0,0,0,42,27,57,50,100,20,278,1,303,160,253,120,103,60,59,25,245,200
89041540,0,29024.0,5,116,15.0,0.0,96,32,11,0,0,3,7,0,43,41,31,74,50,100,86,280,238,328,160,303,120,93,60,49,25,251,200
89041540,1,33837.0,4,99,12.0,12.0,47,2,26,0,0,5,0,0,14,41,31,74,50,100,86,280,238,328,160,303,120,93,60,49,25,251,200
89041541,0,16538.0,7,141,10.0,0.0,137,120,17,0,0,0,0,0,0,40,23,69,50,100,100,280,213,347,160,301,120,98,60,50,25,253,200
89041541,1,14101.0,5,66,0.0,0.0,180,32,96,0,0,0,0,0,52,40,23,69,50,100,100,280,213,347,160,301,120,98,60,50,25,253,200
89041986,0,20531.0,7,203,,0.0,86,27,32,0,0,3,5,0,19,42,35,68,50,100,100,277,1,347,160,300,120,103,60,49,25,250,200
89041986,1,46529.0,8,167,0.0,10.0,185,0,52,0,0,132,0,0,1,42,35,68,50,100,100,277,1,347,160,300,120,103,60,49,25,250,200
89041987,0,51335.0,6,168,,13.0,73,0,68,0,0,0,0,0,5,42,35,75,50,100,100,281,133,340,160,311,120,96,60,52,25,246,200
89041987,1,3000.0,0,0,,0.0,0,0,0,0,0,0,0,0,0,42,35,75,50,100,100,281,133,340,160,311,120,96,60,52,25,246,200
89041988,0,2713.0,0,0,,0.0,30,30,0,0,0,0,0,0,0,42,35,70,50,100,100,293,250,354,160,301,120,98,60,49,25,250,200
89041988,1,3000.0,0,0,,0.0,0,0,0,0,0,0,0,0,0,42,35,70,50,100,100,293,250,354,160,301,120,98,60,49,25,250,200
89041989,0,46183.0,8,208,0.0,14.0,477,8,213,0,0,31,154,0,71,42,31,67,50,100,83,280,122,340,160,295,120,105,60,50,25,248,200
89041989,1,36753.0,7,181,11.0,10.0,84,37,9,0,0,3,7,0,28,42,31,67,50,100,83,280,122,340,160,295,120,105,60,50,25,248,200
89041990,0,38049.0,1,2,,13.0,0,0,0,0,0,0,0,0,0,41,35,70,50,100,73,277,1,310,160,311,120,114,60,54,25,250,200
89041990,1,33819.0,8,192,0.0,10.0,299,180,119,0,0,0,0,0,0,41,35,70,50,100,73,277,1,310,160,311,120,114,60,54,25,250,200
89041991,0,15595.0,7,174,4.0,0.0,136,0,52,0,0,0,6,0,78,39,25,74,50,100,100,281,1,336,160,308,120,94,60,39,22,253,200
89041991,1,24700.0,10,241,0.0,0.0,372,137,113,0,0,0,0,0,122,39,25,74,50,100,100,281,1,336,160,308,120,94,60,39,22,253,200
89041992,0,21370.0,7,203,,0.0,85,26,32,0,0,3,5,0,19,42,35,66,50,100,100,277,13,365,160,316,120,96,60,48,25,247,200
89041992,1,27436.0,2,58,,0.0,34,1,28,0,0,0,0,0,5,42,35,66,50,100,100,277,13,365,160,316,120,96,60,48,25,247,200
89041993,0,85787.0,12,237,10.0,16.0,60,17,26,0,0,0,0,0,17,42,32,71,50,100,15,277,91,253,160,304,120,100,60,61,25,228,82
89041993,1,90697.0,10,272,9.0,11.0,132,7,19,0,0,49,7,0,50,42,32,71,50,100,15,277,91,253,160,304,120,100,60,61,25,228,82
89041994,0,108333.0,12,239,10.0,16.0,67,19,24,0,0,0,0,0,24,42,35,65,50,100,13,277,91,256,160,285,120,92,60,57,25,244,200
89041994,1,81048.0,10,273,9.0,11.0,155,22,23,0,0,33,20,0,57,42,35,65,50,100,13,277,91,256,160,285,120,92,60,57,25,244,200
89041995,0,6259.0,0,0,,0.0,2,0,2,0,0,0,0,0,0,42,35,68,50,100,100,293,250,354,160,321,120,94,60,49,25,250,200
89041995,1,3348.0,0,0,,0.0,16,0,0,0,0,0,0,0,16,42,35,68,50,100,100,293,250,354,160,321,120,94,60,49,25,250,200
89041996,0,21911.0,13,327,11.0,0.0,84,24,25,0,0,2,2,0,31,41,35,68,50,100,71,278,1,335,160,286,120,96,60,48,24,250,200
89041996,1,43861.0,10,186,10.0,10.0,224,100,34,0,0,11,0,0,79,41,35,68,50,100,71,278,1,335,160,286,120,96,60,48,24,250,200
89041997,0,12230.0,12,287,0.0,0.0,119,24,26,0,0,12,5,0,52,41,32,67,50,100,97,278,13,358,160,297,120,93,60,48,23,253,200
89041997,1,32050.0,8,216,0.0,14.0,309,8,61,0,0,50,5,0,185,41,32,67,50,100,97,278,13,358,160,297,120,93,60,48,23,253,200
89041998,0,2691.0,0,0,,0.0,30,30,0,0,0,0,0,0,0,42,31,67,50,100,100,293,250,354,160,299,120,91,60,49,25,252,200
89041998,1,2610.0,4,72,3.0,0.0,442,56,0,0,0,8,378,0,0,42,31,67,50,100,100,293,250,354,160,299,120,91,60,49,25,252,200
89042439,0,5658.0,5,132,0.0,0.0,152,7,145,0,0,0,0,0,0,41,35,74,50,100,100,277,1,351,160,336,120,94,60,51,25,248,200
89042439,1,11204.0,8,192,0.0,0.0,315,203,112,0,0,0,0,0,0,41,35,74,50,100,100,277,1,351,160,336,120,94,60,51,25,248,200
89042440,0,43746.0,8,164,0.0,10.0,186,0,51,0,0,134,0,0,1,41,26,71,50,100,100,277,120,361,160,304,120,92,60,46,22,246,200
89042440,1,38064.0,10,296,0.0,11.0,200,76,18,0,0,5,18,0,83,41,26,71,50,100,100,277,120,361,160,304,120,92,60,46,22,246,200
89042444,0,38429.0,1,2,,14.0,0,0,0,0,0,0,0,0,0,41,35,71,50,100,73,281,219,314,160,313,120,92,60,51,25,252,200
89042444,1,49146.0,7,203,,13.0,86,27,32,0,0,3,5,0,19,41,35,71,50,100,73,281,219,314,160,313,120,92,60,51,25,252,200
89042445,0,22356.0,2,58,,0.0,34,1,28,0,0,0,0,0,5,42,33,66,50,100,100,277,1,354,160,299,120,101,60,45,24,250,200
89042445,1,28201.0,7,203,11.0,0.0,128,34,29,0,0,5,5,0,55,42,33,66,50,100,100,277,1,354,160,299,120,101,60,45,24,250,200
89042447,0,20780.0,7,157,10.0,0.0,132,113,17,0,0,0,0,0,2,41,22,70,50,100,100,280,183,336,160,274,120,96,60,49,24,252,200
89042447,1,27975.0,10,202,0.0,0.0,480,8,162,0,0,33,92,0,185,41,22,70,50,100,100,280,183,336,160,274,120,96,60,49,24,252,200
89042448,0,2900.0,1,9,0.0,0.0,56,14,0,0,0,36,0,0,6,42,35,71,50,100,100,293,250,336,160,317,120,103,60,51,25,246,200
89042448,1,2300.0,0,0,,0.0,30,30,0,0,0,0,0,0,0,42,35,71,50,100,100,293,250,336,160,317,120,103,60,51,25,246,200
89042450,0,8070.0,9,222,14.0,0.0,75,8,37,0,0,0,0,0,30,42,35,66,50,100,100,280,13,347,160,303,120,90,60,46,23,251,200
89042450,1,23860.0,7,203,,0.0,86,27,32,0,0,3,5,0,19,42,35,66,50,100,100,280,13,347,160,303,120,90,60,46,23,251,200
89042451,0,29708.0,7,203,11.0,0.0,125,36,29,0,0,5,5,0,50,42,33,67,50,100,100,278,1,320,160,299,120,90,60,45,23,253,200
89042451,1,22111.0,9,222,11.0,0.0,85,13,37,0,0,0,0,0,35,42,33,67,50,100,100,278,1,320,160,299,120,90,60,45,23,253,200
89042452,0,29770.0,7,203,11.0,0.0,129,34,29,0,0,5,5,0,56,42,31,68,50,100,100,278,1,344,160,308,120,110,60,47,25,247,200
89042452,1,29770.0,7,203,11.0,0.0,129,34,29,0,0,5,5,0,56,42,31,68,50,100,100,278,1,344,160,308,120,110,60,47,25,247,200
89042453,0,34585.0,7,203,11.0,11.0,125,36,29,0,0,5,5,0,50,42,35,68,50,100,100,278,1,325,160,299,120,105,60,47,25,246,200
89042453,1,44107.0,9,194,7.0,14.0,169,68,22,0,0,0,0,0,79,42,35,68,50,100,100,278,1,325,160,299,120,105,60,47,25,246,200
89042902,0,29836.0,5,129,0.0,0.0,150,5,145,0,0,0,0,0,0,42,32,62,50,100,59,278,7,328,160,294,120,109,60,50,25,250,200
89042902,1,40804.0,7,209,,7.0,107,36,8,0,0,0,0,0,63,42,32,62,50,100,59,278,7,328,160,294,120,109,60,50,25,250,200
89042904,0,47232.0,8,165,0.0,10.0,198,0,51,0,0,146,0,0,1,42,35,75,50,100,100,277,1,340,160,281,120,99,60,47,22,247,200
89042904,1,46339.0,8,240,0.0,12.0,210,6,19,0,0,44,30,0,111,42,35,75,50,100,100,277,1,340,160,281,120,99,60,47,22,247,200
89042905,0,16305.0,4,56,0.0,0.0,139,26,90,0,0,0,0,0,23,42,35,68,50,100,100,285,240,347,160,327,120,103,60,49,25,252,200
89042905,1,3000.0,0,0,,0.0,0,0,0,0,0,0,0,0,0,42,35,68,50,100,100,285,240,347,160,327,120,103,60,49,25,252,200
89042907,0,54789.0,10,194,11.0,11.0,277,132,52,0,0,0,0,0,93,41,35,67,50,100,73,277,48,305,160,321,120,107,60,50,25,253,200
89042907,1,36446.0,1,2,,14.0,0,0,0,0,0,0,0,0,0,41,35,67,50,100,73,277,48,305,160,321,120,107,60,50,25,253,200
89042909,0,36448.0,7,203,11.0,11.0,130,34,28,0,0,5,5,0,58,42,32,74,50,100,100,278,91,324,160,316,120,96,60,47,25,248,200
89042909,1,21250.0,2,58,,0.0,57,8,11,0,0,0,0,0,38,42,32,74,50,100,100,278,91,324,160,316,120,96,60,47,25,248,200
89042910,0,36013.0,7,174,4.0,12.0,125,0,53,0,0,0,8,0,64,42,35,66,50,100,100,287,250,344,160,314,120,104,60,49,25,250,200
89042910,1,3000.0,0,0,,0.0,0,0,0,0,0,0,0,0,0,42,35,66,50,100,100,287,250,344,160,314,120,104,60,49,25,250,200
89042912,0,3375.0,0,0,,0.0,15,0,0,0,0,0,0,0,15,42,35,66,50,100,100,293,250,344,160,297,120,114,60,49,25,251,200
89042912,1,1943.0,1,9,0.0,0.0,54,12,0,0,0,36,0,0,6,42,35,66,50,100,100,293,250,344,160,297,120,114,60,49,25,251,200
89042914,0,27425.0,6,168,,0.0,130,0,32,0,0,0,0,0,98,42,35,73,50,100,100,281,25,324,160,324,120,95,60,45,25,250,200
89042914,1,31931.0,8,210,11.0,13.0,139,44,32,0,0,13,14,0,36,42,35,73,50,100,100,281,25,324,160,324,120,95,60,45,25,250,200
89042915,0,95529.0,10,270,9.0,11.0,138,9,27,0,0,48,3,0,51,42,32,76,50,100,21,277,169,266,160,275,120,88,60,58,25,247,200
89042915,1,46590.0,12,238,10.0,18.0,21,11,10,0,0,0,0,0,0,42,32,76,50,100,21,277,169,266,160,275,120,88,60,58,25,247,200
89043360,0,22953.0,10,238,0.0,0.0,378,143,112,0,0,0,0,0,123,38,19,69,50,100,100,281,1,354,160,331,120,85,60,30,21,246,200
89043360,1,25341.0,10,252,0.0,0.0,310,159,25,0,0,6,31,0,89,38,19,69,50,100,100,281,1,354,160,331,120,85,60,30,21,246,200
89043361,0,37874.0,6,168,,13.0,111,0,45,0,0,0,0,0,66,42,35,66,50,100,100,278,179,368,160,321,120,107,60,48,25,247,200
89043361,1,0.0,11,37,0.0,,14,0,13,0,0,0,0,0,1,42,35,66,50,100,100,278,179,368,160,321,120,107,60,48,25,247,200
89043362,0,62288.0,12,276,0.0,13.0,283,0,123,0,0,19,9,0,132,42,35,67,50,100,100,281,113,324,160,289,120,97,60,40,22,253,200
89043362,1,3183.0,0,0,,0.0,15,0,0,0,0,0,0,0,15,42,35,67,50,100,100,281,113,324,160,289,120,97,60,40,22,253,200
89043364,0,39921.0,8,164,0.0,10.0,174,0,37,0,0,136,0,0,1,41,29,76,50,100,100,277,51,340,160,256,120,92,60,45,23,250,200
89043364,1,36443.0,9,241,0.0,11.0,223,61,25,0,0,3,21,0,113,41,29,76,50,100,100,277,51,340,160,256,120,92,60,45,23,250,200
89043366,0,39830.0,8,149,10.0,21.0,66,5,26,0,0,5,0,0,30,42,35,68,50,100,51,280,248,315,160,279,120,93,60,50,25,249,200
89043366,1,37608.0,7,183,10.0,10.0,78,30,10,0,0,5,8,0,25,42,35,68,50,100,51,280,248,315,160,279,120,93,60,50,25,249,200
89043367,0,3000.0,0,0,,0.0,0,0,0,0,0,0,0,0,0,42,35,66,50,100,100,293,250,361,160,324,120,109,60,50,25,248,200
89043367,1,3000.0,0,0,,0.0,0,0,0,0,0,0,0,0,0,42,35,66,50,100,100,293,250,361,160,324,120,109,60,50,25,248,200
89043368,0,26158.0,7,203,11.0,0.0,124,35,31,0,0,5,6,0,47,42,35,69,50,100,100,277,1,336,160,310,120,105,60,47,25,251,200
89043368,1,25407.0,2,58,,0.0,49,1,19,0,0,0,0,0,29,42,35,69,50,100,100,277,1,336,160,310,120,105,60,47,25,251,200
89043369,0,130.0,10,132,0.0,0.0,38,4,24,0,0,1,9,0,0,41,35,75,50,100,100,281,226,347,160,320,120,98,60,52,25,250,200
89043369,1,3000.0,0,0,,0.0,0,0,0,0,0,0,0,0,0,41,35,75,50,100,100,281,226,347,160,320,120,98,60,52,25,250,200
89043370,0,2557.0,4,72,3.0,0.0,531,45,0,0,0,106,380,0,0,41,31,73,50,100,100,293,250,351,160,313,120,96,60,53,25,248,200
89043370,1,2684.0,0,0,,0.0,30,30,0,0,0,0,0,0,0,41,31,73,50,100,100,293,250,351,160,313,120,96,60,53,25,248,200
89043371,0,45826.0,7,174,4.0,12.0,125,0,47,0,0,0,7,0,71,42,35,71,50,100,100,284,238,340,160,327,120,100,60,49,25,246,200
89043371,1,3332.0,0,0,,0.0,15,0,0,0,0,0,0,0,15,42,35,71,50,100,100,284,238,340,160,327,120,100,60,49,25,246,200
89043372,0,132186.0,13,325,0.0,11.0,106,21,37,0,0,48,0,0,0,42,25,71,50,100,45,278,1,267,160,264,120,94,60,54,23,246,200
89043372,1,51071.0,8,240,0.0,12.0,166,28,21,0,0,64,0,0,53,42,25,71,50,100,45,278,1,267,160,264,120,94,60,54,23,246,200
89043373,0,30367.0,9,224,13.0,11.0,85,11,37,0,0,0,0,0,37,42,35,64,50,100,83,279,48,367,160,327,120,105,60,50,25,244,200
89043373,1,32084.0,5,115,12.0,12.0,52,3,27,0,0,5,0,0,17,42,35,64,50,100,83,279,48,367,160,327,120,105,60,50,25,244,200
89043374,0,6549.0,0,0,,0.0,113,113,0,0,0,0,0,0,0,42,33,70,50,100,100,287,240,347,160,301,120,105,60,50,25,247,200
89043374,1,13357.0,5,66,0.0,0.0,420,22,313,0,0,0,0,0,85,42,33,70,50,100,100,287,240,347,160,301,120,105,60,50,25,247,200
89043846,0,27659.0,12,276,0.0,0.0,246,0,106,0,0,17,7,0,116,42,35,73,50,100,100,281,13,332,160,265,120,102,60,45,22,248,200
89043846,1,37179.0,11,253,0.0,13.0,107,23,29,0,0,31,4,0,20,42,35,73,50,100,100,281,13,332,160,265,120,102,60,45,22,248,200
89043848,0,55190.0,6,171,13.0,13.0,236,0,35,0,0,0,0,0,201,42,35,69,50,100,100,281,150,354,160,324,120,104,60,46,23,248,200
89043848,1,4018.0,2,60,,0.0,9,0,0,0,0,0,9,0,0,42,35,69,50,100,100,281,150,354,160,324,120,104,60,46,23,248,200
89043849,0,39288.0,10,255,0.0,12.0,329,184,21,0,0,5,33,0,86,40,31,66,50,100,100,281,76,347,160,290,120,90,60,39,22,250,200
89043849,1,37568.0,11,247,0.0,13.0,111,22,31,0,0,38,4,0,16,40,31,66,50,100,100,281,76,347,160,290,120,90,60,39,22,250,200
89043850,0,42943.0,8,167,0.0,10.0,201,0,53,0,0,146,0,0,2,41,35,69,50,100,100,277,1,333,160,291,120,90,60,46,25,250,200
89043850,1,41681.0,12,226,7.0,14.0,233,102,42,0,0,0,0,0,89,41,35,69,50,100,100,277,1,333,160,291,120,90,60,46,25,250,200
89043851,0,6062.0,0,0,,0.0,3,0,3,0,0,0,0,0,0,42,35,73,50,100,100,291,250,358,160,314,120,105,60,52,25,246,200
89043851,1,0.0,12,76,0.0,,25,0,13,0,0,0,0,0,12,42,35,73,50,100,100,291,250,358,160,314,120,105,60,52,25,246,200
89043853,0,3000.0,0,0,,0.0,0,0,0,0,0,0,0,0,0,42,35,74,50,100,100,293,250,332,160,324,120,96,60,52,25,248,200
89043853,1,3000.0,0,0,,0.0,0,0,0,0,0,0,0,0,0,42,35,74,50,100,100,293,250,332,160,324,120,96,60,52,25,248,200
89043854,0,6214.0,0,0,,0.0,2,0,2,0,0,0,0,0,0,42,35,76,50,100,83,287,250,329,160,308,120,93,60,50,25,246,200
89043854,1,43956.0,7,181,11.0,11.0,76,24,13,0,0,4,8,0,27,42,35,76,50,100,83,287,250,329,160,308,120,93,60,50,25,246,200
89043855,0,22948.0,7,177,12.0,0.0,91,40,8,0,0,4,7,0,32,42,34,68,50,100,100,280,226,347,160,302,120,93,60,42,23,252,200
89043855,1,31443.0,7,174,4.0,12.0,131,0,50,0,0,0,6,0,75,42,34,68,50,100,100,280,226,347,160,302,120,93,60,42,23,252,200
89043856,0,6259.0,0,0,,0.0,2,0,2,0,0,0,0,0,0,42,35,73,50,100,100,293,250,328,160,308,120,96,60,49,25,251,200
89043856,1,2716.0,0,0,,0.0,30,30,0,0,0,0,0,0,0,42,35,73,50,100,100,293,250,328,160,308,120,96,60,49,25,251,200
89043858,0,50858.0,9,243,0.0,11.0,220,64,25,0,0,3,22,0,106,41,32,73,50,100,100,278,48,329,160,325,120,98,60,46,25,247,200
89043858,1,41363.0,9,193,7.0,14.0,181,89,28,0,0,0,0,0,64,41,32,73,50,100,100,278,48,329,160,325,120,98,60,46,25,247,200
89043859,0,50213.0,12,182,10.0,10.0,173,5,35,0,0,18,0,0,115,41,32,77,50,100,73,278,1,344,160,305,120,100,60,50,25,242,200
89043859,1,21611.0,13,329,11.0,0.0,84,28,25,0,0,2,2,0,27,41,32,77,50,100,73,278,1,344,160,305,120,100,60,50,25,242,200
89044345,0,38222.0,7,203,11.0,11.0,120,36,29,0,0,5,5,0,45,38,21,73,50,100,100,278,25,347,160,308,120,99,60,42,23,246,200
89044345,1,32030.0,10,252,0.0,10.0,319,145,26,0,0,5,31,0,112,38,21,73,50,100,100,278,25,347,160,308,120,99,60,42,23,246,200
89044346,0,24430.0,7,203,,0.0,86,27,32,0,0,3,5,0,19,42,35,62,50,100,66,278,13,325,160,317,120,98,60,55,25,244,200
89044346,1,70193.0,12,307,11.0,18.0,73,28,26,0,0,12,5,0,2,42,35,62,50,100,66,278,13,325,160,317,120,98,60,55,25,244,200
89044348,0,30667.0,6,171,13.0,13.0,171,0,35,0,0,0,0,0,136,42,35,70,50,100,100,281,13,358,160,319,120,94,60,42,23,248,200
89044348,1,24286.0,7,203,,0.0,86,27,32,0,0,3,5,0,19,42,35,70,50,100,100,281,13,358,160,319,120,94,60,42,23,248,200
89044349,0,6.0,12,84,0.0,0.0,28,0,13,0,0,0,0,0,15,42,33,68,50,100,100,292,250,347,160,314,120,109,60,52,25,248,200
89044349,1,6428.0,0,0,,0.0,113,113,0,0,0,0,0,0,0,42,33,68,50,100,100,292,250,347,160,314,120,109,60,52,25,248,200
89044350,0,98889.0,13,317,0.0,19.0,85,21,35,0,0,29,0,0,0,42,27,73,50,100,44,277,1,305,160,270,120,107,60,58,25,242,200
89044350,1,26126.0,8,161,0.0,0.0,186,0,62,0,0,122,0,0,2,42,27,73,50,100,44,277,1,305,160,270,120,107,60,58,25,242,200
89044351,0,6551.0,0,0,,0.0,110,110,0,0,0,0,0,0,0,41,30,70,50,100,100,278,140,336,160,314,120,88,60,49,25,252,200
89044351,1,38541.0,5,124,0.0,11.0,141,5,136,0,0,0,0,0,0,41,30,70,50,100,100,278,140,336,160,314,120,88,60,49,25,252,200
89044352,0,3380.0,0,0,,0.0,15,0,0,0,0,0,0,0,15,42,35,70,50,100,100,293,250,351,160,336,120,96,60,50,25,247,200
89044352,1,3000.0,0,0,,0.0,0,0,0,0,0,0,0,0,0,42,35,70,50,100,100,293,250,351,160,336,120,96,60,50,25,247,200
89044353,0,3000.0,0,0,,0.0,0,0,0,0,0,0,0,0,0,42,35,73,50,100,100,293,250,340,160,327,120,111,60,53,25,248,200
89044353,1,6099.0,0,0,,0.0,3,0,3,0,0,0,0,0,0,42,35,73,50,100,100,293,250,340,160,327,120,111,60,53,25,248,200
89044354,0,33395.0,7,181,11.0,9.0,92,42,5,0,0,4,6,0,35,41,33,68,50,100,83,281,76,348,160,298,120,98,60,48,25,251,200
89044354,1,44571.0,6,168,,13.0,73,0,70,0,0,0,0,0,3,41,33,68,50,100,83,281,76,348,160,298,120,98,60,48,25,251,200
89044357,0,71458.0,10,271,9.0,11.0,144,12,24,0,0,34,23,0,51,42,35,66,50,100,59,277,1,310,160,238,120,102,60,52,25,250,200
89044357,1,26163.0,8,167,0.0,0.0,201,0,64,0,0,136,0,0,1,42,35,66,50,100,59,277,1,310,160,238,120,102,60,52,25,250,200
89044358,0,18778.0,7,210,,0.0,144,90,20,0,0,0,0,0,34,38,24,73,50,100,100,277,1,361,160,314,120,101,60,50,25,248,200
89044358,1,15506.0,8,192,0.0,0.0,309,197,112,0,0,0,0,0,0,38,24,73,50,100,100,277,1,361,160,314,120,101,60,50,25,248,200
89044835,0,62297.0,12,305,11.0,18.0,78,28,26,0,0,4,5,0,15,40,32,61,50,100,62,278,13,331,160,306,120,90,60,51,23,251,200
89044835,1,41522.0,9,244,0.0,11.0,214,61,26,0,0,4,20,0,103,40,32,61,50,100,62,278,13,331,160,306,120,90,60,51,23,251,200
89044836,0,31320.0,10,254,0.0,13.0,317,157,25,0,0,6,31,0,98,40,25,73,50,100,100,278,13,332,160,330,120,91,60,40,23,246,200
89044836,1,39078.0,7,203,11.0,11.0,129,34,29,0,0,5,5,0,56,40,25,73,50,100,100,278,13,332,160,330,120,91,60,40,23,246,200
89044837,0,29728.0,6,168,,0.0,124,32,32,0,0,0,0,0,60,42,35,68,50,100,100,281,13,328,160,301,120,91,60,40,22,251,200
89044837,1,28181.0,12,276,0.0,0.0,232,0,68,0,0,17,7,0,140,42,35,68,50,100,100,281,13,328,160,301,120,91,60,40,22,251,200
89044838,0,29528.0,10,254,14.0,0.0,160,51,18,0,0,7,13,0,71,41,32,71,50,100,100,281,13,358,160,330,120,93,60,38,23,246,200
89044838,1,41578.0,6,171,13.0,13.0,153,0,35,0,0,0,0,0,118,41,32,71,50,100,100,281,13,358,160,330,120,93,60,38,23,246,200
89044840,0,40727.0,8,167,0.0,10.0,197,0,52,0,0,144,0,0,1,41,35,75,50,100,100,277,13,317,160,270,120,88,60,47,25,251,200
89044840,1,37506.0,12,220,7.0,14.0,237,106,41,0,0,0,0,0,90,41,35,75,50,100,100,277,13,317,160,270,120,88,60,47,25,251,200
89044841,0,27376.0,8,208,11.0,0.0,128,31,35,0,0,18,15,0,29,42,35,73,50,100,100,281,13,328,160,299,120,99,60,46,25,252,200
89044841,1,25608.0,6,168,,0.0,127,0,34,0,0,0,0,0,93,42,35,73,50,100,100,281,13,328,160,299,120,99,60,46,25,252,200
89044844,0,4318.0,0,0,,0.0,91,0,0,0,0,0,0,0,91,42,35,71,50,100,100,293,250,324,160,301,120,92,60,46,24,252,200
89044844,1,3000.0,0,0,,0.0,0,0,0,0,0,0,0,0,0,42,35,71,50,100,100,293,250,324,160,301,120,92,60,46,24,252,200
89044845,0,107812.0,12,239,10.0,16.0,67,16,23,0,0,0,0,0,28,42,29,67,50,100,14,277,60,279,160,272,120,101,60,59,25,234,189
89044845,1,87744.0,10,274,9.0,11.0,136,12,22,0,0,37,20,0,45,42,29,67,50,100,14,277,60,279,160,272,120,101,60,59,25,234,189
89044847,0,30103.0,7,203,11.0,11.0,124,34,29,0,0,5,5,0,51,42,32,68,50,100,100,278,1,336,160,282,120,97,60,41,21,252,200
89044847,1,58277.0,8,240,0.0,12.0,185,21,19,0,0,83,5,0,57,42,32,68,50,100,100,278,1,336,160,282,120,97,60,41,21,252,200
89045322,0,31252.0,7,203,11.0,11.0,118,33,32,0,0,3,4,0,46,41,35,64,50,100,100,277,1,354,160,319,120,109,60,45,25,250,200
89045322,1,19028.0,10,190,11.0,0.0,256,114,55,0,0,0,0,0,87,41,35,64,50,100,100,277,1,354,160,319,120,109,60,45,25,250,200
89045323,0,5449.0,0,0,,0.0,2,0,2,0,0,0,0,0,0,42,32,74,50,100,100,278,195,332,160,319,120,96,60,46,24,248,200
89045323,1,46802.0,7,203,11.0,11.0,124,35,27,0,0,3,4,0,55,42,32,74,50,100,100,278,195,332,160,319,120,96,60,46,24,248,200
89045325,0,27950.0,10,290,11.0,0.0,153,37,27,0,0,4,5,0,80,42,35,74,50,100,100,278,13,344,160,306,120,88,60,40,25,247,200
89045325,1,24423.0,6,171,13.0,0.0,153,0,35,0,0,0,0,0,118,42,35,74,50,100,100,278,13,344,160,306,120,88,60,40,25,247,200
89045326,0,35419.0,8,164,0.0,10.0,190,0,60,0,0,130,0,0,0,42,35,73,50,100,51,277,40,286,160,288,120,102,60,54,25,247,200
89045326,1,64240.0,13,350,11.0,11.0,75,20,25,0,0,2,2,0,26,42,35,73,50,100,51,277,40,286,160,288,120,102,60,54,25,247,200
89045327,0,16505.0,5,134,0.0,0.0,145,7,138,0,0,0,0,0,0,41,35,68,50,100,100,278,1,347,160,314,120,88,60,40,22,250,200
89045327,1,12558.0,10,246,0.0,0.0,378,143,112,0,0,0,0,0,123,41,35,68,50,100,100,278,1,347,160,314,120,88,60,40,22,250,200
89045330,0,71508.0,15,298,9.0,17.0,88,14,25,0,0,0,0,0,49,42,29,75,50,100,11,277,101,226,93,284,120,91,60,58,25,246,200
89045330,1,67110.0,10,273,9.0,11.0,149,9,21,0,0,43,15,0,61,42,29,75,50,100,11,277,101,226,93,284,120,91,60,58,25,246,200
89045331,0,28173.0,10,290,11.0,0.0,151,36,27,0,0,4,5,0,79,41,27,71,50,100,100,278,13,354,160,307,120,97,60,41,23,246,200
89045331,1,36532.0,9,235,0.0,11.0,223,68,17,0,0,4,20,0,114,41,27,71,50,100,100,278,13,354,160,307,120,97,60,41,23,246,200
89045332,0,37666.0,9,264,0.0,11.0,94,0,38,0,0,0,0,0,56,42,35,58,50,100,71,278,1,334,160,273,120,105,60,53,25,245,200
89045332,1,65626.0,8,240,0.0,12.0,158,46,19,0,0,76,0,0,17,42,35,58,50,100,71,278,1,334,160,273,120,105,60,53,25,245,200
89045334,0,2853.0,1,27,,0.0,9,0,0,0,0,0,0,0,9,42,35,77,50,100,100,293,250,324,160,318,120,92,60,51,25,247,200
89045334,1,3000.0,0,0,,0.0,0,0,0,0,0,0,0,0,0,42,35,77,50,100,100,293,250,324,160,318,120,92,60,51,25,247,200
89045335,0,69658.0,10,277,9.0,17.0,155,20,19,0,0,49,10,0,57,42,32,73,50,100,61,278,1,316,160,273,120,88,60,47,25,252,200
89045335,1,49533.0,12,186,10.0,10.0,197,7,31,0,0,14,0,0,145,42,32,73,50,100,61,278,1,316,160,273,120,88,60,47,25,252,200
89045336,0,61569.0,8,240,0.0,12.0,171,27,19,0,0,76,0,0,49,42,32,64,50,100,69,278,13,305,160,269,120,105,60,54,24,247,200
89045336,1,69296.0,12,307,11.0,18.0,65,17,26,0,0,14,7,0,1,42,32,64,50,100,69,278,13,305,160,269,120,105,60,54,24,247,200
89045813,0,25369.0,10,243,4.0,0.0,85,0,45,0,0,2,23,0,15,42,32,75,50,100,100,280,1,324,160,295,120,86,60,50,24,247,200
89045813,1,42739.0,8,200,0.0,14.0,328,8,108,0,0,22,5,0,185,42,32,75,50,100,100,280,1,324,160,295,120,86,60,50,24,247,200
89045816,0,5766.0,0,0,,0.0,3,0,3,0,0,0,0,0,0,40,32,70,50,100,100,281,104,351,160,318,120,114,60,47,25,248,200
89045816,1,50253.0,10,244,0.0,13.0,384,143,117,0,0,0,0,0,124,40,32,70,50,100,100,281,104,351,160,318,120,114,60,47,25,248,200
89045817,0,42286.0,12,285,17.0,17.0,59,22,26,0,0,3,0,0,8,42,35,67,50,100,62,278,1,312,160,307,120,92,60,52,25,246,200
89045817,1,56662.0,11,183,10.0,10.0,182,20,34,0,0,19,0,0,109,42,35,67,50,100,62,278,1,312,160,307,120,92,60,52,25,246,200
89045818,0,45642.0,10,254,0.0,13.0,317,175,22,0,0,6,31,0,83,40,28,63,50,100,73,280,188,340,160,329,120,91,60,45,23,248,200
89045818,1,36460.0,6,138,12.0,13.0,60,6,29,0,0,5,0,0,20,40,28,63,50,100,73,280,188,340,160,329,120,91,60,45,23,248,200
89045820,0,24774.0,6,171,13.0,0.0,171,0,35,0,0,0,0,0,136,42,35,68,50,100,100,278,1,320,160,296,120,103,60,40,22,251,200
89045820,1,30573.0,7,203,11.0,11.0,129,34,29,0,0,5,5,0,56,42,35,68,50,100,100,278,1,320,160,296,120,103,60,40,22,251,200
89045821,0,22294.0,10,290,11.0,0.0,148,37,27,0,0,4,5,0,75,41,32,70,50,100,100,277,1,347,160,294,120,90,60,46,24,253,200
89045821,1,25782.0,8,163,0.0,0.0,200,0,59,0,0,140,0,0,1,41,32,70,50,100,100,277,1,347,160,294,120,90,60,46,24,253,200
89045822,0,17874.0,5,130,0.0,0.0,155,5,150,0,0,0,0,0,0,42,35,76,50,100,100,278,1,336,160,299,120,96,60,50,25,250,200
89045822,1,23025.0,7,203,,0.0,86,27,32,0,0,3,5,0,19,42,35,76,50,100,100,278,1,336,160,299,120,96,60,50,25,250,200
89045823,0,29799.0,6,168,,0.0,110,0,43,0,0,0,0,0,67,42,32,66,50,100,100,280,13,340,160,316,120,98,60,47,24,251,200
89045823,1,28344.0,8,200,0.0,0.0,280,8,60,0,0,22,5,0,185,42,32,66,50,100,100,280,13,340,160,316,120,98,60,47,24,251,200
89045825,0,30996.0,7,203,,13.0,86,27,32,0,0,3,5,0,19,40,25,77,50,100,100,278,13,336,160,310,120,96,60,48,25,250,200
89045825,1,28200.0,7,210,,0.0,144,90,20,0,0,0,0,0,34,40,25,77,50,100,100,278,13,336,160,310,120,96,60,48,25,250,200
89045826,0,1037.0,5,102,,0.0,139,131,0,0,0,0,8,0,0,42,35,76,50,100,100,293,250,336,160,294,120,95,60,51,25,250,200
89045826,1,3000.0,0,0,,0.0,0,0,0,0,0,0,0,0,0,42,35,76,50,100,100,293,250,336,160,294,120,95,60,51,25,250,200
89046308,0,0.0,0,0,0.0,,1,0,0,0,0,0,1,0,0,42,35,71,50,100,100,283,171,332,160,314,120,95,60,48,25,252,200
89046308,1,49880.0,9,165,0.0,13.0,92,19,63,0,0,0,3,0,7,42,35,71,50,100,100,283,171,332,160,314,120,95,60,48,25,252,200
89046309,0,15979.0,8,192,0.0,0.0,308,196,112,0,0,0,0,0,0,41,35,67,50,100,100,277,1,347,160,332,120,103,60,48,25,251,200
89046309,1,17858.0,7,203,11.0,0.0,124,34,28,0,0,3,7,0,52,41,35,67,50,100,100,277,1,347,160,332,120,103,60,48,25,251,200
89046311,0,19758.0,4,56,0.0,0.0,110,19,84,0,0,0,0,0,7,42,35,68,50,100,100,280,1,340,160,317,120,91,60,50,25,250,200
89046311,1,29983.0,10,243,4.0,0.0,87,0,46,0,0,2,23,0,16,42,35,68,50,100,100,280,1,340,160,317,120,91,60,50,25,250,200
89046312,0,55307.0,12,238,10.0,18.0,21,11,10,0,0,0,0,0,0,42,35,57,50,100,48,277,165,294,160,331,120,96,60,60,25,238,181
89046312,1,67828.0,12,305,11.0,18.0,83,27,26,0,0,12,5,0,13,42,35,57,50,100,48,277,165,294,160,331,120,96,60,60,25,238,181
89046314,0,3365.0,0,0,,0.0,15,0,0,0,0,0,0,0,15,42,35,73,50,100,100,293,250,354,160,327,120,88,60,49,25,248,200
89046314,1,6099.0,0,0,,0.0,3,0,3,0,0,0,0,0,0,42,35,73,50,100,100,293,250,354,160,327,120,88,60,49,25,248,200
89046315,0,52979.0,12,276,0.0,13.0,257,0,77,0,0,41,8,0,131,42,35,67,50,100,100,281,13,340,160,302,120,99,60,39,22,247,200
89046315,1,21461.0,5,113,16.0,0.0,87,27,10,0,0,3,10,0,37,42,35,67,50,100,100,281,13,340,160,302,120,99,60,39,22,247,200
89046318,0,4998.0,5,132,0.0,0.0,156,7,149,0,0,0,0,0,0,41,35,65,50,100,100,277,1,361,160,314,120,94,60,48,25,251,200
89046318,1,12474.0,8,192,0.0,0.0,306,210,96,0,0,0,0,0,0,41,35,65,50,100,100,277,1,361,160,314,120,94,60,48,25,251,200
89046319,0,29389.0,7,203,11.0,0.0,123,32,27,0,0,5,5,0,54,41,28,77,50,100,100,278,1,328,160,308,120,93,60,44,25,251,200
89046319,1,19499.0,12,335,11.0,0.0,167,34,26,0,0,4,4,0,99,41,28,77,50,100,100,278,1,328,160,308,120,93,60,44,25,251,200
89046321,0,30205.0,6,171,0.0,13.0,221,0,28,0,0,0,0,0,193,42,32,68,50,100,100,280,13,358,160,316,120,89,60,33,21,251,200
89046321,1,28022.0,10,224,0.0,0.0,305,8,69,0,0,38,5,0,185,42,32,68,50,100,100,280,13,358,160,316,120,89,60,33,21,251,200
89046802,0,32145.0,10,254,14.0,13.0,155,41,21,0,0,5,13,0,75,40,28,70,50,100,100,278,13,347,160,314,120,91,60,41,23,251,200
89046802,1,37437.0,7,203,11.0,11.0,122,35,30,0,0,5,5,0,47,40,28,70,50,100,100,278,13,347,160,314,120,91,60,41,23,251,200
89046803,0,20731.0,7,203,,0.0,86,27,32,0,0,3,5,0,19,42,33,68,50,100,100,278,1,332,160,318,120,95,60,45,23,251,200
89046803,1,33227.0,7,203,11.0,11.0,116,33,32,0,0,3,4,0,44,42,33,68,50,100,100,278,1,332,160,318,120,95,60,45,23,251,200
89046804,0,30791.0,5,114,16.0,8.0,96,32,12,0,0,2,8,0,42,41,32,69,50,100,100,281,167,368,160,321,120,87,60,47,25,250,200
89046804,1,37786.0,10,243,4.0,14.0,85,0,49,0,0,2,21,0,13,41,32,69,50,100,100,281,167,368,160,321,120,87,60,47,25,250,200
89046805,0,30302.0,10,290,11.0,11.0,153,37,27,0,0,4,5,0,80,42,31,68,50,100,100,278,1,347,160,301,120,99,60,43,25,250,200
89046805,1,23408.0,7,203,11.0,0.0,125,37,27,0,0,3,4,0,54,42,31,68,50,100,100,278,1,347,160,301,120,99,60,43,25,250,200
89046806,0,46688.0,12,302,12.0,12.0,86,21,26,0,0,3,5,0,31,42,32,64,50,100,48,278,13,276,160,287,120,84,60,55,25,247,200
89046806,1,87164.0,10,278,9.0,11.0,151,7,27,0,0,40,12,0,65,42,32,64,50,100,48,278,13,276,160,287,120,84,60,55,25,247,200
89046813,0,72279.0,8,240,0.0,12.0,186,3,30,0,0,79,0,0,74,41,30,71,50,100,100,278,86,347,160,286,120,92,57,38,21,251,200
89046813,1,32057.0,9,244,0.0,11.0,232,75,14,0,0,5,21,0,117,41,30,71,50,100,100,278,86,347,160,286,120,92,57,38,21,251,200
89046814,0,5085.0,4,102,9.0,0.0,73,0,0,0,0,0,73,0,0,42,35,66,50,100,100,293,250,328,160,306,120,81,51,48,25,251,200
89046814,1,15689.0,7,174,9.0,0.0,128,45,9,0,0,22,21,0,31,42,35,66,50,100,100,293,250,328,160,306,120,81,51,48,25,251,200
89046815,0,13800.0,4,108,15.0,0.0,286,0,98,0,0,188,0,0,0,42,35,73,50,100,100,289,250,344,160,300,120,105,60,52,25,246,200
89046815,1,3000.0,0,0,,0.0,0,0,0,0,0,0,0,0,0,42,35,73,50,100,100,289,250,344,160,300,120,105,60,52,25,246,200
89047289,0,54491.0,10,195,11.0,11.0,280,122,52,0,0,0,0,0,106,42,35,64,50,100,100,277,48,347,160,324,120,104,60,44,25,251,200
89047289,1,15.0,0,0,0.0,0.0,3,0,0,0,0,0,3,0,0,42,35,64,50,100,100,277,48,347,160,324,120,104,60,44,25,251,200
89047290,0,41566.0,10,295,0.0,11.0,195,65,17,0,0,5,16,0,92,38,19,69,50,100,100,278,215,320,160,295,120,81,53,39,23,253,200
89047290,1,62234.0,9,240,9.0,13.0,214,104,17,0,0,5,16,0,72,38,19,69,50,100,100,278,215,320,160,295,120,81,53,39,23,253,200
89047291,0,36555.0,11,298,6.0,13.0,354,240,34,0,0,16,3,0,61,42,30,71,50,100,100,280,1,332,160,308,120,92,60,46,23,248,200
89047291,1,32501.0,10,244,0.0,14.0,333,8,86,0,0,49,5,0,185,42,30,71,50,100,100,280,1,332,160,308,120,92,60,46,23,248,200
89047292,0,23015.0,7,203,11.0,0.0,129,34,29,0,0,5,5,0,56,41,28,75,50,100,100,278,1,347,160,318,120,86,60,43,23,247,200
89047292,1,30733.0,10,290,11.0,11.0,152,37,27,0,0,4,5,0,79,41,28,75,50,100,100,278,1,347,160,318,120,86,60,43,23,247,200
89047293,0,48124.0,10,243,4.0,13.0,91,0,49,0,0,2,27,0,13,42,31,67,50,100,100,285,235,332,160,293,120,99,60,49,25,253,200
89047293,1,6570.0,0,0,,0.0,110,110,0,0,0,0,0,0,0,42,31,67,50,100,100,285,235,332,160,293,120,99,60,49,25,253,200
89047295,0,305.0,0,0,0.0,0.0,6,4,0,0,0,0,2,0,0,41,32,69,50,100,100,280,243,358,160,313,120,103,60,52,24,250,200
89047295,1,44088.0,8,200,0.0,14.0,282,8,61,0,0,23,5,0,185,41,32,69,50,100,100,280,243,358,160,313,120,103,60,52,24,250,200
89047296,0,37797.0,12,285,12.0,12.0,85,21,26,0,0,3,0,0,35,42,32,66,50,100,53,278,13,283,160,264,120,94,60,57,25,250,200
89047296,1,91795.0,10,276,9.0,11.0,139,8,23,0,0,38,16,0,54,42,32,66,50,100,53,278,13,283,160,264,120,94,60,57,25,250,200
89047297,0,6050.0,0,0,,0.0,3,0,3,0,0,0,0,0,0,42,35,67,50,100,100,287,250,332,160,298,120,106,60,48,24,250,200
89047297,1,30926.0,7,177,12.0,11.0,82,28,12,0,0,5,7,0,30,42,35,67,50,100,100,287,250,332,160,298,120,106,60,48,24,250,200
89047298,0,30671.0,12,276,0.0,13.0,236,0,69,0,0,41,7,0,119,42,35,64,50,100,100,281,13,354,160,312,120,102,60,41,22,248,200
89047298,1,29792.0,7,203,,0.0,86,27,32,0,0,3,5,0,19,42,35,64,50,100,100,281,13,354,160,312,120,102,60,41,22,248,200
89047299,0,26989.0,7,203,11.0,0.0,124,34,29,0,0,5,5,0,51,41,29,74,50,100,100,278,1,340,160,305,120,105,60,48,25,248,200
89047299,1,30000.0,7,203,11.0,11.0,125,37,27,0,0,3,4,0,54,41,29,74,50,100,100,278,1,340,160,305,120,105,60,48,25,248,200
89047300,0,25106.0,6,171,13.0,0.0,153,0,35,0,0,0,0,0,118,41,32,66,50,100,100,278,1,358,160,310,120,103,60,40,22,253,200
89047300,1,30094.0,7,203,11.0,11.0,125,36,29,0,0,5,5,0,50,41,32,66,50,100,100,278,1,358,160,310,120,103,60,40,22,253,200
89047301,0,25462.0,10,252,0.0,0.0,304,148,26,0,0,6,30,0,94,39,25,73,50,100,100,280,1,328,160,280,120,80,60,40,22,253,200
89047301,1,36661.0,10,224,0.0,14.0,317,8,84,0,0,36,5,0,184,39,25,73,50,100,100,280,1,328,160,280,120,80,60,40,22,253,200
89047302,0,33285.0,7,203,11.0,11.0,125,34,29,0,0,5,5,0,52,42,33,60,50,100,68,278,10,336,160,310,120,94,60,49,22,247,200
89047302,1,34740.0,9,239,0.0,11.0,82,0,36,0,0,0,0,0,46,42,33,60,50,100,68,278,10,336,160,310,120,94,60,49,22,247,200
89047303,0,51970.0,8,168,0.0,22.0,197,0,54,0,0,142,0,0,1,42,35,67,50,100,58,277,156,297,160,283,120,94,60,54,25,249,200
89047303,1,57838.0,12,238,10.0,18.0,21,11,10,0,0,0,0,0,0,42,35,67,50,100,58,277,156,297,160,283,120,94,60,54,25,249,200
89047304,0,3000.0,0,0,,0.0,0,0,0,0,0,0,0,0,0,42,35,65,50,100,100,293,250,354,160,318,120,105,60,49,25,252,200
89047304,1,3000.0,0,0,,0.0,0,0,0,0,0,0,0,0,0,42,35,65,50,100,100,293,250,354,160,318,120,105,60,49,25,252,200
89047305,0,80037.0,10,273,9.0,11.0,154,20,22,0,0,28,27,0,57,42,29,69,50,100,13,277,76,277,160,278,120,97,60,60,25,228,144
89047305,1,99946.0,12,238,10.0,16.0,62,17,23,0,0,0,0,0,22,42,29,69,50,100,13,277,76,277,160,278,120,97,60,60,25,228,144
89047377,0,66023.0,12,215,8.0,12.0,152,0,24,0,0,13,0,0,115,42,35,75,50,100,100,278,19,224,97,307,120,96,60,52,25,250,200
89047377,1,66912.0,12,213,8.0,12.0,153,0,24,0,0,13,0,0,116,42,35,75,50,100,100,278,19,224,97,307,120,96,60,52,25,250,200
89047819,0,110764.0,13,218,10.0,17.0,128,5,17,0,0,10,0,0,96,42,35,65,50,100,83,278,184,281,160,302,120,111,60,55,25,245,200
89047819,1,35853.0,5,121,12.0,12.0,49,1,27,0,0,6,0,0,15,42,35,65,50,100,83,278,184,281,160,302,120,111,60,55,25,245,200
89047823,0,40.0,0,0,0.0,0.0,3,0,0,0,0,0,3,0,0,42,35,69,50,100,100,277,1,315,160,301,120,102,60,49,25,252,200
89047823,1,33938.0,8,192,0.0,10.0,315,203,112,0,0,0,0,0,0,42,35,69,50,100,100,277,1,315,160,301,120,102,60,49,25,252,200
89047824,0,40264.0,10,243,4.0,13.0,90,0,44,0,0,2,26,0,18,42,35,58,46,100,59,278,204,347,160,323,120,94,60,49,25,246,200
89047824,1,40749.0,7,209,,7.0,107,36,8,0,0,0,0,0,63,42,35,58,46,100,59,278,204,347,160,323,120,94,60,49,25,246,200
89047825,0,17057.0,10,190,11.0,0.0,250,113,56,0,0,0,0,0,81,41,31,67,50,100,100,277,1,351,160,329,120,92,60,44,25,252,200
89047825,1,30665.0,7,203,11.0,11.0,112,32,32,0,0,3,4,0,41,41,31,67,50,100,100,277,1,351,160,329,120,92,60,44,25,252,200
89047826,0,675.0,5,88,19.0,0.0,122,114,0,0,0,0,8,0,0,42,35,70,50,100,100,293,250,344,160,321,120,107,60,51,25,248,200
89047826,1,331.0,0,0,0.0,0.0,6,4,0,0,0,0,2,0,0,42,35,70,50,100,100,293,250,344,160,321,120,107,60,51,25,248,200
89047828,0,16645.0,13,273,0.0,0.0,119,21,36,0,0,62,0,0,0,42,28,68,50,100,59,278,1,301,160,297,120,95,60,57,25,242,200
89047828,1,51399.0,12,307,15.0,20.0,69,18,27,0,0,3,7,0,14,42,28,68,50,100,59,278,1,301,160,297,120,95,60,57,25,242,200
89047833,0,34567.0,9,244,0.0,11.0,230,76,13,0,0,4,21,0,116,42,30,73,50,100,100,277,106,340,160,297,120,87,57,43,22,246,200
89047833,1,51545.0,8,173,0.0,11.0,197,0,51,0,0,146,0,0,0,42,30,73,50,100,100,277,106,340,160,297,120,87,57,43,22,246,200
89047834,0,40781.0,7,209,,7.0,107,36,8,0,0,0,0,0,63,42,32,63,50,100,59,278,158,340,160,313,120,94,60,49,25,248,200
89047834,1,44323.0,7,203,,13.0,86,27,32,0,0,3,5,0,19,42,32,63,50,100,59,278,158,340,160,313,120,94,60,49,25,248,200
89047835,0,4564.0,0,0,,0.0,91,0,0,0,0,0,0,0,91,42,35,68,50,100,100,280,240,351,160,301,120,96,60,48,24,248,200
89047835,1,23878.0,5,66,0.0,0.0,137,28,91,0,0,0,0,0,18,42,35,68,50,100,100,280,240,351,160,301,120,96,60,48,24,248,200
89048376,0,103043.0,14,219,11.0,17.0,126,82,17,0,0,12,0,0,15,42,35,68,50,100,100,278,48,265,160,284,120,103,60,44,23,252,200
89048376,1,41263.0,6,171,0.0,13.0,221,0,28,0,0,0,0,0,193,42,35,68,50,100,100,278,48,265,160,284,120,103,60,44,23,252,200
89048380,0,29295.0,7,203,11.0,0.0,128,34,29,0,0,5,5,0,55,41,29,68,50,100,100,278,1,351,160,297,120,99,60,46,25,250,200
89048380,1,29275.0,7,203,11.0,0.0,129,34,29,0,0,5,5,0,56,41,29,68,50,100,100,278,1,351,160,297,120,99,60,46,25,250,200
89048381,0,3336.0,0,0,,0.0,15,0,0,0,0,0,0,0,15,42,35,68,50,100,100,293,250,365,160,321,120,102,60,50,25,250,200
89048381,1,6.0,0,0,0.0,0.0,3,0,0,0,0,0,3,0,0,42,35,68,50,100,100,293,250,365,160,321,120,102,60,50,25,250,200
89048382,0,40644.0,7,209,,7.0,107,36,8,0,0,0,0,0,63,41,32,61,50,100,59,278,158,340,160,326,120,107,60,48,25,250,200
89048382,1,40006.0,7,203,11.0,11.0,119,34,32,0,0,3,4,0,46,41,32,61,50,100,59,278,158,340,160,326,120,107,60,48,25,250,200
89048384,0,43095.0,10,243,4.0,13.0,91,0,49,0,0,2,27,0,13,42,34,76,50,100,100,280,184,324,160,317,120,88,60,48,25,246,200
89048384,1,23862.0,7,177,12.0,0.0,92,37,7,0,0,5,5,0,38,42,34,76,50,100,100,280,184,324,160,317,120,88,60,48,25,246,200
89048385,0,530.0,0,0,0.0,0.0,6,4,0,0,0,0,2,0,0,42,35,68,50,100,100,293,250,344,160,314,120,87,60,47,25,251,200
89048385,1,3000.0,0,0,,0.0,0,0,0,0,0,0,0,0,0,42,35,68,50,100,100,293,250,344,160,314,120,87,60,47,25,251,200
89048387,0,30759.0,7,203,,13.0,86,27,32,0,0,3,5,0,19,42,35,69,50,100,100,281,13,336,160,291,120,107,60,43,22,250,200
89048387,1,31024.0,12,276,0.0,13.0,230,0,71,0,0,17,7,0,135,42,35,69,50,100,100,281,13,336,160,291,120,107,60,43,22,250,200
89048388,0,3000.0,0,0,,0.0,0,0,0,0,0,0,0,0,0,42,35,67,50,100,100,293,250,344,160,311,120,114,60,52,25,250,200
89048388,1,6099.0,0,0,,0.0,3,0,3,0,0,0,0,0,0,42,35,67,50,100,100,293,250,344,160,311,120,114,60,52,25,250,200
89048390,0,2715.0,0,0,,0.0,30,30,0,0,0,0,0,0,0,42,35,69,50,100,100,293,250,351,160,318,120,109,60,50,25,250,200
89048390,1,6099.0,0,0,,0.0,3,0,3,0,0,0,0,0,0,42,35,69,50,100,100,293,250,351,160,318,120,109,60,50,25,250,200
89048391,0,38910.0,9,264,0.0,11.0,91,0,38,0,0,0,0,0,53,42,28,58,50,100,70,278,1,346,160,279,120,107,60,52,25,250,200
89048391,1,58672.0,8,240,0.0,12.0,170,25,21,0,0,78,0,0,46,42,28,58,50,100,70,278,1,346,160,279,120,107,60,52,25,250,200
89048392,0,49581.0,12,306,11.0,19.0,81,23,26,0,0,3,5,0,24,42,35,61,50,100,25,278,94,281,160,308,120,99,60,61,25,234,185
89048392,1,86445.0,13,355,11.0,11.0,63,17,22,0,0,2,4,0,18,42,35,61,50,100,25,278,94,281,160,308,120,99,60,61,25,234,185
89048878,0,41065.0,11,298,6.0,12.0,220,110,28,0,0,18,2,0,62,41,35,73,50,100,100,278,178,245,147,299,120,110,60,51,25,250,200
89048878,1,82134.0,12,217,11.0,13.0,132,4,17,0,0,12,0,0,99,41,35,73,50,100,100,278,178,245,147,299,120,110,60,51,25,250,200
89048882,0,40049.0,7,209,,7.0,107,36,8,0,0,0,0,0,63,41,29,61,46,100,59,278,158,328,160,292,120,105,60,47,24,253,200
89048882,1,39200.0,7,203,11.0,11.0,115,33,32,0,0,3,4,0,43,41,29,61,46,100,59,278,158,328,160,292,120,105,60,47,24,253,200
89048883,0,32427.0,7,210,,9.0,144,90,20,0,0,0,0,0,34,42,29,77,50,100,100,278,89,324,160,313,120,91,60,49,25,246,200
89048883,1,31634.0,10,243,4.0,13.0,91,0,50,0,0,2,23,0,16,42,29,77,50,100,100,278,89,324,160,313,120,91,60,49,25,246,200
89048885,0,51735.0,12,297,18.0,21.0,55,14,26,0,0,5,0,0,10,42,32,64,50,100,69,280,13,328,160,273,120,109,60,52,22,246,200
89048885,1,65154.0,8,240,0.0,12.0,174,26,27,0,0,74,0,0,47,42,32,64,50,100,69,280,13,328,160,273,120,109,60,52,22,246,200
89048886,0,3824.0,4,100,10.0,0.0,78,0,0,0,0,0,78,0,0,42,35,70,50,100,100,293,250,344,160,311,120,77,46,50,25,250,200
89048886,1,33.0,0,0,0.0,0.0,3,0,0,0,0,0,3,0,0,42,35,70,50,100,100,293,250,344,160,311,120,77,46,50,25,250,200
89048887,0,1868.0,2,46,0.0,0.0,101,0,0,0,0,0,101,0,0,42,35,73,50,100,100,293,250,332,160,324,120,81,51,51,25,248,200
89048887,1,509.0,0,0,0.0,0.0,6,4,0,0,0,0,2,0,0,42,35,73,50,100,100,293,250,332,160,324,120,81,51,51,25,248,200
89048888,0,6009.0,0,0,,0.0,3,0,3,0,0,0,0,0,0,42,35,66,50,100,100,280,237,347,160,314,120,92,60,48,25,251,200
89048888,1,20941.0,5,66,0.0,0.0,153,30,103,0,0,0,0,0,20,42,35,66,50,100,100,280,237,347,160,314,120,92,60,48,25,251,200
89048891,0,79209.0,12,239,10.0,16.0,65,23,25,0,0,0,0,0,17,42,35,73,50,100,11,277,96,242,160,285,120,95,60,60,25,227,82
89048891,1,75780.0,10,276,9.0,11.0,160,17,22,0,0,33,21,0,67,42,35,73,50,100,11,277,96,242,160,285,120,95,60,60,25,227,82
89048892,0,18131.0,7,174,9.0,0.0,107,37,9,0,0,20,18,0,23,41,31,74,50,100,100,292,250,347,160,289,120,88,60,49,25,248,200
89048892,1,4634.0,4,72,3.0,0.0,452,66,0,0,0,10,376,0,0,41,31,74,50,100,100,292,250,347,160,289,120,88,60,49,25,248,200
89048893,0,37887.0,9,239,0.0,11.0,83,0,36,0,0,0,0,0,47,41,35,57,50,100,74,278,13,350,160,282,120,98,60,49,21,252,200
89048893,1,63954.0,8,240,0.0,12.0,175,19,19,0,0,76,3,0,58,41,35,57,50,100,74,278,13,350,160,282,120,98,60,49,21,252,200
89049369,0,94703.0,12,204,11.0,17.0,107,0,21,0,0,13,0,0,73,42,32,68,50,100,100,278,1,259,160,295,120,90,60,50,25,253,200
89049369,1,32776.0,7,203,11.0,11.0,123,34,29,0,0,5,5,0,50,42,32,68,50,100,100,278,1,259,160,295,120,90,60,50,25,253,200
89049372,0,84351.0,12,197,9.0,18.0,106,0,26,0,0,28,0,0,52,41,32,65,50,100,100,281,206,265,141,314,120,102,60,50,25,250,200
89049372,1,61046.0,9,241,8.0,13.0,220,116,16,0,0,5,20,0,63,41,32,65,50,100,100,281,206,265,141,314,120,102,60,50,25,250,200
89049374,0,21884.0,6,168,,0.0,131,0,32,0,0,0,0,0,99,41,33,68,50,100,100,278,1,365,160,316,120,99,60,43,25,251,200
89049374,1,29071.0,7,203,11.0,0.0,118,32,32,0,0,3,4,0,47,41,33,68,50,100,100,278,1,365,160,316,120,99,60,43,25,251,200
89049376,0,58038.0,12,307,15.0,20.0,68,20,27,0,0,3,5,0,13,41,27,62,50,100,62,278,65,311,160,325,120,99,60,55,25,251,200
89049376,1,0.0,13,99,0.0,,75,21,18,0,0,36,0,0,0,41,27,62,50,100,62,278,65,311,160,325,120,99,60,55,25,251,200
89049377,0,41069.0,10,199,0.0,14.0,324,8,102,0,0,24,5,0,185,41,32,68,50,100,100,280,1,368,160,313,120,88,60,50,24,250,200
89049377,1,21950.0,10,243,4.0,0.0,88,0,49,0,0,2,21,0,16,41,32,68,50,100,100,280,1,368,160,313,120,88,60,50,24,250,200
89049378,0,64.0,0,0,0.0,0.0,3,0,0,0,0,0,3,0,0,42,35,73,50,100,100,293,250,344,160,314,120,113,60,52,25,248,200
89049378,1,3398.0,0,0,,0.0,15,0,0,0,0,0,0,0,15,42,35,73,50,100,100,293,250,344,160,314,120,113,60,52,25,248,200
89049384,0,92553.0,13,355,11.0,11.0,64,19,21,0,0,3,4,0,17,41,32,67,50,100,32,278,91,274,160,311,120,96,60,61,25,244,200
89049384,1,46638.0,12,292,11.0,18.0,83,25,26,0,0,3,0,0,29,41,32,67,50,100,32,278,91,274,160,311,120,96,60,61,25,244,200
89049385,0,58874.0,12,182,10.0,10.0,168,9,32,0,0,25,0,0,102,42,35,60,50,100,73,278,1,346,160,298,120,101,60,51,25,249,200
89049385,1,42011.0,12,283,17.0,17.0,64,21,26,0,0,3,1,0,13,42,35,60,50,100,73,278,1,346,160,298,120,101,60,51,25,249,200
89049866,0,59457.0,9,241,8.0,13.0,222,110,16,0,0,4,20,0,72,39,29,70,50,100,100,281,169,293,139,329,120,99,60,49,25,248,200
89049866,1,55557.0,9,194,7.0,16.0,174,79,27,0,0,0,0,0,68,39,29,70,50,100,100,281,169,293,139,329,120,99,60,49,25,248,200
89049867,0,34675.0,8,240,0.0,12.0,211,36,20,0,0,27,74,0,54,42,35,69,50,100,100,278,1,340,160,243,120,75,60,38,21,253,200
89049867,1,45400.0,10,261,10.0,11.0,241,0,32,0,0,68,0,0,141,42,35,69,50,100,100,278,1,340,160,243,120,75,60,38,21,253,200
89049868,0,0.0,4,41,0.0,,78,0,36,0,0,0,0,0,42,42,35,68,50,136,100,282,216,347,160,297,120,96,60,48,24,253,200
89049868,1,5902.0,0,0,,0.0,3,0,3,0,0,0,0,0,0,42,35,68,50,136,100,282,216,347,160,297,120,96,60,48,24,253,200
89049869,0,34392.0,7,203,11.0,11.0,119,34,32,0,0,3,4,0,46,41,30,71,50,100,100,278,1,358,160,313,120,106,60,51,24,247,200
89049869,1,23300.0,10,251,0.0,0.0,228,8,95,0,0,49,5,0,71,41,30,71,50,100,100,278,1,358,160,313,120,106,60,51,24,247,200
89049870,0,18875.0,8,192,0.0,0.0,314,202,112,0,0,0,0,0,0,40,32,68,50,100,100,277,1,336,160,307,120,102,60,47,23,253,200
89049870,1,24077.0,11,298,6.0,0.0,309,197,33,0,0,16,2,0,61,40,32,68,50,100,100,277,1,336,160,307,120,102,60,47,23,253,200
89049871,0,25577.0,7,177,12.0,0.0,88,36,9,0,0,4,6,0,33,42,35,73,50,100,100,280,194,336,160,314,120,82,56,46,25,247,200
89049871,1,38339.0,10,243,4.0,13.0,92,0,51,0,0,2,25,0,14,42,35,73,50,100,100,280,194,336,160,314,120,82,56,46,25,247,200
89049872,0,79625.0,13,218,8.0,12.0,161,15,19,0,0,20,0,0,107,42,35,56,50,100,70,278,13,291,160,300,120,114,60,54,25,251,200
89049872,1,39845.0,9,238,0.0,11.0,79,0,36,0,0,0,0,0,43,42,35,56,50,100,70,278,13,291,160,300,120,114,60,54,25,251,200
89049873,0,43097.0,13,334,11.0,11.0,76,21,25,0,0,2,2,0,26,42,30,69,50,100,15,278,104,295,160,265,120,87,60,54,25,250,200
89049873,1,84433.0,10,275,9.0,11.0,163,10,22,0,0,31,19,0,81,42,30,69,50,100,15,278,104,295,160,265,120,87,60,54,25,250,200
89049874,0,29811.0,7,203,11.0,0.0,125,37,27,0,0,3,4,0,54,42,34,74,50,100,100,278,1,336,160,298,120,97,60,46,23,246,200
89049874,1,27860.0,7,203,11.0,0.0,129,34,29,0,0,5,5,0,56,42,34,74,50,100,100,278,1,336,160,298,120,97,60,46,23,246,200
89049876,0,39098.0,7,209,,7.0,107,36,8,0,0,0,0,0,63,41,31,53,43,100,59,278,150,354,160,313,120,112,60,46,25,251,200
89049876,1,42548.0,7,203,11.0,11.0,129,34,29,0,0,5,5,0,56,41,31,53,43,100,59,278,150,354,160,313,120,112,60,46,25,251,200
89049877,0,28001.0,7,203,11.0,0.0,128,36,29,0,0,5,5,0,53,42,34,68,50,100,100,278,1,328,160,308,120,92,60,44,22,252,200
89049877,1,28345.0,7,203,11.0,0.0,128,34,29,0,0,5,5,0,55,42,34,68,50,100,100,278,1,328,160,308,120,92,60,44,22,252,200
89049878,0,6028.0,0,0,,0.0,3,0,3,0,0,0,0,0,0,42,35,74,50,100,100,281,206,311,160,301,120,97,60,49,25,250,200
89049878,1,40376.0,9,165,0.0,13.0,88,17,60,0,0,0,3,0,8,42,35,74,50,100,100,281,206,311,160,301,120,97,60,49,25,250,200
89049879,0,91217.0,12,239,10.0,16.0,69,13,25,0,0,0,0,0,31,42,29,75,50,100,16,277,54,217,160,282,120,95,60,59,25,234,200
89049879,1,83868.0,10,272,9.0,11.0,124,7,25,0,0,41,11,0,40,42,29,75,50,100,16,277,54,217,160,282,120,95,60,59,25,234,200
89049881,0,44005.0,8,167,0.0,10.0,192,0,52,0,0,139,0,0,1,42,35,73,50,100,100,277,1,315,160,258,120,94,60,44,21,253,200
89049881,1,37322.0,8,240,0.0,12.0,226,26,19,0,0,56,19,0,106,42,35,73,50,100,100,277,1,315,160,258,120,94,60,44,21,253,200
89049882,0,25251.0,13,329,11.0,0.0,87,27,24,0,0,2,4,0,30,42,33,66,50,100,72,278,1,361,160,294,120,100,60,48,25,247,200
89049882,1,48779.0,11,178,10.0,10.0,177,26,37,0,0,18,0,0,96,42,33,66,50,100,72,278,1,361,160,294,120,100,60,48,25,247,200
89049921,0,67560.0,12,315,11.0,11.0,119,33,26,0,0,13,6,0,41,42,35,52,42,100,1,278,13,294,160,313,120,87,60,61,25,248,200
89049921,1,68094.0,12,315,11.0,11.0,120,33,26,0,0,13,6,0,42,42,35,52,42,100,1,278,13,294,160,313,120,87,60,61,25,248,200
89050371,0,113451.0,14,215,10.0,18.0,104,19,21,0,0,10,0,0,54,42,35,68,50,100,100,278,13,288,160,297,120,96,60,49,25,246,200
89050371,1,58680.0,10,252,10.0,11.0,246,0,34,0,0,64,0,0,148,42,35,68,50,100,100,278,13,288,160,297,120,96,60,49,25,246,200
89050373,0,83301.0,14,227,8.0,13.0,171,0,13,0,0,13,0,0,145,42,32,69,50,100,59,278,113,287,160,294,120,109,60,52,25,246,200
89050373,1,101905.0,10,271,9.0,14.0,154,9,27,0,0,50,1,0,67,42,32,69,50,100,59,278,113,287,160,294,120,109,60,52,25,246,200
89050374,0,34088.0,11,251,0.0,13.0,106,22,31,0,0,32,4,0,17,40,27,71,50,100,100,281,13,340,160,275,120,99,60,45,23,253,200
89050374,1,32814.0,11,298,6.0,12.0,339,224,29,0,0,16,5,0,65,40,27,71,50,100,100,281,13,340,160,275,120,99,60,45,23,253,200
89050375,0,32347.0,10,254,14.0,13.0,167,53,20,0,0,6,14,0,74,41,29,69,50,100,100,278,13,351,160,329,120,82,60,39,23,250,200
89050375,1,36279.0,7,203,11.0,11.0,117,33,32,0,0,3,4,0,45,41,29,69,50,100,100,278,13,351,160,329,120,82,60,39,23,250,200
89050376,0,28812.0,7,203,11.0,0.0,123,34,29,0,0,5,5,0,50,42,31,75,50,100,100,278,1,320,160,314,120,97,60,47,25,247,200
89050376,1,28933.0,7,203,11.0,0.0,129,36,29,0,0,5,5,0,54,42,31,75,50,100,100,278,1,320,160,314,120,97,60,47,25,247,200
89050377,0,58317.0,9,241,8.0,13.0,225,119,15,0,0,5,19,0,67,39,27,69,50,100,100,280,142,315,160,276,120,97,60,44,21,253,200
89050377,1,67056.0,8,240,0.0,12.0,187,2,26,0,0,79,0,0,80,39,27,69,50,100,100,280,142,315,160,276,120,97,60,44,21,253,200
89050378,0,52607.0,8,240,0.0,12.0,189,26,24,0,0,66,0,0,73,42,32,57,50,100,63,278,13,322,160,255,120,102,60,52,22,251,200
89050378,1,66124.0,12,293,11.0,18.0,82,27,26,0,0,3,6,0,20,42,32,57,50,100,63,278,13,322,160,255,120,102,60,52,22,251,200
89050379,0,43066.0,10,230,0.0,14.0,315,8,70,0,0,47,5,0,185,42,32,69,50,100,100,280,1,332,160,285,120,101,60,50,24,250,200
89050379,1,19403.0,10,243,4.0,0.0,89,0,48,0,0,2,24,0,15,42,32,69,50,100,100,280,1,332,160,285,120,101,60,50,24,250,200
89050380,0,25411.0,11,246,0.0,0.0,107,23,30,0,0,36,4,0,14,42,32,70,50,100,100,278,4,332,160,289,120,88,60,44,23,251,200
89050380,1,33769.0,7,203,11.0,11.0,121,37,27,0,0,3,4,0,50,42,32,70,50,100,100,278,4,332,160,289,120,88,60,44,23,251,200
89050381,0,25251.0,10,241,0.0,0.0,369,137,112,0,0,0,0,0,120,38,18,69,50,100,100,281,1,340,160,316,120,95,60,33,22,250,200
89050381,1,25927.0,10,254,0.0,0.0,304,138,26,0,0,6,31,0,103,38,18,69,50,100,100,281,1,340,160,316,120,95,60,33,22,250,200
89050383,0,3000.0,0,0,,0.0,0,0,0,0,0,0,0,0,0,41,35,75,50,100,100,293,250,336,160,301,120,94,60,50,25,253,200
89050383,1,6099.0,0,0,,0.0,3,0,3,0,0,0,0,0,0,41,35,75,50,100,100,293,250,336,160,301,120,94,60,50,25,253,200
89050384,0,6247.0,0,0,,0.0,2,0,2,0,0,0,0,0,0,42,35,65,50,100,100,292,250,351,160,301,120,96,60,47,25,251,200
89050384,1,6087.0,0,0,,0.0,3,0,3,0,0,0,0,0,0,42,35,65,50,100,100,292,250,351,160,301,120,96,60,47,25,251,200
89050385,0,3000.0,0,0,,0.0,0,0,0,0,0,0,0,0,0,42,35,64,50,100,100,293,250,361,160,318,120,101,60,49,25,252,200
89050385,1,2853.0,1,27,,0.0,9,0,0,0,0,0,0,0,9,42,35,64,50,100,100,293,250,361,160,318,120,101,60,49,25,252,200
89050386,0,77569.0,10,272,9.0,14.0,153,20,22,0,0,35,19,0,57,42,29,68,50,100,14,277,84,256,160,278,120,96,60,58,25,249,200
89050386,1,67108.0,15,296,9.0,10.0,89,23,24,0,0,0,0,0,42,42,29,68,50,100,14,277,84,256,160,278,120,96,60,58,25,249,200
89050870,0,30200.0,8,200,0.0,14.0,282,8,60,0,0,25,5,0,184,42,32,73,50,100,100,280,13,332,160,319,120,96,60,46,24,250,200
89050870,1,36639.0,6,171,13.0,13.0,153,0,35,0,0,0,0,0,118,42,32,73,50,100,100,280,13,332,160,319,120,96,60,46,24,250,200
89050871,0,73767.0,12,310,11.0,11.0,121,33,26,0,0,12,5,0,45,41,33,55,50,100,6,278,165,326,160,314,120,99,60,57,25,245,200
89050871,1,35753.0,7,209,,6.0,107,36,8,0,0,0,0,0,63,41,33,55,50,100,6,278,165,326,160,314,120,99,60,57,25,245,200
89050873,0,40331.0,7,183,10.0,9.0,74,30,7,0,0,3,6,0,28,41,32,77,50,100,83,281,179,320,160,306,120,85,60,49,25,247,200
89050873,1,50491.0,11,249,0.0,13.0,106,23,29,0,0,33,4,0,17,41,32,77,50,100,83,281,179,320,160,306,120,85,60,49,25,247,200
89050874,0,41683.0,9,235,0.0,11.0,223,66,18,0,0,4,20,0,115,42,35,70,50,100,100,278,1,328,160,302,120,92,60,36,21,251,200
89050874,1,56865.0,10,259,10.0,11.0,251,0,35,0,0,66,0,0,150,42,35,70,50,100,100,278,1,328,160,302,120,92,60,36,21,251,200
89050875,0,57659.0,10,258,10.0,12.0,259,0,35,0,0,64,0,0,160,42,35,64,50,100,100,278,13,266,160,276,120,101,60,46,23,251,200
89050875,1,96045.0,12,221,11.0,17.0,168,77,20,0,0,0,0,0,71,42,35,64,50,100,100,278,13,266,160,276,120,101,60,46,23,251,200
89050876,0,36747.0,11,298,6.0,13.0,377,224,64,0,0,25,3,0,61,41,30,67,50,100,100,280,1,358,160,291,120,112,60,47,23,248,200
89050876,1,34895.0,8,200,0.0,14.0,290,8,66,0,0,26,5,0,185,41,30,67,50,100,100,280,1,358,160,291,120,112,60,47,23,248,200
89050877,0,45328.0,10,295,0.0,11.0,196,62,18,0,0,5,18,0,93,38,21,71,50,100,100,278,212,324,160,309,120,97,60,42,24,246,200
89050877,1,64769.0,9,240,9.0,13.0,210,102,15,0,0,5,17,0,71,38,21,71,50,100,100,278,212,324,160,309,120,97,60,42,24,246,200
89050878,0,36080.0,7,203,11.0,11.0,125,37,27,0,0,3,4,0,54,41,32,73,50,100,100,278,10,333,160,313,120,90,60,45,25,249,200
89050878,1,43520.0,9,191,7.0,14.0,166,71,26,0,0,0,0,0,69,41,32,73,50,100,100,278,10,333,160,313,120,90,60,45,25,249,200
89050881,0,6208.0,0,0,,0.0,2,0,2,0,0,0,0,0,0,42,35,75,50,100,100,282,230,344,160,316,120,91,60,50,25,247,200
89050881,1,47055.0,10,243,4.0,13.0,89,0,46,0,0,2,24,0,17,42,35,75,50,100,100,282,230,344,160,316,120,91,60,50,25,247,200
89050883,0,3000.0,0,0,,0.0,0,0,0,0,0,0,0,0,0,42,35,70,50,100,100,293,250,320,160,318,120,94,60,49,25,251,200
89050883,1,6677.0,0,0,,0.0,113,113,0,0,0,0,0,0,0,42,35,70,50,100,100,293,250,320,160,318,120,94,60,49,25,251,200
89050885,0,39.0,0,0,0.0,0.0,3,0,0,0,0,0,3,0,0,42,35,68,50,100,100,293,250,351,160,304,120,100,60,51,25,251,200
89050885,1,2300.0,0,0,,0.0,30,30,0,0,0,0,0,0,0,42,35,68,50,100,100,293,250,351,160,304,120,100,60,51,25,251,200
89050886,0,3000.0,0,0,,0.0,0,0,0,0,0,0,0,0,0,42,35,73,50,100,100,293,250,347,160,304,120,101,60,51,25,251,200
89050886,1,3000.0,0,0,,0.0,0,0,0,0,0,0,0,0,0,42,35,73,50,100,100,293,250,347,160,304,120,101,60,51,25,251,200
89051366,0,93096.0,12,312,11.0,11.0,114,38,26,0,0,13,5,0,32,38,21,58,50,100,32,278,101,338,160,310,120,91,60,52,25,242,200
89051366,1,37330.0,10,254,0.0,13.0,304,137,22,0,0,6,31,0,108,38,21,58,50,100,32,278,101,338,160,310,120,91,60,52,25,242,200
89051367,0,14026.0,9,253,4.0,0.0,191,67,12,0,0,13,15,0,84,41,33,74,50,100,100,277,1,354,160,316,120,87,60,47,24,247,200
89051367,1,29964.0,8,192,0.0,0.0,289,170,119,0,0,0,0,0,0,41,33,74,50,100,100,277,1,354,160,316,120,87,60,47,24,247,200
89051368,0,34296.0,9,227,0.0,11.0,211,65,23,0,0,4,21,0,98,41,35,71,50,100,100,278,7,358,160,315,120,92,60,39,22,246,200
89051368,1,31565.0,6,171,13.0,13.0,153,0,35,0,0,0,0,0,118,41,35,71,50,100,100,278,7,358,160,315,120,92,60,39,22,246,200
89051369,0,32106.0,6,171,13.0,13.0,153,0,35,0,0,0,0,0,118,42,31,66,50,100,100,278,13,351,160,330,120,96,60,39,22,248,200
89051369,1,27151.0,7,210,,0.0,144,90,20,0,0,0,0,0,34,42,31,66,50,100,100,278,13,351,160,330,120,96,60,39,22,248,200
89051370,0,103413.0,13,200,12.0,17.0,93,0,25,0,0,14,0,0,54,42,32,65,50,100,40,278,195,278,160,303,120,100,60,58,25,247,200
89051370,1,86136.0,13,357,11.0,11.0,66,17,23,0,0,2,4,0,20,42,32,65,50,100,40,278,195,278,160,303,120,100,60,58,25,247,200
89051371,0,51770.0,7,181,11.0,11.0,75,25,11,0,0,4,8,0,27,42,35,75,50,100,83,286,250,329,160,312,120,93,60,51,25,248,200
89051371,1,6012.0,0,0,,0.0,3,0,3,0,0,0,0,0,0,42,35,75,50,100,83,286,250,329,160,312,120,93,60,51,25,248,200
89051372,0,41041.0,9,235,0.0,11.0,224,62,18,0,0,4,23,0,117,42,32,65,50,100,100,278,1,361,160,282,120,98,60,34,21,247,200
89051372,1,47796.0,10,261,10.0,11.0,236,0,33,0,0,71,0,0,132,42,32,65,50,100,100,278,1,361,160,282,120,98,60,34,21,247,200
89051375,0,28942.0,7,203,11.0,0.0,126,36,29,0,0,5,5,0,51,41,32,69,50,100,100,278,1,347,160,318,120,108,60,46,25,250,200
89051375,1,29738.0,7,203,11.0,0.0,129,34,29,0,0,5,5,0,56,41,32,69,50,100,100,278,1,347,160,318,120,108,60,46,25,250,200
89051376,0,31098.0,6,127,12.0,13.0,57,6,29,0,0,5,0,0,17,42,35,61,50,100,76,278,65,356,160,311,120,103,60,50,24,245,200
89051376,1,38472.0,7,203,11.0,11.0,114,32,32,0,0,3,4,0,43,42,35,61,50,100,76,278,65,356,160,311,120,103,60,50,24,245,200
89051377,0,27530.0,7,203,11.0,0.0,126,34,29,0,0,5,5,0,53,42,31,64,50,100,100,278,1,354,160,308,120,101,60,45,25,250,200
89051377,1,30034.0,7,203,11.0,11.0,122,37,27,0,0,3,4,0,51,42,31,64,50,100,100,278,1,354,160,308,120,101,60,45,25,250,200
89051378,0,27030.0,9,212,0.0,0.0,198,58,23,0,0,3,21,0,93,42,32,71,50,100,100,278,54,336,160,309,120,105,60,43,23,247,200
89051378,1,37277.0,10,290,11.0,11.0,153,37,27,0,0,4,5,0,80,42,32,71,50,100,100,278,54,336,160,309,120,105,60,43,23,247,200
89051381,0,64971.0,8,240,0.0,12.0,169,13,19,0,0,76,0,0,61,42,32,66,50,100,68,278,13,321,160,287,120,85,60,54,24,245,200
89051381,1,67774.0,12,307,11.0,18.0,70,25,26,0,0,12,5,0,2,42,32,66,50,100,68,278,13,321,160,287,120,85,60,54,24,245,200
89051382,0,29594.0,7,210,,0.0,144,90,20,0,0,0,0,0,34,41,28,53,45,100,37,278,46,325,160,319,120,92,60,53,25,249,200
89051382,1,87517.0,12,313,11.0,11.0,118,35,26,0,0,13,5,0,39,41,28,53,45,100,37,278,46,325,160,319,120,92,60,53,25,249,200
89051858,0,80906.0,12,312,11.0,11.0,117,37,26,0,0,12,5,0,37,42,35,59,50,100,37,278,13,291,160,283,120,98,60,54,23,247,200
89051858,1,65064.0,8,240,0.0,12.0,172,5,22,0,0,75,1,0,69,42,35,59,50,100,37,278,13,291,160,283,120,98,60,54,23,247,200
89051860,0,42891.0,7,183,10.0,9.0,95,41,6,0,0,4,8,0,36,42,35,71,50,100,83,280,212,313,160,312,120,93,60,48,25,247,200
89051860,1,12147.0,4,56,0.0,0.0,249,53,93,0,0,0,0,0,103,42,35,71,50,100,83,280,212,313,160,312,120,93,60,48,25,247,200
89051861,0,14628.0,11,285,4.0,0.0,208,67,23,0,0,13,8,0,97,40,30,75,50,100,100,281,1,320,160,320,120,99,60,40,23,250,200
89051861,1,37835.0,10,245,0.0,13.0,378,140,115,0,0,0,0,0,123,40,30,75,50,100,100,281,1,320,160,320,120,99,60,40,23,250,200
89051862,0,49167.0,12,305,11.0,18.0,59,19,26,0,0,4,5,0,5,42,35,65,50,100,61,278,13,234,116,297,120,87,60,52,25,251,200
89051862,1,58376.0,12,211,8.0,11.0,187,33,22,0,0,8,0,0,124,42,35,65,50,100,61,278,13,234,116,297,120,87,60,52,25,251,200
89051863,0,95621.0,13,349,11.0,11.0,58,17,24,0,0,2,2,0,13,42,32,70,50,100,45,278,73,322,160,280,120,89,60,50,22,245,200
89051863,1,61880.0,10,255,10.0,11.0,250,0,35,0,0,69,0,0,146,42,32,70,50,100,45,278,73,322,160,280,120,89,60,50,22,245,200
89051865,0,54803.0,9,241,8.0,13.0,222,125,13,0,0,5,16,0,63,41,31,75,50,100,100,280,142,297,152,277,120,82,60,45,22,248,200
89051865,1,79080.0,8,240,0.0,12.0,181,22,32,0,0,71,0,0,56,41,31,75,50,100,100,280,142,297,152,277,120,82,60,45,22,248,200
89052350,0,79609.0,12,312,11.0,11.0,108,30,26,0,0,13,5,0,34,41,32,61,50,100,36,278,13,328,160,303,120,96,60,55,25,247,200
89052350,1,30322.0,10,290,11.0,11.0,153,37,27,0,0,4,5,0,80,41,32,61,50,100,36,278,13,328,160,303,120,96,60,55,25,247,200
89052351,0,49798.0,11,251,0.0,13.0,111,23,28,0,0,37,4,0,19,42,33,71,50,100,83,281,176,324,160,273,120,100,60,49,25,248,200
89052351,1,45048.0,7,183,10.0,10.0,93,39,8,0,0,3,6,0,37,42,33,71,50,100,83,281,176,324,160,273,120,100,60,49,25,248,200
89052352,0,39540.0,6,171,13.0,13.0,153,0,35,0,0,0,0,0,118,42,35,69,50,100,100,281,13,320,160,321,120,96,60,34,22,252,200
89052352,1,29911.0,10,254,14.0,0.0,176,64,16,0,0,7,11,0,78,42,35,69,50,100,100,281,13,320,160,321,120,96,60,34,22,252,200
89052354,0,100594.0,10,269,9.0,13.0,152,12,26,0,0,41,12,0,61,42,32,70,50,100,55,278,127,282,160,291,120,106,60,51,25,247,200
89052354,1,77123.0,14,223,9.0,12.0,190,2,11,0,0,9,0,0,168,42,32,70,50,100,55,278,127,282,160,291,120,106,60,51,25,247,200
89052355,0,21275.0,12,300,4.0,0.0,234,81,24,0,0,13,13,0,103,42,33,65,50,100,100,281,179,358,160,304,120,92,60,46,25,252,200
89052355,1,11.0,10,142,0.0,0.0,38,4,24,0,0,1,9,0,0,42,33,65,50,100,100,281,179,358,160,304,120,92,60,46,25,252,200
89052356,0,67362.0,10,257,10.0,11.0,263,0,35,0,0,64,0,0,164,42,35,65,50,100,58,277,129,328,160,294,120,101,60,51,25,250,200
89052356,1,65245.0,12,238,10.0,17.0,21,11,10,0,0,0,0,0,0,42,35,65,50,100,58,277,129,328,160,294,120,101,60,51,25,250,200
89052357,0,31654.0,7,203,,13.0,86,27,32,0,0,3,5,0,19,40,29,68,50,100,100,281,13,347,160,291,120,106,60,47,24,252,200
89052357,1,32685.0,11,298,6.0,13.0,314,197,32,0,0,16,3,0,66,40,29,68,50,100,100,281,13,347,160,291,120,106,60,47,24,252,200
89052843,0,17101.0,6,168,,0.0,128,0,32,0,0,0,0,0,96,42,35,70,50,100,100,277,7,344,160,289,120,105,60,46,25,248,200
89052843,1,59409.0,8,176,0.0,22.0,193,0,44,0,0,148,0,0,1,42,35,70,50,100,100,277,7,344,160,289,120,105,60,46,25,248,200
89052844,0,31442.0,8,200,0.0,14.0,283,8,62,0,0,23,5,0,185,42,31,65,50,100,100,280,111,340,160,279,120,105,60,46,23,253,200
89052844,1,3790.0,16,317,0.0,0.0,218,92,22,0,0,4,7,0,93,42,31,65,50,100,100,280,111,340,160,279,120,105,60,46,23,253,200
89052847,0,34769.0,9,228,0.0,11.0,222,72,23,0,0,3,20,0,104,42,35,68,50,100,100,278,13,332,160,302,120,101,60,39,22,252,200
89052847,1,31028.0,6,171,13.0,13.0,222,0,35,0,0,0,0,0,187,42,35,68,50,100,100,278,13,332,160,302,120,101,60,39,22,252,200
89052848,0,57705.0,10,261,10.0,11.0,255,0,36,0,0,68,0,0,151,42,35,55,50,100,32,278,1,321,160,282,120,90,60,51,25,245,200
89052848,1,88586.0,12,312,11.0,11.0,112,34,26,0,0,13,5,0,34,42,35,55,50,100,32,278,1,321,160,282,120,90,60,51,25,245,200
89052850,0,25343.0,6,171,13.0,0.0,153,0,35,0,0,0,0,0,118,42,33,67,50,100,100,278,1,340,160,326,120,96,60,41,22,253,200
89052850,1,30740.0,7,203,11.0,11.0,129,34,29,0,0,5,5,0,56,42,33,67,50,100,100,278,1,340,160,326,120,96,60,41,22,253,200
89053340,0,24051.0,10,290,11.0,0.0,152,37,27,0,0,4,5,0,79,42,35,74,50,100,100,277,1,336,160,270,120,99,60,47,25,247,200
89053340,1,36739.0,8,176,0.0,10.0,204,0,62,0,0,142,0,0,0,42,35,74,50,100,100,277,1,336,160,270,120,99,60,47,25,247,200
89053343,0,69467.0,12,309,11.0,11.0,88,22,26,0,0,12,7,0,21,42,35,63,50,100,45,278,1,336,160,296,120,100,60,50,25,244,200
89053343,1,49328.0,11,175,10.0,10.0,206,7,39,0,0,5,0,0,155,42,35,63,50,100,45,278,1,336,160,296,120,100,60,50,25,244,200
89053379,0,80421.0,8,240,0.0,13.0,147,15,20,0,0,39,3,0,70,41,30,70,50,100,1,280,7,315,160,290,120,97,60,50,21,250,200
89053379,1,74098.0,8,240,0.0,12.0,158,18,31,0,0,36,4,0,69,41,30,70,50,100,1,280,7,315,160,290,120,97,60,50,21,250,200
89053831,0,221.0,11,106,0.0,0.0,224,0,83,0,0,0,0,0,141,42,35,65,50,132,100,284,250,347,160,321,120,104,60,47,25,253,200
89053831,1,4018.0,2,60,,0.0,9,0,0,0,0,0,9,0,0,42,35,65,50,132,100,284,250,347,160,321,120,104,60,47,25,253,200
89053832,0,36448.0,10,296,0.0,11.0,208,99,16,0,0,4,18,0,71,41,31,74,50,100,100,278,73,311,160,279,120,92,60,39,21,250,200
89053832,1,59995.0,10,258,10.0,11.0,244,0,36,0,0,66,0,0,142,41,31,74,50,100,100,278,73,311,160,279,120,92,60,39,21,250,200
89053834,0,87065.0,10,277,9.0,11.0,131,10,24,0,0,42,9,0,46,42,35,59,50,100,8,278,13,258,160,281,120,96,60,59,25,245,200
89053834,1,60679.0,12,307,11.0,11.0,112,35,26,0,0,14,5,0,32,42,35,59,50,100,8,278,13,258,160,281,120,96,60,59,25,245,200
89053835,0,17146.0,16,253,0.0,0.0,135,27,47,0,0,25,0,0,36,42,32,68,50,100,100,283,247,320,160,303,120,97,60,49,25,253,200
89053835,1,1000.0,5,101,,0.0,138,130,0,0,0,0,8,0,0,42,32,68,50,100,100,283,247,320,160,303,120,97,60,49,25,253,200
89053836,0,42924.0,7,183,10.0,9.0,78,37,8,0,0,3,6,0,24,42,32,70,50,100,83,281,162,332,160,297,120,105,60,49,25,246,200
89053836,1,44779.0,7,203,,13.0,86,27,32,0,0,3,5,0,19,42,32,70,50,100,83,281,162,332,160,297,120,105,60,49,25,246,200
89053837,0,12920.0,10,239,0.0,0.0,379,140,116,0,0,0,0,0,123,41,31,71,50,100,100,281,1,354,160,339,120,103,60,39,23,246,200
89053837,1,34617.0,6,171,13.0,13.0,153,0,35,0,0,0,0,0,118,41,31,71,50,100,100,281,1,354,160,339,120,103,60,39,23,246,200
89054331,0,44441.0,5,119,10.0,13.0,54,3,27,0,0,4,0,0,20,42,35,73,50,100,28,278,142,289,160,303,120,90,60,52,22,246,200
89054331,1,78548.0,8,240,0.0,12.0,153,38,21,0,0,43,2,0,49,42,35,73,50,100,28,278,142,289,160,303,120,90,60,52,22,246,200
89054332,0,77023.0,13,219,11.0,13.0,171,37,11,0,0,1,0,0,122,42,35,70,50,100,100,277,148,250,147,258,120,88,60,50,25,253,200
89054332,1,48398.0,8,174,0.0,11.0,196,0,49,0,0,144,0,0,3,42,35,70,50,100,100,277,148,250,147,258,120,88,60,50,25,253,200
89054333,0,32247.0,10,290,11.0,11.0,150,33,27,0,0,4,5,0,81,42,35,69,50,100,100,278,1,340,160,297,120,96,60,40,22,247,200
89054333,1,47874.0,10,256,10.0,11.0,243,0,37,0,0,66,0,0,140,42,35,69,50,100,100,278,1,340,160,297,120,96,60,40,22,247,200
89054334,0,30375.0,7,210,,9.0,144,90,20,0,0,0,0,0,34,41,28,66,50,111,100,278,136,354,160,317,120,106,60,48,24,247,200
89054334,1,18025.0,9,210,0.0,0.0,148,47,32,0,0,9,20,0,40,41,28,66,50,111,100,278,136,354,160,317,120,106,60,48,24,247,200
89054335,0,60038.0,12,309,11.0,11.0,96,28,27,0,0,8,5,0,28,41,35,66,50,100,42,278,1,321,160,307,120,92,60,54,25,246,200
89054335,1,53656.0,11,179,10.0,10.0,178,4,38,0,0,18,0,0,118,41,35,66,50,100,42,278,1,321,160,307,120,92,60,54,25,246,200
89054338,0,3000.0,0,0,,0.0,0,0,0,0,0,0,0,0,0,42,35,77,50,125,100,284,208,336,160,314,120,103,60,51,25,247,200
89054338,1,35.0,18,137,0.0,0.0,212,0,114,0,0,0,0,0,98,42,35,77,50,125,100,284,208,336,160,314,120,103,60,51,25,247,200
89054829,0,79368.0,8,240,0.0,19.0,167,33,19,0,0,31,7,0,77,42,35,67,50,101,53,278,70,317,160,315,120,99,60,49,21,246,200
89054829,1,24408.0,10,289,12.0,0.0,100,6,47,0,0,4,6,0,37,42,35,67,50,101,53,278,70,317,160,315,120,99,60,49,21,246,200
89054830,0,39312.0,7,203,11.0,11.0,122,34,29,0,0,5,5,0,49,41,32,65,50,100,83,278,76,367,160,317,120,105,60,49,25,249,200
89054830,1,27276.0,5,114,12.0,0.0,50,2,27,0,0,5,0,0,16,41,32,65,50,100,83,278,76,367,160,317,120,105,60,49,25,249,200
89054835,0,48726.0,10,258,10.0,11.0,247,0,38,0,0,78,0,0,131,41,35,68,50,100,100,278,73,351,160,276,120,90,60,42,21,253,200
89054835,1,58775.0,8,240,0.0,12.0,167,14,19,0,0,76,13,0,45,41,35,68,50,100,100,278,73,351,160,276,120,90,60,42,21,253,200
89054836,0,23768.0,9,212,0.0,0.0,144,51,25,0,0,10,22,0,36,42,31,66,50,110,100,278,31,332,160,306,120,92,60,47,24,252,200
89054836,1,29156.0,8,200,0.0,0.0,287,8,65,0,0,24,5,0,185,42,31,66,50,110,100,278,31,332,160,306,120,92,60,47,24,252,200
89054838,0,31565.0,16,299,0.0,13.0,168,31,43,0,0,29,5,0,60,42,35,70,50,100,100,282,226,332,160,313,120,96,60,48,23,247,200
89054838,1,4643.0,0,0,,0.0,90,0,0,0,0,0,0,0,90,42,35,70,50,100,100,282,226,332,160,313,120,96,60,48,23,247,200
89055331,0,91124.0,8,240,0.0,12.0,168,59,19,0,0,48,5,0,37,42,35,69,50,100,48,281,7,281,160,303,120,104,60,47,22,250,200
89055331,1,25206.0,6,171,13.0,0.0,236,0,35,0,0,0,0,0,201,42,35,69,50,100,48,281,7,281,160,303,120,104,60,47,22,250,200
89055332,0,42874.0,5,106,4.0,10.0,74,22,19,0,0,2,13,0,18,41,28,72,50,100,100,279,247,306,160,296,120,88,60,50,25,253,200
89055332,1,6052.0,0,0,,0.0,113,113,0,0,0,0,0,0,0,41,28,72,50,100,100,279,247,306,160,296,120,88,60,50,25,253,200
89055333,0,170.0,1,30,0.0,0.0,3,0,0,0,0,0,3,0,0,42,35,73,50,100,100,293,250,347,160,297,120,103,60,50,25,248,200
89055333,1,3000.0,0,0,,0.0,0,0,0,0,0,0,0,0,0,42,35,73,50,100,100,293,250,347,160,297,120,103,60,50,25,248,200
89055334,0,56772.0,8,240,0.0,12.0,198,75,19,0,0,65,22,0,17,42,35,69,50,100,100,278,73,328,160,243,120,95,60,45,21,248,200
89055334,1,44943.0,10,255,10.0,11.0,242,0,35,0,0,67,0,0,140,42,35,69,50,100,100,278,73,328,160,243,120,95,60,45,21,248,200
89055336,0,12042.0,13,326,11.0,0.0,104,26,25,0,0,2,3,0,48,42,32,60,50,100,9,278,96,315,160,305,120,98,60,59,25,236,200
89055336,1,84523.0,12,312,11.0,11.0,117,33,26,0,0,14,5,0,39,42,32,60,50,100,9,278,96,315,160,305,120,98,60,59,25,236,200
89055337,0,3813.0,2,60,,0.0,9,0,0,0,0,0,9,0,0,42,32,68,50,112,100,278,237,336,160,319,120,87,60,48,24,253,200
89055337,1,25507.0,9,213,0.0,0.0,148,50,30,0,0,11,21,0,36,42,32,68,50,112,100,278,237,336,160,319,120,87,60,48,24,253,200
89055823,0,28344.0,7,203,11.0,0.0,122,36,29,0,0,5,5,0,47,41,27,73,50,100,100,278,1,336,160,311,120,92,60,44,22,253,200
89055823,1,26775.0,7,203,11.0,0.0,123,33,31,0,0,4,5,0,50,41,27,73,50,100,100,278,1,336,160,311,120,92,60,44,22,253,200
89055824,0,36559.0,7,203,,13.0,86,27,32,0,0,3,5,0,19,42,28,71,50,100,29,281,1,270,160,306,120,101,60,56,25,247,200
89055824,1,23952.0,19,373,0.0,0.0,215,50,83,0,0,0,0,0,82,42,28,71,50,100,29,281,1,270,160,306,120,101,60,56,25,247,200
89055825,0,100465.0,8,240,0.0,13.0,147,25,19,0,0,40,3,0,60,41,33,64,50,100,50,280,13,304,160,308,120,100,60,46,22,250,200
89055825,1,38161.0,12,227,7.0,13.0,241,134,42,0,0,0,0,0,65,41,33,64,50,100,50,280,13,304,160,308,120,100,60,46,22,250,200
89055826,0,27775.0,8,174,0.0,0.0,197,0,79,0,0,118,0,0,0,42,27,66,50,100,48,277,1,313,160,295,120,98,60,55,25,246,200
89055826,1,71189.0,13,309,0.0,11.0,65,21,28,0,0,16,0,0,0,42,27,66,50,100,48,277,1,313,160,295,120,98,60,55,25,246,200
89055828,0,3000.0,0,0,,0.0,0,0,0,0,0,0,0,0,0,42,35,71,50,100,100,293,250,344,160,321,120,103,60,50,25,248,200
89055828,1,170.0,1,30,0.0,0.0,3,0,0,0,0,0,3,0,0,42,35,71,50,100,100,293,250,344,160,321,120,103,60,50,25,248,200
89056323,0,36225.0,7,203,11.0,11.0,125,37,27,0,0,3,4,0,54,41,32,69,50,100,100,278,10,344,160,306,120,103,60,46,25,246,200
89056323,1,45239.0,9,192,7.0,13.0,183,80,24,0,0,0,0,0,79,41,32,69,50,100,100,278,10,344,160,306,120,103,60,46,25,246,200
89056324,0,30453.0,10,290,11.0,11.0,153,37,27,0,0,4,5,0,80,41,28,71,50,100,100,278,1,328,160,308,120,101,60,43,25,252,200
89056324,1,22763.0,7,203,11.0,0.0,131,33,30,0,0,3,6,0,59,41,28,71,50,100,100,278,1,328,160,308,120,101,60,43,25,252,200
89056326,0,26103.0,19,373,0.0,0.0,216,50,71,0,0,0,0,0,95,42,29,77,50,100,34,284,243,242,160,318,120,96,60,57,25,240,200
89056326,1,6190.0,0,0,,0.0,2,0,2,0,0,0,0,0,0,42,29,77,50,100,34,284,243,242,160,318,120,96,60,57,25,240,200
89056327,0,3402.0,0,0,,0.0,15,0,0,0,0,0,0,0,15,42,29,71,50,100,36,286,250,241,143,314,120,92,60,53,25,251,200
89056327,1,29087.0,18,372,0.0,0.0,210,50,63,0,0,0,0,0,97,42,29,71,50,100,36,286,250,241,143,314,120,92,60,53,25,251,200
89056328,0,69222.0,8,240,0.0,21.0,198,60,38,0,0,2,35,0,63,42,35,69,50,100,52,277,7,311,160,242,120,93,60,50,22,247,200
89056328,1,48234.0,8,169,0.0,11.0,179,0,35,0,0,144,0,0,0,42,35,69,50,100,52,277,7,311,160,242,120,93,60,50,22,247,200
89056329,0,33414.0,7,203,,13.0,86,27,32,0,0,3,5,0,19,41,35,68,50,100,100,277,22,351,160,317,120,101,60,49,25,250,200
89056329,1,37035.0,5,94,4.0,10.0,74,20,16,0,0,2,11,0,25,41,35,68,50,100,100,277,22,351,160,317,120,101,60,49,25,250,200
89056330,0,67741.0,8,177,0.0,22.0,179,0,44,0,0,133,0,0,2,42,35,70,50,100,58,277,152,311,160,281,120,109,60,57,25,247,200
89056330,1,58451.0,12,238,10.0,18.0,21,11,10,0,0,0,0,0,0,42,35,70,50,100,58,277,152,311,160,281,120,109,60,57,25,247,200
89056824,0,29213.0,7,203,11.0,0.0,129,34,29,0,0,5,5,0,56,41,28,70,50,100,100,278,1,347,160,315,120,88,60,45,25,251,200
89056824,1,28066.0,7,203,11.0,0.0,128,34,29,0,0,5,5,0,55,41,28,70,50,100,100,278,1,347,160,315,120,88,60,45,25,251,200
89056825,0,12393.0,18,368,0.0,0.0,202,49,61,0,0,0,0,0,92,41,28,77,50,100,30,277,1,208,91,318,120,94,60,53,25,249,200
89056825,1,39419.0,10,190,11.0,10.0,261,117,57,0,0,0,0,0,87,41,28,77,50,100,30,277,1,208,91,318,120,94,60,53,25,249,200
89056827,0,93672.0,8,240,0.0,12.0,154,13,32,0,0,36,4,0,69,41,29,67,50,100,51,280,165,273,160,293,120,97,60,49,22,250,200
89056827,1,60377.0,9,242,8.0,13.0,219,121,14,0,0,6,17,0,61,41,29,67,50,100,51,280,165,273,160,293,120,97,60,49,22,250,200
89056828,0,151.0,0,0,0.0,0.0,1,0,0,0,0,0,0,0,1,42,35,65,50,101,100,293,250,368,160,321,120,103,60,50,25,247,200
89056828,1,621.0,5,86,19.0,0.0,119,111,0,0,0,0,8,0,0,42,35,65,50,101,100,293,250,368,160,321,120,103,60,50,25,247,200
89056829,0,39241.0,7,203,,13.0,86,27,32,0,0,3,5,0,19,41,28,69,50,100,34,281,1,258,160,306,120,105,60,55,25,251,200
89056829,1,21485.0,18,369,0.0,0.0,211,50,73,0,0,0,0,0,88,41,28,69,50,100,34,281,1,258,160,306,120,105,60,55,25,251,200
89056831,0,28117.0,7,203,11.0,0.0,127,36,29,0,0,5,5,0,52,42,34,68,50,100,100,278,1,358,160,308,120,90,60,44,23,247,200
89056831,1,29155.0,7,203,11.0,0.0,129,34,29,0,0,5,5,0,56,42,34,68,50,100,100,278,1,358,160,308,120,90,60,44,23,247,200
89057328,0,36699.0,5,113,12.0,12.0,51,2,27,0,0,5,0,0,17,42,35,70,50,100,83,278,201,263,160,312,120,105,60,57,25,244,200
89057328,1,64038.0,10,206,11.0,11.0,35,0,17,0,0,3,0,0,15,42,35,70,50,100,83,278,201,263,160,312,120,105,60,57,25,244,200
89057329,0,41311.0,4,109,12.0,12.0,49,2,27,0,0,5,0,0,15,42,35,66,50,100,68,284,246,343,160,331,120,109,60,55,25,246,200
89057329,1,20392.0,2,33,,0.0,20,20,0,0,0,0,0,0,0,42,35,66,50,100,68,284,246,343,160,331,120,109,60,55,25,246,200
89057330,0,27339.0,7,203,11.0,0.0,126,34,29,0,0,5,5,0,53,42,34,70,50,100,100,278,1,347,160,301,120,92,60,45,23,248,200
89057330,1,29721.0,7,203,11.0,0.0,125,37,27,0,0,3,4,0,54,42,34,70,50,100,100,278,1,347,160,301,120,92,60,45,23,248,200
89057333,0,55768.0,9,241,8.0,13.0,236,136,14,0,0,5,16,0,65,40,31,74,50,100,50,280,165,248,152,299,120,91,60,47,22,248,200
89057333,1,85192.0,8,240,0.0,13.0,166,35,37,0,0,37,1,0,56,40,31,74,50,100,50,280,165,248,152,299,120,91,60,47,22,248,200
89057337,0,36077.0,7,203,,13.0,86,27,32,0,0,3,5,0,19,42,35,65,50,100,100,277,25,358,160,333,120,99,60,49,25,246,200
89057337,1,33633.0,5,99,4.0,10.0,74,20,18,0,0,2,11,0,23,42,35,65,50,100,100,277,25,358,160,333,120,99,60,49,25,246,200
89057828,0,2393.0,4,101,0.0,0.0,439,0,0,0,0,0,0,0,439,42,35,71,50,100,100,281,219,358,160,323,120,96,60,44,22,246,200
89057828,1,48849.0,7,203,,13.0,86,27,32,0,0,3,5,0,19,42,35,71,50,100,100,281,219,358,160,323,120,96,60,44,22,246,200
89057831,0,43041.0,7,203,11.0,11.0,128,34,29,0,0,5,5,0,55,42,31,71,50,100,56,277,169,273,160,310,120,94,60,54,25,249,200
89057831,1,73962.0,12,238,10.0,18.0,20,11,9,0,0,0,0,0,0,42,31,71,50,100,56,277,169,273,160,310,120,94,60,54,25,249,200
89057832,0,58740.0,10,208,11.0,11.0,39,0,19,0,0,1,0,0,19,42,32,73,50,100,100,278,192,247,160,274,120,100,60,55,25,253,200
89057832,1,42561.0,8,214,0.0,14.0,461,8,217,0,0,46,5,0,185,42,32,73,50,100,100,278,192,247,160,274,120,100,60,55,25,253,200
89057833,0,38882.0,7,203,11.0,11.0,123,35,27,0,0,3,4,0,54,41,32,69,50,100,100,278,13,358,160,310,120,105,60,47,23,247,200
89057833,1,27910.0,11,244,0.0,0.0,108,22,30,0,0,34,5,0,17,41,32,69,50,100,100,278,13,358,160,310,120,105,60,47,23,247,200
89057834,0,73425.0,8,240,0.0,12.0,145,9,31,0,0,34,1,0,70,41,31,74,50,100,48,278,142,235,78,281,120,104,60,53,24,251,200
89057834,1,70980.0,12,218,11.0,11.0,135,21,14,0,0,9,6,0,85,41,31,74,50,100,48,278,142,235,78,281,120,104,60,53,24,251,200
89057836,0,33608.0,7,203,11.0,11.0,124,36,29,0,0,5,5,0,49,41,32,75,50,100,100,277,1,311,160,306,120,92,60,43,25,252,200
89057836,1,16601.0,10,190,11.0,0.0,267,124,53,0,0,0,0,0,90,41,32,75,50,100,100,277,1,311,160,306,120,92,60,43,25,252,200
89057837,0,82346.0,12,307,11.0,11.0,123,35,26,0,0,14,5,0,43,41,35,63,50,100,32,278,111,268,160,297,120,98,60,54,25,247,200
89057837,1,78401.0,12,218,8.0,12.0,178,6,21,0,0,7,0,0,144,41,35,63,50,100,32,278,111,268,160,297,120,98,60,54,25,247,200
89058338,0,3822.0,2,60,,0.0,9,0,0,0,0,0,9,0,0,42,35,75,50,100,100,293,250,354,160,327,120,91,60,47,25,246,200
89058338,1,4002.0,4,105,0.0,0.0,452,0,0,0,0,0,0,0,452,42,35,75,50,100,100,293,250,354,160,327,120,91,60,47,25,246,200
89058339,0,36342.0,7,203,11.0,11.0,125,37,27,0,0,3,4,0,54,41,32,75,50,100,100,278,10,316,160,292,120,88,60,46,25,250,200
89058339,1,43259.0,9,193,7.0,13.0,165,79,24,0,0,0,0,0,62,41,32,75,50,100,100,278,10,316,160,292,120,88,60,46,25,250,200
89058340,0,62682.0,8,240,0.0,12.0,178,5,19,0,0,19,15,0,120,42,31,65,50,100,3,277,54,293,160,308,120,95,60,54,22,244,200
89058340,1,131089.0,12,240,10.0,15.0,62,18,25,0,0,0,0,0,19,42,31,65,50,100,3,277,54,293,160,308,120,95,60,54,22,244,200
89058341,0,3375.0,0,0,,0.0,15,0,0,0,0,0,0,0,15,42,35,70,50,100,87,293,250,346,160,318,120,109,60,53,25,245,200
89058341,1,21421.0,2,26,,0.0,20,20,0,0,0,0,0,0,0,42,35,70,50,100,87,293,250,346,160,318,120,109,60,53,25,245,200
89058343,0,29105.0,7,203,11.0,0.0,125,36,29,0,0,5,5,0,50,42,31,64,50,100,100,278,1,336,160,305,120,99,60,42,22,253,200
89058343,1,26071.0,7,203,11.0,0.0,131,31,33,0,0,5,8,0,54,42,31,64,50,100,100,278,1,336,160,305,120,99,60,42,22,253,200
89058835,0,61847.0,10,213,11.0,11.0,22,0,14,0,0,1,0,0,7,42,35,77,50,100,70,278,129,220,112,322,120,96,60,56,25,246,200
89058835,1,41524.0,7,203,,13.0,86,27,32,0,0,3,5,0,19,42,35,77,50,100,70,278,129,220,112,322,120,96,60,56,25,246,200
89058836,0,62378.0,10,209,12.0,12.0,33,0,18,0,0,0,0,0,15,41,35,69,50,100,100,280,13,255,156,308,120,94,60,53,25,251,200
89058836,1,58861.0,12,226,7.0,18.0,244,112,45,0,0,0,0,0,87,41,35,69,50,100,100,280,13,255,156,308,120,94,60,53,25,251,200
89058838,0,3000.0,0,0,,0.0,0,0,0,0,0,0,0,0,0,42,35,68,50,100,87,293,250,339,160,339,120,107,60,53,25,245,200
89058838,1,19994.0,2,32,,0.0,20,20,0,0,0,0,0,0,0,42,35,68,50,100,87,293,250,339,160,339,120,107,60,53,25,245,200
89058839,0,54622.0,10,261,10.0,11.0,247,0,36,0,0,65,0,0,146,41,31,68,50,100,49,278,1,326,160,272,120,94,60,43,21,252,200
89058839,1,94228.0,8,240,0.0,13.0,162,33,20,0,0,44,1,0,64,41,31,68,50,100,49,278,1,326,160,272,120,94,60,43,21,252,200
89058840,0,29096.0,7,203,11.0,0.0,125,37,27,0,0,3,4,0,54,41,28,66,50,100,100,278,1,347,160,301,120,101,60,43,22,253,200
89058840,1,25993.0,7,203,11.0,0.0,121,34,29,0,0,5,5,0,48,41,28,66,50,100,100,278,1,347,160,301,120,101,60,43,22,253,200
89058841,0,28226.0,7,203,11.0,0.0,122,34,29,0,0,5,5,0,49,40,27,74,50,100,100,278,1,358,160,318,120,92,60,47,25,248,200
89058841,1,29246.0,7,203,11.0,0.0,129,34,29,0,0,5,5,0,56,40,27,74,50,100,100,278,1,358,160,318,120,92,60,47,25,248,200
89059338,0,57372.0,9,243,0.0,11.0,199,60,27,0,0,4,21,0,87,41,27,77,50,100,51,278,214,255,160,324,120,89,60,51,25,245,200
89059338,1,62159.0,6,146,0.0,18.0,197,79,44,0,0,0,0,0,74,41,27,77,50,100,51,278,214,255,160,324,120,89,60,51,25,245,200
89059339,0,59247.0,10,203,12.0,12.0,37,0,17,0,0,1,0,0,19,42,33,64,50,100,100,278,154,300,160,320,120,99,60,49,24,251,200
89059339,1,52024.0,9,243,0.0,11.0,223,59,24,0,0,6,21,0,113,42,33,64,50,100,100,278,154,300,160,320,120,99,60,49,24,251,200
89059340,0,71886.0,10,213,11.0,11.0,22,0,9,0,0,2,0,0,11,41,35,66,50,100,78,278,70,265,160,327,120,107,60,55,25,249,200
89059340,1,65166.0,12,223,7.0,18.0,225,101,45,0,0,0,0,0,79,41,35,66,50,100,78,278,70,265,160,327,120,107,60,55,25,249,200
89059342,0,45304.0,7,203,11.0,11.0,123,34,29,0,0,5,5,0,50,42,32,74,50,100,100,278,206,328,160,284,120,96,60,48,25,252,200
89059342,1,5482.0,0,0,,0.0,2,0,2,0,0,0,0,0,0,42,32,74,50,100,100,278,206,328,160,284,120,96,60,48,25,252,200
89059343,0,65373.0,8,240,0.0,21.0,150,28,27,0,0,34,3,0,58,42,35,71,50,100,13,278,81,262,160,287,120,101,60,53,25,250,200
89059343,1,83240.0,10,273,9.0,11.0,152,13,26,0,0,43,8,0,62,42,35,71,50,100,13,278,81,262,160,287,120,101,60,53,25,250,200
89059345,0,2576.0,4,101,0.0,0.0,440,0,0,0,0,0,0,0,440,42,35,67,50,100,100,280,240,368,160,321,120,96,60,45,23,248,200
89059345,1,22760.0,4,56,0.0,0.0,116,19,90,0,0,0,0,0,7,42,35,67,50,100,100,280,240,368,160,321,120,96,60,45,23,248,200
89059866,0,51926.0,10,242,0.0,13.0,373,138,111,0,0,0,0,0,124,41,31,73,50,100,100,281,142,340,160,314,120,96,60,45,25,250,200
89059866,1,3000.0,0,0,,0.0,0,0,0,0,0,0,0,0,0,41,31,73,50,100,100,281,142,340,160,314,120,96,60,45,25,250,200
89059870,0,33091.0,7,203,11.0,11.0,128,34,29,0,0,5,5,0,55,39,26,71,50,100,100,277,1,347,160,299,120,99,60,44,24,253,200
89059870,1,15604.0,10,192,11.0,0.0,283,125,55,0,0,0,0,0,103,39,26,71,50,100,100,277,1,347,160,299,120,99,60,44,24,253,200
89059872,0,33.0,2,60,0.0,0.0,0,0,0,0,0,0,0,0,0,42,35,67,50,102,100,293,250,344,160,286,120,89,60,49,25,252,200
89059872,1,5255.0,4,100,10.0,0.0,78,0,0,0,0,0,78,0,0,42,35,67,50,102,100,293,250,344,160,286,120,89,60,49,25,252,200
89059898,0,84819.0,10,290,,15.0,27,1,22,0,0,0,0,0,4,42,35,73,50,100,1,282,65,264,160,321,120,111,60,59,25,239,1
89059898,1,80370.0,10,290,,15.0,28,1,24,0,0,0,0,0,3,42,35,73,50,100,1,282,65,264,160,321,120,111,60,59,25,239,1
89060356,0,91000.0,10,297,,16.0,25,3,18,0,0,0,0,0,4,42,35,66,50,100,38,281,7,302,160,304,120,111,60,51,25,244,194
89060356,1,48093.0,6,171,13.0,13.0,172,0,35,0,0,0,0,0,137,42,35,66,50,100,38,281,7,302,160,304,120,111,60,51,25,244,194
89060362,0,46166.0,8,202,0.0,14.0,285,8,65,0,0,23,5,0,184,42,31,70,50,100,87,283,242,331,160,283,120,100,60,52,25,247,200
89060362,1,19070.0,2,32,,0.0,20,20,0,0,0,0,0,0,0,42,31,70,50,100,87,283,242,331,160,283,120,100,60,52,25,247,200
89060364,0,88936.0,10,278,9.0,11.0,132,7,25,0,0,40,8,0,52,41,32,60,50,100,8,278,13,307,160,287,120,95,60,59,25,246,200
89060364,1,62998.0,12,308,11.0,11.0,111,35,26,0,0,13,5,0,32,41,32,60,50,100,8,278,13,307,160,287,120,95,60,59,25,246,200
89060840,0,42109.0,7,203,11.0,11.0,126,35,29,0,0,5,5,0,52,42,33,65,50,100,35,278,65,305,160,313,120,112,60,54,25,242,189
89060840,1,112248.0,10,297,,15.0,24,2,18,0,0,0,0,0,4,42,33,65,50,100,35,278,65,305,160,313,120,112,60,54,25,242,189
89060842,0,102234.0,12,301,11.0,11.0,25,0,25,0,0,0,0,0,0,42,35,68,50,100,35,278,13,290,160,305,120,90,60,57,25,246,200
89060842,1,38485.0,11,251,0.0,13.0,109,23,29,0,0,34,4,0,19,42,35,68,50,100,35,278,13,290,160,305,120,90,60,57,25,246,200
89060845,0,44702.0,9,193,7.0,14.0,175,73,23,0,0,0,0,0,79,41,32,71,50,100,100,278,1,341,160,299,120,105,60,47,25,248,200
89060845,1,34296.0,7,203,11.0,11.0,124,34,29,0,0,5,5,0,51,41,32,71,50,100,100,278,1,341,160,299,120,105,60,47,25,248,200
89060846,0,69447.0,6,139,0.0,18.0,187,79,47,0,0,0,0,0,61,41,28,67,50,100,8,287,250,267,160,308,120,107,60,61,25,251,200
89060846,1,45459.0,12,238,10.0,10.0,21,11,10,0,0,0,0,0,0,41,28,67,50,100,8,287,250,267,160,308,120,107,60,61,25,251,200
89060847,0,72560.0,12,315,11.0,11.0,112,35,26,0,0,14,6,0,31,42,35,64,50,100,1,278,28,215,160,274,120,94,60,55,23,249,200
89060847,1,55944.0,8,240,0.0,12.0,147,12,20,0,0,47,0,0,68,42,35,64,50,100,1,278,28,215,160,274,120,94,60,55,23,249,200
89060849,0,46358.0,10,258,10.0,11.0,241,0,34,0,0,62,0,0,145,42,35,70,50,100,100,278,1,347,160,277,120,86,60,41,22,250,200
89060849,1,31788.0,10,290,11.0,11.0,153,37,27,0,0,4,5,0,80,42,35,70,50,100,100,278,1,347,160,277,120,86,60,41,22,250,200
89061329,0,110973.0,10,297,,16.0,24,1,18,0,0,0,0,0,5,41,30,73,50,100,37,278,125,308,160,326,120,83,56,50,25,247,193
89061329,1,50353.0,9,244,0.0,11.0,232,75,23,0,0,2,22,0,110,41,30,73,50,100,37,278,125,308,160,326,120,83,56,50,25,247,193
89061332,0,42805.0,7,203,11.0,11.0,129,34,29,0,0,5,5,0,56,41,32,75,50,100,77,278,146,264,160,319,120,92,60,55,25,251,200
89061332,1,74524.0,10,213,,12.0,15,0,12,0,0,0,0,0,3,41,32,75,50,100,77,278,146,264,160,319,120,92,60,55,25,251,200
89061333,0,22507.0,6,168,,0.0,124,0,32,0,0,0,0,0,92,42,35,66,50,100,100,278,1,340,160,310,120,107,60,45,25,248,200
89061333,1,29813.0,7,203,11.0,0.0,125,34,29,0,0,5,5,0,52,42,35,66,50,100,100,278,1,340,160,310,120,107,60,45,25,248,200
89061334,0,107749.0,12,301,11.0,11.0,24,0,24,0,0,0,0,0,0,42,33,61,50,100,30,278,1,307,160,313,120,92,60,56,25,243,199
89061334,1,27667.0,7,203,11.0,0.0,128,34,29,0,0,5,5,0,55,42,33,61,50,100,30,278,1,307,160,313,120,92,60,56,25,243,199
89061335,0,59081.0,10,213,11.0,11.0,16,0,10,0,0,2,0,0,4,42,35,62,50,100,17,278,165,247,160,309,120,99,60,62,25,244,200
89061335,1,78212.0,12,308,11.0,11.0,122,34,26,0,0,14,5,0,43,42,35,62,50,100,17,278,165,247,160,309,120,99,60,62,25,244,200
89061336,0,73273.0,8,240,0.0,12.0,143,48,19,0,0,36,4,0,36,42,32,69,50,100,6,280,219,261,160,305,120,87,60,54,22,249,200
89061336,1,68336.0,6,148,0.0,18.0,192,78,54,0,0,0,0,0,60,42,32,69,50,100,6,280,219,261,160,305,120,87,60,54,22,249,200
89061338,0,24731.0,10,290,11.0,0.0,153,37,27,0,0,4,5,0,80,42,32,69,50,100,100,278,1,351,160,313,120,103,60,40,22,250,200
89061338,1,26354.0,9,192,,0.0,106,0,33,0,0,0,0,0,73,42,32,69,50,100,100,278,1,351,160,313,120,103,60,40,22,250,200
89061830,0,21186.0,7,203,,0.0,86,27,32,0,0,3,5,0,19,42,32,70,50,100,100,278,13,324,160,298,120,105,60,47,23,253,200
89061830,1,34777.0,7,203,11.0,11.0,127,34,29,0,0,5,5,0,54,42,32,70,50,100,100,278,13,324,160,298,120,105,60,47,23,253,200
89061831,0,21016.0,6,174,,0.0,55,1,38,0,0,0,0,0,16,42,32,68,50,100,100,279,7,354,160,312,120,109,60,51,24,248,200
89061831,1,27978.0,8,216,0.0,0.0,286,8,59,0,0,29,5,0,185,42,32,68,50,100,100,279,7,354,160,312,120,109,60,51,24,248,200
89061832,0,46020.0,7,203,11.0,11.0,129,36,29,0,0,5,5,0,54,42,35,65,50,100,100,278,214,358,160,306,120,99,60,46,24,250,200
89061832,1,3000.0,0,0,,0.0,0,0,0,0,0,0,0,0,0,42,35,65,50,100,100,278,214,358,160,306,120,99,60,46,24,250,200
89061833,0,51471.0,11,249,0.0,13.0,103,23,29,0,0,34,4,0,13,41,35,70,50,100,35,281,51,344,160,278,120,99,60,55,25,240,200
89061833,1,101580.0,10,295,,15.0,24,2,18,0,0,0,0,0,4,41,35,70,50,100,35,281,51,344,160,278,120,99,60,55,25,240,200
89061835,0,43099.0,6,135,0.0,18.0,161,79,19,0,0,0,0,0,63,42,31,68,50,100,1,284,250,287,160,330,120,101,60,58,25,240,200
89061835,1,101160.0,10,297,,14.0,26,4,18,0,0,0,0,0,4,42,31,68,50,100,1,284,250,287,160,330,120,101,60,58,25,240,200
89061838,0,45560.0,12,311,11.0,11.0,24,0,24,0,0,0,0,0,0,42,28,55,42,100,22,278,1,274,160,283,120,98,60,63,25,226,1
89061838,1,94001.0,13,325,0.0,11.0,106,21,38,0,0,47,0,0,0,42,28,55,42,100,22,278,1,274,160,283,120,98,60,63,25,226,1
89062321,0,66652.0,13,355,11.0,11.0,57,18,21,0,0,2,3,0,13,42,35,66,50,100,1,278,192,271,160,301,120,106,60,60,25,230,116
89062321,1,89609.0,10,292,,16.0,27,5,18,0,0,0,0,0,4,42,35,66,50,100,1,278,192,271,160,301,120,106,60,60,25,230,116
89062322,0,6259.0,0,0,,0.0,2,0,2,0,0,0,0,0,0,42,35,69,50,100,100,293,250,324,160,294,120,96,60,49,25,253,200
89062322,1,3000.0,0,0,,0.0,0,0,0,0,0,0,0,0,0,42,35,69,50,100,100,293,250,324,160,294,120,96,60,49,25,253,200
89062325,0,109689.0,12,311,11.0,11.0,25,0,25,0,0,0,0,0,0,41,27,56,50,100,53,278,78,306,160,297,120,91,60,52,24,245,200
89062325,1,40067.0,10,295,0.0,11.0,202,84,18,0,0,5,15,0,80,41,27,56,50,100,53,278,78,306,160,297,120,91,60,52,24,245,200
89062326,0,51577.0,8,199,0.0,14.0,302,8,67,0,0,37,5,0,185,42,32,77,50,100,22,282,227,216,15,304,120,100,60,59,25,248,200
89062326,1,44817.0,12,302,12.0,13.0,22,0,0,0,0,0,0,0,22,42,32,77,50,100,22,282,227,216,15,304,120,100,60,59,25,248,200
89062328,0,52179.0,13,357,11.0,11.0,63,19,24,0,0,2,4,0,14,42,32,74,50,100,14,281,192,219,1,326,120,93,60,60,25,248,200
89062328,1,25067.0,10,213,11.0,0.0,15,0,9,0,0,0,0,0,6,42,32,74,50,100,14,281,192,219,1,326,120,93,60,60,25,248,200
89062813,0,96422.0,15,292,10.0,18.0,85,14,24,0,0,0,0,0,47,42,31,69,50,100,17,277,106,272,160,324,120,96,60,57,25,243,193
89062813,1,36940.0,10,282,,7.0,27,4,18,0,0,0,0,0,5,42,31,69,50,100,17,277,106,272,160,324,120,96,60,57,25,243,193
89062814,0,35282.0,8,200,0.0,14.0,289,8,65,0,0,26,5,0,185,42,32,66,50,100,100,279,1,340,160,300,120,98,60,47,23,250,200
89062814,1,23423.0,6,174,,0.0,70,2,40,0,0,0,0,0,28,42,32,66,50,100,100,279,1,340,160,300,120,98,60,47,23,250,200
89062816,0,98816.0,12,310,11.0,11.0,24,0,24,0,0,0,0,0,0,42,35,61,50,100,39,278,40,285,160,270,120,91,60,56,24,245,200
89062816,1,59225.0,8,240,0.0,12.0,183,4,19,0,0,82,3,0,75,42,35,61,50,100,39,278,40,285,160,270,120,91,60,56,24,245,200
89063303,0,74014.0,10,254,10.0,11.0,229,0,34,0,0,68,0,0,127,42,35,66,50,100,36,278,25,311,160,299,120,111,60,52,25,245,193
89063303,1,112083.0,10,293,,15.0,24,1,18,0,0,0,0,0,5,42,35,66,50,100,36,278,25,311,160,299,120,111,60,52,25,245,193
89063306,0,121515.0,13,323,0.0,11.0,104,21,37,0,0,46,0,0,0,42,27,67,50,100,29,278,111,247,63,292,120,92,60,60,25,246,200
89063306,1,53377.0,10,213,,11.0,16,0,14,0,0,0,0,0,2,42,27,67,50,100,29,278,111,247,63,292,120,92,60,60,25,246,200
89063309,0,66771.0,13,214,8.0,12.0,143,6,33,0,0,13,0,0,91,42,35,73,50,100,72,278,176,197,97,294,120,98,60,54,25,253,200
89063309,1,39965.0,10,213,11.0,11.0,53,0,10,0,0,5,0,0,38,42,35,73,50,100,72,278,176,197,97,294,120,98,60,54,25,253,200
89063806,0,37439.0,7,203,11.0,11.0,125,36,29,0,0,5,5,0,50,42,33,71,50,100,100,278,13,325,160,319,120,99,60,49,25,246,200
89063806,1,42184.0,9,188,7.0,14.0,168,90,27,0,0,0,0,0,51,42,33,71,50,100,100,278,13,325,160,319,120,99,60,49,25,246,200
89063808,0,96726.0,10,288,,15.0,28,2,17,0,0,0,1,0,8,41,35,73,50,100,21,278,243,272,160,308,120,95,60,59,25,244,199
89063808,1,65757.0,10,213,12.0,12.0,29,0,17,0,0,0,0,0,12,41,35,73,50,100,21,278,243,272,160,308,120,95,60,59,25,244,199
89063812,0,77944.0,10,213,,11.0,13,0,11,0,0,0,0,0,2,41,32,73,50,100,72,278,111,256,160,310,120,94,60,52,25,252,200
89063812,1,39435.0,10,290,11.0,11.0,149,35,27,0,0,4,5,0,78,41,32,73,50,100,72,278,111,256,160,310,120,94,60,52,25,252,200
89063815,0,106062.0,12,302,8.0,14.0,24,0,0,0,0,0,0,0,24,41,35,73,50,100,21,293,250,253,160,314,120,84,60,57,25,248,200
89063815,1,5035.0,4,100,10.0,0.0,78,0,0,0,0,0,78,0,0,41,35,73,50,100,21,293,250,253,160,314,120,84,60,57,25,248,200
89064289,0,33056.0,7,203,11.0,11.0,108,17,38,0,0,5,6,0,42,42,32,77,50,100,100,278,1,324,160,302,120,99,60,49,25,248,200
89064289,1,16876.0,7,203,,0.0,86,27,32,0,0,3,5,0,19,42,32,77,50,100,100,278,1,324,160,302,120,99,60,49,25,248,200
89064290,0,6545.0,0,0,,0.0,113,113,0,0,0,0,0,0,0,42,32,71,50,100,100,278,228,332,160,310,120,108,60,49,25,246,200
89064290,1,359.0,7,203,0.0,0.0,124,25,27,0,0,2,5,0,65,42,32,71,50,100,100,278,228,332,160,310,120,108,60,49,25,246,200
89064291,0,44129.0,10,295,,13.0,26,2,18,0,0,0,0,0,6,42,31,76,50,100,10,277,70,256,122,311,120,92,60,59,25,236,129
89064291,1,105665.0,12,243,10.0,17.0,69,14,25,0,0,0,0,0,30,42,31,76,50,100,10,277,70,256,122,311,120,92,60,59,25,236,129
89064294,0,3846.0,2,60,,0.0,9,0,0,0,0,0,9,0,0,42,35,67,50,100,100,278,241,351,160,327,120,93,60,44,23,247,200
89064294,1,38903.0,7,203,11.0,11.0,150,37,23,0,0,0,0,0,90,42,35,67,50,100,100,278,241,351,160,327,120,93,60,44,23,247,200
89064298,0,28403.0,7,203,11.0,0.0,123,34,29,0,0,5,5,0,50,42,34,71,50,100,100,278,1,332,160,304,120,84,60,44,23,250,200
89064298,1,28786.0,7,203,11.0,0.0,127,34,29,0,0,5,5,0,54,42,34,71,50,100,100,278,1,332,160,304,120,84,60,44,23,250,200
89064784,0,24803.0,7,203,11.0,0.0,111,16,38,0,0,6,6,0,45,41,29,71,50,100,100,278,1,361,160,312,120,90,60,46,23,247,200
89064784,1,26385.0,7,203,11.0,0.0,126,36,29,0,0,5,5,0,51,41,29,71,50,100,100,278,1,361,160,312,120,90,60,46,23,247,200
89064786,0,27783.0,7,203,,0.0,86,27,32,0,0,3,5,0,19,42,34,68,50,100,100,281,13,332,160,318,120,95,60,48,25,251,200
89064786,1,27783.0,7,203,,0.0,86,27,32,0,0,3,5,0,19,42,34,68,50,100,100,281,13,332,160,318,120,95,60,48,25,251,200
89064787,0,69390.0,10,297,,16.0,27,4,18,0,0,0,0,0,5,42,35,75,50,100,1,280,146,270,160,306,120,105,60,56,24,238,137
89064787,1,86667.0,8,240,0.0,13.0,149,11,32,0,0,37,2,0,67,42,35,75,50,100,1,280,146,270,160,306,120,105,60,56,24,238,137
89064791,0,43645.0,7,203,11.0,11.0,129,34,29,0,0,5,5,0,56,42,31,68,50,100,58,277,162,320,160,316,120,105,60,55,25,246,200
89064791,1,61363.0,12,238,10.0,18.0,21,11,10,0,0,0,0,0,0,42,31,68,50,100,58,277,162,320,160,316,120,105,60,55,25,246,200
89064792,0,1009.0,13,194,0.0,0.0,76,21,34,0,0,21,0,0,0,42,27,75,50,100,100,278,1,328,160,307,120,88,60,44,22,253,200
89064792,1,27031.0,9,192,,0.0,106,0,33,0,0,0,0,0,73,42,27,75,50,100,100,278,1,328,160,307,120,88,60,44,22,253,200
89065277,0,12686.0,8,205,,0.0,54,0,0,0,0,0,0,0,54,42,33,51,42,100,59,290,250,324,160,304,120,103,60,51,25,252,200
89065277,1,39883.0,7,209,,7.0,107,36,8,0,0,0,0,0,63,42,33,51,42,100,59,290,250,324,160,304,120,103,60,51,25,252,200
89065282,0,28092.0,5,112,15.0,0.0,89,31,12,0,0,2,8,0,36,42,32,69,50,100,100,281,221,336,160,296,120,87,60,45,22,250,200
89065282,1,16076.0,12,290,13.0,0.0,219,62,46,0,0,13,27,0,71,42,32,69,50,100,100,281,221,336,160,296,120,87,60,45,22,250,200
89065284,0,71533.0,10,297,,17.0,24,2,18,0,0,0,0,0,4,42,33,76,50,100,1,278,198,239,160,301,120,87,60,59,25,237,193
89065284,1,69218.0,13,355,11.0,11.0,64,23,21,0,0,2,2,0,16,42,33,76,50,100,1,278,198,239,160,301,120,87,60,59,25,237,193
89065769,0,5340.0,0,0,,0.0,110,110,0,0,0,0,0,0,0,40,25,71,50,100,100,287,250,344,160,311,120,96,60,48,25,252,200
89065769,1,29376.0,4,120,,0.0,95,56,16,0,0,0,0,0,23,40,25,71,50,100,100,287,250,344,160,311,120,96,60,48,25,252,200
89065770,0,16020.0,10,190,11.0,0.0,263,120,50,0,0,0,0,0,93,41,35,68,50,100,100,277,13,347,160,304,120,114,60,47,25,250,200
89065770,1,27477.0,8,240,,0.0,93,53,40,0,0,0,0,0,0,41,35,68,50,100,100,277,13,347,160,304,120,114,60,47,25,250,200
89065775,0,27532.0,7,203,,0.0,86,27,32,0,0,3,5,0,19,42,35,75,50,100,100,281,13,324,160,305,120,92,60,49,23,247,200
89065775,1,27447.0,7,203,,0.0,91,26,35,0,0,4,6,0,20,42,35,75,50,100,100,281,13,324,160,305,120,92,60,49,23,247,200
89065777,0,27521.0,6,174,,0.0,59,2,38,0,0,0,0,0,19,42,35,72,50,100,100,279,101,332,160,330,120,98,60,49,24,250,200
89065777,1,8597.0,5,66,0.0,0.0,194,42,88,0,0,0,0,0,64,42,35,72,50,100,100,279,101,332,160,330,120,98,60,49,24,250,200
89065778,0,42809.0,13,356,11.0,11.0,66,19,22,0,0,3,3,0,19,42,33,71,50,100,16,278,192,197,1,299,120,102,60,60,25,249,200
89065778,1,16897.0,10,213,,0.0,22,0,19,0,0,0,0,0,3,42,33,71,50,100,16,278,192,197,1,299,120,102,60,60,25,249,200
89066261,0,3000.0,0,0,,0.0,0,0,0,0,0,0,0,0,0,42,35,77,50,100,100,291,250,324,160,318,120,101,60,51,25,250,200
89066261,1,219.0,6,18,0.0,0.0,6,0,6,0,0,0,0,0,0,42,35,77,50,100,100,291,250,324,160,318,120,101,60,51,25,250,200
89066262,0,30030.0,8,240,,10.0,70,42,28,0,0,0,0,0,0,42,31,65,50,100,100,278,1,347,160,306,120,103,60,42,22,250,200
89066262,1,36408.0,9,244,0.0,11.0,235,79,14,0,0,3,21,0,118,42,31,65,50,100,100,278,1,347,160,306,120,103,60,42,22,250,200
89066264,0,50481.0,10,244,0.0,14.0,352,8,97,0,0,57,5,0,185,42,31,65,50,100,100,278,131,333,160,294,120,95,60,46,22,252,200
89066264,1,18537.0,7,131,4.0,0.0,292,97,68,0,0,5,21,0,101,42,31,65,50,100,100,278,131,333,160,294,120,95,60,46,22,252,200
89066266,0,26035.0,7,203,11.0,0.0,115,17,38,0,0,5,6,0,49,42,35,74,50,100,100,278,1,324,160,298,120,99,60,46,23,248,200
89066266,1,27869.0,7,203,11.0,0.0,129,34,29,0,0,5,5,0,56,42,35,74,50,100,100,278,1,324,160,298,120,99,60,46,23,248,200
89066267,0,33229.0,4,109,12.0,12.0,49,2,27,0,0,5,0,0,15,42,35,67,50,100,81,280,40,339,160,311,120,103,60,52,25,250,200
89066267,1,34698.0,7,203,,13.0,86,27,32,0,0,3,5,0,19,42,35,67,50,100,81,280,40,339,160,311,120,103,60,52,25,250,200
89066268,0,21467.0,12,283,13.0,0.0,203,49,52,0,0,15,31,0,56,41,32,71,50,100,100,284,250,365,160,320,120,91,60,50,24,248,200
89066268,1,3329.0,0,0,,0.0,15,0,0,0,0,0,0,0,15,41,32,71,50,100,100,284,250,365,160,320,120,91,60,50,24,248,200
89066269,0,926.0,5,101,,0.0,138,130,0,0,0,0,8,0,0,42,35,68,50,102,100,293,250,344,160,327,120,90,60,49,25,247,200
89066269,1,33.0,2,60,0.0,0.0,0,0,0,0,0,0,0,0,0,42,35,68,50,102,100,293,250,344,160,327,120,90,60,49,25,247,200
89066270,0,3000.0,0,0,,0.0,0,0,0,0,0,0,0,0,0,42,31,66,50,100,100,293,250,354,160,321,120,91,60,49,25,252,200
89066270,1,2446.0,4,72,3.0,0.0,379,77,0,0,0,39,263,0,0,42,31,66,50,100,100,293,250,354,160,321,120,91,60,49,25,252,200
89066271,0,4517.0,4,72,3.0,0.0,401,81,0,0,0,58,262,0,0,42,31,70,50,102,100,293,250,324,160,293,120,90,60,48,25,252,200
89066271,1,2517.0,4,28,,0.0,39,6,17,0,0,0,0,0,16,42,31,70,50,102,100,293,250,324,160,293,120,90,60,48,25,252,200
89066748,0,33823.0,7,203,11.0,11.0,124,36,29,0,0,5,5,0,49,41,30,73,50,100,100,278,13,358,160,321,120,86,60,46,23,247,200
89066748,1,21130.0,7,203,,0.0,86,27,32,0,0,3,5,0,19,41,30,73,50,100,100,278,13,358,160,321,120,86,60,46,23,247,200
89066750,0,49439.0,7,203,,13.0,86,27,32,0,0,3,5,0,19,42,35,53,43,100,100,281,219,361,160,329,120,105,60,51,25,246,200
89066750,1,12616.0,8,205,,0.0,54,0,0,0,0,0,0,0,54,42,35,53,43,100,100,281,219,361,160,329,120,105,60,51,25,246,200
89066751,0,33126.0,7,203,11.0,11.0,115,17,38,0,0,5,6,0,49,42,30,68,50,100,100,278,1,332,160,296,120,86,57,40,22,253,200
89066751,1,33821.0,9,235,0.0,11.0,235,76,13,0,0,6,19,0,121,42,30,68,50,100,100,278,1,332,160,296,120,86,57,40,22,253,200
89066754,0,6055.0,0,0,,0.0,3,0,3,0,0,0,0,0,0,41,35,70,50,100,100,291,250,362,160,319,120,99,60,49,25,245,200
89066754,1,22383.0,6,134,4.0,0.0,250,105,8,0,0,7,21,0,109,41,35,70,50,100,100,291,250,362,160,319,120,99,60,49,25,245,200
89066755,0,107251.0,10,292,,15.0,28,5,18,0,0,0,0,0,5,42,35,69,50,100,37,278,171,269,160,314,120,96,60,55,25,245,200
89066755,1,83497.0,13,214,8.0,13.0,146,0,23,0,0,24,0,0,99,42,35,69,50,100,37,278,171,269,160,314,120,96,60,55,25,245,200
89067221,0,42144.0,5,108,12.0,20.0,44,2,28,0,0,6,0,0,8,42,31,68,50,100,25,278,164,273,160,307,120,101,60,58,25,240,200
89067221,1,106037.0,13,323,0.0,11.0,74,21,27,0,0,26,0,0,0,42,31,68,50,100,25,278,164,273,160,307,120,101,60,58,25,240,200
89067223,0,10622.0,9,252,15.0,0.0,252,0,0,0,0,0,0,0,252,42,35,62,50,100,90,293,250,340,160,314,120,100,60,45,22,250,200
89067223,1,3968.0,2,60,,0.0,9,0,0,0,0,0,9,0,0,42,35,62,50,100,90,293,250,340,160,314,120,100,60,45,22,250,200
89067224,0,38175.0,7,209,,6.0,107,36,8,0,0,0,0,0,63,41,33,64,50,100,59,278,106,332,160,321,120,94,60,50,25,248,200
89067224,1,37351.0,8,240,,10.0,87,53,34,0,0,0,0,0,0,41,33,64,50,100,59,278,106,332,160,321,120,94,60,50,25,248,200
89067225,0,219.0,6,18,0.0,0.0,6,0,6,0,0,0,0,0,0,42,35,74,50,100,100,291,250,324,160,301,120,90,60,49,25,251,200
89067225,1,2853.0,1,27,,0.0,9,0,0,0,0,0,0,0,9,42,35,74,50,100,100,291,250,324,160,301,120,90,60,49,25,251,200
89067231,0,4681.0,0,0,,0.0,88,0,0,0,0,0,0,0,88,42,35,73,50,100,100,293,250,361,160,321,120,105,60,50,25,246,200
89067231,1,3000.0,0,0,,0.0,0,0,0,0,0,0,0,0,0,42,35,73,50,100,100,293,250,361,160,321,120,105,60,50,25,246,200
89067711,0,35487.0,7,203,,13.0,86,27,32,0,0,3,5,0,19,42,35,67,50,100,100,281,19,344,160,310,120,97,60,49,25,248,200
89067711,1,26541.0,3,90,,0.0,81,12,19,0,0,0,15,0,35,42,35,67,50,100,100,281,19,344,160,310,120,97,60,49,25,248,200
89067712,0,18338.0,9,252,16.0,0.0,228,0,0,0,0,0,0,0,228,42,35,60,50,100,78,287,240,311,160,304,120,98,60,46,21,253,200
89067712,1,12523.0,5,66,0.0,0.0,422,23,301,0,0,0,0,0,98,42,35,60,50,100,78,287,240,311,160,304,120,98,60,46,21,253,200
89067717,0,27154.0,7,203,11.0,0.0,122,33,29,0,0,6,6,0,48,42,34,75,50,100,100,278,1,328,160,297,120,93,60,45,23,248,200
89067717,1,29739.0,7,203,11.0,0.0,129,34,29,0,0,5,5,0,56,42,34,75,50,100,100,278,1,328,160,297,120,93,60,45,23,248,200
89067718,0,15888.0,4,120,,0.0,100,66,9,0,0,0,0,0,25,42,31,66,50,100,100,280,138,328,160,299,120,105,60,47,23,253,200
89067718,1,44805.0,7,203,,13.0,86,27,32,0,0,3,5,0,19,42,31,66,50,100,100,280,138,328,160,299,120,105,60,47,23,253,200
89067719,0,105482.0,10,292,,15.0,28,5,18,0,0,0,0,0,5,42,35,69,50,100,36,278,158,241,160,299,120,114,60,54,25,243,190
89067719,1,75992.0,13,212,8.0,12.0,169,3,22,0,0,10,0,0,134,42,35,69,50,100,36,278,158,241,160,299,120,114,60,54,25,243,190
89068180,0,11836.0,5,66,0.0,0.0,262,145,95,0,0,0,0,0,22,42,32,74,50,100,100,280,200,336,160,313,120,83,60,46,24,250,200
89068180,1,16464.0,12,277,13.0,0.0,212,56,42,0,0,16,30,0,68,42,32,74,50,100,100,280,200,336,160,313,120,83,60,46,24,250,200
89068182,0,30983.0,9,162,0.0,13.0,104,33,43,0,0,1,8,0,19,42,35,74,50,100,100,281,13,328,160,307,120,81,60,47,25,251,200
89068182,1,28862.0,3,90,,0.0,81,12,19,0,0,0,15,0,35,42,35,74,50,100,100,281,13,328,160,307,120,81,60,47,25,251,200
89068183,0,6584.0,0,0,,0.0,104,104,0,0,0,0,0,0,0,42,31,56,50,100,85,293,250,344,160,318,120,92,60,44,22,253,200
89068183,1,12746.0,9,252,19.0,0.0,238,2,0,0,0,0,0,0,236,42,31,56,50,100,85,293,250,344,160,318,120,92,60,44,22,253,200
89068185,0,24662.0,9,208,0.0,0.0,119,44,29,0,0,2,8,0,36,41,31,65,50,102,100,278,241,366,160,324,120,86,60,51,25,250,200
89068185,1,4881.0,4,100,10.0,0.0,74,0,0,0,0,0,74,0,0,41,31,65,50,102,100,278,241,366,160,324,120,86,60,51,25,250,200
89068186,0,29386.0,9,194,,0.0,106,0,34,0,0,0,0,0,72,42,32,70,50,100,100,278,1,354,160,325,120,85,60,37,21,246,200
89068186,1,34291.0,9,238,0.0,11.0,218,63,21,0,0,4,22,0,108,42,32,70,50,100,100,278,1,354,160,325,120,85,60,37,21,246,200
89068189,0,90436.0,10,295,,14.0,24,2,18,0,0,0,0,0,4,42,35,67,50,100,37,278,7,324,160,287,120,105,60,49,25,240,200
89068189,1,52941.0,11,183,10.0,10.0,212,38,33,0,0,9,0,0,132,42,35,67,50,100,37,278,7,324,160,287,120,105,60,49,25,240,200
89068190,0,3000.0,0,0,,0.0,0,0,0,0,0,0,0,0,0,42,35,68,50,100,100,293,250,344,160,314,120,105,60,51,25,252,200
89068190,1,3000.0,0,0,,0.0,0,0,0,0,0,0,0,0,0,42,35,68,50,100,100,293,250,344,160,314,120,105,60,51,25,252,200
89068191,0,41390.0,12,238,10.0,10.0,21,11,10,0,0,0,0,0,0,42,35,71,50,100,38,287,241,258,112,318,120,111,60,61,25,244,200
89068191,1,61184.0,10,213,,11.0,16,0,14,0,0,0,0,0,2,42,35,71,50,100,38,287,241,258,112,318,120,111,60,61,25,244,200
89068211,0,65929.0,12,238,10.0,11.0,76,15,35,0,0,0,0,0,26,42,29,66,50,100,1,278,76,305,160,321,120,101,60,65,25,227,1
89068211,1,65277.0,12,238,10.0,11.0,76,15,35,0,0,0,0,0,26,42,29,66,50,100,1,278,76,305,160,321,120,101,60,65,25,227,1
89068670,0,19202.0,9,252,16.0,0.0,223,0,0,0,0,0,0,0,223,42,35,62,50,100,77,277,31,332,160,330,120,103,60,43,22,246,200
89068670,1,54331.0,10,193,11.0,11.0,271,109,53,0,0,0,0,0,109,42,35,62,50,100,77,277,31,332,160,330,120,103,60,43,22,246,200
89068672,0,3000.0,0,0,,0.0,0,0,0,0,0,0,0,0,0,41,35,70,50,100,100,293,250,351,160,311,120,87,60,49,25,252,200
89068672,1,2441.0,2,46,0.0,0.0,93,0,0,0,0,0,93,0,0,41,35,70,50,100,100,293,250,351,160,311,120,87,60,49,25,252,200
89068673,0,55593.0,11,185,10.0,10.0,217,26,31,0,0,10,0,0,150,42,35,66,50,100,36,278,13,310,160,294,120,101,60,49,25,243,183
89068673,1,104093.0,10,297,,16.0,24,2,18,0,0,0,0,0,4,42,35,66,50,100,36,278,13,310,160,294,120,101,60,49,25,243,183
89068676,0,5702.0,0,0,,0.0,2,0,2,0,0,0,0,0,0,41,31,68,50,101,100,278,236,344,160,330,120,85,60,49,25,250,200
89068676,1,22445.0,9,211,0.0,0.0,116,44,28,0,0,3,7,0,34,41,31,68,50,101,100,278,236,344,160,330,120,85,60,49,25,250,200
89069142,0,34432.0,6,171,13.0,13.0,153,0,35,0,0,0,0,0,118,42,33,70,50,100,1,278,13,286,160,301,120,109,60,55,25,243,200
89069142,1,135131.0,12,238,10.0,11.0,73,14,33,0,0,0,0,0,26,42,33,70,50,100,1,278,13,286,160,301,120,109,60,55,25,243,200
89069144,0,37343.0,7,203,11.0,11.0,129,34,29,0,0,5,5,0,56,42,30,70,50,100,100,278,43,328,160,285,120,91,60,43,22,253,200
89069144,1,11353.0,12,278,13.0,0.0,181,45,38,0,0,16,23,0,59,42,30,70,50,100,100,278,43,328,160,285,120,91,60,43,22,253,200
89069147,0,18280.0,10,106,0.0,0.0,98,37,29,0,0,0,0,0,32,42,35,68,50,100,100,292,250,344,160,301,120,103,60,48,25,253,200
89069147,1,3000.0,0,0,,0.0,0,0,0,0,0,0,0,0,0,42,35,68,50,100,100,292,250,344,160,301,120,103,60,48,25,253,200
89069148,0,3000.0,0,0,,0.0,0,0,0,0,0,0,0,0,0,42,35,70,50,100,100,293,250,340,160,311,120,114,60,51,25,250,200
89069148,1,3000.0,0,0,,0.0,0,0,0,0,0,0,0,0,0,42,35,70,50,100,100,293,250,340,160,311,120,114,60,51,25,250,200
89069150,0,105494.0,10,292,,14.0,27,3,18,0,0,0,0,0,6,41,35,75,50,100,36,278,183,263,147,303,120,98,60,58,25,240,200
89069150,1,96402.0,12,217,11.0,17.0,112,0,18,0,0,11,0,0,83,41,35,75,50,100,36,278,183,263,147,303,120,98,60,58,25,240,200
89069151,0,20827.0,10,192,11.0,0.0,274,123,53,0,0,0,0,0,98,42,35,69,50,100,100,277,1,315,160,304,120,96,60,44,24,252,200
89069151,1,16977.0,6,174,,0.0,59,0,39,0,0,0,0,0,20,42,35,69,50,100,100,277,1,315,160,304,120,96,60,44,24,252,200
89069619,0,16702.0,4,120,,0.0,109,72,9,0,0,0,0,0,28,41,28,69,50,100,1,278,212,268,150,321,120,96,60,57,25,250,200
89069619,1,134883.0,12,238,10.0,11.0,79,15,38,0,0,0,0,0,26,41,28,69,50,100,1,278,212,268,150,321,120,96,60,57,25,250,200
89069621,0,18228.0,10,218,0.0,0.0,663,8,367,0,0,98,5,0,185,41,30,65,50,100,100,278,13,351,160,294,120,106,60,47,23,253,200
89069621,1,40171.0,7,203,10.0,11.0,98,32,29,0,0,5,4,0,28,41,30,65,50,100,100,278,13,351,160,294,120,106,60,47,23,253,200
89069623,0,30241.0,7,210,,9.0,144,90,20,0,0,0,0,0,34,41,29,75,50,100,100,278,1,328,160,322,120,90,60,47,24,247,200
89069623,1,27362.0,7,203,11.0,0.0,98,31,29,0,0,5,5,0,28,41,29,75,50,100,100,278,1,328,160,322,120,90,60,47,24,247,200
89069626,0,3000.0,0,0,,0.0,0,0,0,0,0,0,0,0,0,41,35,71,50,100,87,293,250,340,160,333,120,96,60,46,22,250,200
89069626,1,16769.0,9,252,14.0,0.0,245,0,0,0,0,0,0,0,245,41,35,71,50,100,87,293,250,340,160,333,120,96,60,46,22,250,200
89069627,0,35905.0,7,203,11.0,11.0,125,34,29,0,0,5,5,0,52,42,29,68,50,100,100,278,13,344,160,288,120,91,60,44,22,253,200
89069627,1,7538.0,12,274,13.0,0.0,197,45,53,0,0,16,22,0,61,42,29,68,50,100,100,278,13,344,160,288,120,91,60,44,22,253,200
89069628,0,6476.0,0,0,,0.0,113,113,0,0,0,0,0,0,0,42,33,67,50,100,100,293,250,336,160,297,120,114,60,50,25,251,200
89069628,1,3000.0,0,0,,0.0,0,0,0,0,0,0,0,0,0,42,33,67,50,100,100,293,250,336,160,297,120,114,60,50,25,251,200
89069630,0,27305.0,10,254,14.0,0.0,158,40,22,0,0,7,14,0,75,40,28,69,50,100,100,278,1,358,160,320,120,86,60,40,22,252,200
89069630,1,34690.0,7,203,11.0,11.0,108,17,38,0,0,5,6,0,42,40,28,69,50,100,100,278,1,358,160,320,120,86,60,40,22,252,200
89070095,0,128478.0,12,238,10.0,15.0,79,15,40,0,0,0,0,0,24,42,33,73,50,100,2,278,1,284,160,314,120,111,60,56,23,240,194
89070095,1,36889.0,9,192,,10.0,106,0,33,0,0,0,0,0,73,42,33,73,50,100,2,278,1,284,160,314,120,111,60,56,23,240,194
89070096,0,3793.0,0,0,,0.0,15,15,0,0,0,0,0,0,0,42,35,77,50,100,100,293,250,332,160,308,120,103,60,52,25,246,200
89070096,1,2853.0,1,27,,0.0,9,0,0,0,0,0,0,0,9,42,35,77,50,100,100,293,250,332,160,308,120,103,60,52,25,246,200
89070099,0,4364.0,0,0,,0.0,89,0,0,0,0,0,0,0,89,42,35,73,50,100,87,293,250,329,160,330,120,98,60,46,21,247,200
89070099,1,23538.0,9,252,14.0,0.0,228,0,0,0,0,0,0,0,228,42,35,73,50,100,87,293,250,329,160,330,120,98,60,46,21,247,200
89070101,0,22533.0,10,130,0.0,0.0,116,19,29,0,0,0,0,0,68,42,35,68,50,100,100,292,250,361,160,327,120,109,60,49,25,247,200
89070101,1,4820.0,0,0,,0.0,89,0,0,0,0,0,0,0,89,42,35,68,50,100,100,292,250,361,160,327,120,109,60,49,25,247,200
89070102,0,30235.0,3,90,,10.0,81,12,19,0,0,0,15,0,35,42,32,68,50,100,100,281,236,336,160,309,120,91,60,46,23,252,200
89070102,1,28444.0,5,114,16.0,0.0,91,30,11,0,0,3,9,0,38,42,32,68,50,100,100,281,236,336,160,309,120,91,60,46,23,252,200
89070621,0,120871.0,12,238,10.0,11.0,71,15,33,0,0,0,0,0,23,42,35,70,50,100,1,278,37,256,122,289,120,105,60,55,23,243,200
89070621,1,63644.0,8,240,0.0,13.0,176,9,19,0,0,77,0,0,71,42,35,70,50,100,1,278,37,256,122,289,120,105,60,55,23,243,200
89070622,0,92986.0,13,322,0.0,11.0,79,21,32,0,0,26,0,0,0,42,29,74,50,100,1,278,150,274,160,321,120,98,60,61,25,234,164
89070622,1,77732.0,10,297,,16.0,24,2,18,0,0,0,0,0,4,42,29,74,50,100,1,278,150,274,160,321,120,98,60,61,25,234,164
89070630,0,70982.0,12,308,11.0,11.0,123,33,26,0,0,14,5,0,45,42,35,54,50,100,1,278,133,266,160,299,120,103,60,59,25,237,121
89070630,1,89850.0,10,296,,15.0,24,2,18,0,0,0,0,0,4,42,35,54,50,100,1,278,133,266,160,299,120,103,60,59,25,237,121
89071091,0,21413.0,12,238,10.0,0.0,20,11,9,0,0,0,0,0,0,42,35,67,50,100,1,277,198,264,1,311,120,94,60,63,25,239,200
89071091,1,88998.0,12,238,10.0,11.0,70,15,30,0,0,0,0,0,25,42,35,67,50,100,1,277,198,264,1,311,120,94,60,63,25,239,200
89071094,0,51007.0,10,246,0.0,13.0,378,143,113,0,0,0,0,0,122,42,35,68,50,100,100,281,142,340,160,318,120,107,60,42,23,246,200
89071094,1,3812.0,0,0,,0.0,15,15,0,0,0,0,0,0,0,42,35,68,50,100,100,281,142,340,160,318,120,107,60,42,23,246,200
89071095,0,66033.0,13,320,0.0,11.0,97,21,35,0,0,41,0,0,0,42,28,68,50,100,40,278,13,291,160,267,120,98,60,55,25,251,200
89071095,1,92018.0,10,278,9.0,11.0,142,13,21,0,0,51,7,0,50,42,28,68,50,100,40,278,13,291,160,267,120,98,60,55,25,251,200
89071097,0,27939.0,8,240,,0.0,76,42,34,0,0,0,0,0,0,41,35,70,50,100,100,277,13,328,160,318,120,98,60,46,25,253,200
89071097,1,14725.0,10,193,11.0,0.0,259,121,54,0,0,0,0,0,84,41,35,70,50,100,100,277,13,328,160,318,120,98,60,46,25,253,200
89071099,0,46759.0,8,240,0.0,12.0,194,33,22,0,0,20,14,0,105,42,35,58,50,100,1,278,70,238,160,297,120,96,60,54,23,250,200
89071099,1,80107.0,12,312,11.0,11.0,113,33,26,0,0,12,5,0,37,42,35,58,50,100,1,278,70,238,160,297,120,96,60,54,23,250,200
89071577,0,6182.0,0,0,,0.0,113,113,0,0,0,0,0,0,0,41,31,72,50,100,79,284,242,326,160,313,120,107,60,54,25,248,200
89071577,1,44263.0,10,269,10.0,10.0,110,45,19,0,0,15,0,0,31,41,31,72,50,100,79,284,242,326,160,313,120,107,60,54,25,248,200
89071578,0,37163.0,7,203,11.0,11.0,129,34,29,0,0,5,5,0,56,41,28,77,50,100,100,278,54,324,160,314,120,82,60,41,23,250,200
89071578,1,34020.0,10,254,14.0,13.0,163,48,20,0,0,6,15,0,74,41,28,77,50,100,100,278,54,324,160,314,120,82,60,41,23,250,200
89071580,0,134302.0,12,234,10.0,19.0,69,15,35,0,0,0,0,0,19,41,33,66,50,100,1,278,1,298,160,295,120,101,60,54,25,249,200
89071580,1,57824.0,13,179,10.0,10.0,161,4,35,0,0,23,0,0,99,41,33,66,50,100,1,278,1,298,160,295,120,101,60,54,25,249,200
89071581,0,27507.0,7,203,10.0,0.0,98,32,29,0,0,5,4,0,28,41,31,64,50,100,100,278,1,358,160,323,120,94,60,39,22,250,200
89071581,1,38650.0,9,238,0.0,11.0,226,68,21,0,0,4,22,0,111,41,31,64,50,100,100,278,1,358,160,323,120,94,60,39,22,250,200
89071582,0,25593.0,7,203,11.0,0.0,127,36,29,0,0,5,6,0,51,41,28,76,50,100,100,278,1,344,160,321,120,88,60,46,25,246,200
89071582,1,31001.0,7,203,11.0,11.0,129,34,29,0,0,5,5,0,56,41,28,76,50,100,100,278,1,344,160,321,120,88,60,46,25,246,200
89071584,0,3775.0,0,0,,0.0,15,15,0,0,0,0,0,0,0,41,35,69,50,100,100,293,250,351,160,311,120,96,60,49,25,253,200
89071584,1,3000.0,0,0,,0.0,0,0,0,0,0,0,0,0,0,41,35,69,50,100,100,293,250,351,160,311,120,96,60,49,25,253,200
89071585,0,21693.0,13,321,0.0,0.0,70,21,19,0,0,30,0,0,0,42,29,73,50,100,100,278,1,332,160,278,120,114,60,46,25,250,200
89071585,1,47745.0,11,178,10.0,10.0,209,6,39,0,0,8,0,0,156,42,29,73,50,100,100,278,1,332,160,278,120,114,60,46,25,250,200
89072054,0,54118.0,10,300,11.0,11.0,175,10,122,0,0,4,2,0,37,41,28,70,50,100,69,290,244,319,160,307,120,94,60,54,25,250,200
89072054,1,5855.0,0,0,,0.0,111,111,0,0,0,0,0,0,0,41,28,70,50,100,69,290,244,319,160,307,120,94,60,54,25,250,200
89072057,0,5367.0,3,90,0.0,0.0,473,0,0,0,0,0,0,0,473,42,35,68,50,100,100,293,250,351,160,330,120,79,46,45,25,252,200
89072057,1,4735.0,4,102,9.0,0.0,73,0,0,0,0,0,73,0,0,42,35,68,50,100,100,293,250,351,160,330,120,79,46,45,25,252,200
89072060,0,32649.0,5,115,14.0,8.0,95,28,11,0,0,3,8,0,45,41,32,74,50,100,100,288,250,340,160,313,120,106,60,48,25,248,200
89072060,1,3766.0,0,0,,0.0,15,15,0,0,0,0,0,0,0,41,32,74,50,100,100,288,250,340,160,313,120,106,60,48,25,248,200
89072061,0,57666.0,12,235,10.0,15.0,70,15,32,0,0,0,0,0,23,42,35,75,50,100,1,278,1,224,9,297,120,92,60,52,25,247,200
89072061,1,50907.0,11,179,10.0,10.0,211,19,37,0,0,6,0,0,149,42,35,75,50,100,1,278,1,224,9,297,120,92,60,52,25,247,200
89072063,0,93243.0,13,323,0.0,11.0,85,21,34,0,0,30,0,0,0,42,33,69,50,100,61,278,160,236,105,273,120,92,60,54,25,246,200
89072063,1,73940.0,13,218,11.0,12.0,174,32,13,0,0,1,0,0,128,42,33,69,50,100,61,278,160,236,105,273,120,92,60,54,25,246,200
89072564,0,73815.0,10,294,,15.0,26,3,18,0,0,0,0,0,5,42,32,69,50,100,1,278,125,283,160,294,120,101,60,61,25,238,200
89072564,1,131758.0,12,238,10.0,11.0,75,15,32,0,0,0,0,0,28,42,32,69,50,100,1,278,125,283,160,294,120,101,60,61,25,238,200
89072565,0,43321.0,7,203,11.0,11.0,129,34,29,0,0,5,5,0,56,42,35,68,50,100,58,277,162,287,160,322,120,96,60,53,25,247,200
89072565,1,56570.0,12,238,10.0,18.0,21,11,10,0,0,0,0,0,0,42,35,68,50,100,58,277,162,287,160,322,120,96,60,53,25,247,200
89072567,0,22577.0,7,203,10.0,0.0,98,32,29,0,0,5,4,0,28,41,32,70,50,100,100,278,1,344,160,314,120,110,60,46,25,250,200
89072567,1,30334.0,10,290,11.0,11.0,146,37,27,0,0,4,5,0,73,41,32,70,50,100,100,278,1,344,160,314,120,110,60,46,25,250,200
89072568,0,97358.0,13,323,0.0,11.0,76,21,29,0,0,26,0,0,0,42,31,69,50,100,1,278,178,261,160,295,120,107,60,60,25,237,194
89072568,1,85543.0,10,297,,16.0,24,2,18,0,0,0,0,0,4,42,31,69,50,100,1,278,178,261,160,295,120,107,60,60,25,237,194
89073028,0,881.0,5,100,,0.0,137,129,0,0,0,0,8,0,0,41,30,71,50,100,100,293,250,344,160,318,120,88,60,50,25,250,200
89073028,1,6563.0,0,0,,0.0,95,95,0,0,0,0,0,0,0,41,30,71,50,100,100,293,250,344,160,318,120,88,60,50,25,250,200
89073034,0,4239.0,3,90,0.0,0.0,473,0,0,0,0,0,0,0,473,42,35,64,50,100,100,293,250,351,160,297,120,103,60,42,23,251,200
89073034,1,6665.0,0,0,,0.0,113,113,0,0,0,0,0,0,0,42,35,64,50,100,100,293,250,351,160,297,120,103,60,42,23,251,200
89073035,0,38982.0,13,323,0.0,11.0,83,21,34,0,0,28,0,0,0,42,27,77,50,100,1,278,86,258,1,297,120,105,60,65,25,227,31
89073035,1,53477.0,12,238,10.0,11.0,77,15,34,0,0,0,0,0,28,42,27,77,50,100,1,278,86,258,1,297,120,105,60,65,25,227,31
89073037,0,50446.0,9,191,7.0,14.0,167,67,27,0,0,0,0,0,73,41,35,69,50,100,89,278,120,340,160,294,120,105,60,50,25,249,200
89073037,1,33226.0,10,269,10.0,10.0,122,58,20,0,0,15,0,0,29,41,35,69,50,100,89,278,120,340,160,294,120,105,60,50,25,249,200
89073069,0,55719.0,10,258,0.0,10.0,180,61,19,0,0,42,0,0,58,41,29,69,50,100,100,277,101,328,160,254,120,96,60,39,21,253,200
89073069,1,55201.0,10,257,0.0,10.0,179,59,19,0,0,42,0,0,59,41,29,69,50,100,100,277,101,328,160,254,120,96,60,39,21,253,200
89073531,0,6325.0,0,0,,0.0,95,95,0,0,0,0,0,0,0,42,28,64,50,100,100,280,248,361,160,307,120,111,60,49,24,248,200
89073531,1,37334.0,10,212,0.0,14.0,303,8,69,0,0,36,5,0,185,42,28,64,50,100,100,280,248,361,160,307,120,111,60,49,24,248,200
89073533,0,82583.0,10,263,0.0,10.0,165,29,19,0,0,60,0,0,57,42,30,68,50,100,100,277,60,336,160,276,120,103,60,45,22,253,200
89073533,1,6653.0,3,83,12.0,0.0,211,69,142,0,0,0,0,0,0,42,30,68,50,100,100,277,60,336,160,276,120,103,60,45,22,253,200
89073535,0,28498.0,7,203,11.0,0.0,128,34,29,0,0,5,5,0,55,42,33,70,50,100,100,278,13,332,160,256,120,94,60,44,21,250,200
89073535,1,58206.0,8,240,0.0,12.0,179,28,19,0,0,77,6,0,49,42,33,70,50,100,100,278,13,332,160,256,120,94,60,44,21,250,200
89073536,0,5616.0,0,0,,0.0,3,0,3,0,0,0,0,0,0,42,35,77,50,100,100,280,229,324,160,318,120,96,60,51,25,251,200
89073536,1,21972.0,3,80,13.0,0.0,173,79,94,0,0,0,0,0,0,42,35,77,50,100,100,280,229,324,160,318,120,96,60,51,25,251,200
89073537,0,45378.0,10,296,0.0,11.0,204,79,18,0,0,4,18,0,85,41,29,69,50,100,71,278,206,307,160,314,120,102,60,49,22,250,200
89073537,1,50671.0,10,300,11.0,11.0,175,10,122,0,0,4,2,0,37,41,29,69,50,100,71,278,206,307,160,314,120,102,60,49,22,250,200
89073539,0,42874.0,10,256,14.0,13.0,167,45,18,0,0,7,18,0,79,41,35,68,50,100,79,278,162,341,160,307,120,106,60,47,25,246,200
89073539,1,42287.0,10,269,10.0,10.0,110,45,19,0,0,15,0,0,31,41,35,68,50,100,79,278,162,341,160,307,120,106,60,47,25,246,200
89073540,0,4972.0,1,26,,0.0,148,20,0,0,0,0,0,0,128,42,35,68,50,101,100,281,241,358,160,321,120,96,60,47,24,250,200
89073540,1,21364.0,5,66,0.0,0.0,149,26,102,0,0,0,0,0,21,42,35,68,50,101,100,281,241,358,160,321,120,96,60,47,24,250,200
89073541,0,85648.0,12,238,10.0,11.0,76,15,37,0,0,0,0,0,24,42,35,71,50,100,1,278,162,247,34,297,120,92,60,60,25,236,197
89073541,1,74355.0,10,295,,14.0,26,3,18,0,0,0,0,0,5,42,35,71,50,100,1,278,162,247,34,297,120,92,60,60,25,236,197
89073542,0,35994.0,9,243,0.0,11.0,223,62,18,0,0,3,24,0,116,41,29,70,50,100,100,278,13,320,160,300,120,85,60,38,22,253,200
89073542,1,28805.0,7,203,11.0,0.0,129,34,29,0,0,5,5,0,56,41,29,70,50,100,100,278,13,320,160,300,120,85,60,38,22,253,200
89074003,0,45715.0,10,300,11.0,11.0,175,10,122,0,0,4,2,0,37,42,35,66,50,100,26,285,225,298,160,311,120,102,60,58,25,249,200
89074003,1,55070.0,12,238,10.0,17.0,21,11,10,0,0,0,0,0,0,42,35,66,50,100,26,285,225,298,160,311,120,102,60,58,25,249,200
89074004,0,22147.0,3,80,13.0,0.0,173,79,94,0,0,0,0,0,0,41,35,71,50,100,100,283,234,351,160,336,120,96,60,50,25,250,200
89074004,1,3335.0,0,0,,0.0,15,0,0,0,0,0,0,0,15,41,35,71,50,100,100,283,234,351,160,336,120,96,60,50,25,250,200
89074005,0,85581.0,10,262,0.0,10.0,163,30,19,0,0,60,0,0,54,41,27,70,50,100,100,279,176,358,160,288,120,92,60,46,22,246,200
89074005,1,6174.0,0,0,,0.0,110,110,0,0,0,0,0,0,0,41,27,70,50,100,100,279,176,358,160,288,120,92,60,46,22,246,200
89074009,0,41625.0,10,269,10.0,10.0,110,45,19,0,0,15,0,0,31,41,33,73,50,100,79,278,37,330,160,311,120,90,60,51,25,251,200
89074009,1,32095.0,7,203,,13.0,84,26,32,0,0,3,5,0,18,41,33,73,50,100,79,278,37,330,160,311,120,90,60,51,25,251,200
89074015,0,57838.0,12,238,10.0,11.0,75,14,33,0,0,0,0,0,28,42,31,71,50,100,1,277,25,274,55,333,120,90,60,63,25,225,5
89074015,1,50776.0,15,314,6.0,18.0,126,12,24,0,0,0,0,0,90,42,31,71,50,100,1,277,25,274,55,333,120,90,60,63,25,225,5
89074017,0,103151.0,12,238,10.0,11.0,83,15,34,0,0,0,0,0,34,42,29,64,50,100,1,278,13,308,160,321,120,107,60,61,25,230,167
89074017,1,99672.0,12,238,10.0,11.0,81,15,33,0,0,0,0,0,33,42,29,64,50,100,1,278,13,308,160,321,120,107,60,61,25,230,167
89074475,0,24751.0,6,168,,0.0,131,0,32,0,0,0,0,0,99,42,35,71,50,100,100,278,19,347,160,299,120,97,60,42,25,250,200
89074475,1,30441.0,7,179,11.0,11.0,121,41,28,0,0,2,6,0,44,42,35,71,50,100,100,278,19,347,160,299,120,97,60,42,25,250,200
89074476,0,129310.0,12,238,10.0,16.0,76,15,33,0,0,0,0,0,28,42,33,67,50,100,1,278,1,271,160,312,120,111,60,59,25,244,200
89074476,1,19706.0,10,289,12.0,0.0,122,7,58,0,0,4,6,0,47,42,33,67,50,100,1,278,1,271,160,312,120,111,60,59,25,244,200
89074478,0,83918.0,10,262,0.0,10.0,163,28,19,0,0,60,0,0,56,41,26,74,50,100,53,277,176,283,160,277,120,96,60,52,25,252,200
89074478,1,74783.0,6,143,0.0,18.0,201,79,48,0,0,0,0,0,74,41,26,74,50,100,53,277,176,283,160,277,120,96,60,52,25,252,200
89074479,0,11887.0,3,80,12.0,0.0,369,81,288,0,0,0,0,0,0,41,29,76,50,100,100,278,1,328,160,324,120,92,60,43,25,248,200
89074479,1,37262.0,10,240,0.0,13.0,383,144,114,0,0,0,0,0,125,41,29,76,50,100,100,278,1,328,160,324,120,92,60,43,25,248,200
89074483,0,13124.0,4,120,,0.0,177,0,0,0,0,0,0,0,177,42,35,74,50,100,100,281,219,336,160,296,120,105,60,39,22,247,200
89074483,1,48432.0,7,203,,13.0,86,27,32,0,0,3,5,0,19,42,35,74,50,100,100,281,219,336,160,296,120,105,60,39,22,247,200
89074487,0,112754.0,12,237,10.0,18.0,75,15,35,0,0,0,0,0,25,42,30,64,50,100,1,278,48,293,160,282,120,97,60,59,25,241,200
89074487,1,86372.0,10,276,9.0,11.0,123,7,25,0,0,31,16,0,44,42,30,64,50,100,1,278,48,293,160,282,120,97,60,59,25,241,200
89074962,0,11805.0,8,120,0.0,0.0,284,8,63,0,0,23,5,0,185,42,32,69,50,100,100,290,250,354,160,289,120,101,60,38,21,252,200
89074962,1,12878.0,4,120,,0.0,177,0,0,0,0,0,0,0,177,42,32,69,50,100,100,290,250,354,160,289,120,101,60,38,21,252,200
89074963,0,34795.0,6,171,13.0,13.0,153,0,35,0,0,0,0,0,118,42,35,67,50,100,1,278,13,293,160,327,120,111,60,56,25,242,200
89074963,1,143707.0,12,238,10.0,15.0,78,15,38,0,0,0,0,0,25,42,35,67,50,100,1,278,13,293,160,327,120,111,60,56,25,242,200
89074964,0,40675.0,7,209,,7.0,107,36,8,0,0,0,0,0,63,42,35,62,46,100,59,278,236,336,160,330,120,103,60,50,25,246,200
89074964,1,20150.0,3,78,13.0,0.0,162,88,74,0,0,0,0,0,0,42,35,62,46,100,59,278,236,336,160,330,120,103,60,50,25,246,200
89074965,0,77611.0,10,261,0.0,10.0,161,27,19,0,0,60,0,0,55,42,28,70,50,100,100,277,13,351,160,258,120,96,60,43,22,247,200
89074965,1,17966.0,7,203,11.0,0.0,129,34,29,0,0,5,5,0,56,42,28,70,50,100,100,277,13,351,160,258,120,96,60,43,22,247,200
89074970,0,14712.0,4,56,0.0,0.0,142,20,89,0,0,0,0,0,33,42,35,73,50,100,100,278,223,315,160,294,120,96,60,49,25,252,200
89074970,1,12010.0,3,82,12.0,0.0,302,67,235,0,0,0,0,0,0,42,35,73,50,100,100,278,223,315,160,294,120,96,60,49,25,252,200
89074971,0,47720.0,12,238,10.0,11.0,73,15,31,0,0,0,0,0,27,42,35,68,50,100,1,277,84,280,3,330,120,96,60,64,25,223,1
89074971,1,44455.0,15,313,6.0,10.0,135,39,23,0,0,0,0,0,73,42,35,68,50,100,1,277,84,280,3,330,120,96,60,64,25,223,1
89074972,0,22496.0,5,66,0.0,0.0,141,23,98,0,0,0,0,0,20,42,30,69,50,100,100,280,240,340,160,314,120,111,60,51,25,250,200
89074972,1,6462.0,0,0,,0.0,95,95,0,0,0,0,0,0,0,42,30,69,50,100,100,280,240,340,160,314,120,111,60,51,25,250,200
89075429,0,44127.0,7,203,11.0,11.0,122,36,29,0,0,5,5,0,47,42,35,69,50,100,100,278,214,315,160,313,120,101,60,35,21,252,200
89075429,1,12023.0,4,120,,0.0,182,0,0,0,0,0,0,0,182,42,35,69,50,100,100,278,214,315,160,313,120,101,60,35,21,252,200
89075431,0,31511.0,7,203,10.0,11.0,98,32,29,0,0,5,4,0,28,42,35,75,50,100,1,278,25,256,129,309,120,86,60,56,25,242,200
89075431,1,116794.0,12,238,10.0,11.0,68,15,31,0,0,0,0,0,22,42,35,75,50,100,1,278,25,256,129,309,120,86,60,56,25,242,200
89075432,0,51456.0,12,299,18.0,18.0,66,22,26,0,0,3,0,0,15,42,32,65,50,100,71,277,43,322,160,301,120,105,60,53,25,247,200
89075432,1,90177.0,10,262,0.0,10.0,163,28,19,0,0,60,0,0,56,42,32,65,50,100,71,277,43,322,160,301,120,105,60,53,25,247,200
89075434,0,56158.0,12,238,10.0,10.0,20,11,9,0,0,0,0,0,0,42,35,73,50,100,27,286,224,269,5,314,120,96,60,60,25,249,200
89075434,1,24079.0,10,300,11.0,0.0,175,10,122,0,0,4,2,0,37,42,35,73,50,100,27,286,224,269,5,314,120,96,60,60,25,249,200
89075437,0,96309.0,12,238,10.0,18.0,76,15,32,0,0,0,0,0,29,42,32,73,50,100,1,278,40,264,160,284,120,84,60,61,25,233,199
89075437,1,84888.0,10,273,9.0,11.0,115,7,24,0,0,42,7,0,35,42,32,73,50,100,1,278,40,264,160,284,120,84,60,61,25,233,199
89075923,0,27134.0,4,113,11.0,0.0,173,92,77,0,0,0,0,0,4,41,33,73,50,100,100,278,13,347,160,318,120,87,60,42,24,247,200
89075923,1,31974.0,10,254,14.0,12.0,175,60,17,0,0,6,12,0,80,41,33,73,50,100,100,278,13,347,160,318,120,87,60,42,24,247,200
89075924,0,123659.0,12,238,10.0,11.0,74,15,34,0,0,0,0,0,25,41,29,71,50,100,2,278,1,263,160,313,120,97,60,58,25,249,200
89075924,1,31649.0,7,203,11.0,11.0,98,31,29,0,0,5,5,0,28,41,29,71,50,100,2,278,1,263,160,313,120,97,60,58,25,249,200
89075926,0,53859.0,8,240,0.0,20.0,226,52,20,0,0,21,10,0,123,42,32,72,50,100,56,277,1,291,160,270,120,108,60,44,21,250,200
89075926,1,81272.0,10,262,0.0,10.0,163,30,19,0,0,60,0,0,54,42,32,72,50,100,56,277,1,291,160,270,120,108,60,44,21,250,200
89075929,0,0.0,10,137,11.0,,166,4,122,0,0,4,2,0,34,42,30,74,50,100,100,277,76,332,160,280,120,87,60,44,22,250,200
89075929,1,83677.0,10,261,0.0,10.0,163,28,19,0,0,60,0,0,56,42,30,74,50,100,100,277,76,332,160,280,120,87,60,44,22,250,200
89075930,0,56304.0,15,311,6.0,17.0,114,12,23,0,0,0,0,0,79,42,31,70,50,100,1,277,76,282,160,333,120,96,60,64,25,223,1
89075930,1,53383.0,12,235,10.0,11.0,77,15,32,0,0,0,0,0,30,42,31,70,50,100,1,277,76,282,160,333,120,96,60,64,25,223,1
89075931,0,38937.0,10,300,11.0,11.0,175,10,122,0,0,4,2,0,37,42,35,66,50,100,75,278,183,310,160,301,120,92,54,43,21,251,200
89075931,1,46112.0,9,244,0.0,11.0,237,68,22,0,0,4,21,0,122,42,35,66,50,100,75,278,183,310,160,301,120,92,54,43,21,251,200
89075933,0,36732.0,7,203,11.0,11.0,123,34,29,0,0,5,5,0,50,41,35,70,50,100,1,278,13,281,160,319,120,112,60,59,25,242,200
89075933,1,129567.0,12,238,10.0,16.0,74,15,37,0,0,0,0,0,22,41,35,70,50,100,1,278,13,281,160,319,120,112,60,59,25,242,200
89076396,0,18879.0,9,162,0.0,0.0,103,39,26,0,0,3,8,0,27,41,35,67,50,100,95,277,115,354,160,312,120,105,60,48,25,252,200
89076396,1,34864.0,9,221,12.0,10.0,92,11,48,0,0,0,0,0,33,41,35,67,50,100,95,277,115,354,160,312,120,105,60,48,25,252,200
89076398,0,23465.0,4,113,11.0,0.0,173,92,77,0,0,0,0,0,4,42,35,74,50,100,100,278,7,336,160,314,120,88,60,43,25,251,200
89076398,1,18214.0,6,168,,0.0,129,0,29,0,0,0,0,0,100,42,35,74,50,100,100,278,7,336,160,314,120,88,60,43,25,251,200
89076399,0,112777.0,12,238,10.0,16.0,75,15,31,0,0,0,0,0,29,42,29,69,50,100,1,278,125,301,68,300,120,100,60,63,25,227,112
89076399,1,54576.0,13,353,11.0,11.0,59,20,22,0,0,2,3,0,12,42,29,69,50,100,1,278,125,301,68,300,120,100,60,63,25,227,112
89076400,0,62977.0,10,258,0.0,10.0,181,40,19,0,0,42,0,0,80,42,30,73,50,100,72,277,7,287,160,233,120,92,60,47,22,251,200
89076400,1,60660.0,13,319,0.0,11.0,70,21,19,0,0,30,0,0,0,42,30,73,50,100,72,277,7,287,160,233,120,92,60,47,22,251,200
89076404,0,63377.0,12,308,11.0,11.0,136,34,26,0,0,13,5,0,58,42,32,55,47,100,1,278,91,278,15,290,120,105,60,63,25,245,200
89076404,1,97520.0,12,238,10.0,15.0,69,15,32,0,0,0,0,0,22,42,32,55,47,100,1,278,91,278,15,290,120,105,60,63,25,245,200
89076405,0,6259.0,0,0,,0.0,2,0,2,0,0,0,0,0,0,42,35,71,50,100,100,293,250,347,160,304,120,94,60,40,22,248,200
89076405,1,13872.0,4,120,,0.0,177,0,0,0,0,0,0,0,177,42,35,71,50,100,100,293,250,347,160,304,120,94,60,40,22,248,200
89076408,0,14678.0,8,205,,0.0,54,0,0,0,0,0,0,0,54,42,35,56,46,100,100,293,250,347,160,314,120,88,60,51,25,250,200
89076408,1,6099.0,0,0,,0.0,3,0,3,0,0,0,0,0,0,42,35,56,46,100,100,293,250,347,160,314,120,88,60,51,25,250,200
89076867,0,21182.0,8,216,0.0,0.0,279,8,57,0,0,25,5,0,184,42,32,62,50,100,92,280,7,332,160,302,120,94,60,48,23,253,200
89076867,1,37937.0,9,222,11.0,11.0,125,12,37,0,0,0,0,0,76,42,32,62,50,100,92,280,7,332,160,302,120,94,60,48,23,253,200
89076870,0,14271.0,9,164,0.0,0.0,112,38,28,0,0,2,9,0,35,41,35,73,50,100,100,278,13,340,160,288,120,97,60,50,25,251,200
89076870,1,31247.0,4,114,11.0,11.0,174,95,77,0,0,0,0,0,2,41,35,73,50,100,100,278,13,340,160,288,120,97,60,50,25,251,200
89076874,0,76140.0,13,323,0.0,11.0,85,21,32,0,0,32,0,0,0,41,27,74,50,100,1,278,13,277,160,281,120,103,60,63,25,240,11
89076874,1,106532.0,12,238,10.0,17.0,83,15,39,0,0,0,0,0,29,41,27,74,50,100,1,278,13,277,160,281,120,103,60,63,25,240,11
89076876,0,66524.0,10,278,9.0,20.0,144,12,19,0,0,36,20,0,57,42,30,71,50,100,61,277,81,292,160,233,120,96,60,49,25,250,200
89076876,1,70990.0,10,261,0.0,10.0,162,27,19,0,0,60,0,0,56,42,30,71,50,100,61,277,81,292,160,233,120,96,60,49,25,250,200
89076877,0,23551.0,10,196,11.0,0.0,271,124,52,0,0,0,0,0,95,41,33,76,50,100,100,277,1,328,160,303,120,95,60,43,25,248,200
89076877,1,30734.0,7,179,11.0,11.0,121,41,27,0,0,2,4,0,47,41,33,76,50,100,100,277,1,328,160,303,120,95,60,43,25,248,200
89076878,0,54653.0,10,300,11.0,11.0,175,10,122,0,0,4,2,0,37,42,31,70,50,100,69,278,176,315,160,326,120,81,57,48,23,247,200
89076878,1,51401.0,9,235,0.0,11.0,211,55,26,0,0,5,20,0,105,42,31,70,50,100,69,278,176,315,160,326,120,81,57,48,23,247,200
89076879,0,56988.0,12,238,10.0,11.0,75,14,34,0,0,0,0,0,27,42,32,68,50,100,1,277,54,263,1,314,120,94,60,63,25,239,200
89076879,1,46024.0,15,319,6.0,12.0,138,13,23,0,0,0,0,0,102,42,32,68,50,100,1,277,54,263,1,314,120,94,60,63,25,239,200
89077342,0,13678.0,9,164,0.0,0.0,116,42,28,0,0,4,10,0,32,42,35,75,50,100,100,278,13,320,160,291,120,89,60,47,25,251,200
89077342,1,31286.0,4,114,11.0,11.0,174,95,77,0,0,0,0,0,2,42,35,75,50,100,100,278,13,320,160,291,120,89,60,47,25,251,200
89077343,0,55576.0,10,300,11.0,11.0,175,10,122,0,0,4,2,0,37,41,28,66,50,100,69,278,189,331,160,336,120,104,60,52,24,248,200
89077343,1,31284.0,7,210,,9.0,144,90,20,0,0,0,0,0,34,41,28,66,50,100,69,278,189,331,160,336,120,104,60,52,24,248,200
89077344,0,30264.0,7,203,11.0,11.0,130,34,29,0,0,5,5,0,57,42,33,66,50,100,94,278,1,340,160,284,120,96,60,44,23,253,200
89077344,1,23142.0,9,221,11.0,0.0,125,13,68,0,0,0,0,0,44,42,33,66,50,100,94,278,1,340,160,284,120,96,60,44,23,253,200
89077345,0,983.0,5,101,,0.0,138,130,0,0,0,0,8,0,0,42,35,76,50,100,100,278,37,320,160,304,120,97,60,51,25,247,200
89077345,1,44484.0,4,113,11.0,11.0,173,92,77,0,0,0,0,0,4,42,35,76,50,100,100,278,37,320,160,304,120,97,60,51,25,247,200
89077347,0,114405.0,12,238,10.0,17.0,81,15,39,0,0,0,0,0,27,41,27,69,50,100,1,278,65,290,160,274,120,103,60,63,25,240,55
89077347,1,81152.0,13,323,0.0,11.0,82,21,32,0,0,29,0,0,0,41,27,69,50,100,1,278,65,290,160,274,120,103,60,63,25,240,55
89077348,0,65564.0,10,258,0.0,10.0,188,45,19,0,0,42,0,0,82,42,27,73,50,100,96,277,7,310,160,239,120,96,60,46,23,250,200
89077348,1,27016.0,13,317,0.0,0.0,70,21,19,0,0,30,0,0,0,42,27,73,50,100,96,277,7,310,160,239,120,96,60,46,23,250,200
89077350,0,29690.0,5,115,15.0,0.0,91,27,11,0,0,3,11,0,39,42,32,65,50,100,100,288,250,368,160,322,120,100,60,32,21,247,200
89077350,1,10891.0,4,120,,0.0,177,0,0,0,0,0,0,0,177,42,32,65,50,100,100,288,250,368,160,322,120,100,60,32,21,247,200
89077351,0,54639.0,10,300,11.0,11.0,166,4,122,0,0,4,2,0,34,42,31,66,50,100,69,278,176,315,160,304,120,102,60,48,23,250,200
89077351,1,50551.0,9,235,0.0,11.0,213,55,26,0,0,5,21,0,106,42,31,66,50,100,69,278,176,315,160,304,120,102,60,48,23,250,200
89077808,0,31915.0,7,202,11.0,10.0,133,36,26,0,0,4,4,0,63,41,29,75,50,100,100,281,13,344,160,314,120,84,60,44,24,250,200
89077808,1,33758.0,7,203,,13.0,86,27,32,0,0,3,5,0,19,41,29,75,50,100,100,281,13,344,160,314,120,84,60,44,24,250,200
89077813,0,35315.0,10,254,14.0,13.0,163,50,18,0,0,6,15,0,74,41,33,68,50,100,96,279,65,347,160,312,120,107,60,41,23,250,200
89077813,1,30477.0,9,209,13.0,11.0,82,10,37,0,0,0,0,0,35,41,33,68,50,100,96,279,65,347,160,312,120,107,60,41,23,250,200
89077815,0,94996.0,12,237,10.0,18.0,76,15,33,0,0,0,0,0,28,42,30,70,50,100,1,278,99,283,160,300,120,101,60,62,25,227,112
89077815,1,97593.0,10,272,9.0,11.0,121,11,19,0,0,49,8,0,34,42,30,70,50,100,1,278,99,283,160,300,120,101,60,62,25,227,112
89077816,0,103200.0,15,280,10.0,20.0,55,11,23,0,0,0,0,0,21,41,28,71,50,100,17,277,101,292,160,289,120,96,60,55,23,244,200
89077816,1,86206.0,10,262,0.0,10.0,163,28,19,0,0,60,0,0,56,41,28,71,50,100,17,277,101,292,160,289,120,96,60,55,23,244,200
89077817,0,45528.0,10,300,11.0,11.0,175,10,122,0,0,4,2,0,37,42,32,70,50,100,33,278,158,282,160,313,120,99,60,58,25,247,200
89077817,1,42966.0,13,344,11.0,11.0,85,27,25,0,0,2,2,0,29,42,32,70,50,100,33,278,158,282,160,313,120,99,60,58,25,247,200
89078278,0,44341.0,7,210,6.0,11.0,179,100,18,0,0,4,4,0,53,41,35,64,50,100,100,281,242,347,160,299,120,96,60,44,22,252,200
89078278,1,3000.0,0,0,,0.0,0,0,0,0,0,0,0,0,0,41,35,64,50,100,100,281,242,347,160,299,120,96,60,44,22,252,200
89078279,0,23953.0,6,168,,0.0,131,0,32,0,0,0,0,0,99,42,35,68,50,100,59,280,25,319,160,278,120,96,60,46,22,248,200
89078279,1,96426.0,9,266,0.0,17.0,173,55,27,0,0,42,0,0,49,42,35,68,50,100,59,280,25,319,160,278,120,96,60,46,22,248,200
89078280,0,61556.0,14,317,7.0,18.0,274,181,42,0,0,0,0,0,51,40,31,75,50,100,100,277,1,281,160,310,120,105,60,53,25,246,200
89078280,1,28039.0,7,203,11.0,0.0,129,34,29,0,0,5,5,0,56,40,31,75,50,100,100,277,1,281,160,310,120,105,60,53,25,246,200
89078281,0,5688.0,0,0,,0.0,110,110,0,0,0,0,0,0,0,41,28,71,50,100,67,290,244,324,160,324,120,96,60,55,25,250,200
89078281,1,59180.0,10,300,11.0,11.0,175,10,122,0,0,4,2,0,37,41,28,71,50,100,67,290,244,324,160,324,120,96,60,55,25,250,200
89078285,0,109678.0,12,302,11.0,11.0,44,14,15,0,0,2,1,0,12,41,28,66,50,100,30,278,184,280,160,321,120,101,60,52,23,247,200
89078285,1,44389.0,10,295,0.0,11.0,209,90,17,0,0,5,16,0,81,41,28,66,50,100,30,278,184,280,160,321,120,101,60,52,23,247,200
89078307,0,29338.0,10,260,10.0,0.0,57,6,16,0,0,0,0,0,35,42,29,75,50,100,1,278,1,235,1,301,120,105,60,59,25,246,200
89078307,1,29338.0,10,260,10.0,0.0,57,6,16,0,0,0,0,0,35,42,29,75,50,100,1,278,1,235,1,301,120,105,60,59,25,246,200
89078759,0,88441.0,9,257,0.0,13.0,162,31,26,0,0,38,0,0,67,42,32,74,50,100,61,280,43,270,160,278,120,100,60,49,21,250,200
89078759,1,27655.0,10,229,0.0,0.0,387,8,96,0,0,207,5,0,71,42,32,74,50,100,61,280,43,270,160,278,120,100,60,49,21,250,200
89078761,0,65077.0,5,119,9.0,15.0,30,7,13,0,0,2,3,0,5,40,26,74,50,100,62,278,218,328,160,326,120,92,60,52,25,248,200
89078761,1,32697.0,7,210,,9.0,144,90,20,0,0,0,0,0,34,40,26,74,50,100,62,278,218,328,160,326,120,92,60,52,25,248,200
89078762,0,44211.0,7,203,,13.0,86,27,32,0,0,3,5,0,19,41,30,74,50,100,100,279,165,324,160,288,120,87,60,44,22,251,200
89078762,1,29259.0,7,210,7.0,0.0,189,105,6,0,0,5,6,0,67,41,30,74,50,100,100,279,165,324,160,288,120,87,60,44,22,251,200
89078765,0,50466.0,10,245,0.0,13.0,374,138,115,0,0,0,0,0,121,41,35,68,50,100,100,281,154,332,160,318,120,98,60,41,23,253,200
89078765,1,1882.0,0,0,,0.0,25,0,0,0,0,0,25,0,0,41,35,68,50,100,100,281,154,332,160,318,120,98,60,41,23,253,200
89079235,0,13600.0,6,180,,0.0,153,0,0,0,0,0,0,0,153,42,32,70,50,100,47,283,198,248,160,327,120,107,60,48,22,251,200
89079235,1,103017.0,10,260,10.0,10.0,59,6,16,0,0,0,0,0,37,42,32,70,50,100,47,283,198,248,160,327,120,107,60,48,22,251,200
89079236,0,13081.0,6,180,,0.0,153,0,0,0,0,0,0,0,153,41,32,71,50,100,47,283,198,269,160,327,120,96,60,48,22,252,200
89079236,1,111636.0,10,260,10.0,10.0,56,6,16,0,0,0,0,0,34,41,32,71,50,100,47,283,198,269,160,327,120,96,60,48,22,252,200
89079240,0,36876.0,10,254,14.0,13.0,156,50,19,0,0,5,16,0,66,41,33,70,50,100,51,280,122,314,160,288,120,103,60,46,21,247,200
89079240,1,100208.0,9,268,0.0,19.0,166,8,31,0,0,40,0,0,87,41,33,70,50,100,51,280,122,314,160,288,120,103,60,46,21,247,200
89079241,0,82796.0,13,309,0.0,11.0,84,21,36,0,0,27,0,0,0,42,26,71,50,100,17,278,106,270,160,266,120,100,60,58,25,249,200
89079241,1,45555.0,10,300,11.0,11.0,175,10,122,0,0,4,2,0,37,42,26,71,50,100,17,278,106,270,160,266,120,100,60,58,25,249,200
89079244,0,31947.0,7,210,6.0,10.0,176,84,8,0,0,6,8,0,70,41,28,73,50,100,100,278,221,340,160,317,120,106,60,47,25,246,200
89079244,1,9294.0,4,56,0.0,0.0,367,141,96,0,0,0,0,0,130,41,28,73,50,100,100,278,221,340,160,317,120,106,60,47,25,246,200
89079702,0,30899.0,7,203,11.0,11.0,126,34,29,0,0,5,5,0,53,41,29,74,50,100,47,278,1,282,160,313,120,101,60,57,25,247,200
89079702,1,126095.0,12,263,10.0,16.0,43,13,25,0,0,0,0,0,5,41,29,74,50,100,47,278,1,282,160,313,120,101,60,57,25,247,200
89079703,0,36292.0,7,203,11.0,11.0,133,31,28,0,0,5,6,0,63,42,32,68,50,100,100,278,13,332,160,294,120,110,60,45,25,251,200
89079703,1,21575.0,7,203,,0.0,86,27,32,0,0,3,5,0,19,42,32,68,50,100,100,278,13,332,160,294,120,110,60,45,25,251,200
89079704,0,25720.0,7,203,,0.0,86,27,32,0,0,3,5,0,19,42,31,70,50,100,52,278,19,282,160,338,120,101,60,55,25,247,200
89079704,1,108082.0,10,260,10.0,10.0,50,6,16,0,0,0,0,0,28,42,31,70,50,100,52,278,19,282,160,338,120,101,60,55,25,247,200
89079711,0,10191.0,6,180,,0.0,153,0,0,0,0,0,0,0,153,42,35,64,50,100,100,287,240,358,160,311,120,101,60,40,22,252,200
89079711,1,12819.0,4,56,0.0,0.0,147,29,96,0,0,0,0,0,22,42,35,64,50,100,100,287,240,358,160,311,120,101,60,40,22,252,200
89079712,0,74613.0,12,245,9.0,18.0,35,13,12,0,0,1,0,0,9,42,33,65,50,100,1,284,237,276,1,318,120,109,60,66,25,242,200
89079712,1,83356.0,12,245,9.0,18.0,39,15,12,0,0,1,0,0,11,42,33,65,50,100,1,284,237,276,1,318,120,109,60,66,25,242,200
89079715,0,40672.0,9,200,,10.0,95,0,16,0,0,16,0,0,63,42,35,76,50,100,100,278,48,340,160,282,120,105,60,42,22,248,200
89079715,1,40672.0,9,200,,10.0,95,0,16,0,0,16,0,0,63,42,35,76,50,100,100,278,48,340,160,282,120,105,60,42,22,248,200
89080169,0,120661.0,12,245,9.0,18.0,35,13,12,0,0,0,1,0,9,42,32,73,50,100,18,279,227,276,160,311,120,86,60,58,25,235,177
89080169,1,48300.0,7,181,11.0,11.0,71,26,12,0,0,5,8,0,20,42,32,73,50,100,18,279,227,276,160,311,120,86,60,58,25,235,177
89080171,0,33096.0,10,290,11.0,11.0,146,34,29,0,0,4,3,0,76,42,33,67,50,100,100,278,31,282,160,327,120,101,60,52,25,248,200
89080171,1,63652.0,7,203,9.0,12.0,68,14,17,0,0,3,3,0,31,42,33,67,50,100,100,278,31,282,160,327,120,101,60,52,25,248,200
89080173,0,23227.0,9,163,0.0,0.0,82,22,50,0,0,0,3,0,7,42,35,66,50,100,100,278,13,354,160,316,120,110,60,45,23,250,200
89080173,1,48875.0,9,200,,10.0,95,0,16,0,0,16,0,0,63,42,35,66,50,100,100,278,13,354,160,316,120,110,60,45,23,250,200
89080175,0,57870.0,10,260,10.0,10.0,57,6,16,0,0,0,0,0,35,42,35,75,50,100,46,278,73,208,38,265,120,96,60,49,23,250,200
89080175,1,48932.0,10,256,10.0,11.0,250,0,27,0,0,54,0,0,169,42,35,75,50,100,46,278,73,208,38,265,120,96,60,49,23,250,200
89080176,0,47598.0,9,191,7.0,14.0,164,68,25,0,0,0,0,0,71,41,35,71,50,100,54,280,138,283,160,304,120,101,60,50,23,248,200
89080176,1,97860.0,9,269,0.0,13.0,161,26,17,0,0,44,0,0,74,41,35,71,50,100,54,280,138,283,160,304,120,101,60,50,23,248,200
89080179,0,39220.0,2,38,,15.0,11,3,6,0,0,0,0,0,2,41,35,66,50,100,77,283,186,327,160,333,120,103,60,50,25,250,200
89080179,1,67620.0,13,226,7.0,18.0,246,111,39,0,0,0,0,0,96,41,35,66,50,100,77,283,186,327,160,333,120,103,60,50,25,250,200
89080181,0,46796.0,14,302,7.0,10.0,260,168,41,0,0,0,0,0,51,41,26,74,50,100,48,277,1,277,160,299,120,88,60,59,25,228,1
89080181,1,105328.0,13,312,0.0,11.0,106,21,37,0,0,48,0,0,0,41,26,74,50,100,48,277,1,277,160,299,120,88,60,59,25,228,1
89080641,0,125797.0,12,245,9.0,19.0,35,13,12,0,0,0,1,0,9,42,32,69,50,100,33,278,25,282,160,299,120,96,60,56,25,242,200
89080641,1,41114.0,7,203,11.0,11.0,120,19,41,0,0,6,5,0,49,42,32,69,50,100,33,278,25,282,160,299,120,96,60,56,25,242,200
89080643,0,43281.0,9,200,,10.0,95,0,16,0,0,16,0,0,63,42,35,66,50,100,100,278,7,344,160,290,120,101,60,38,21,250,200
89080643,1,25369.0,7,203,11.0,0.0,125,34,29,0,0,5,5,0,52,42,35,66,50,100,100,278,7,344,160,290,120,101,60,38,21,250,200
89080644,0,24633.0,7,210,,0.0,144,90,20,0,0,0,0,0,34,41,27,51,43,100,67,278,1,365,160,318,120,100,60,48,25,246,200
89080644,1,22747.0,15,352,10.0,0.0,127,6,37,0,0,0,12,0,72,41,27,51,43,100,67,278,1,365,160,318,120,100,60,48,25,246,200
89080646,0,91924.0,10,260,10.0,10.0,57,6,16,0,0,0,0,0,35,41,26,69,50,100,46,278,176,249,129,302,120,97,60,54,25,248,200
89080646,1,57562.0,9,240,9.0,10.0,207,107,15,0,0,5,16,0,64,41,26,69,50,100,46,278,176,249,129,302,120,97,60,54,25,248,200
89080651,0,5230.0,4,100,10.0,0.0,78,0,0,0,0,0,78,0,0,42,35,64,50,100,100,293,250,358,160,314,120,90,60,49,25,250,200
89080651,1,1871.0,0,0,,0.0,25,0,0,0,0,0,25,0,0,42,35,64,50,100,100,293,250,358,160,314,120,90,60,49,25,250,200
89080652,0,4158.0,2,60,,0.0,9,0,0,0,0,0,9,0,0,42,35,69,50,100,100,293,250,340,160,308,120,111,60,52,25,248,200
89080652,1,6099.0,0,0,,0.0,3,0,3,0,0,0,0,0,0,42,35,69,50,100,100,293,250,340,160,308,120,111,60,52,25,248,200
89080653,0,47925.0,10,295,0.0,11.0,206,83,18,0,0,5,18,0,82,40,25,67,50,100,60,278,238,336,160,299,120,94,60,48,25,250,200
89080653,1,67852.0,5,119,9.0,14.0,34,7,16,0,0,1,3,0,7,40,25,67,50,100,60,278,238,336,160,299,120,94,60,48,25,250,200
89081137,0,129750.0,12,245,9.0,19.0,35,13,12,0,0,0,1,0,9,42,30,68,50,100,35,278,125,306,160,337,120,101,60,58,25,227,151
89081137,1,39875.0,7,203,11.0,11.0,98,31,29,0,0,5,5,0,28,42,30,68,50,100,35,278,125,306,160,337,120,101,60,58,25,227,151
89081140,0,26223.0,12,263,10.0,0.0,52,14,24,0,0,0,0,0,14,42,33,71,50,100,1,278,118,203,1,304,120,105,60,61,25,249,200
89081140,1,33702.0,10,260,10.0,8.0,57,6,16,0,0,0,0,0,35,42,33,71,50,100,1,278,118,203,1,304,120,105,60,61,25,249,200
89081141,0,45661.0,9,200,,10.0,95,0,16,0,0,16,0,0,63,41,32,67,50,100,100,278,7,351,160,318,120,93,60,39,21,252,200
89081141,1,24945.0,7,203,10.0,0.0,127,34,29,0,0,5,5,0,54,41,32,67,50,100,100,278,7,351,160,318,120,93,60,39,21,252,200
89081144,0,48185.0,10,213,,11.0,21,0,16,0,0,0,0,0,5,41,32,71,50,100,27,278,150,258,1,311,120,105,60,59,25,248,200
89081144,1,71793.0,10,260,10.0,10.0,57,6,16,0,0,0,0,0,35,41,32,71,50,100,27,278,150,258,1,311,120,105,60,59,25,248,200
89081145,0,79465.0,9,262,0.0,18.0,170,25,18,0,0,41,1,0,85,42,35,69,50,100,14,278,104,262,160,268,120,101,60,51,23,250,200
89081145,1,91418.0,10,275,9.0,11.0,121,7,26,0,0,39,4,0,45,42,35,69,50,100,14,278,104,262,160,268,120,101,60,51,23,250,200
89081146,0,42097.0,12,238,10.0,10.0,21,11,10,0,0,0,0,0,0,42,33,68,50,100,1,281,202,291,129,314,120,113,60,63,25,237,181
89081146,1,87781.0,12,302,11.0,11.0,44,14,15,0,0,2,1,0,12,42,33,68,50,100,1,281,202,291,129,314,120,113,60,63,25,237,181
89081149,0,54174.0,10,300,11.0,11.0,175,10,122,0,0,4,2,0,37,42,35,71,50,100,67,278,133,293,160,307,120,98,60,52,25,244,200
89081149,1,60016.0,12,225,7.0,18.0,240,107,45,0,0,0,0,0,88,42,35,71,50,100,67,278,133,293,160,307,120,98,60,52,25,244,200
89081672,0,78165.0,12,245,9.0,18.0,36,13,12,0,0,0,0,0,11,42,35,68,50,100,1,280,204,253,1,274,120,106,60,59,22,246,200
89081672,1,69952.0,9,269,0.0,13.0,194,72,33,0,0,40,4,0,45,42,35,68,50,100,1,280,204,253,1,274,120,106,60,59,22,246,200
89081673,0,46372.0,9,200,,10.0,95,0,16,0,0,16,0,0,63,42,35,75,50,100,68,278,111,305,160,319,120,87,60,49,23,250,200
89081673,1,52147.0,10,294,11.0,11.0,175,10,122,0,0,4,2,0,37,42,35,75,50,100,68,278,111,305,160,319,120,87,60,49,23,250,200
89081674,0,3000.0,0,0,,0.0,0,0,0,0,0,0,0,0,0,42,35,65,50,100,100,293,250,332,160,308,120,107,60,49,25,251,200
89081674,1,6259.0,0,0,,0.0,2,0,2,0,0,0,0,0,0,42,35,65,50,100,100,293,250,332,160,308,120,107,60,49,25,251,200
89081676,0,67302.0,7,203,9.0,12.0,54,16,14,0,0,2,2,0,20,41,32,73,50,100,51,278,43,280,160,297,120,90,60,51,21,251,200
89081676,1,69232.0,8,240,0.0,12.0,196,14,25,0,0,11,11,0,135,41,32,73,50,100,51,278,43,280,160,297,120,90,60,51,21,251,200
89081680,0,37668.0,12,302,11.0,7.0,44,14,15,0,0,2,1,0,12,42,32,66,50,100,1,278,68,275,1,321,120,113,60,61,25,243,200
89081680,1,63241.0,10,260,10.0,10.0,59,6,16,0,0,0,0,0,37,42,32,66,50,100,1,278,68,275,1,321,120,113,60,61,25,243,200
89082174,0,96029.0,12,245,9.0,18.0,35,13,12,0,0,0,1,0,9,42,35,65,50,100,1,278,189,280,97,300,120,106,60,63,25,234,18
89082174,1,63244.0,13,353,11.0,11.0,59,19,21,0,0,2,3,0,14,42,35,65,50,100,1,278,189,280,97,300,120,106,60,63,25,234,18
89082175,0,27316.0,7,203,11.0,0.0,133,31,28,0,0,5,6,0,63,42,33,77,50,100,100,278,25,311,160,290,120,94,60,40,22,250,200
89082175,1,44756.0,9,200,,10.0,95,0,16,0,0,16,0,0,63,42,33,77,50,100,100,278,25,311,160,290,120,94,60,40,22,250,200
89082176,0,24363.0,10,290,11.0,0.0,153,37,27,0,0,4,5,0,80,42,33,52,43,100,72,278,1,340,160,323,120,96,60,45,25,252,200
89082176,1,14466.0,15,349,10.0,0.0,132,9,37,0,0,0,12,0,74,42,33,52,43,100,72,278,1,340,160,323,120,96,60,45,25,252,200
89082179,0,78698.0,10,296,,16.0,26,3,18,0,0,0,0,0,5,42,32,73,50,100,1,278,165,257,160,318,120,94,60,59,25,243,198
89082179,1,91905.0,10,260,10.0,10.0,57,6,16,0,0,0,0,0,35,42,32,73,50,100,1,278,165,257,160,318,120,94,60,59,25,243,198
89082184,0,39119.0,7,209,,7.0,107,36,8,0,0,0,0,0,63,42,35,55,44,100,59,278,150,344,160,303,120,103,60,43,23,250,200
89082184,1,42026.0,7,203,11.0,11.0,129,34,29,0,0,5,5,0,56,42,35,55,44,100,59,278,150,344,160,303,120,103,60,43,23,250,200
89082185,0,3000.0,0,0,,0.0,0,0,0,0,0,0,0,0,0,42,35,67,50,100,100,293,250,351,160,297,120,101,60,49,25,251,200
89082185,1,3000.0,0,0,,0.0,0,0,0,0,0,0,0,0,0,42,35,67,50,100,100,293,250,351,160,297,120,101,60,49,25,251,200
89082650,0,40771.0,7,203,,13.0,86,27,32,0,0,3,5,0,19,42,35,73,50,100,66,281,54,312,160,332,120,103,60,55,25,246,200
89082650,1,67735.0,7,203,11.0,13.0,48,0,48,0,0,0,0,0,0,42,35,73,50,100,66,281,54,312,160,332,120,103,60,55,25,246,200
89082652,0,42710.0,9,200,,10.0,95,0,16,0,0,16,0,0,63,42,35,71,50,100,100,278,13,340,160,318,120,101,60,40,22,246,200
89082652,1,25697.0,10,290,11.0,0.0,153,37,27,0,0,4,5,0,80,42,35,71,50,100,100,278,13,340,160,318,120,101,60,40,22,246,200
89082653,0,73832.0,12,240,10.0,11.0,64,12,23,0,0,0,0,0,29,42,29,71,50,100,1,277,176,264,1,297,120,92,60,63,25,238,196
89082653,1,59488.0,12,245,9.0,18.0,36,13,12,0,0,0,2,0,9,42,29,71,50,100,1,277,176,264,1,297,120,92,60,63,25,238,196
89082655,0,22720.0,4,56,0.0,0.0,117,18,82,0,0,0,0,0,17,42,35,68,50,100,100,280,240,347,160,339,120,101,60,50,25,250,200
89082655,1,3000.0,0,0,,0.0,0,0,0,0,0,0,0,0,0,42,35,68,50,100,100,280,240,347,160,339,120,101,60,50,25,250,200
89082657,0,89144.0,10,272,9.0,19.0,130,10,19,0,0,56,8,0,37,41,29,68,50,100,9,278,104,283,160,287,120,102,60,56,25,250,200
89082657,1,103950.0,10,260,10.0,10.0,57,6,16,0,0,0,0,0,35,41,29,68,50,100,9,278,104,283,160,287,120,102,60,56,25,250,200
89083124,0,5999.0,0,0,,0.0,37,0,0,0,0,0,26,0,11,41,32,71,50,100,100,287,250,351,160,316,120,86,60,46,25,250,200
89083124,1,32170.0,5,115,16.0,8.0,90,25,12,0,0,3,8,0,42,41,32,71,50,100,100,287,250,351,160,316,120,86,60,46,25,250,200
89083125,0,33970.0,10,230,0.0,14.0,336,8,92,0,0,46,5,0,185,42,31,68,50,100,100,280,34,358,160,298,120,92,60,47,22,246,200
89083125,1,28734.0,8,180,12.0,0.0,162,56,41,0,0,0,12,0,53,42,31,68,50,100,100,280,34,358,160,298,120,92,60,47,22,246,200
89083128,0,62948.0,7,203,9.0,12.0,62,14,13,0,0,2,3,0,30,41,29,70,50,100,35,278,176,303,160,319,120,104,60,63,25,224,31
89083128,1,110298.0,12,245,9.0,18.0,35,13,12,0,0,0,1,0,9,41,29,70,50,100,35,278,176,303,160,319,120,104,60,63,25,224,31
89083129,0,46680.0,9,200,,10.0,95,0,16,0,0,16,0,0,63,42,32,76,50,100,100,278,25,332,160,305,120,96,60,45,22,247,200
89083129,1,24938.0,7,203,11.0,0.0,127,32,30,0,0,3,6,0,56,42,32,76,50,100,100,278,25,332,160,305,120,96,60,45,22,247,200
89083131,0,69704.0,12,238,10.0,11.0,73,16,33,0,0,0,0,0,24,42,35,69,50,100,1,278,127,267,1,286,120,98,60,64,25,242,200
89083131,1,43470.0,12,263,10.0,10.0,59,13,30,0,0,0,0,0,16,42,35,69,50,100,1,278,127,267,1,286,120,98,60,64,25,242,200
89083133,0,62817.0,12,302,11.0,10.0,44,14,15,0,0,2,1,0,12,41,29,69,50,100,1,278,127,284,1,311,120,96,60,63,25,245,200
89083133,1,109839.0,12,238,10.0,11.0,71,15,37,0,0,0,0,0,19,41,29,69,50,100,1,278,127,284,1,311,120,96,60,63,25,245,200
89083134,0,106054.0,12,263,10.0,19.0,44,13,25,0,0,0,0,0,6,41,26,75,50,100,38,278,13,253,160,298,120,96,60,60,25,249,200
89083134,1,15877.0,13,271,0.0,0.0,120,21,37,0,0,62,0,0,0,41,26,75,50,100,38,278,13,253,160,298,120,96,60,60,25,249,200
89083135,0,52854.0,13,223,7.0,18.0,244,112,40,0,0,0,0,0,92,40,32,74,50,100,100,278,91,287,160,313,120,102,60,54,25,248,200
89083135,1,69458.0,7,203,9.0,12.0,58,16,13,0,0,3,3,0,23,40,32,74,50,100,100,278,91,287,160,313,120,102,60,54,25,248,200
89083141,0,4603.0,5,102,,0.0,117,0,0,0,0,0,14,0,103,42,35,73,50,100,100,293,250,340,160,336,120,94,60,49,23,248,200
89083141,1,4603.0,5,102,,0.0,117,0,0,0,0,0,14,0,103,42,35,73,50,100,100,293,250,340,160,336,120,94,60,49,23,248,200
89083598,0,3902.0,5,102,,0.0,117,0,0,0,0,0,14,0,103,42,35,71,50,100,100,281,219,311,160,299,120,88,60,46,22,253,200
89083598,1,48490.0,7,203,,13.0,86,27,32,0,0,3,5,0,19,42,35,71,50,100,100,281,219,311,160,299,120,88,60,46,22,253,200
89083599,0,40884.0,7,209,,7.0,107,36,8,0,0,0,0,0,63,42,35,52,44,100,59,290,250,302,160,314,120,105,60,56,25,247,200
89083599,1,26956.0,10,207,13.0,0.0,0,0,0,0,0,0,0,0,0,42,35,52,44,100,59,290,250,302,160,314,120,105,60,56,25,247,200
89083600,0,22140.0,7,203,,0.0,86,27,32,0,0,3,5,0,19,42,32,65,50,100,85,278,1,316,160,312,120,99,60,52,25,247,200
89083600,1,29429.0,15,319,11.0,0.0,122,53,38,0,0,2,15,0,14,42,32,65,50,100,85,278,1,316,160,312,120,99,60,52,25,247,200
89083604,0,98669.0,12,245,9.0,18.0,36,13,12,0,0,1,1,0,9,42,32,73,50,100,1,280,120,280,126,320,120,104,60,58,22,230,158
89083604,1,83114.0,8,240,0.0,12.0,149,18,28,0,0,35,3,0,65,42,32,73,50,100,1,280,120,280,126,320,120,104,60,58,22,230,158
89083606,0,107398.0,12,245,9.0,18.0,35,13,12,0,0,0,1,0,9,42,33,54,47,100,1,278,142,268,160,285,120,98,60,59,25,247,200
89083606,1,56893.0,15,388,8.0,11.0,152,25,27,0,0,20,0,0,80,42,33,54,47,100,1,278,142,268,160,285,120,98,60,59,25,247,200
89083607,0,39900.0,9,200,,10.0,95,0,16,0,0,16,0,0,63,41,35,75,50,100,100,278,7,328,160,297,120,105,60,45,23,250,200
89083607,1,49679.0,12,183,10.0,10.0,177,50,32,0,0,22,0,0,73,41,35,75,50,100,100,278,7,328,160,297,120,105,60,45,23,250,200
89083608,0,70069.0,10,260,10.0,10.0,57,6,16,0,0,0,0,0,35,42,29,70,50,100,8,278,81,247,32,268,120,92,60,56,25,251,200
89083608,1,56669.0,10,271,9.0,16.0,148,9,22,0,0,28,28,0,61,42,29,70,50,100,8,278,81,247,32,268,120,92,60,56,25,251,200
89084086,0,58659.0,12,239,10.0,11.0,64,13,29,0,0,0,0,0,22,42,35,65,50,100,53,278,13,328,160,333,120,106,60,54,25,248,200
89084086,1,30322.0,9,165,0.0,13.0,99,19,69,0,0,0,3,0,8,42,35,65,50,100,53,278,13,328,160,333,120,106,60,54,25,248,200
89084089,0,4809.0,5,102,,0.0,117,0,0,0,0,0,14,0,103,42,35,71,50,100,100,278,25,336,160,308,120,103,60,49,23,253,200
89084089,1,37886.0,5,132,0.0,11.0,147,7,140,0,0,0,0,0,0,42,35,71,50,100,100,278,25,336,160,308,120,103,60,49,23,253,200
89084093,0,45963.0,9,200,,10.0,95,0,16,0,0,16,0,0,63,41,31,68,50,100,100,278,176,311,160,274,120,97,60,43,25,251,200
89084093,1,61695.0,9,242,8.0,13.0,215,120,14,0,0,6,17,0,58,41,31,68,50,100,100,278,176,311,160,274,120,97,60,43,25,251,200
89084094,0,30553.0,7,203,0.0,11.0,144,33,29,0,0,4,4,0,74,41,29,69,50,100,100,278,1,332,160,286,120,101,60,44,23,253,200
89084094,1,25755.0,7,203,11.0,0.0,129,36,31,0,0,6,6,0,50,41,29,69,50,100,100,278,1,332,160,286,120,101,60,44,23,253,200
89084095,0,3000.0,0,0,,0.0,0,0,0,0,0,0,0,0,0,41,35,68,50,100,100,293,250,358,160,311,120,101,60,50,25,252,200
89084095,1,3340.0,0,0,,0.0,15,0,0,0,0,0,0,0,15,41,35,68,50,100,100,293,250,358,160,311,120,101,60,50,25,252,200
89084096,0,36979.0,10,254,14.0,13.0,169,56,22,0,0,4,12,0,75,41,28,75,50,100,100,281,43,315,160,293,120,89,60,34,22,253,200
89084096,1,39535.0,7,202,11.0,13.0,133,36,26,0,0,4,4,0,63,41,28,75,50,100,100,281,43,315,160,293,120,89,60,34,22,253,200
89084097,0,3356.0,0,0,,0.0,34,0,0,0,0,0,15,0,19,42,35,76,50,100,100,293,250,340,160,333,120,72,45,51,25,248,200
89084097,1,3198.0,4,100,10.0,0.0,78,0,0,0,0,0,78,0,0,42,35,76,50,100,100,293,250,340,160,333,120,72,45,51,25,248,200
89084098,0,28579.0,15,354,10.0,0.0,132,11,37,0,0,0,12,0,72,42,35,52,45,100,67,278,1,328,160,285,120,93,60,48,25,252,200
89084098,1,13954.0,7,203,,0.0,86,27,32,0,0,3,5,0,19,42,35,52,45,100,67,278,1,328,160,285,120,93,60,48,25,252,200
89084100,0,78975.0,10,273,10.0,11.0,165,19,31,0,0,24,26,0,65,42,30,75,50,100,1,278,81,269,160,282,120,87,60,61,25,236,199
89084100,1,102067.0,12,245,9.0,20.0,37,13,12,0,0,1,2,0,9,42,30,75,50,100,1,278,81,269,160,282,120,87,60,61,25,236,199
89084579,0,4156.0,5,102,,0.0,117,0,0,0,0,0,14,0,103,42,35,74,50,100,88,293,250,296,160,301,120,96,60,45,22,250,200
89084579,1,8816.0,9,252,17.0,0.0,226,0,0,0,0,0,0,0,226,42,35,74,50,100,88,293,250,296,160,301,120,96,60,45,22,250,200
89084582,0,6171.0,0,0,,0.0,37,0,0,0,0,0,26,0,11,42,35,71,50,100,100,284,240,324,160,308,120,93,60,50,25,252,200
89084582,1,18233.0,5,66,0.0,0.0,191,20,118,0,0,0,0,0,53,42,35,71,50,100,100,284,240,324,160,308,120,93,60,50,25,252,200
89084583,0,41523.0,12,234,10.0,16.0,66,19,25,0,0,0,0,0,22,42,35,74,50,100,1,277,106,226,1,314,120,98,60,61,25,227,37
89084583,1,45931.0,10,260,10.0,10.0,57,6,16,0,0,0,0,0,35,42,35,74,50,100,1,277,106,226,1,314,120,98,60,61,25,227,37
89084584,0,19493.0,10,203,12.0,0.0,5,5,0,0,0,0,0,0,0,41,29,74,50,100,100,293,250,289,160,318,120,103,60,60,25,242,200
89084584,1,6159.0,0,0,,0.0,107,107,0,0,0,0,0,0,0,41,29,74,50,100,100,293,250,289,160,318,120,103,60,60,25,242,200
89084585,0,9633.0,6,180,,0.0,153,0,0,0,0,0,0,0,153,42,35,69,50,100,100,293,250,340,160,311,120,88,60,39,21,251,200
89084585,1,6259.0,0,0,,0.0,2,0,2,0,0,0,0,0,0,42,35,69,50,100,100,293,250,340,160,311,120,88,60,39,21,251,200
89084586,0,113203.0,12,240,10.0,15.0,81,21,25,0,0,0,0,0,35,42,29,66,50,100,1,277,158,287,91,311,120,92,60,62,25,240,200
89084586,1,103791.0,12,245,9.0,19.0,35,13,12,0,0,0,1,0,9,42,29,66,50,100,1,277,158,287,91,311,120,92,60,62,25,240,200
89084587,0,118828.0,12,238,10.0,11.0,72,15,34,0,0,0,0,0,23,42,35,69,50,100,1,278,16,275,160,315,120,90,60,60,25,235,93
89084587,1,53692.0,10,296,15.0,14.0,61,3,26,0,0,17,0,0,15,42,35,69,50,100,1,278,16,275,160,315,120,90,60,60,25,235,93
89084588,0,108302.0,10,297,,15.0,24,2,18,0,0,0,0,0,4,42,35,71,50,100,4,278,226,276,160,314,120,107,60,58,25,243,193
89084588,1,36917.0,10,300,11.0,11.0,164,4,122,0,0,4,2,0,32,42,35,71,50,100,4,278,226,276,160,314,120,107,60,58,25,243,193
89085043,0,33737.0,12,273,,10.0,115,73,39,0,0,3,0,0,0,41,32,76,50,101,100,277,1,328,160,283,120,104,60,51,24,250,200
89085043,1,12692.0,10,220,0.0,0.0,304,8,73,0,0,33,5,0,185,41,32,76,50,101,100,277,1,328,160,283,120,104,60,51,24,250,200
89085046,0,59932.0,15,388,8.0,11.0,135,27,34,0,0,18,0,0,56,41,32,53,44,100,51,278,1,340,160,303,120,107,60,50,25,249,200
89085046,1,22460.0,7,203,11.0,0.0,126,34,29,0,0,5,5,0,53,41,32,53,44,100,51,278,1,340,160,303,120,107,60,50,25,249,200
89085049,0,79327.0,10,268,0.0,10.0,175,28,19,0,0,61,0,0,67,42,35,68,50,100,37,277,101,282,160,251,120,96,60,55,23,246,200
89085049,1,115322.0,12,245,9.0,19.0,36,11,12,0,0,0,3,0,10,42,35,68,50,100,37,277,101,282,160,251,120,96,60,55,23,246,200
89085051,0,29437.0,15,353,10.0,0.0,128,9,37,0,0,0,12,0,70,41,27,57,50,100,66,278,1,344,160,301,120,85,60,43,24,248,200
89085051,1,33402.0,10,296,0.0,10.0,204,79,16,0,0,4,17,0,88,41,27,57,50,100,66,278,1,344,160,301,120,85,60,43,24,248,200
89085054,0,104117.0,12,238,10.0,16.0,81,15,33,0,0,0,0,0,33,42,28,73,50,100,26,277,25,268,160,260,120,109,60,54,25,243,200
89085054,1,80599.0,10,261,0.0,10.0,163,27,19,0,0,60,0,0,57,42,28,73,50,100,26,277,25,268,160,260,120,109,60,54,25,243,200
89085523,0,56547.0,12,238,10.0,11.0,64,13,29,0,0,0,0,0,22,42,30,74,50,100,53,278,81,324,160,326,120,88,60,52,25,244,200
89085523,1,34177.0,7,203,11.0,11.0,131,36,29,0,0,5,5,0,56,42,30,74,50,100,53,278,81,324,160,326,120,88,60,52,25,244,200
89085524,0,6099.0,0,0,,0.0,3,0,3,0,0,0,0,0,0,42,35,74,50,100,100,293,250,336,160,304,120,85,60,50,25,250,200
89085524,1,747.0,2,2,,0.0,454,48,0,0,0,0,406,0,0,42,35,74,50,100,100,293,250,336,160,304,120,85,60,50,25,250,200
89085529,0,31966.0,8,177,5.0,12.0,200,83,35,0,0,0,12,0,70,40,25,65,50,100,100,278,94,354,160,308,120,103,60,44,22,253,200
89085529,1,28061.0,7,210,,0.0,144,90,20,0,0,0,0,0,34,40,25,65,50,100,100,278,94,354,160,308,120,103,60,44,22,253,200
89085531,0,40266.0,9,191,7.0,14.0,170,69,28,0,0,0,0,0,73,40,35,71,50,100,100,277,13,273,160,324,120,101,60,53,25,245,200
89085531,1,71434.0,14,326,7.0,13.0,284,191,40,0,0,0,0,0,53,40,35,71,50,100,100,277,13,273,160,324,120,101,60,53,25,245,200
89085534,0,4671.0,1,26,,0.0,150,39,0,0,0,0,0,0,111,41,33,71,50,101,100,293,250,361,160,327,120,90,60,46,22,250,200
89085534,1,4177.0,5,102,,0.0,117,0,0,0,0,0,14,0,103,41,33,71,50,101,100,293,250,361,160,327,120,90,60,46,22,250,200
89086008,0,33644.0,7,190,4.0,13.0,259,133,10,0,0,12,33,0,71,40,31,67,50,100,100,281,76,340,160,304,120,89,60,36,22,250,200
89086008,1,37754.0,10,227,0.0,13.0,361,132,114,0,0,0,0,0,115,40,31,67,50,100,100,281,76,340,160,304,120,89,60,36,22,250,200
89086015,0,37308.0,9,222,11.0,11.0,125,12,37,0,0,0,0,0,76,42,32,68,50,100,92,280,7,340,160,281,120,96,60,48,23,248,200
89086015,1,24354.0,8,200,0.0,0.0,286,8,64,0,0,24,5,0,185,42,32,68,50,100,92,280,7,340,160,281,120,96,60,48,23,248,200
89086017,0,75652.0,13,357,11.0,11.0,64,18,23,0,0,2,4,0,17,42,35,73,50,100,1,278,142,271,160,303,120,87,60,55,21,235,195
89086017,1,74830.0,9,269,0.0,18.0,189,61,28,0,0,20,13,0,67,42,35,73,50,100,1,278,142,271,160,303,120,87,60,55,21,235,195
89086018,0,74358.0,10,260,10.0,10.0,57,6,16,0,0,0,0,0,35,42,29,70,50,100,2,277,101,268,22,321,120,101,60,61,25,243,200
89086018,1,87889.0,12,235,10.0,16.0,68,11,24,0,0,0,0,0,33,42,29,70,50,100,2,277,101,268,22,321,120,101,60,61,25,243,200
89086019,0,85078.0,13,324,0.0,11.0,104,21,36,0,0,47,0,0,0,42,27,75,50,100,1,278,13,242,1,262,120,92,60,63,25,241,200
89086019,1,46841.0,12,263,10.0,10.0,50,16,25,0,0,0,0,0,9,42,27,75,50,100,1,278,13,242,1,262,120,92,60,63,25,241,200
89086484,0,33588.0,10,196,11.0,10.0,275,127,51,0,0,0,0,0,97,41,35,68,50,100,52,277,13,325,160,321,120,101,60,55,25,248,200
89086484,1,65478.0,9,212,14.0,13.0,100,0,100,0,0,0,0,0,0,41,35,68,50,100,52,277,13,325,160,321,120,101,60,55,25,248,200
89086485,0,93707.0,10,272,9.0,11.0,110,7,30,0,0,27,12,0,34,42,35,66,50,100,37,278,40,297,160,253,120,100,60,54,25,251,200
89086485,1,21861.0,5,114,12.0,0.0,50,2,27,0,0,5,0,0,16,42,35,66,50,100,37,278,40,297,160,253,120,100,60,54,25,251,200
89086487,0,19776.0,7,203,11.0,0.0,125,36,29,0,0,5,5,0,50,41,32,71,50,101,100,277,1,340,160,297,120,107,60,49,25,252,200
89086487,1,25538.0,12,280,,0.0,122,83,36,0,0,3,0,0,0,41,32,71,50,101,100,277,1,340,160,297,120,107,60,49,25,252,200
89086488,0,43599.0,9,200,,10.0,95,0,16,0,0,16,0,0,63,41,31,67,50,100,84,278,99,322,160,284,120,93,60,49,25,250,200
89086488,1,47632.0,15,332,11.0,10.0,128,55,24,0,0,8,13,0,28,41,31,67,50,100,84,278,99,322,160,284,120,93,60,49,25,250,200
89086493,0,99281.0,12,245,9.0,19.0,37,13,12,0,0,0,3,0,9,42,33,60,50,100,1,278,162,266,160,297,120,108,60,64,25,237,200
89086493,1,67729.0,12,308,11.0,11.0,128,37,26,0,0,13,5,0,47,42,33,60,50,100,1,278,162,266,160,297,120,108,60,64,25,237,200
89086496,0,37106.0,8,138,10.0,18.0,57,5,25,0,0,5,0,0,22,41,28,70,50,100,71,282,249,354,160,310,120,94,60,47,24,245,200
89086496,1,40474.0,7,197,4.0,13.0,285,99,11,0,0,11,17,0,147,41,28,70,50,100,71,282,249,354,160,310,120,94,60,47,24,245,200
89086497,0,15277.0,4,56,0.0,0.0,142,25,98,0,0,0,0,0,19,42,35,70,50,100,100,283,237,328,160,304,120,103,60,50,25,251,200
89086497,1,6009.0,0,0,,0.0,3,0,3,0,0,0,0,0,0,42,35,70,50,100,100,283,237,328,160,304,120,103,60,50,25,251,200
89086498,0,44294.0,9,200,,10.0,95,0,16,0,0,16,0,0,63,42,32,69,50,100,100,278,54,358,160,304,120,90,60,36,21,246,200
89086498,1,36105.0,9,238,0.0,11.0,218,56,25,0,0,3,21,0,113,42,32,69,50,100,100,278,54,358,160,304,120,90,60,36,21,246,200
89086958,0,36731.0,11,254,0.0,13.0,106,20,29,0,0,34,4,0,19,42,31,68,50,100,69,278,19,283,160,268,120,103,60,55,25,253,200
89086958,1,104415.0,10,260,10.0,10.0,38,6,16,0,0,16,0,0,0,42,31,68,50,100,69,278,19,283,160,268,120,103,60,55,25,253,200
89086963,0,39357.0,10,195,11.0,10.0,281,125,52,0,0,0,0,0,104,38,24,71,50,100,100,277,13,365,160,325,120,87,60,39,25,248,200
89086963,1,28719.0,7,196,4.0,0.0,274,77,12,0,0,11,28,0,146,38,24,71,50,100,100,277,13,365,160,325,120,87,60,39,25,248,200
89086964,0,6155.0,1,21,,0.0,55,0,0,0,0,0,36,0,19,42,32,69,50,100,100,287,250,347,160,299,120,86,60,45,23,251,200
89086964,1,31468.0,5,111,16.0,8.0,86,27,12,0,0,3,9,0,35,42,32,69,50,100,100,287,250,347,160,299,120,86,60,45,23,251,200
89086966,0,39895.0,12,302,11.0,7.0,44,14,15,0,0,2,1,0,12,42,31,76,50,100,1,282,202,248,1,321,120,94,60,63,25,249,200
89086966,1,16683.0,12,238,10.0,0.0,20,11,9,0,0,0,0,0,0,42,31,76,50,100,1,282,202,248,1,321,120,94,60,63,25,249,200
89086968,0,26079.0,8,198,7.0,0.0,117,43,42,0,0,4,3,0,25,42,32,71,50,100,100,278,43,340,160,270,120,99,60,42,22,252,200
89086968,1,41313.0,9,200,,10.0,95,0,16,0,0,16,0,0,63,42,32,71,50,100,100,278,43,340,160,270,120,99,60,42,22,252,200
89087433,0,53792.0,11,254,0.0,22.0,145,25,39,0,0,54,8,0,19,42,35,76,50,100,50,281,34,269,160,270,120,98,60,57,25,247,200
89087433,1,69924.0,9,212,15.0,13.0,105,0,104,0,0,1,0,0,0,42,35,76,50,100,50,281,34,269,160,270,120,98,60,57,25,247,200
89087436,0,12323.0,3,55,0.0,0.0,52,14,5,0,0,2,15,0,16,42,33,73,50,100,100,291,250,344,160,326,120,84,60,52,24,248,200
89087436,1,4743.0,4,100,10.0,0.0,78,0,0,0,0,0,78,0,0,42,33,73,50,100,100,291,250,344,160,326,120,84,60,52,24,248,200
89087437,0,37959.0,9,196,7.0,14.0,177,76,27,0,0,0,0,0,74,42,35,71,50,101,100,277,1,330,160,324,120,101,60,50,25,244,200
89087437,1,30920.0,12,273,,10.0,115,73,39,0,0,3,0,0,0,42,35,71,50,101,100,277,1,330,160,324,120,101,60,50,25,244,200
89087443,0,92846.0,12,238,10.0,11.0,72,15,29,0,0,0,0,0,28,42,30,64,50,100,1,278,186,306,74,318,120,109,60,66,25,223,11
89087443,1,65353.0,12,245,9.0,18.0,35,12,12,0,0,0,1,0,10,42,30,64,50,100,1,278,186,306,74,318,120,109,60,66,25,223,11
89087446,0,65433.0,10,260,10.0,10.0,57,6,16,0,0,0,0,0,35,41,29,74,50,100,1,278,60,266,1,311,120,90,60,61,25,241,200
89087446,1,88974.0,12,232,10.0,18.0,75,15,33,0,0,0,0,0,27,41,29,74,50,100,1,278,60,266,1,311,120,90,60,61,25,241,200
89087447,0,79276.0,11,212,11.0,12.0,133,1,22,0,0,12,0,0,98,42,34,71,50,100,46,278,192,259,1,307,120,102,60,58,25,243,200
89087447,1,69945.0,12,305,11.0,11.0,41,13,14,0,0,1,1,0,12,42,34,71,50,100,46,278,192,259,1,307,120,102,60,58,25,243,200
89087911,0,14541.0,5,66,0.0,0.0,180,21,133,0,0,0,0,0,26,42,33,70,50,100,100,286,240,354,160,320,120,85,60,49,24,246,200
89087911,1,9438.0,3,76,0.0,0.0,54,9,0,0,0,8,22,0,15,42,33,70,50,100,100,286,240,354,160,320,120,85,60,49,24,246,200
89087914,0,78565.0,9,210,13.0,13.0,106,0,100,0,0,6,0,0,0,42,32,67,50,100,47,278,152,328,160,317,120,89,60,52,22,247,200
89087914,1,49385.0,9,235,0.0,11.0,213,55,26,0,0,3,23,0,106,42,32,67,50,100,47,278,152,328,160,317,120,89,60,52,22,247,200
89087919,0,36015.0,10,290,11.0,11.0,153,37,27,0,0,4,5,0,80,42,35,67,50,100,67,278,84,326,160,299,120,101,60,49,25,250,200
89087919,1,41759.0,12,218,10.0,11.0,56,13,21,0,0,0,0,0,22,42,35,67,50,100,67,278,84,326,160,299,120,101,60,49,25,250,200
89088388,0,56872.0,8,201,14.0,20.0,123,0,100,0,0,23,0,0,0,42,33,64,50,100,1,278,160,309,160,303,120,113,60,60,25,243,177
89088388,1,83493.0,13,357,11.0,11.0,61,16,24,0,0,2,5,0,14,42,33,64,50,100,1,278,160,309,160,303,120,113,60,60,25,243,177
89088397,0,26797.0,7,203,11.0,0.0,125,36,29,0,0,5,5,0,50,41,29,71,50,100,100,278,1,351,160,318,120,99,60,47,25,246,200
89088397,1,27347.0,8,198,7.0,0.0,109,37,41,0,0,5,4,0,22,41,29,71,50,100,100,278,1,351,160,318,120,99,60,47,25,246,200
89088398,0,92744.0,12,245,9.0,19.0,37,12,12,0,0,0,3,0,10,42,28,69,50,100,1,278,164,277,28,300,120,105,60,64,25,241,200
89088398,1,91956.0,13,322,0.0,11.0,78,21,31,0,0,26,0,0,0,42,28,69,50,100,1,278,164,277,28,300,120,105,60,64,25,241,200
89088867,0,23702.0,7,203,11.0,0.0,120,35,30,0,0,5,5,0,45,42,30,74,50,100,65,278,1,279,160,283,120,89,60,50,25,253,200
89088867,1,88176.0,10,274,11.0,11.0,97,7,24,0,0,33,10,0,23,42,30,74,50,100,65,278,1,279,160,283,120,89,60,50,25,253,200
89088869,0,52814.0,13,342,11.0,11.0,90,25,27,0,0,2,2,0,34,42,30,67,50,100,24,278,43,279,160,277,120,91,60,56,25,250,200
89088869,1,88315.0,10,260,10.0,10.0,42,6,16,0,0,20,0,0,0,42,30,67,50,100,24,278,43,279,160,277,120,91,60,56,25,250,200
89088870,0,35353.0,7,203,11.0,11.0,127,34,29,0,0,5,5,0,54,42,35,67,50,100,53,278,81,311,160,319,120,101,60,51,25,249,200
89088870,1,56264.0,12,238,10.0,11.0,64,13,29,0,0,0,0,0,22,42,35,67,50,100,53,278,81,311,160,319,120,101,60,51,25,249,200
89088874,0,12008.0,3,55,0.0,0.0,52,16,5,0,0,2,15,0,14,41,28,75,50,100,100,291,250,340,160,323,120,91,60,50,24,246,200
89088874,1,6246.0,0,0,,0.0,110,110,0,0,0,0,0,0,0,41,28,75,50,100,100,291,250,340,160,323,120,91,60,50,24,246,200
89088876,0,97635.0,10,260,10.0,10.0,38,6,16,0,0,16,0,0,0,42,28,65,50,100,70,277,1,308,160,259,120,94,60,49,22,252,200
89088876,1,73937.0,10,261,0.0,10.0,158,25,19,0,0,60,0,0,54,42,28,65,50,100,70,277,1,308,160,259,120,94,60,49,22,252,200
89088879,0,75471.0,12,206,11.0,13.0,140,0,25,0,0,3,0,0,112,42,33,70,50,100,100,278,60,235,82,297,120,109,60,56,25,246,200
89088879,1,47240.0,7,203,9.0,11.0,55,15,16,0,0,2,3,0,19,42,33,70,50,100,100,278,60,235,82,297,120,109,60,56,25,246,200
89088880,0,68985.0,15,316,6.0,18.0,131,19,25,0,0,0,0,0,87,42,31,66,50,100,1,277,25,284,5,304,120,109,60,62,25,231,174
89088880,1,75581.0,12,238,10.0,11.0,83,15,33,0,0,0,0,0,35,42,31,66,50,100,1,277,25,284,5,304,120,109,60,62,25,231,174
89088881,0,53853.0,5,118,9.0,15.0,35,8,14,0,0,2,4,0,7,42,32,64,50,100,61,278,140,304,160,296,120,91,60,47,25,252,200
89088881,1,56549.0,9,243,0.0,11.0,211,55,30,0,0,3,24,0,99,42,32,64,50,100,61,278,140,304,160,296,120,91,60,47,25,252,200
89089348,0,50183.0,12,245,9.0,18.0,40,13,12,0,0,0,6,0,9,42,32,73,50,100,21,278,146,203,1,289,120,101,60,61,25,243,200
89089348,1,70892.0,10,260,10.0,10.0,42,6,16,0,0,20,0,0,0,42,32,73,50,100,21,278,146,203,1,289,120,101,60,61,25,243,200
89089349,0,92862.0,10,277,9.0,11.0,125,8,28,0,0,42,3,0,44,42,32,65,50,100,3,278,37,303,160,277,120,107,60,53,25,247,200
89089349,1,76329.0,8,240,0.0,12.0,157,9,20,0,0,47,5,0,76,42,32,65,50,100,3,278,37,303,160,277,120,107,60,53,25,247,200
89089351,0,11685.0,3,60,0.0,0.0,48,7,6,0,0,0,20,0,15,42,29,66,50,100,100,291,250,351,160,330,120,90,60,49,25,250,200
89089351,1,6149.0,0,0,,0.0,113,113,0,0,0,0,0,0,0,42,29,66,50,100,100,291,250,351,160,330,120,90,60,49,25,250,200
89089353,0,3195.0,4,72,3.0,0.0,269,74,0,0,0,7,188,0,0,41,31,74,50,100,100,293,250,336,160,316,120,97,60,52,25,250,200
89089353,1,515.0,2,2,,0.0,454,48,0,0,0,0,406,0,0,41,31,74,50,100,100,293,250,336,160,316,120,97,60,52,25,250,200
89089357,0,73629.0,15,282,10.0,19.0,88,12,24,0,0,0,0,0,52,42,29,70,50,100,1,277,101,282,38,308,120,105,60,60,25,233,187
89089357,1,86724.0,10,260,10.0,10.0,57,6,16,0,0,0,0,0,35,42,29,70,50,100,1,277,101,282,38,308,120,105,60,60,25,233,187
89089835,0,40384.0,10,248,0.0,13.0,254,165,18,0,0,5,11,0,55,41,35,55,44,100,72,281,65,351,160,308,120,95,60,51,25,246,200
89089835,1,39972.0,7,203,,13.0,86,27,32,0,0,3,5,0,19,41,35,55,44,100,72,281,65,351,160,308,120,95,60,51,25,246,200
89089840,0,59299.0,12,305,15.0,18.0,96,22,26,0,0,3,6,0,39,41,32,62,50,100,29,278,48,294,160,286,120,104,60,59,25,245,200
89089840,1,102920.0,10,260,10.0,10.0,42,6,16,0,0,20,0,0,0,41,32,62,50,100,29,278,48,294,160,286,120,104,60,59,25,245,200
89089842,0,59251.0,12,222,7.0,17.0,240,115,42,0,0,0,0,0,83,42,35,64,50,100,46,281,34,328,160,308,120,103,60,54,25,246,200
89089842,1,66949.0,9,210,13.0,13.0,104,0,104,0,0,0,0,0,0,42,35,64,50,100,46,281,34,328,160,308,120,103,60,54,25,246,200
89089846,0,29357.0,12,238,10.0,0.0,74,15,29,0,0,0,0,0,30,42,33,70,50,100,1,277,81,259,1,324,120,103,60,64,25,223,1
89089846,1,20826.0,15,315,6.0,0.0,116,12,25,0,0,0,0,0,79,42,33,70,50,100,1,277,81,259,1,324,120,103,60,64,25,223,1
89089847,0,76386.0,12,238,10.0,11.0,77,15,36,0,0,0,0,0,26,41,31,74,50,100,1,278,186,259,1,327,120,98,60,65,25,239,200
89089847,1,38750.0,12,245,9.0,6.0,38,13,12,0,0,0,4,0,9,41,31,74,50,100,1,278,186,259,1,327,120,98,60,65,25,239,200
89089849,0,23830.0,7,203,11.0,0.0,125,36,29,0,0,5,5,0,50,42,35,75,50,100,100,278,1,315,160,310,120,105,60,49,25,250,200
89089849,1,20033.0,4,113,11.0,0.0,173,92,77,0,0,0,0,0,4,42,35,75,50,100,100,278,1,315,160,310,120,105,60,49,25,250,200
89090316,0,35105.0,10,290,11.0,11.0,153,37,27,0,0,4,5,0,80,40,29,55,44,100,72,278,68,344,160,326,120,91,60,48,25,252,200
89090316,1,43275.0,10,249,0.0,13.0,234,113,25,0,0,6,6,0,84,40,29,55,44,100,72,278,68,344,160,326,120,91,60,48,25,252,200
89090320,0,90346.0,10,260,10.0,10.0,42,6,16,0,0,20,0,0,0,42,31,69,50,100,18,277,101,254,160,281,120,114,60,60,25,243,200
89090320,1,101469.0,12,236,10.0,16.0,53,11,24,0,0,0,0,0,18,42,31,69,50,100,18,277,101,254,160,281,120,114,60,60,25,243,200
89090323,0,28444.0,5,114,15.0,0.0,91,34,11,0,0,3,8,0,35,42,35,66,50,100,100,288,250,347,160,303,120,89,60,29,21,252,200
89090323,1,8581.0,6,180,,0.0,153,0,0,0,0,0,0,0,153,42,35,66,50,100,100,288,250,347,160,303,120,89,60,29,21,252,200
89090326,0,67013.0,12,263,10.0,11.0,43,13,25,0,0,0,0,0,5,42,35,68,50,100,47,278,184,235,1,305,120,109,60,60,25,249,200
89090326,1,58723.0,14,197,12.0,17.0,98,0,20,0,0,19,0,0,59,42,35,68,50,100,47,278,184,235,1,305,120,109,60,60,25,249,200
89090787,0,5685.0,0,0,,0.0,110,110,0,0,0,0,0,0,0,40,28,71,50,100,100,293,250,351,160,301,120,103,60,48,25,252,200
89090787,1,3624.0,0,0,0.0,0.0,167,0,0,0,0,0,0,0,167,40,28,71,50,100,100,293,250,351,160,301,120,103,60,48,25,252,200
89090793,0,100967.0,10,260,10.0,10.0,42,6,16,0,0,20,0,0,0,42,33,68,50,100,13,278,158,296,160,307,120,103,60,58,25,240,200
89090793,1,96832.0,10,295,,14.0,26,3,18,0,0,0,0,0,5,42,33,68,50,100,13,278,158,296,160,307,120,103,60,58,25,240,200
89090794,0,67495.0,10,260,10.0,10.0,57,6,16,0,0,0,0,0,35,42,31,69,50,100,1,277,101,259,11,324,120,107,60,61,25,241,200
89090794,1,85574.0,12,236,10.0,16.0,67,15,24,0,0,0,0,0,28,42,31,69,50,100,1,277,101,259,11,324,120,107,60,61,25,241,200
89090795,0,1868.0,0,0,,0.0,25,0,0,0,0,0,25,0,0,42,35,77,50,100,100,293,250,311,160,314,120,81,60,51,25,250,200
89090795,1,2490.0,2,46,0.0,0.0,91,0,0,0,0,0,91,0,0,42,35,77,50,100,100,293,250,311,160,314,120,81,60,51,25,250,200
89090797,0,47710.0,9,200,,10.0,95,0,16,0,0,16,0,0,63,41,34,75,50,100,100,278,176,281,139,301,120,87,60,41,23,248,200
89090797,1,54863.0,9,241,8.0,13.0,219,123,13,0,0,5,14,0,64,41,34,75,50,100,100,278,176,281,139,301,120,87,60,41,23,248,200
89091263,0,5571.0,0,0,,0.0,2,0,2,0,0,0,0,0,0,42,35,64,46,100,28,278,206,238,160,308,120,103,60,56,25,248,200
89091263,1,104291.0,13,350,8.0,11.0,69,21,27,0,0,7,0,0,14,42,35,64,46,100,28,278,206,238,160,308,120,103,60,56,25,248,200
89091266,0,3390.0,0,0,,0.0,15,0,0,0,0,0,0,0,15,42,35,69,50,100,100,293,250,365,160,311,120,89,60,50,25,246,200
89091266,1,5255.0,4,100,10.0,0.0,78,0,0,0,0,0,78,0,0,42,35,69,50,100,100,293,250,365,160,311,120,89,60,50,25,246,200
89091271,0,33820.0,7,203,11.0,11.0,126,34,29,0,0,5,5,0,53,42,30,64,50,100,56,278,81,327,160,299,120,103,60,51,25,251,200
89091271,1,53577.0,12,240,10.0,11.0,64,13,29,0,0,0,0,0,22,42,30,64,50,100,56,278,81,327,160,299,120,103,60,51,25,251,200
89091272,0,79638.0,15,317,6.0,16.0,121,26,24,0,0,0,0,0,71,42,32,70,50,100,13,277,106,241,143,255,120,105,60,59,25,242,200
89091272,1,81202.0,10,260,10.0,10.0,42,6,16,0,0,20,0,0,0,42,32,70,50,100,13,277,106,241,143,255,120,105,60,59,25,242,200
89091273,0,63558.0,8,201,17.0,20.0,117,0,100,0,0,14,0,0,3,42,35,71,50,100,67,278,152,320,160,296,120,109,60,51,23,245,200
89091273,1,48884.0,9,200,,10.0,95,0,16,0,0,16,0,0,63,42,35,71,50,100,67,278,152,320,160,296,120,109,60,51,23,245,200
89091274,0,20037.0,10,242,0.0,0.0,382,142,116,0,0,0,0,0,124,41,28,69,50,100,94,279,1,347,160,304,120,109,60,45,23,247,200
89091274,1,23860.0,9,222,13.0,0.0,82,8,37,0,0,0,0,0,37,41,28,69,50,100,94,279,1,347,160,304,120,109,60,45,23,247,200
89091738,0,113612.0,13,350,8.0,11.0,63,16,22,0,0,9,0,0,16,41,29,64,46,100,26,278,40,300,160,298,120,94,60,54,25,250,200
89091738,1,28491.0,7,203,11.0,0.0,123,36,29,0,0,5,5,0,48,41,29,64,46,100,26,278,40,300,160,298,120,94,60,54,25,250,200
89091741,0,27915.0,10,272,5.0,0.0,186,58,62,0,0,6,5,0,55,38,23,75,50,100,100,278,1,328,160,310,120,79,54,38,22,253,200
89091741,1,33740.0,10,296,0.0,11.0,200,70,18,0,0,5,18,0,89,38,23,75,50,100,100,278,1,328,160,310,120,79,54,38,22,253,200
89091742,0,40617.0,9,200,,10.0,95,0,16,0,0,16,0,0,63,42,32,66,50,100,64,278,70,299,160,256,120,97,60,46,25,253,200
89091742,1,86703.0,10,278,10.0,11.0,98,7,21,0,0,28,12,0,30,42,32,66,50,100,64,278,70,299,160,256,120,97,60,46,25,253,200
89091745,0,81316.0,10,278,10.0,11.0,97,7,22,0,0,36,5,0,27,42,27,68,50,100,8,278,13,247,160,267,120,96,60,58,25,245,200
89091745,1,86457.0,13,319,0.0,11.0,75,21,32,0,0,22,0,0,0,42,27,68,50,100,8,278,13,247,160,267,120,96,60,58,25,245,200
89091746,0,32291.0,5,111,16.0,10.0,83,28,13,0,0,3,9,0,30,42,32,66,50,100,100,286,250,358,160,310,120,97,60,45,23,251,200
89091746,1,3305.0,0,0,,0.0,15,0,0,0,0,0,0,0,15,42,32,66,50,100,100,286,250,358,160,310,120,97,60,45,23,251,200
89091749,0,88624.0,12,245,9.0,19.0,39,14,12,0,0,0,2,0,11,41,30,77,50,100,13,278,150,249,42,285,120,92,60,62,25,244,200
89091749,1,89785.0,10,260,10.0,10.0,42,6,16,0,0,20,0,0,0,41,30,77,50,100,13,278,150,249,42,285,120,92,60,62,25,244,200
89091752,0,67918.0,12,308,11.0,11.0,100,30,26,0,0,13,6,0,25,42,30,63,50,100,43,277,13,309,160,286,120,90,60,52,23,244,200
89091752,1,85777.0,10,261,0.0,10.0,163,27,19,0,0,60,0,0,57,42,30,63,50,100,43,277,13,309,160,286,120,90,60,52,23,244,200
89092218,0,22164.0,8,216,0.0,0.0,293,8,65,0,0,30,5,0,185,41,29,75,50,100,100,278,1,354,160,314,120,90,60,44,23,248,200
89092218,1,44523.0,7,203,11.0,11.0,140,36,26,0,0,4,4,0,70,41,29,75,50,100,100,278,1,354,160,314,120,90,60,44,23,248,200
89092222,0,104585.0,10,278,10.0,11.0,93,8,22,0,0,47,1,0,15,41,32,67,50,100,17,278,68,294,160,294,120,98,60,52,22,250,200
89092222,1,73659.0,8,240,0.0,20.0,187,21,24,0,0,27,11,0,104,41,32,67,50,100,17,278,68,294,160,294,120,98,60,52,22,250,200
89092226,0,34608.0,7,203,11.0,11.0,130,38,26,0,0,5,6,0,55,41,30,70,50,100,53,278,89,324,160,293,120,99,60,51,25,248,200
89092226,1,57488.0,12,236,10.0,11.0,64,13,29,0,0,0,0,0,22,41,30,70,50,100,53,278,89,324,160,293,120,99,60,51,25,248,200
89092228,0,96123.0,10,278,10.0,11.0,98,7,25,0,0,40,4,0,22,42,32,70,50,100,19,278,51,279,160,278,120,107,60,53,24,250,200
89092228,1,77175.0,8,240,0.0,19.0,145,13,22,0,0,45,0,0,65,42,32,70,50,100,19,278,51,279,160,278,120,107,60,53,24,250,200
89092231,0,91090.0,10,260,10.0,10.0,42,6,16,0,0,20,0,0,0,42,29,67,50,100,18,277,101,254,160,277,120,109,60,58,25,248,200
89092231,1,88584.0,12,235,10.0,18.0,48,11,24,0,0,0,0,0,13,42,29,67,50,100,18,277,101,254,160,277,120,109,60,58,25,248,200
89092730,0,90869.0,12,291,0.0,10.0,170,27,19,0,0,60,0,0,64,41,25,75,50,100,58,277,7,318,160,272,120,103,60,52,25,245,200
89092730,1,53782.0,13,309,0.0,22.0,56,21,20,0,0,15,0,0,0,41,25,75,50,100,58,277,7,318,160,272,120,103,60,52,25,245,200
89092732,0,67896.0,10,258,0.0,10.0,187,32,19,0,0,42,0,0,94,41,29,74,50,100,66,277,46,319,160,258,120,99,60,50,25,250,200
89092732,1,80953.0,10,273,10.0,20.0,99,7,18,0,0,55,2,0,17,41,29,74,50,100,66,277,46,319,160,258,120,99,60,50,25,250,200
89092733,0,38878.0,7,203,11.0,11.0,140,36,26,0,0,4,4,0,70,42,32,70,50,100,100,278,13,324,160,286,120,89,60,42,23,253,200
89092733,1,25094.0,11,245,0.0,0.0,105,22,28,0,0,32,4,0,19,42,32,70,50,100,100,278,13,324,160,286,120,89,60,42,23,253,200
89092737,0,87643.0,10,278,11.0,11.0,100,7,24,0,0,33,16,0,20,42,32,74,50,100,63,278,120,262,145,291,120,101,60,52,25,246,200
89092737,1,67694.0,14,220,8.0,12.0,194,7,10,0,0,7,0,0,170,42,32,74,50,100,63,278,120,262,145,291,120,101,60,52,25,246,200
89092740,0,2929.0,1,29,0.0,0.0,461,86,0,0,0,0,0,0,375,42,30,74,50,100,100,293,250,347,160,303,120,93,60,49,25,246,200
89092740,1,2933.0,4,72,3.0,0.0,503,55,0,0,0,62,386,0,0,42,30,74,50,100,100,293,250,347,160,303,120,93,60,49,25,246,200
89092742,0,93429.0,10,260,10.0,10.0,42,6,16,0,0,20,0,0,0,42,32,61,50,100,23,278,65,255,160,278,120,94,60,58,25,250,200
89092742,1,54186.0,12,298,11.0,11.0,101,29,26,0,0,8,6,0,32,42,32,61,50,100,23,278,65,255,160,278,120,94,60,58,25,250,200
89092743,0,128063.0,13,326,0.0,11.0,109,21,37,0,0,51,0,0,0,42,27,74,50,100,5,278,37,262,160,264,120,89,60,55,21,244,200
89092743,1,55623.0,9,262,0.0,20.0,203,24,16,0,0,30,15,0,118,42,27,74,50,100,5,278,37,262,160,264,120,89,60,55,21,244,200
89092744,0,76551.0,12,232,10.0,11.0,73,15,32,0,0,0,0,0,26,41,29,75,50,100,1,278,65,249,1,327,120,94,60,61,25,242,200
89092744,1,44737.0,10,260,10.0,10.0,57,6,16,0,0,0,0,0,35,41,29,75,50,100,1,278,65,249,1,327,120,94,60,61,25,242,200
89092745,0,65393.0,9,206,15.0,20.0,119,0,105,0,0,12,0,0,2,42,35,71,50,100,4,280,152,278,160,285,120,94,60,55,22,246,200
89092745,1,79360.0,8,240,0.0,13.0,153,38,36,0,0,33,0,0,46,42,35,71,50,100,4,280,152,278,160,285,120,94,60,55,22,246,200
89093225,0,48740.0,12,240,10.0,11.0,64,13,29,0,0,0,0,0,22,42,35,68,50,100,59,278,1,323,160,311,120,98,60,47,24,244,200
89093225,1,29345.0,10,247,0.0,0.0,382,143,116,0,0,0,0,0,123,42,35,68,50,100,59,278,1,323,160,311,120,98,60,47,24,244,200
89093226,0,25277.0,3,90,,0.0,38,0,38,0,0,0,0,0,0,41,35,70,50,100,100,277,13,336,160,286,120,107,60,48,25,250,200
89093226,1,34325.0,10,196,11.0,10.0,288,132,52,0,0,0,0,0,104,41,35,70,50,100,100,277,13,336,160,286,120,107,60,48,25,250,200
89093227,0,24854.0,7,203,11.0,0.0,127,36,29,0,0,5,5,0,52,41,30,68,50,100,100,278,1,340,160,321,120,101,60,43,24,251,200
89093227,1,38026.0,7,203,11.0,11.0,139,36,26,0,0,4,4,0,69,41,30,68,50,100,100,278,1,340,160,321,120,101,60,43,24,251,200
89093236,0,74460.0,10,277,10.0,20.0,97,7,18,0,0,47,10,0,15,42,29,70,50,100,66,277,46,333,160,247,120,94,60,48,24,248,200
89093236,1,69662.0,10,264,0.0,10.0,179,38,19,0,0,52,0,0,70,42,29,70,50,100,66,277,46,333,160,247,120,94,60,48,24,248,200
89093237,0,6087.0,0,0,,0.0,3,0,3,0,0,0,0,0,0,42,35,74,50,100,100,292,250,340,160,336,120,105,60,52,25,247,200
89093237,1,6247.0,0,0,,0.0,2,0,2,0,0,0,0,0,0,42,35,74,50,100,100,292,250,340,160,336,120,105,60,52,25,247,200
89093238,0,60965.0,13,354,11.0,11.0,61,17,23,0,0,2,4,0,15,41,29,77,50,100,1,278,162,263,1,314,120,96,60,64,25,238,200
89093238,1,63501.0,12,263,10.0,11.0,50,13,25,0,0,0,0,0,12,41,29,77,50,100,1,278,162,263,1,314,120,96,60,64,25,238,200
89093239,0,34123.0,8,198,7.0,11.0,112,44,36,0,0,3,4,0,25,42,35,76,50,100,100,278,120,311,160,296,120,95,60,49,25,250,200
89093239,1,10410.0,5,66,0.0,0.0,327,231,74,0,0,0,0,0,22,42,35,76,50,100,100,278,120,311,160,296,120,95,60,49,25,250,200
89093701,0,50911.0,12,236,10.0,11.0,63,13,29,0,0,0,0,0,21,42,35,65,50,100,60,278,122,322,160,283,120,103,60,51,25,251,200
89093701,1,44788.0,11,253,0.0,13.0,107,22,28,0,0,37,4,0,16,42,35,65,50,100,60,278,122,322,160,283,120,103,60,51,25,251,200
89093704,0,106171.0,14,219,11.0,18.0,74,0,13,0,0,26,0,0,35,42,35,64,50,100,100,278,144,275,160,312,120,105,60,50,25,250,200
89093704,1,47600.0,7,203,11.0,11.0,139,36,26,0,0,4,4,0,69,42,35,64,50,100,100,278,144,275,160,312,120,105,60,50,25,250,200
89093713,0,45033.0,9,200,,10.0,95,0,16,0,0,16,0,0,63,42,35,69,50,100,78,278,104,330,160,295,120,111,60,49,23,245,200
89093713,1,25410.0,12,215,10.0,0.0,55,13,21,0,0,0,0,0,21,42,35,69,50,100,78,278,104,330,160,295,120,111,60,49,23,245,200
89093714,0,105734.0,12,237,10.0,16.0,49,11,24,0,0,0,0,0,14,42,31,68,50,100,17,277,101,250,160,296,120,111,60,60,25,244,200
89093714,1,92288.0,10,260,10.0,10.0,42,6,16,0,0,20,0,0,0,42,31,68,50,100,17,277,101,250,160,296,120,111,60,60,25,244,200
89094189,0,77577.0,13,350,8.0,11.0,90,30,28,0,0,2,0,0,30,42,27,61,46,100,1,278,1,275,160,318,120,105,60,61,25,234,1
89094189,1,50675.0,13,325,0.0,11.0,72,21,35,0,0,16,0,0,0,42,27,61,46,100,1,278,1,275,160,318,120,105,60,61,25,234,1
89094653,0,71997.0,12,240,10.0,11.0,63,17,28,0,0,0,0,0,18,40,25,71,50,100,52,278,200,305,160,290,120,97,60,48,25,250,200
89094653,1,42189.0,10,295,0.0,11.0,199,73,17,0,0,5,13,0,91,40,25,71,50,100,52,278,200,305,160,290,120,97,60,48,25,250,200
89094654,0,15499.0,7,203,,0.0,86,27,32,0,0,3,5,0,19,42,35,67,50,100,81,278,1,328,160,313,120,86,60,49,25,248,200
89094654,1,41241.0,12,273,,11.0,97,25,36,0,0,0,0,0,36,42,35,67,50,100,81,278,1,328,160,313,120,86,60,49,25,248,200
89094663,0,41442.0,7,203,11.0,11.0,129,34,29,0,0,5,5,0,56,42,35,70,50,100,100,278,25,340,160,326,120,109,60,50,25,243,200
89094663,1,24544.0,3,90,,0.0,40,0,40,0,0,0,0,0,0,42,35,70,50,100,100,278,25,340,160,326,120,109,60,50,25,243,200
89094664,0,73052.0,10,276,11.0,11.0,112,8,18,0,0,45,10,0,31,42,29,70,50,100,16,278,48,276,160,309,120,94,60,57,25,246,200
89094664,1,102270.0,10,260,10.0,10.0,58,6,16,0,0,0,0,0,36,42,29,70,50,100,16,278,48,276,160,309,120,94,60,57,25,246,200
89094666,0,53084.0,14,182,10.0,10.0,159,6,33,0,0,24,0,0,96,42,32,66,50,100,66,278,1,342,160,281,120,104,60,50,25,250,200
89094666,1,93023.0,10,276,10.0,20.0,90,7,19,0,0,44,1,0,19,42,32,66,50,100,66,278,1,342,160,281,120,104,60,50,25,250,200
89095134,0,126325.0,12,323,11.0,17.0,223,45,27,0,0,26,8,0,117,41,35,70,50,100,64,278,228,293,160,299,120,105,60,51,25,247,200
89095134,1,6492.0,0,0,,0.0,113,113,0,0,0,0,0,0,0,41,35,70,50,100,64,278,228,293,160,299,120,105,60,51,25,247,200
89095135,0,21165.0,7,203,,0.0,86,27,32,0,0,3,5,0,19,42,35,67,50,100,100,278,13,332,160,298,120,105,60,45,23,250,200
89095135,1,35084.0,7,203,11.0,11.0,129,34,29,0,0,5,5,0,56,42,35,67,50,100,100,278,13,332,160,298,120,105,60,45,23,250,200
89095137,0,37479.0,12,275,,11.0,92,24,36,0,0,0,0,0,32,41,32,57,50,100,81,278,1,368,160,326,120,107,60,50,25,248,200
89095137,1,20268.0,7,203,11.0,0.0,124,34,30,0,0,4,5,0,51,41,32,57,50,100,81,278,1,368,160,326,120,107,60,50,25,248,200
89095141,0,712.0,2,8,,0.0,21,0,21,0,0,0,0,0,0,42,35,68,50,100,100,280,240,344,160,304,120,105,60,50,25,250,200
89095141,1,22592.0,5,66,0.0,0.0,134,25,98,0,0,0,0,0,11,42,35,68,50,100,100,280,240,344,160,304,120,105,60,50,25,250,200
89095615,0,47068.0,7,203,11.0,11.0,129,34,29,0,0,5,5,0,56,41,31,66,50,100,100,278,214,351,160,326,120,105,60,48,25,251,200
89095615,1,7874.0,0,0,,0.0,60,60,0,0,0,0,0,0,0,41,31,66,50,100,100,278,214,351,160,326,120,105,60,48,25,251,200
89095616,0,31404.0,9,235,0.0,11.0,222,67,20,0,0,4,22,0,109,41,31,67,50,100,81,278,1,344,160,325,120,88,60,47,25,247,200
89095616,1,42219.0,12,273,,11.0,97,25,36,0,0,0,0,0,36,41,31,67,50,100,81,278,1,344,160,325,120,88,60,47,25,247,200
89095617,0,34730.0,7,210,,10.0,144,90,20,0,0,0,0,0,34,42,31,69,50,100,100,283,242,336,160,304,120,109,60,48,25,250,200
89095617,1,3496.0,0,0,,0.0,10,10,0,0,0,0,0,0,0,42,31,69,50,100,100,283,242,336,160,304,120,109,60,48,25,250,200
89095621,0,27991.0,8,192,0.0,0.0,280,8,58,0,0,31,5,0,178,42,32,73,50,100,60,278,28,276,160,293,120,93,60,52,25,249,200
89095621,1,124611.0,12,323,11.0,11.0,234,46,23,0,0,21,8,0,136,42,32,73,50,100,60,278,28,276,160,293,120,93,60,52,25,249,200
89096088,0,36174.0,7,203,11.0,11.0,127,32,30,0,0,3,6,0,56,41,31,70,50,100,51,278,127,308,160,289,120,96,60,53,25,251,200
89096088,1,58320.0,12,240,10.0,11.0,52,18,28,0,0,0,0,0,6,41,31,70,50,100,51,278,127,308,160,289,120,96,60,53,25,251,200
89096093,0,32543.0,7,203,11.0,11.0,129,34,29,0,0,5,5,0,56,40,27,70,50,100,100,278,1,340,160,310,120,101,60,39,22,250,200
89096093,1,14978.0,10,231,0.0,0.0,379,141,117,0,0,0,0,0,121,40,27,70,50,100,100,278,1,340,160,310,120,101,60,39,22,250,200
89096095,0,7775.0,0,0,,0.0,60,60,0,0,0,0,0,0,0,41,29,77,50,100,100,293,250,311,160,301,120,93,60,51,25,251,200
89096095,1,3846.0,2,60,,0.0,9,0,0,0,0,0,9,0,0,41,29,77,50,100,100,293,250,311,160,301,120,93,60,51,25,251,200
89096577,0,6399.0,0,0,,0.0,60,60,0,0,0,0,0,0,0,38,25,68,50,100,100,281,238,354,160,309,120,97,60,43,23,252,200
89096577,1,52499.0,10,254,14.0,13.0,155,46,26,0,0,4,14,0,65,38,25,68,50,100,100,281,238,354,160,309,120,97,60,43,23,252,200
89096582,0,25263.0,10,290,11.0,0.0,144,35,27,0,0,4,5,0,73,41,33,63,50,100,81,278,1,332,160,313,120,107,60,49,25,250,200
89096582,1,31612.0,12,273,,11.0,97,25,36,0,0,0,0,0,36,41,33,63,50,100,81,278,1,332,160,313,120,107,60,49,25,250,200
89097046,0,8724.0,5,66,0.0,0.0,189,52,88,0,0,0,0,0,49,41,35,76,50,100,100,278,19,344,160,314,120,107,60,51,25,247,200
89097046,1,33315.0,1,30,,11.0,121,0,40,0,0,0,0,0,81,41,35,76,50,100,100,278,19,344,160,314,120,107,60,51,25,247,200
89097047,0,36815.0,4,109,12.0,12.0,49,2,27,0,0,5,0,0,15,42,35,72,50,100,81,284,245,335,160,306,120,88,60,51,25,250,200
89097047,1,207.0,5,23,,0.0,54,0,34,0,0,0,0,0,20,42,35,72,50,100,81,284,245,335,160,306,120,88,60,51,25,250,200
89097057,0,48244.0,12,240,10.0,11.0,60,18,28,0,0,0,0,0,14,42,35,69,50,100,14,283,223,289,160,324,120,103,60,60,25,237,169
89097057,1,49514.0,12,238,10.0,18.0,21,11,10,0,0,0,0,0,0,42,35,69,50,100,14,283,223,289,160,324,120,103,60,60,25,237,169
89097539,0,29509.0,1,30,,0.0,121,0,40,0,0,0,0,0,81,42,35,70,50,100,100,278,1,347,160,292,120,101,60,48,25,250,200
89097539,1,19940.0,7,203,,0.0,86,27,32,0,0,3,5,0,19,42,35,70,50,100,100,278,1,347,160,292,120,101,60,48,25,250,200
89097541,0,46784.0,4,120,,11.0,69,0,33,0,0,16,0,0,20,42,32,76,50,100,100,278,1,344,160,301,120,96,60,49,25,246,200
89097541,1,17809.0,7,203,11.0,0.0,126,36,29,0,0,4,5,0,52,42,32,76,50,100,100,278,1,344,160,301,120,96,60,49,25,246,200
89097548,0,11812.0,6,128,13.0,0.0,445,1,11,0,0,161,184,0,88,42,35,71,50,100,100,292,250,347,160,297,120,90,60,49,25,247,200
89097548,1,6092.0,0,0,,0.0,3,0,3,0,0,0,0,0,0,42,35,71,50,100,100,292,250,347,160,297,120,90,60,49,25,247,200
89098025,0,12043.0,6,128,13.0,0.0,394,4,11,0,0,161,184,0,34,42,35,75,50,100,100,292,250,347,160,304,120,102,60,52,25,246,200
89098025,1,6252.0,0,0,,0.0,2,0,2,0,0,0,0,0,0,42,35,75,50,100,100,292,250,347,160,304,120,102,60,52,25,246,200
89098031,0,48880.0,10,295,0.0,11.0,209,92,17,0,0,5,16,0,79,42,30,69,50,100,60,282,249,296,160,278,120,93,60,48,25,249,200
89098031,1,50420.0,12,272,10.0,16.0,56,4,0,0,0,52,0,0,0,42,30,69,50,100,60,282,249,296,160,278,120,93,60,48,25,249,200
89098498,0,37661.0,10,296,0.0,11.0,202,87,17,0,0,4,17,0,77,41,28,73,50,100,100,278,19,328,160,306,120,99,60,37,22,246,200
89098498,1,39486.0,7,180,7.0,11.0,141,34,26,0,0,4,4,0,73,41,28,73,50,100,100,278,19,328,160,306,120,99,60,37,22,246,200
89098500,0,32825.0,12,238,10.0,9.0,20,11,9,0,0,0,0,0,0,42,31,77,50,100,35,277,154,248,1,309,120,101,60,64,25,234,181
89098500,1,77840.0,12,300,10.0,10.0,42,6,16,0,0,20,0,0,0,42,31,77,50,100,35,277,154,248,1,309,120,101,60,64,25,234,181
89098974,0,3000.0,0,0,,0.0,0,0,0,0,0,0,0,0,0,42,35,77,50,100,100,293,250,315,160,321,120,96,60,51,25,250,200
89098974,1,19.0,4,52,,0.0,20,0,20,0,0,0,0,0,0,42,35,77,50,100,100,293,250,315,160,321,120,96,60,51,25,250,200
89098976,0,91229.0,12,300,10.0,10.0,39,6,16,0,0,17,0,0,0,42,31,71,50,100,19,277,167,255,26,276,120,101,60,63,25,240,200
89098976,1,36590.0,12,230,10.0,18.0,20,11,9,0,0,0,0,0,0,42,31,71,50,100,19,277,167,255,26,276,120,101,60,63,25,240,200
89098977,0,30103.0,8,200,0.0,14.0,292,8,67,0,0,27,5,0,185,42,30,69,50,100,100,278,1,351,160,326,120,101,60,48,23,246,200
89098977,1,36237.0,7,203,11.0,11.0,127,33,29,0,0,6,6,0,53,42,30,69,50,100,100,278,1,351,160,326,120,101,60,48,23,246,200
89098978,0,50122.0,9,191,7.0,14.0,167,67,27,0,0,0,0,0,73,42,35,70,50,100,54,281,113,230,160,308,120,90,60,54,25,251,200
89098978,1,82712.0,7,203,11.0,13.0,33,0,33,0,0,0,0,0,0,42,35,70,50,100,54,281,113,230,160,308,120,90,60,54,25,251,200
89098982,0,17289.0,10,246,0.0,0.0,378,143,112,0,0,0,0,0,123,41,35,69,50,100,100,278,1,324,160,286,120,103,60,39,22,252,200
89098982,1,26145.0,1,30,,0.0,120,0,40,0,0,0,0,0,80,41,35,69,50,100,100,278,1,324,160,286,120,103,60,39,22,252,200
89098983,0,68071.0,12,222,8.0,12.0,186,11,18,0,0,11,0,0,146,42,35,71,50,100,59,278,99,226,143,290,120,97,60,53,25,245,200
89098983,1,112048.0,12,322,11.0,11.0,175,48,23,0,0,16,7,0,81,42,35,71,50,100,59,278,99,226,143,290,120,97,60,53,25,245,200
89098984,0,12029.0,6,127,13.0,0.0,266,4,6,0,0,106,6,0,144,42,32,77,50,100,100,278,214,311,160,298,120,88,60,47,25,251,200
89098984,1,46720.0,7,203,11.0,11.0,129,34,29,0,0,5,5,0,56,42,32,77,50,100,100,278,214,311,160,298,120,88,60,47,25,251,200
89098985,0,59539.0,12,215,8.0,12.0,205,3,18,0,0,3,0,0,181,42,35,76,50,100,64,278,96,212,99,279,120,105,60,50,25,243,200
89098985,1,102713.0,12,322,11.0,11.0,240,49,24,0,0,26,8,0,133,42,35,76,50,100,64,278,96,212,99,279,120,105,60,50,25,243,200
89098989,0,56796.0,13,350,8.0,11.0,68,13,25,0,0,11,0,0,19,42,35,65,49,100,1,278,7,225,1,303,120,101,60,62,25,243,200
89098989,1,37110.0,12,233,10.0,11.0,77,15,28,0,0,0,0,0,34,42,35,65,49,100,1,278,7,225,1,303,120,101,60,62,25,243,200
89099469,0,51654.0,13,341,11.0,11.0,87,23,26,0,0,2,4,0,32,42,32,69,50,100,32,278,43,269,160,301,120,91,60,59,25,236,200
89099469,1,96969.0,12,300,10.0,10.0,43,6,16,0,0,21,0,0,0,42,32,69,50,100,32,278,43,269,160,301,120,91,60,59,25,236,200
89099475,0,3041.0,4,100,10.0,0.0,78,0,0,0,0,0,78,0,0,42,35,73,50,100,100,293,250,328,160,318,120,72,47,49,25,251,200
89099475,1,7.0,4,36,,0.0,20,0,20,0,0,0,0,0,0,42,35,73,50,100,100,293,250,328,160,318,120,72,47,49,25,251,200
89099480,0,103288.0,12,245,9.0,19.0,37,13,12,0,0,0,3,0,9,41,33,67,50,100,5,278,173,278,160,316,120,100,60,60,25,239,199
89099480,1,117694.0,12,323,11.0,11.0,241,52,23,0,0,26,5,0,135,41,33,67,50,100,5,278,173,278,160,316,120,100,60,60,25,239,199
89099949,0,56663.0,11,231,10.0,12.0,99,49,12,0,0,0,0,0,38,42,35,76,50,100,11,278,200,294,160,306,120,88,60,53,25,248,200
89099949,1,30252.0,4,108,12.0,12.0,49,2,27,0,0,5,0,0,15,42,35,76,50,100,11,278,200,294,160,306,120,88,60,53,25,248,200
89099951,0,86574.0,8,197,0.0,17.0,250,0,113,0,0,0,0,0,137,40,35,71,50,100,53,278,1,256,160,318,120,114,60,48,24,250,200
89099951,1,27776.0,10,245,0.0,0.0,379,142,115,0,0,0,0,0,122,40,35,71,50,100,53,278,1,256,160,318,120,114,60,48,24,250,200
89099953,0,48650.0,7,203,,13.0,86,27,32,0,0,3,5,0,19,42,35,66,50,100,100,281,219,361,160,310,120,105,60,42,22,246,200
89099953,1,9548.0,4,120,,0.0,173,0,0,0,0,0,0,0,173,42,35,66,50,100,100,281,219,361,160,310,120,105,60,42,22,246,200
89099954,0,48260.0,7,180,7.0,11.0,159,61,35,0,0,4,2,0,57,42,34,72,50,100,76,278,31,308,160,301,120,102,60,47,24,251,200
89099954,1,32582.0,6,127,12.0,13.0,59,7,28,0,0,5,0,0,19,42,34,72,50,100,76,278,31,308,160,301,120,102,60,47,24,251,200
89099955,0,116846.0,12,300,10.0,10.0,39,6,16,0,0,17,0,0,0,42,35,68,50,100,64,278,1,283,160,276,120,98,60,51,25,245,200
89099955,1,37418.0,11,189,10.0,10.0,220,27,29,0,0,10,0,0,154,42,35,68,50,100,64,278,1,283,160,276,120,98,60,51,25,245,200
89099962,0,81231.0,12,323,11.0,11.0,149,47,22,0,0,27,7,0,46,42,35,70,50,100,1,278,76,238,9,308,120,96,60,62,25,234,200
89099962,1,56067.0,12,238,10.0,11.0,74,15,35,0,0,0,0,0,24,42,35,70,50,100,1,278,76,238,9,308,120,96,60,62,25,234,200
89100440,0,71595.0,8,196,0.0,11.0,229,0,91,0,0,0,0,0,138,42,33,73,50,100,64,278,13,261,160,292,120,99,60,45,23,250,200
89100440,1,40121.0,10,254,14.0,13.0,176,60,19,0,0,3,14,0,80,42,33,73,50,100,64,278,13,261,160,292,120,99,60,45,23,250,200
89100441,0,59545.0,12,238,10.0,17.0,21,11,10,0,0,0,0,0,0,42,35,64,50,100,58,277,129,296,160,310,120,108,60,51,25,250,200
89100441,1,51374.0,7,180,7.0,11.0,155,56,35,0,0,4,2,0,58,42,35,64,50,100,58,277,129,296,160,310,120,108,60,51,25,250,200
89100451,0,81526.0,12,322,11.0,11.0,242,49,23,0,0,26,7,0,137,42,35,74,50,100,2,278,173,239,1,285,120,100,60,60,25,223,11
89100451,1,48195.0,12,245,9.0,18.0,36,13,12,0,0,0,2,0,9,42,35,74,50,100,2,278,173,239,1,285,120,100,60,60,25,223,11
89100454,0,29613.0,7,203,11.0,0.0,129,34,29,0,0,5,5,0,56,41,29,69,50,100,100,278,1,361,160,336,120,99,60,47,25,247,200
89100454,1,29613.0,7,203,11.0,0.0,129,34,29,0,0,5,5,0,56,41,29,69,50,100,100,278,1,361,160,336,120,99,60,47,25,247,200
89100455,0,73267.0,7,203,10.0,13.0,30,0,30,0,0,0,0,0,0,42,33,68,50,100,1,278,178,251,160,329,120,96,60,59,25,242,200
89100455,1,69796.0,13,355,11.0,11.0,63,19,21,0,0,2,2,0,19,42,33,68,50,100,1,278,178,251,160,329,120,96,60,59,25,242,200
89100923,0,30666.0,1,20,0.0,11.0,88,0,38,0,0,0,5,0,45,42,35,66,50,100,100,278,224,361,160,314,120,105,60,49,25,252,200
89100923,1,3000.0,0,0,,0.0,0,0,0,0,0,0,0,0,0,42,35,66,50,100,100,278,224,361,160,314,120,105,60,49,25,252,200
89100925,0,45338.0,8,216,0.0,14.0,296,8,65,0,0,33,5,0,185,42,32,70,50,100,62,280,1,296,160,307,120,102,60,50,23,247,200
89100925,1,87097.0,10,224,0.0,15.0,446,0,314,0,0,0,0,0,132,42,32,70,50,100,62,280,1,296,160,307,120,102,60,50,23,247,200
89100933,0,89532.0,10,296,,15.0,25,2,18,0,0,0,0,0,5,42,32,69,50,100,1,278,176,274,160,286,120,109,60,61,25,243,200
89100933,1,116997.0,12,300,10.0,10.0,43,6,16,0,0,21,0,0,0,42,32,69,50,100,1,278,176,274,160,286,120,109,60,61,25,243,200
89100936,0,63569.0,12,238,10.0,11.0,78,15,31,0,0,0,0,0,32,42,35,59,46,100,1,278,78,264,1,302,120,101,60,63,25,241,200
89100936,1,57676.0,13,350,8.0,11.0,69,22,23,0,0,5,0,0,19,42,35,59,46,100,1,278,78,264,1,302,120,101,60,63,25,241,200
89100937,0,89148.0,12,323,11.0,15.0,154,53,22,0,0,26,7,0,46,42,35,67,50,100,1,278,101,276,9,316,120,112,60,62,25,230,183
89100937,1,92102.0,12,238,10.0,11.0,77,15,39,0,0,0,0,0,23,42,35,67,50,100,1,278,101,276,9,316,120,112,60,62,25,230,183
89101406,0,19169.0,6,148,15.0,0.0,81,0,66,0,0,0,0,0,15,42,32,65,50,100,100,278,1,354,160,320,120,98,60,48,24,250,200
89101406,1,32751.0,10,218,0.0,13.0,415,8,175,0,0,42,5,0,185,42,32,65,50,100,100,278,1,354,160,320,120,98,60,48,24,250,200
89101416,0,49177.0,12,238,10.0,10.0,21,11,10,0,0,0,0,0,0,42,35,68,50,100,30,277,158,251,160,311,120,92,60,56,25,251,200
89101416,1,75514.0,8,190,0.0,19.0,291,0,128,0,0,0,0,0,163,42,35,68,50,100,30,277,158,251,160,311,120,92,60,56,25,251,200
89101419,0,4996.0,7,146,13.0,0.0,65,0,1,0,0,0,64,0,0,42,35,68,50,100,100,293,250,351,160,330,120,77,48,49,25,252,200
89101419,1,3679.0,2,60,,0.0,9,0,0,0,0,0,9,0,0,42,35,68,50,100,100,293,250,351,160,330,120,77,48,49,25,252,200
89101885,0,36206.0,7,203,11.0,11.0,129,34,29,0,0,5,5,0,56,41,29,67,50,100,63,277,19,281,160,319,120,101,60,57,25,247,200
89101885,1,149627.0,12,248,10.0,17.0,53,19,18,0,0,5,0,0,11,41,29,67,50,100,63,277,19,281,160,319,120,101,60,57,25,247,200
89101887,0,34587.0,10,296,0.0,11.0,206,95,16,0,0,4,18,0,73,41,25,70,50,101,100,278,104,340,160,281,120,92,60,31,21,250,200
89101887,1,20283.0,10,266,11.0,0.0,198,32,24,0,0,2,4,0,136,41,25,70,50,101,100,278,104,340,160,281,120,92,60,31,21,250,200
89101889,0,6259.0,0,0,,0.0,2,0,2,0,0,0,0,0,0,42,29,68,50,100,100,293,250,351,160,334,120,101,60,51,25,246,200
89101889,1,4989.0,6,90,0.0,0.0,137,114,11,0,0,5,5,0,2,42,29,68,50,100,100,293,250,351,160,334,120,101,60,51,25,246,200
89101895,0,26393.0,6,148,17.0,0.0,84,0,60,0,0,0,0,0,24,42,35,71,50,100,100,278,1,358,160,310,120,98,60,50,25,246,200
89101895,1,20515.0,9,165,0.0,0.0,118,32,42,0,0,2,10,0,32,42,35,71,50,100,100,278,1,358,160,310,120,98,60,50,25,246,200
89101898,0,83964.0,8,194,0.0,19.0,208,0,74,0,0,0,0,0,134,42,35,70,50,100,54,278,1,290,160,302,120,105,60,51,25,246,200
89101898,1,60681.0,14,187,10.0,10.0,156,20,27,0,0,28,0,0,81,42,35,70,50,100,54,278,1,290,160,302,120,105,60,51,25,246,200
89101899,0,2155.0,4,100,10.0,0.0,78,0,0,0,0,0,78,0,0,42,35,71,50,100,100,293,250,351,160,304,120,63,38,49,25,251,200
89101899,1,1332.0,7,140,13.0,0.0,71,0,1,0,0,0,70,0,0,42,35,71,50,100,100,293,250,351,160,304,120,63,38,49,25,251,200
89102380,0,82272.0,13,200,12.0,18.0,115,0,20,0,0,15,0,0,80,42,35,69,50,100,49,280,70,248,152,312,120,101,60,57,25,247,200
89102380,1,103108.0,7,201,10.0,13.0,33,0,33,0,0,0,0,0,0,42,35,69,50,100,49,280,70,248,152,312,120,101,60,57,25,247,200
89102389,0,51721.0,9,191,7.0,16.0,176,91,24,0,0,0,0,0,61,42,35,68,50,100,29,278,197,291,160,311,120,98,60,51,25,247,194
89102389,1,59685.0,11,231,10.0,12.0,99,49,12,0,0,0,0,0,38,42,35,68,50,100,29,278,197,291,160,311,120,98,60,51,25,247,194
89102858,0,38681.0,10,290,11.0,11.0,150,37,27,0,0,4,5,0,77,42,35,68,50,100,80,278,122,328,160,296,120,105,60,49,25,250,200
89102858,1,32513.0,5,106,12.0,12.0,42,4,26,0,0,6,0,0,6,42,35,68,50,100,80,278,122,328,160,296,120,105,60,49,25,250,200
89102861,0,37380.0,7,203,11.0,11.0,129,34,29,0,0,5,5,0,56,42,28,77,50,100,62,277,43,254,160,299,120,92,60,57,25,241,200
89102861,1,136647.0,12,248,10.0,17.0,52,19,18,0,0,5,0,0,10,42,28,77,50,100,62,277,43,254,160,299,120,92,60,57,25,241,200
89102865,0,22320.0,5,66,0.0,0.0,126,25,87,0,0,0,0,0,14,42,35,65,50,100,100,280,240,276,160,321,120,111,60,59,25,250,200
89102865,1,46459.0,10,207,9.0,17.0,13,13,0,0,0,0,0,0,0,42,35,65,50,100,100,280,240,276,160,321,120,111,60,59,25,250,200
89102870,0,4822.0,6,90,0.0,0.0,139,115,11,0,0,5,5,0,3,41,29,71,50,100,100,293,250,351,160,316,120,109,60,53,25,248,200
89102870,1,3000.0,0,0,,0.0,0,0,0,0,0,0,0,0,0,41,29,71,50,100,100,293,250,351,160,316,120,109,60,53,25,248,200
89103347,0,35970.0,7,203,11.0,11.0,125,35,29,0,0,5,5,0,51,42,33,58,46,100,82,278,13,337,160,326,120,107,60,51,25,244,200
89103347,1,42531.0,9,235,0.0,11.0,75,0,36,0,0,0,0,0,39,42,33,58,46,100,82,278,13,337,160,326,120,107,60,51,25,244,200
89103351,0,45263.0,12,294,5.0,16.0,170,7,22,0,0,10,0,0,131,41,35,59,48,100,85,283,1,321,160,290,120,107,60,50,25,249,200
89103351,1,54454.0,12,223,7.0,18.0,251,112,32,0,0,0,0,0,107,41,35,59,48,100,85,283,1,321,160,290,120,107,60,50,25,249,200
89103357,0,42106.0,12,240,10.0,11.0,50,18,29,0,0,0,0,0,3,42,35,73,50,100,18,281,215,264,160,311,120,109,60,61,25,245,181
89103357,1,45154.0,12,238,10.0,11.0,21,11,10,0,0,0,0,0,0,42,35,73,50,100,18,281,215,264,160,311,120,109,60,61,25,245,181
89103867,0,44002.0,7,196,11.0,11.0,164,45,26,0,0,4,4,0,85,41,29,68,50,100,100,278,1,344,160,293,120,105,60,45,23,253,200
89103867,1,25441.0,8,200,0.0,0.0,284,8,63,0,0,23,5,0,185,41,29,68,50,100,100,278,1,344,160,293,120,105,60,45,23,253,200
89103870,0,36538.0,8,192,7.0,11.0,112,43,35,0,0,2,5,0,27,41,29,68,50,100,100,278,118,340,160,321,120,91,60,44,22,253,200
89103870,1,25776.0,5,111,16.0,0.0,82,25,13,0,0,3,9,0,32,41,29,68,50,100,100,278,118,340,160,321,120,91,60,44,22,253,200
89103877,0,9872.0,11,271,9.0,0.0,106,26,27,0,0,2,4,0,47,42,34,76,50,100,91,278,54,305,160,304,120,96,60,49,22,248,200
89103877,1,47029.0,9,200,,10.0,95,0,16,0,0,16,0,0,63,42,34,76,50,100,91,278,54,305,160,304,120,96,60,49,22,248,200
89103880,0,63227.0,12,248,10.0,13.0,58,21,23,0,0,0,0,0,14,42,31,74,50,100,18,277,221,262,1,304,120,109,60,65,25,240,177
89103880,1,28469.0,12,238,10.0,0.0,22,11,11,0,0,0,0,0,0,42,31,74,50,100,18,277,221,262,1,304,120,109,60,65,25,240,177
89103884,0,90740.0,7,201,10.0,13.0,33,0,33,0,0,0,0,0,0,42,35,74,50,100,49,278,54,252,160,299,120,98,60,57,25,236,102
89103884,1,86840.0,12,212,11.0,13.0,136,0,15,0,0,12,0,0,109,42,35,74,50,100,49,278,54,252,160,299,120,98,60,57,25,236,102
89103885,0,3748.0,2,60,,0.0,24,24,0,0,0,0,0,0,0,41,35,71,50,100,100,281,142,315,160,314,120,98,60,43,23,250,200
89103885,1,51356.0,10,246,0.0,13.0,379,144,112,0,0,0,0,0,123,41,35,71,50,100,100,281,142,315,160,314,120,98,60,43,23,250,200
89104359,0,63016.0,12,240,10.0,11.0,66,18,34,0,0,0,4,0,10,42,32,77,50,100,52,278,48,298,160,306,120,94,60,54,25,243,200
89104359,1,34311.0,7,203,11.0,11.0,120,36,29,0,0,5,5,0,45,42,32,77,50,100,52,278,48,298,160,306,120,94,60,54,25,243,200
89104363,0,4716.0,6,168,0.0,0.0,247,247,0,0,0,0,0,0,0,39,23,68,50,100,100,286,250,347,160,316,120,94,60,47,25,250,200
89104363,1,32243.0,5,113,16.0,10.0,84,24,13,0,0,2,9,0,36,39,23,68,50,100,100,286,250,347,160,316,120,94,60,47,25,250,200
89104369,0,97448.0,15,363,9.0,11.0,68,19,22,0,0,18,0,0,9,42,28,69,50,100,1,278,129,241,160,285,120,93,60,60,25,246,200
89104369,1,37222.0,13,340,11.0,11.0,74,22,25,0,0,2,2,0,23,42,28,69,50,100,1,278,129,241,160,285,120,93,60,60,25,246,200
89104372,0,61850.0,13,182,10.0,10.0,169,23,32,0,0,26,0,0,88,42,35,68,50,100,59,278,1,287,160,290,120,92,60,45,25,252,200
89104372,1,86004.0,10,224,0.0,15.0,279,0,148,0,0,0,0,0,131,42,35,68,50,100,59,278,1,287,160,290,120,92,60,45,25,252,200
89104846,0,41903.0,10,254,14.0,13.0,158,53,19,0,0,5,15,0,66,42,33,70,50,100,53,278,164,298,160,306,120,107,60,51,25,245,200
89104846,1,69494.0,12,240,10.0,11.0,74,18,29,0,0,0,3,0,24,42,33,70,50,100,53,278,164,298,160,306,120,107,60,51,25,245,200
89104853,0,926.0,5,101,,0.0,138,130,0,0,0,0,8,0,0,37,19,74,50,100,100,293,250,347,160,308,120,92,60,51,25,251,200
89104853,1,2353.0,6,168,0.0,0.0,239,239,0,0,0,0,0,0,0,37,19,74,50,100,100,293,250,347,160,308,120,92,60,51,25,251,200
89104854,0,82209.0,12,248,10.0,13.0,56,17,26,0,0,4,0,0,9,42,32,74,50,100,16,277,113,261,1,305,120,109,60,59,23,246,200
89104854,1,50010.0,8,240,0.0,12.0,160,13,19,0,0,43,4,0,81,42,32,74,50,100,16,277,113,261,1,305,120,109,60,59,23,246,200
89104860,0,63682.0,7,201,10.0,12.0,33,0,33,0,0,0,0,0,0,42,33,74,50,100,1,278,101,269,160,314,120,96,60,64,25,223,1
89104860,1,70084.0,12,245,9.0,19.0,36,13,12,0,0,0,0,0,11,42,33,74,50,100,1,278,101,269,160,314,120,96,60,64,25,223,1
89105352,0,33229.0,6,149,12.0,12.0,72,0,31,0,0,10,6,0,25,42,32,68,50,100,100,280,1,347,160,278,120,101,60,49,24,250,200
89105352,1,32404.0,8,200,0.0,13.0,391,8,164,0,0,30,5,0,184,42,32,68,50,100,100,280,1,347,160,278,120,101,60,49,24,250,200
89105838,0,34164.0,11,210,0.0,13.0,103,18,29,0,0,35,6,0,15,42,35,74,50,100,70,281,13,316,160,313,120,98,60,50,25,245,200
89105838,1,65187.0,15,277,7.0,17.0,250,89,38,0,0,0,0,0,123,42,35,74,50,100,70,281,13,316,160,313,120,98,60,50,25,245,200
89105839,0,49329.0,7,203,,13.0,86,27,32,0,0,3,5,0,19,42,35,63,50,100,100,281,219,295,160,303,120,105,60,58,25,239,200
89105839,1,51447.0,10,211,9.0,17.0,13,13,0,0,0,0,0,0,0,42,35,63,50,100,100,281,219,295,160,303,120,105,60,58,25,239,200
89105845,0,28590.0,7,203,11.0,0.0,84,29,23,0,0,4,4,0,24,42,35,69,50,101,100,278,158,332,160,288,120,95,60,47,25,251,200
89105845,1,9595.0,5,66,0.0,0.0,483,128,284,0,0,0,0,0,71,42,35,69,50,101,100,278,158,332,160,288,120,95,60,47,25,251,200
89105850,0,5584.0,0,0,,0.0,2,0,2,0,0,0,0,0,0,42,35,70,50,100,100,278,218,340,160,297,120,92,60,47,25,253,200
89105850,1,30216.0,1,20,0.0,11.0,86,0,38,0,0,0,5,0,43,42,35,70,50,100,100,278,218,340,160,297,120,92,60,47,25,253,200
89105851,0,37304.0,12,277,5.0,17.0,137,0,29,0,0,10,0,0,98,42,33,56,45,100,89,278,76,329,160,307,120,92,60,49,23,250,200
89105851,1,35965.0,7,203,11.0,11.0,126,32,30,0,0,3,6,0,55,42,33,56,45,100,89,278,76,329,160,307,120,92,60,49,23,250,200
89105852,0,19516.0,10,244,0.0,0.0,383,141,118,0,0,0,0,0,124,41,35,73,50,100,100,278,1,347,160,313,120,93,60,42,23,246,200
89105852,1,26979.0,8,198,7.0,0.0,119,42,45,0,0,3,4,0,25,41,35,73,50,100,100,278,1,347,160,313,120,93,60,42,23,246,200
89106342,0,98983.0,11,217,10.0,15.0,133,0,17,0,0,9,0,0,107,42,35,68,50,100,49,278,37,264,160,309,120,105,60,58,25,242,197
89106342,1,99015.0,7,201,10.0,13.0,33,0,33,0,0,0,0,0,0,42,35,68,50,100,49,278,37,264,160,309,120,105,60,58,25,242,197
89106835,0,44294.0,9,200,,10.0,95,0,16,0,0,16,0,0,63,42,35,66,50,100,58,278,99,327,160,299,120,98,60,49,23,251,200
89106835,1,69883.0,12,240,10.0,11.0,62,18,27,0,0,0,4,0,13,42,35,66,50,100,58,278,99,327,160,299,120,98,60,49,23,251,200
89106836,0,69177.0,10,207,11.0,17.0,21,14,0,0,0,7,0,0,0,41,31,70,50,100,100,278,214,280,160,329,120,107,60,58,25,241,200
89106836,1,48455.0,7,203,11.0,11.0,130,34,29,0,0,5,5,0,57,41,31,70,50,100,100,278,214,280,160,329,120,107,60,58,25,241,200
89106838,0,16790.0,5,66,0.0,0.0,155,45,91,0,0,0,0,0,19,42,34,76,50,101,100,278,106,311,160,309,120,93,60,50,25,250,200
89106838,1,27155.0,7,203,11.0,0.0,84,29,23,0,0,4,4,0,24,42,34,76,50,101,100,278,106,311,160,309,120,93,60,50,25,250,200
89107322,0,3372.0,0,0,,0.0,15,0,0,0,0,0,0,0,15,42,35,70,50,100,100,285,240,354,160,339,120,103,60,50,25,248,200
89107322,1,14935.0,5,66,0.0,0.0,185,28,93,0,0,0,0,0,64,42,35,70,50,100,100,285,240,354,160,339,120,103,60,50,25,248,200
89107808,0,3000.0,0,0,,0.0,0,0,0,0,0,0,0,0,0,42,35,71,50,100,83,285,246,320,160,325,120,98,60,52,25,248,200
89107808,1,35768.0,4,109,12.0,12.0,48,2,27,0,0,5,0,0,14,42,35,71,50,100,83,285,246,320,160,325,120,98,60,52,25,248,200
89107815,0,36291.0,10,290,11.0,11.0,156,37,27,0,0,4,5,0,83,40,26,69,50,100,29,278,122,338,160,313,120,96,60,48,25,250,200
89107815,1,61489.0,11,231,10.0,12.0,99,49,12,0,0,0,0,0,38,40,26,69,50,100,29,278,122,338,160,313,120,96,60,48,25,250,200
89108291,0,32509.0,10,254,14.0,13.0,156,45,21,0,0,7,14,0,69,39,25,71,50,100,100,278,62,361,160,319,120,88,60,34,22,250,200
89108291,1,39582.0,7,203,11.0,11.0,140,36,26,0,0,4,4,0,70,39,25,71,50,100,100,278,62,361,160,319,120,88,60,34,22,250,200
89108303,0,13.0,0,0,,0.0,0,0,0,0,0,0,0,0,0,41,35,75,50,106,100,281,221,336,160,310,120,88,60,49,25,253,200
89108303,1,46842.0,7,203,,13.0,88,28,31,0,0,3,6,0,20,41,35,75,50,106,100,281,221,336,160,310,120,88,60,49,25,253,200
89108309,0,40205.0,7,203,11.0,11.0,140,36,26,0,0,4,4,0,70,42,35,65,50,100,100,278,10,351,160,318,120,105,60,43,24,247,200
89108309,1,21771.0,7,203,,0.0,86,27,32,0,0,3,5,0,19,42,35,65,50,100,100,278,10,351,160,318,120,105,60,43,24,247,200
89108795,0,36790.0,7,203,11.0,11.0,140,36,26,0,0,4,4,0,70,41,27,71,50,100,100,278,1,358,160,318,120,86,60,40,23,247,200
89108795,1,23925.0,7,203,11.0,0.0,124,36,29,0,0,5,5,0,49,41,27,71,50,100,100,278,1,358,160,318,120,86,60,40,23,247,200
89108798,0,68526.0,12,236,10.0,10.0,33,20,13,0,0,0,0,0,0,42,34,74,50,100,30,278,192,214,1,291,120,101,60,58,25,248,200
89108798,1,57161.0,11,204,10.0,13.0,129,0,25,0,0,14,0,0,90,42,34,74,50,100,30,278,192,214,1,291,120,101,60,58,25,248,200
89108800,0,12287.0,5,66,0.0,0.0,286,164,100,0,0,0,0,0,22,41,35,75,50,100,100,287,240,347,160,314,120,92,60,49,25,250,200
89108800,1,3836.0,0,0,,0.0,15,0,0,0,0,0,0,0,15,41,35,75,50,100,100,287,240,347,160,314,120,92,60,49,25,250,200
89108801,0,24281.0,7,203,11.0,0.0,124,36,29,0,0,5,5,0,49,41,32,75,50,100,100,278,1,315,160,318,120,97,60,43,24,250,200
89108801,1,38328.0,7,203,11.0,11.0,140,36,26,0,0,4,4,0,70,41,32,75,50,100,100,278,1,315,160,318,120,97,60,43,24,250,200
89108802,0,50138.0,10,296,0.0,11.0,152,81,10,0,0,4,15,0,42,40,25,59,50,100,55,288,250,344,160,328,120,86,60,48,25,250,200
89108802,1,5316.0,0,0,,0.0,113,113,0,0,0,0,0,0,0,40,25,59,50,100,55,288,250,344,160,328,120,86,60,48,25,250,200
89108803,0,51393.0,10,239,0.0,13.0,380,137,119,0,0,0,0,0,124,41,32,70,50,100,100,281,142,336,160,301,120,96,60,43,24,250,200
89108803,1,3758.0,0,0,,0.0,15,0,0,0,0,0,0,0,15,41,32,70,50,100,100,281,142,336,160,301,120,96,60,43,24,250,200
89108805,0,31829.0,12,238,,10.0,365,0,58,0,0,0,0,0,307,42,35,75,50,100,100,277,7,340,160,316,120,92,60,41,25,246,200
89108805,1,14158.0,7,203,,0.0,87,28,31,0,0,4,5,0,19,42,35,75,50,100,100,277,7,340,160,316,120,92,60,41,25,246,200
89109280,0,27704.0,7,203,,0.0,86,27,32,0,0,3,5,0,19,42,35,68,50,100,45,280,1,281,160,303,120,90,60,52,25,251,200
89109280,1,98900.0,12,237,10.0,12.0,39,0,24,0,0,0,0,0,15,42,35,68,50,100,45,280,1,281,160,303,120,90,60,52,25,251,200
89109291,0,64665.0,14,189,10.0,10.0,157,80,23,0,0,34,0,0,20,41,35,69,50,100,79,278,1,345,160,299,120,88,60,45,21,250,200
89109291,1,25099.0,9,264,0.0,0.0,183,62,32,0,0,6,0,0,83,41,35,69,50,100,79,278,1,345,160,299,120,88,60,45,21,250,200
89109293,0,52676.0,9,164,0.0,13.0,95,18,65,0,0,0,3,0,9,42,30,68,50,100,100,283,125,311,160,311,120,91,60,47,22,251,200
89109293,1,15143.0,8,182,0.0,0.0,367,111,0,0,0,0,77,0,179,42,30,68,50,100,100,283,125,311,160,311,120,91,60,47,22,251,200
89109294,0,35089.0,10,279,0.0,11.0,230,80,30,0,0,10,19,0,91,39,24,69,50,100,50,278,13,310,160,271,120,94,60,53,24,247,200
89109294,1,138333.0,13,324,0.0,11.0,108,21,38,0,0,49,0,0,0,39,24,69,50,100,50,278,13,310,160,271,120,94,60,53,24,247,200
89109297,0,42730.0,13,346,11.0,11.0,61,17,25,0,0,2,2,0,15,41,30,77,50,100,1,278,111,239,1,317,120,98,60,62,25,239,200
89109297,1,79991.0,12,262,10.0,10.0,28,15,13,0,0,0,0,0,0,41,30,77,50,100,1,278,111,239,1,317,120,98,60,62,25,239,200
89109298,0,36625.0,7,203,11.0,11.0,140,36,26,0,0,4,4,0,70,42,30,66,50,100,100,278,1,328,160,304,120,103,60,38,23,253,200
89109298,1,24460.0,7,203,11.0,0.0,129,36,29,0,0,4,5,0,55,42,30,66,50,100,100,278,1,328,160,304,120,103,60,38,23,253,200
89109775,0,33397.0,5,115,15.0,8.0,88,30,13,0,0,3,9,0,33,41,33,54,43,100,83,282,231,339,160,321,120,103,60,49,22,251,200
89109775,1,48149.0,12,273,11.0,22.0,149,0,17,0,0,3,0,0,129,41,33,54,43,100,83,282,231,339,160,321,120,103,60,49,22,251,200
89109776,0,94514.0,14,213,11.0,15.0,81,0,14,0,0,22,0,0,45,42,33,69,50,100,100,278,84,259,160,307,120,97,60,49,25,250,200
89109776,1,46854.0,7,203,11.0,11.0,140,36,26,0,0,4,4,0,70,42,33,69,50,100,100,278,84,259,160,307,120,97,60,49,25,250,200
89109786,0,64211.0,14,184,10.0,10.0,149,3,29,0,0,31,0,0,86,41,35,74,50,100,71,278,4,324,160,306,120,88,60,47,25,249,200
89109786,1,41502.0,15,288,7.0,14.0,271,124,47,0,0,0,0,0,100,41,35,74,50,100,71,278,4,324,160,306,120,88,60,47,25,249,200
89110262,0,46052.0,12,276,5.0,17.0,153,0,26,0,0,10,0,0,117,42,33,61,50,100,86,278,10,330,160,299,120,107,60,50,23,247,200
89110262,1,37375.0,7,203,11.0,11.0,128,36,29,0,0,5,5,0,53,42,33,61,50,100,86,278,10,330,160,299,120,107,60,50,23,247,200
89110268,0,22484.0,12,238,10.0,0.0,21,11,10,0,0,0,0,0,0,42,35,69,50,100,1,289,249,249,1,318,120,103,60,61,25,241,174
89110268,1,36982.0,12,241,10.0,7.0,70,23,22,0,0,0,0,0,25,42,35,69,50,100,1,289,249,249,1,318,120,103,60,61,25,241,174
89110269,0,29706.0,7,203,11.0,0.0,140,36,26,0,0,4,4,0,70,41,31,74,50,100,100,278,1,324,160,297,120,90,60,36,22,253,200
89110269,1,42821.0,9,200,,10.0,95,0,16,0,0,16,0,0,63,41,31,74,50,100,100,278,1,324,160,297,120,90,60,36,22,253,200
89110744,0,24765.0,9,203,7.0,0.0,125,62,37,0,0,0,0,0,26,41,31,70,50,100,100,278,183,361,160,327,120,92,60,48,25,250,200
89110744,1,10519.0,5,66,0.0,0.0,355,240,93,0,0,0,0,0,22,41,31,70,50,100,100,278,183,361,160,327,120,92,60,48,25,250,200
89110745,0,16699.0,9,261,,0.0,115,48,39,0,0,0,0,0,28,42,35,70,50,100,100,281,19,332,160,299,120,86,60,46,25,252,200
89110745,1,45944.0,7,203,,13.0,86,27,32,0,0,3,5,0,19,42,35,70,50,100,100,281,19,332,160,299,120,86,60,46,25,252,200
89110747,0,40846.0,7,203,,13.0,86,27,32,0,0,3,5,0,19,42,35,64,50,100,69,281,86,324,160,308,120,93,60,52,25,252,200
89110747,1,56480.0,7,153,11.0,13.0,52,5,24,0,0,6,17,0,0,42,35,64,50,100,69,281,86,324,160,308,120,93,60,52,25,252,200
89110750,0,6259.0,0,0,,0.0,2,0,2,0,0,0,0,0,0,42,35,77,50,100,100,293,250,315,160,308,120,92,60,50,25,251,200
89110750,1,4259.0,0,0,,0.0,25,0,0,0,0,0,0,0,25,42,35,77,50,100,100,293,250,315,160,308,120,92,60,50,25,251,200
89110753,0,36880.0,7,203,11.0,11.0,129,34,29,0,0,5,5,0,56,42,33,64,50,100,49,278,1,317,160,329,120,101,60,52,25,249,200
89110753,1,91828.0,12,237,10.0,12.0,36,0,27,0,0,0,0,0,9,42,33,64,50,100,49,278,1,317,160,329,120,101,60,52,25,249,200
89110761,0,78273.0,13,357,11.0,11.0,65,17,23,0,0,2,4,0,19,42,32,73,50,100,1,278,81,269,160,300,120,108,60,58,21,234,195
89110761,1,56626.0,9,263,0.0,13.0,118,8,35,0,0,1,0,0,74,42,32,73,50,100,1,278,81,269,160,300,120,108,60,58,21,234,195
89111239,0,45209.0,6,127,0.0,13.0,61,10,25,0,0,0,0,0,26,42,31,53,47,100,63,280,89,337,160,312,120,98,60,44,23,250,200
89111239,1,33915.0,10,252,14.0,13.0,159,48,17,0,0,6,19,0,69,42,31,53,47,100,63,280,89,337,160,312,120,98,60,44,23,250,200
89111241,0,71820.0,13,220,8.0,12.0,155,9,11,0,0,17,0,0,118,42,35,61,46,100,29,278,106,251,160,309,120,107,60,57,25,239,200
89111241,1,112558.0,13,350,8.0,11.0,67,8,25,0,0,12,0,0,22,42,35,61,46,100,29,278,106,251,160,309,120,107,60,57,25,239,200
89111250,0,72979.0,12,241,10.0,19.0,62,33,12,0,0,0,0,0,17,42,34,74,50,100,24,278,115,266,160,298,120,107,60,52,25,240,200
89111250,1,62855.0,12,185,10.0,10.0,186,17,31,0,0,15,0,0,123,42,34,74,50,100,24,278,115,266,160,298,120,107,60,52,25,240,200
89111251,0,135926.0,12,268,10.0,17.0,24,11,13,0,0,0,0,0,0,42,29,69,50,100,1,277,51,287,160,279,120,105,60,56,23,242,183
89111251,1,85262.0,10,265,0.0,10.0,171,27,19,0,0,60,0,0,65,42,29,69,50,100,1,277,51,287,160,279,120,105,60,56,23,242,183
89111254,0,66503.0,12,203,8.0,11.0,157,9,44,0,0,7,0,0,97,42,35,71,50,100,100,278,173,197,1,288,120,94,60,55,25,252,200
89111254,1,2950.0,10,185,11.0,0.0,14,14,0,0,0,0,0,0,0,42,35,71,50,100,100,278,173,197,1,288,120,94,60,55,25,252,200
89111730,0,21303.0,9,203,7.0,0.0,126,62,38,0,0,0,0,0,26,41,29,71,50,100,100,278,31,344,160,313,120,96,60,46,24,252,200
89111730,1,33658.0,7,203,,13.0,86,27,32,0,0,3,5,0,19,41,29,71,50,100,100,278,31,344,160,313,120,96,60,46,24,252,200
89111732,0,104898.0,7,202,10.0,12.0,36,0,36,0,0,0,0,0,0,42,35,73,50,100,45,281,13,309,160,268,120,96,60,55,25,247,200
89111732,1,31454.0,11,250,0.0,13.0,109,21,30,0,0,37,4,0,17,42,35,73,50,100,45,281,13,309,160,268,120,96,60,55,25,247,200
89111739,0,107723.0,13,350,8.0,11.0,59,15,19,0,0,16,0,0,9,42,32,69,49,100,1,278,7,274,160,322,120,94,60,55,23,244,200
89111739,1,45121.0,8,240,0.0,20.0,212,11,28,0,0,26,1,0,146,42,32,69,49,100,1,278,7,274,160,322,120,94,60,55,23,244,200
89111749,0,28846.0,10,290,11.0,0.0,152,37,27,0,0,4,5,0,79,40,26,76,50,100,100,278,1,344,160,321,120,88,60,40,24,250,200
89111749,1,28704.0,7,203,11.0,0.0,140,36,26,0,0,4,4,0,70,40,26,76,50,100,100,278,1,344,160,321,120,88,60,40,24,250,200
89112219,0,3000.0,0,0,,0.0,0,0,0,0,0,0,0,0,0,41,32,71,50,100,100,278,214,351,160,329,120,94,60,48,25,251,200
89112219,1,47046.0,7,203,11.0,11.0,129,34,29,0,0,5,5,0,56,41,32,71,50,100,100,278,214,351,160,329,120,94,60,48,25,251,200
89112220,0,36740.0,10,254,14.0,13.0,159,48,21,0,0,6,13,0,71,40,26,70,50,100,100,278,120,351,160,312,120,91,60,41,22,250,200
89112220,1,32956.0,6,180,,9.0,131,69,21,0,0,0,0,0,41,40,26,70,50,100,100,278,120,351,160,312,120,91,60,41,22,250,200
89112230,0,11696.0,4,76,0.0,0.0,143,0,0,0,0,0,94,0,49,42,35,72,50,100,81,285,246,319,160,316,120,76,60,51,25,252,200
89112230,1,37031.0,4,109,12.0,12.0,49,2,27,0,0,5,0,0,15,42,35,72,50,100,81,285,246,319,160,316,120,76,60,51,25,252,200
89112234,0,3000.0,0,0,,0.0,0,0,0,0,0,0,0,0,0,41,26,70,50,100,100,293,250,340,160,297,120,76,46,44,22,252,200
89112234,1,12652.0,8,195,0.0,0.0,398,122,0,0,0,0,77,0,199,41,26,70,50,100,100,293,250,340,160,297,120,76,46,44,22,252,200
89112235,0,3000.0,0,0,,0.0,0,0,0,0,0,0,0,0,0,42,35,70,50,100,100,293,250,340,160,336,120,96,60,50,25,248,200
89112235,1,3888.0,0,0,,0.0,15,0,0,0,0,0,0,0,15,42,35,70,50,100,100,293,250,340,160,336,120,96,60,50,25,248,200
89112732,0,3880.0,0,0,,0.0,15,0,0,0,0,0,0,0,15,42,35,71,50,100,100,285,240,358,160,324,120,109,60,51,25,246,200
89112732,1,16324.0,5,66,0.0,0.0,162,22,118,0,0,0,0,0,22,42,35,71,50,100,100,285,240,358,160,324,120,109,60,51,25,246,200
89112735,0,42922.0,9,200,,10.0,95,0,16,0,0,16,0,0,63,41,31,64,50,100,100,278,1,354,160,307,120,99,60,33,21,253,200
89112735,1,28700.0,7,203,11.0,0.0,140,36,26,0,0,4,4,0,70,41,31,64,50,100,100,278,1,354,160,307,120,99,60,33,21,253,200
89113212,0,80612.0,8,240,0.0,12.0,163,48,20,0,0,36,5,0,54,41,35,75,50,100,12,280,13,246,160,294,120,91,60,51,23,245,200
89113212,1,47484.0,15,288,7.0,14.0,247,101,47,0,0,0,0,0,99,41,35,75,50,100,12,280,13,246,160,294,120,91,60,51,23,245,200
89113694,0,72253.0,8,240,0.0,12.0,156,18,29,0,0,39,3,0,67,42,33,68,50,100,1,280,7,276,160,310,120,91,60,54,22,247,200
89113694,1,95450.0,7,202,10.0,12.0,34,0,34,0,0,0,0,0,0,42,33,68,50,100,1,280,7,276,160,310,120,91,60,54,22,247,200
89113695,0,6099.0,0,0,,0.0,3,0,3,0,0,0,0,0,0,41,30,65,50,100,100,293,250,354,160,314,120,107,60,49,25,253,200
89113695,1,5943.0,0,0,,0.0,113,113,0,0,0,0,0,0,0,41,30,65,50,100,100,293,250,354,160,314,120,107,60,49,25,253,200
89113700,0,77239.0,10,262,0.0,10.0,163,28,19,0,0,60,0,0,56,42,32,73,50,100,55,277,68,266,160,251,120,105,60,49,22,247,200
89113700,1,86182.0,8,198,0.0,18.0,153,0,24,0,0,0,0,0,129,42,32,73,50,100,55,277,68,266,160,251,120,105,60,49,22,247,200
89113704,0,5459.0,0,0,,0.0,3,0,3,0,0,0,0,0,0,42,32,68,50,101,100,278,222,361,160,319,120,103,60,41,25,247,200
89113704,1,36126.0,10,260,11.0,11.0,204,32,24,0,0,4,4,0,140,42,32,68,50,101,100,278,222,361,160,319,120,103,60,41,25,247,200
89113705,0,6259.0,0,0,,0.0,2,0,2,0,0,0,0,0,0,42,35,68,50,106,100,293,250,347,160,311,120,111,60,50,25,246,200
89113705,1,13.0,0,0,,0.0,0,0,0,0,0,0,0,0,0,42,35,68,50,106,100,293,250,347,160,311,120,111,60,50,25,246,200
89114179,0,45230.0,7,137,0.0,11.0,66,11,24,0,0,0,0,0,31,42,32,57,50,100,57,277,1,329,160,335,120,99,60,52,25,247,200
89114179,1,24088.0,7,203,11.0,0.0,128,34,29,0,0,5,5,0,55,42,32,57,50,100,57,277,1,329,160,335,120,99,60,52,25,247,200
89114182,0,74912.0,11,220,8.0,12.0,196,15,17,0,0,4,0,0,160,42,35,70,50,100,45,278,96,275,160,287,120,101,60,52,25,241,190
89114182,1,102573.0,7,201,10.0,12.0,36,0,36,0,0,0,0,0,0,42,35,70,50,100,45,278,96,275,160,287,120,101,60,52,25,241,190
89114183,0,30441.0,5,113,16.0,8.0,85,27,12,0,0,3,9,0,34,41,30,71,50,100,100,281,51,347,160,317,120,99,60,46,23,246,200
89114183,1,43140.0,9,249,0.0,16.0,297,49,178,0,0,4,6,0,60,41,30,71,50,100,100,281,51,347,160,317,120,99,60,46,23,246,200
89114188,0,27089.0,7,203,11.0,0.0,121,36,29,0,0,5,5,0,46,40,27,77,50,100,100,278,1,347,160,315,120,96,60,48,25,248,200
89114188,1,25802.0,8,198,7.0,0.0,117,43,42,0,0,4,3,0,25,40,27,77,50,100,100,278,1,347,160,315,120,96,60,48,25,248,200
89114714,0,37517.0,9,200,,10.0,95,0,16,0,0,16,0,0,63,42,35,55,50,100,72,277,1,346,160,295,120,114,60,40,21,250,200
89114714,1,39049.0,10,232,0.0,10.0,314,0,42,0,0,0,0,0,272,42,35,55,50,100,72,277,1,346,160,295,120,114,60,40,21,250,200
89114716,0,16389.0,6,160,1.0,0.0,390,167,0,0,0,0,40,0,183,41,26,70,50,100,100,293,250,344,160,313,120,72,40,39,21,251,200
89114716,1,1347.0,4,72,3.0,0.0,508,53,0,0,0,87,368,0,0,41,26,70,50,100,100,293,250,344,160,313,120,72,40,39,21,251,200
89115201,0,41905.0,7,203,11.0,11.0,127,36,29,0,0,5,5,0,52,41,29,75,50,100,100,278,115,344,160,310,120,94,60,45,23,248,200
89115201,1,19664.0,2,60,,0.0,63,22,12,0,0,0,0,0,29,41,29,75,50,100,100,278,115,344,160,310,120,94,60,45,23,248,200
89115208,0,19208.0,6,156,1.0,0.0,395,175,0,0,0,0,81,0,139,41,26,75,50,100,100,293,250,315,160,308,120,82,60,44,22,253,200
89115208,1,6259.0,0,0,,0.0,2,0,2,0,0,0,0,0,0,41,26,75,50,100,100,293,250,315,160,308,120,82,60,44,22,253,200
89115211,0,34771.0,10,296,0.0,11.0,199,67,17,0,0,5,16,0,94,41,25,61,50,100,62,277,62,320,160,293,120,97,60,47,22,250,200
89115211,1,48961.0,5,126,0.0,11.0,62,12,23,0,0,0,0,0,27,41,25,61,50,100,62,277,62,320,160,293,120,97,60,47,22,250,200
89115213,0,42914.0,8,199,0.0,14.0,287,8,66,0,0,23,5,0,185,42,29,73,50,100,100,280,1,332,160,296,120,92,60,46,23,252,200
89115213,1,26638.0,9,248,0.0,0.0,297,49,178,0,0,4,6,0,60,42,29,73,50,100,100,280,1,332,160,296,120,92,60,46,23,252,200
89115680,0,500.0,8,80,,0.0,7,4,2,0,0,0,0,0,1,42,32,69,50,100,100,280,192,361,160,296,120,105,60,51,25,250,200
89115680,1,44002.0,10,220,0.0,14.0,515,8,132,0,0,31,5,0,339,42,32,69,50,100,100,280,192,361,160,296,120,105,60,51,25,250,200
89115689,0,4361.0,10,132,0.0,0.0,181,20,103,0,0,0,0,0,58,42,35,68,50,100,100,278,13,332,160,323,120,103,60,47,25,251,200
89115689,1,21258.0,7,203,,0.0,86,27,32,0,0,3,5,0,19,42,35,68,50,100,100,278,13,332,160,323,120,103,60,47,25,251,200
89115696,0,90864.0,7,202,10.0,13.0,36,0,36,0,0,0,0,0,0,42,30,66,50,100,45,277,7,331,160,273,120,109,60,51,25,243,198
89115696,1,83696.0,10,262,0.0,10.0,163,28,19,0,0,60,0,0,56,42,30,66,50,100,45,277,7,331,160,273,120,109,60,51,25,243,198
89115699,0,66549.0,7,203,11.0,13.0,33,0,33,0,0,0,0,0,0,42,27,67,50,100,1,278,10,259,160,276,120,101,60,60,25,248,200
89115699,1,125065.0,13,323,0.0,11.0,103,21,36,0,0,46,0,0,0,42,27,67,50,100,1,278,10,259,160,276,120,101,60,60,25,248,200
89115700,0,24399.0,7,203,11.0,0.0,125,34,31,0,0,5,6,0,49,41,32,66,50,100,100,278,1,351,160,324,120,105,60,43,24,251,200
89115700,1,38209.0,7,203,11.0,11.0,140,36,26,0,0,4,4,0,70,41,32,66,50,100,100,278,1,351,160,324,120,105,60,43,24,251,200
89116163,0,30901.0,7,203,11.0,11.0,123,33,27,0,0,4,5,0,54,42,30,76,50,100,77,278,28,285,160,266,120,92,60,48,25,248,200
89116163,1,101419.0,10,272,7.0,11.0,122,29,15,0,0,41,0,0,37,42,30,76,50,100,77,278,28,285,160,266,120,92,60,48,25,248,200
89116165,0,18390.0,3,81,0.0,0.0,427,8,26,0,0,4,281,0,108,42,35,74,50,100,100,281,195,328,160,293,120,98,60,48,24,248,200
89116165,1,47713.0,7,203,,13.0,86,27,32,0,0,3,5,0,19,42,35,74,50,100,100,281,195,328,160,293,120,98,60,48,24,248,200
89116167,0,40065.0,11,298,5.0,13.0,199,73,28,0,0,23,2,0,73,42,35,66,50,100,100,278,84,340,160,281,120,100,60,40,22,251,200
89116167,1,45450.0,9,200,,10.0,95,0,16,0,0,16,0,0,63,42,35,66,50,100,100,278,84,340,160,281,120,100,60,40,22,251,200
89116168,0,43879.0,9,200,,10.0,95,0,16,0,0,16,0,0,63,42,33,67,50,100,59,277,76,327,160,325,120,101,60,48,22,249,200
89116168,1,78875.0,6,135,0.0,18.0,71,11,27,0,0,0,0,0,33,42,33,67,50,100,59,277,76,327,160,325,120,101,60,48,22,249,200
89116176,0,26381.0,10,230,0.0,0.0,273,8,140,0,0,49,5,0,71,42,32,69,50,100,100,280,1,328,160,310,120,96,60,45,22,250,200
89116176,1,17419.0,9,262,12.0,0.0,168,0,38,0,0,0,0,0,130,42,32,69,50,100,100,280,1,328,160,310,120,96,60,45,22,250,200
89116181,0,21988.0,6,155,1.0,0.0,376,148,0,0,0,0,79,0,149,41,28,68,50,100,70,284,249,334,160,309,120,98,60,50,23,248,200
89116181,1,51655.0,6,137,12.0,13.0,56,3,29,0,0,5,0,0,19,41,28,68,50,100,70,284,249,334,160,309,120,98,60,50,23,248,200
89116658,0,57727.0,12,189,10.0,10.0,213,26,24,0,0,14,0,0,149,41,35,75,50,100,71,278,1,279,160,302,120,101,60,48,25,252,200
89116658,1,50980.0,10,261,13.0,12.0,42,0,42,0,0,0,0,0,0,41,35,75,50,100,71,278,1,279,160,302,120,101,60,48,25,252,200
89116661,0,85737.0,13,348,11.0,11.0,66,21,25,0,0,2,2,0,16,41,31,66,50,100,18,278,173,289,160,305,120,108,60,58,23,248,200
89116661,1,45592.0,12,280,10.0,11.0,86,27,16,0,0,11,0,0,32,41,31,66,50,100,18,278,173,289,160,305,120,108,60,58,23,248,200
89116667,0,37928.0,9,200,,10.0,95,0,16,0,0,16,0,0,63,42,35,58,50,100,73,277,1,340,160,306,120,96,60,39,20,253,200
89116667,1,35856.0,10,234,0.0,10.0,313,0,42,0,0,0,0,0,271,42,35,58,50,100,73,277,1,340,160,306,120,96,60,39,20,253,200
89116670,0,109738.0,15,363,9.0,18.0,68,19,22,0,0,18,0,0,9,42,30,71,50,100,1,278,131,259,160,322,120,102,60,62,25,240,200
89116670,1,15402.0,13,317,11.0,0.0,97,26,25,0,0,2,2,0,42,42,30,71,50,100,1,278,131,259,160,322,120,102,60,62,25,240,200
89116672,0,27392.0,10,266,11.0,0.0,200,32,24,0,0,3,4,0,137,42,29,71,50,101,100,278,4,328,160,297,120,94,60,40,24,252,200
89116672,1,25273.0,10,208,0.0,0.0,301,8,70,0,0,33,5,0,185,42,29,71,50,101,100,278,4,328,160,297,120,94,60,40,24,252,200
89117144,0,22276.0,3,57,0.0,0.0,335,42,14,0,0,4,8,0,267,42,35,71,50,100,100,290,250,324,160,313,120,88,60,47,25,247,200
89117144,1,5065.0,4,100,10.0,0.0,74,0,0,0,0,0,74,0,0,42,35,71,50,100,100,290,250,324,160,313,120,88,60,47,25,247,200
89117146,0,126242.0,13,335,8.0,11.0,57,5,21,0,0,13,0,0,18,42,31,57,46,100,29,278,48,304,160,291,120,96,60,55,25,249,200
89117146,1,27287.0,10,219,0.0,0.0,305,8,70,0,0,37,5,0,185,42,31,57,46,100,29,278,48,304,160,291,120,96,60,55,25,249,200
89117153,0,51088.0,10,261,13.0,12.0,42,0,42,0,0,0,0,0,0,42,35,70,50,100,71,278,1,279,160,286,120,103,60,47,25,250,200
89117153,1,55056.0,13,189,10.0,10.0,219,53,24,0,0,11,0,0,131,42,35,70,50,100,71,278,1,279,160,286,120,103,60,47,25,250,200
89117160,0,41048.0,9,248,0.0,18.0,236,37,102,0,0,5,5,0,87,40,25,70,50,100,86,285,250,343,160,323,120,97,60,49,24,252,200
89117160,1,5494.0,0,0,,0.0,110,110,0,0,0,0,0,0,0,40,25,70,50,100,86,285,250,343,160,323,120,97,60,49,24,252,200
89117638,0,41702.0,7,203,11.0,11.0,126,36,29,0,0,5,5,0,51,42,33,69,50,100,100,278,140,358,160,305,120,98,60,42,25,247,200
89117638,1,19409.0,3,57,0.0,0.0,335,42,14,0,0,4,8,0,267,42,33,69,50,100,100,278,140,358,160,305,120,98,60,42,25,247,200
89117640,0,4055.0,2,60,,0.0,9,0,0,0,0,0,9,0,0,42,35,66,50,100,100,283,249,347,160,302,120,105,60,46,24,246,200
89117640,1,50439.0,11,298,5.0,13.0,302,73,54,0,0,23,2,0,150,42,35,66,50,100,100,283,249,347,160,302,120,105,60,46,24,246,200
89117650,0,37332.0,7,203,11.0,11.0,154,40,26,0,0,4,4,0,80,41,31,67,50,100,100,278,1,351,160,286,120,97,60,38,24,251,200
89117650,1,23592.0,7,203,11.0,0.0,129,34,29,0,0,5,5,0,56,41,31,67,50,100,100,278,1,351,160,286,120,97,60,38,24,251,200
89117653,0,40800.0,7,203,11.0,11.0,129,34,29,0,0,5,5,0,56,42,35,68,50,100,100,278,1,324,160,281,120,106,60,43,23,250,200
89117653,1,31797.0,11,298,5.0,12.0,254,117,27,0,0,23,2,0,85,42,35,68,50,100,100,278,1,324,160,281,120,106,60,43,23,250,200
89117654,0,3000.0,0,0,,0.0,0,0,0,0,0,0,0,0,0,42,35,77,50,100,100,293,250,324,160,314,120,101,60,51,25,246,200
89117654,1,3391.0,0,0,,0.0,15,0,0,0,0,0,0,0,15,42,35,77,50,100,100,293,250,324,160,314,120,101,60,51,25,246,200
89118135,0,70954.0,10,258,0.0,10.0,189,41,19,0,0,42,0,0,87,42,31,68,50,100,80,277,43,312,160,276,120,98,60,48,25,249,200
89118135,1,106991.0,10,271,7.0,15.0,95,15,15,0,0,46,3,0,16,42,31,68,50,100,80,277,43,312,160,276,120,98,60,48,25,249,200
89118136,0,75350.0,12,210,10.0,13.0,124,0,13,0,0,22,0,0,89,42,33,77,50,100,60,277,65,237,145,316,120,101,60,55,25,243,200
89118136,1,64772.0,6,131,0.0,11.0,64,11,27,0,0,0,0,0,26,42,33,77,50,100,60,277,65,237,145,316,120,101,60,55,25,243,200
89118138,0,113942.0,13,323,0.0,11.0,108,21,36,0,0,51,0,0,0,41,27,73,50,100,1,278,13,284,154,269,120,101,60,63,25,239,199
89118138,1,98319.0,12,263,10.0,16.0,61,6,27,0,0,0,0,0,28,41,27,73,50,100,1,278,13,284,154,269,120,101,60,63,25,239,199
89118140,0,63363.0,8,240,0.0,12.0,153,29,19,0,0,38,13,0,54,42,35,71,50,100,20,280,1,246,160,296,120,96,60,52,22,249,200
89118140,1,59769.0,10,261,13.0,12.0,42,0,42,0,0,0,0,0,0,42,35,71,50,100,20,280,1,246,160,296,120,96,60,52,22,249,200
89118142,0,18679.0,3,81,0.0,0.0,424,8,26,0,0,4,281,0,105,42,35,67,50,100,100,292,250,324,160,309,120,89,60,46,23,253,200
89118142,1,3000.0,0,0,,0.0,0,0,0,0,0,0,0,0,0,42,35,67,50,100,100,292,250,324,160,309,120,89,60,46,23,253,200
89118143,0,63272.0,12,289,11.0,11.0,84,27,16,0,0,9,0,0,32,42,35,62,50,100,22,281,227,296,160,322,120,109,60,59,25,241,200
89118143,1,54213.0,12,238,10.0,18.0,21,11,10,0,0,0,0,0,0,42,35,62,50,100,22,281,227,296,160,322,120,109,60,59,25,241,200
89118144,0,19675.0,5,66,0.0,0.0,150,28,96,0,0,0,0,0,26,41,35,75,50,100,85,280,133,335,160,320,120,95,60,50,24,250,200
89118144,1,37271.0,9,249,0.0,18.0,170,39,32,0,0,5,4,0,90,41,35,75,50,100,85,280,133,335,160,320,120,95,60,50,24,250,200
89118612,0,118371.0,13,335,8.0,16.0,54,18,22,0,0,6,0,0,8,42,35,64,50,100,25,278,99,310,160,294,120,98,60,53,25,241,200
89118612,1,41863.0,9,200,,10.0,95,0,16,0,0,16,0,0,63,42,35,64,50,100,25,278,99,310,160,294,120,98,60,53,25,241,200
89118614,0,64215.0,10,208,11.0,18.0,21,14,0,0,0,7,0,0,0,42,35,72,50,100,100,278,214,261,158,306,120,92,60,56,25,237,200
89118614,1,47843.0,7,203,11.0,11.0,129,34,29,0,0,5,5,0,56,42,35,72,50,100,100,278,214,261,158,306,120,92,60,56,25,237,200
89118615,0,23092.0,7,203,,0.0,86,27,32,0,0,3,5,0,19,42,35,73,50,100,68,280,7,276,160,299,120,109,60,54,25,248,200
89118615,1,80332.0,12,307,10.0,12.0,40,0,20,0,0,20,0,0,0,42,35,73,50,100,68,280,7,276,160,299,120,109,60,54,25,248,200
89118618,0,46470.0,7,152,11.0,11.0,51,3,36,0,0,4,0,0,8,41,32,76,50,100,59,278,48,314,160,312,120,92,60,53,25,248,200
89118618,1,36799.0,7,203,11.0,11.0,130,36,29,0,0,5,5,0,55,41,32,76,50,100,59,278,48,314,160,312,120,92,60,53,25,248,200
89118621,0,6006.0,0,0,,0.0,110,110,0,0,0,0,0,0,0,41,29,75,50,100,100,290,250,332,160,306,120,104,60,46,25,251,200
89118621,1,23152.0,3,57,0.0,0.0,281,110,14,0,0,4,8,0,145,41,29,75,50,100,100,290,250,332,160,306,120,104,60,46,25,251,200
89118623,0,47311.0,7,203,,13.0,86,27,32,0,0,3,5,0,19,41,35,71,50,100,100,281,186,344,160,313,120,107,60,48,25,248,200
89118623,1,18503.0,6,98,5.0,0.0,121,46,5,0,0,5,13,0,52,41,35,71,50,100,100,281,186,344,160,313,120,107,60,48,25,248,200
89119101,0,56310.0,7,199,4.0,11.0,247,115,13,0,0,7,18,0,94,42,34,68,50,102,100,278,154,324,160,277,120,88,60,44,23,246,200
89119101,1,41098.0,11,239,0.0,13.0,106,21,30,0,0,35,4,0,16,42,34,68,50,102,100,278,154,324,160,277,120,88,60,44,23,246,200
89119113,0,5520.0,0,0,,0.0,113,113,0,0,0,0,0,0,0,41,28,64,50,100,100,290,250,354,160,312,120,97,60,45,23,253,200
89119113,1,29516.0,6,122,5.0,0.0,157,62,8,0,0,4,21,0,62,41,28,64,50,100,100,290,250,354,160,312,120,97,60,45,23,253,200
89119593,0,49826.0,7,149,11.0,11.0,50,4,31,0,0,4,0,0,11,41,27,65,50,100,64,278,140,346,160,313,120,102,60,48,22,245,200
89119593,1,44300.0,10,296,0.0,11.0,208,88,18,0,0,5,16,0,81,41,27,65,50,100,64,278,140,346,160,313,120,102,60,48,22,245,200
89119601,0,81343.0,12,300,10.0,10.0,43,6,16,0,0,21,0,0,0,42,35,69,50,100,1,278,60,236,1,261,120,103,60,62,25,237,200
89119601,1,51826.0,12,238,10.0,11.0,74,15,33,0,0,0,0,0,26,42,35,69,50,100,1,278,60,236,1,261,120,103,60,62,25,237,200
89120090,0,78223.0,12,204,9.0,12.0,157,20,20,0,0,14,0,0,103,42,35,69,50,100,36,278,162,251,145,312,120,107,60,55,25,223,18
89120090,1,77278.0,10,292,,14.0,27,3,18,0,0,0,0,0,6,42,35,69,50,100,36,278,162,251,145,312,120,107,60,55,25,223,18
89120099,0,35142.0,8,200,0.0,14.0,274,8,56,0,0,20,5,0,185,42,30,68,50,100,100,280,13,351,160,265,120,101,60,47,24,250,200
89120099,1,40278.0,11,298,5.0,12.0,207,73,28,0,0,23,2,0,81,42,30,68,50,100,100,280,13,351,160,265,120,101,60,47,24,250,200
89120567,0,44399.0,9,255,0.0,13.0,323,13,23,0,0,7,0,0,280,42,33,71,50,100,81,279,73,351,160,298,120,105,60,41,21,246,200
89120567,1,50486.0,11,249,0.0,13.0,113,22,30,0,0,38,4,0,19,42,33,71,50,100,81,279,73,351,160,298,120,105,60,41,21,246,200
89120578,0,59525.0,12,249,10.0,12.0,123,63,12,0,0,0,0,0,48,42,35,75,50,100,27,278,127,288,160,299,120,99,60,49,25,247,200
89120578,1,40634.0,7,203,11.0,11.0,129,34,29,0,0,5,5,0,56,42,35,75,50,100,27,278,127,288,160,299,120,99,60,49,25,247,200
89120589,0,26293.0,2,54,,0.0,88,17,71,0,0,0,0,0,0,42,35,73,50,100,100,277,13,336,160,296,120,107,60,51,25,251,200
89120589,1,18977.0,7,203,,0.0,86,27,32,0,0,3,5,0,19,42,35,73,50,100,100,277,13,336,160,296,120,107,60,51,25,251,200
89121055,0,89696.0,12,237,9.0,17.0,14,0,0,0,0,14,0,0,0,41,32,68,50,100,28,278,214,272,160,333,120,99,60,59,25,248,200
89121055,1,47269.0,7,203,11.0,11.0,124,36,29,0,0,5,5,0,49,41,32,68,50,100,28,278,214,272,160,333,120,99,60,59,25,248,200
89121057,0,22275.0,8,216,0.0,0.0,290,8,59,0,0,33,5,0,185,42,31,64,50,100,100,278,1,358,160,304,120,94,60,46,24,250,200
89121057,1,39532.0,7,203,11.0,11.0,104,16,33,0,0,3,5,0,47,42,31,64,50,100,100,278,1,358,160,304,120,94,60,46,24,250,200
89121068,0,109447.0,12,245,9.0,19.0,37,13,12,0,0,0,3,0,9,41,31,69,50,100,8,278,178,284,160,285,120,97,60,59,25,243,197
89121068,1,120016.0,10,270,7.0,10.0,117,5,21,0,0,31,2,0,58,41,31,69,50,100,8,278,178,284,160,285,120,97,60,59,25,243,197
89121069,0,60104.0,12,249,10.0,12.0,122,64,12,0,0,0,0,0,46,41,32,77,50,100,27,278,136,283,160,319,120,94,60,51,25,249,200
89121069,1,40164.0,7,203,,13.0,86,27,32,0,0,3,5,0,19,41,32,77,50,100,27,278,136,283,160,319,120,94,60,51,25,249,200
89121074,0,77399.0,8,197,0.0,16.0,125,0,14,0,0,4,0,0,107,42,27,68,50,100,2,278,22,268,129,312,120,107,60,59,25,240,200
89121074,1,126632.0,13,326,0.0,11.0,112,21,38,0,0,53,0,0,0,42,27,68,50,100,2,278,22,268,129,312,120,107,60,59,25,240,200
89121541,0,69947.0,12,237,9.0,20.0,13,0,0,0,0,13,0,0,0,42,33,73,50,100,35,278,214,277,131,302,120,94,60,57,25,247,200
89121541,1,47721.0,7,203,11.0,11.0,129,34,29,0,0,5,5,0,56,42,33,73,50,100,35,278,214,277,131,302,120,94,60,57,25,247,200
89121544,0,42812.0,9,200,,10.0,95,0,16,0,0,16,0,0,63,42,33,73,50,100,66,277,84,295,160,299,120,111,60,49,23,250,200
89121544,1,72389.0,5,126,0.0,11.0,73,11,25,0,0,0,0,0,37,42,33,73,50,100,66,277,84,295,160,299,120,111,60,49,23,250,200
89121552,0,80764.0,12,340,11.0,11.0,122,31,38,0,0,0,0,0,53,41,30,69,50,100,47,278,65,353,160,325,120,103,60,49,23,228,125
89121552,1,38693.0,10,254,14.0,13.0,161,45,19,0,0,6,15,0,76,41,30,69,50,100,47,278,65,353,160,325,120,103,60,49,23,228,125
89121553,0,46667.0,13,350,11.0,11.0,72,23,25,0,0,2,2,0,20,42,30,73,50,100,14,278,70,268,160,286,120,93,60,59,25,230,1
89121553,1,115740.0,13,327,10.0,17.0,113,7,19,0,0,45,9,0,33,42,30,73,50,100,14,278,70,268,160,286,120,93,60,59,25,230,1
89121559,0,83093.0,12,305,10.0,12.0,40,0,20,0,0,20,0,0,0,42,35,73,50,100,68,278,101,267,160,290,120,101,60,54,25,246,200
89121559,1,85860.0,14,224,8.0,11.0,152,6,15,0,0,23,0,0,108,42,35,73,50,100,68,278,101,267,160,290,120,101,60,54,25,246,200
89122025,0,126273.0,13,347,8.0,11.0,75,6,29,0,0,16,0,0,24,41,31,63,46,100,29,278,1,304,160,323,120,92,60,54,25,248,200
89122025,1,18726.0,7,203,11.0,0.0,125,34,29,0,0,5,5,0,52,41,31,63,46,100,29,278,1,304,160,323,120,92,60,54,25,248,200
89122043,0,104470.0,10,271,7.0,11.0,97,9,17,0,0,51,0,0,20,42,35,67,50,100,17,277,101,246,84,283,120,98,60,58,25,241,158
89122043,1,90066.0,12,240,10.0,16.0,48,16,23,0,0,0,0,0,9,42,35,67,50,100,17,277,101,246,84,283,120,98,60,58,25,241,158
89122046,0,40681.0,9,255,0.0,13.0,327,13,23,0,0,7,0,0,284,41,30,64,50,100,81,279,1,355,160,318,120,109,60,29,21,248,200
89122046,1,29498.0,10,239,0.0,0.0,378,140,115,0,0,0,0,0,123,41,30,64,50,100,81,279,1,355,160,318,120,109,60,29,21,248,200
89122047,0,40111.0,7,203,11.0,11.0,126,34,29,0,0,5,5,0,53,41,28,69,50,101,100,277,115,344,160,289,120,81,50,43,24,246,200
89122047,1,59498.0,7,199,5.0,11.0,221,87,11,0,0,10,17,0,96,41,28,69,50,101,100,277,115,344,160,289,120,81,50,43,24,246,200
89122514,0,40766.0,11,239,0.0,10.0,296,0,34,0,0,0,0,0,262,42,35,53,46,100,23,277,1,310,160,300,120,93,60,51,21,248,200
89122514,1,67388.0,13,352,11.0,11.0,74,22,30,0,0,2,3,0,17,42,35,53,46,100,23,277,1,310,160,300,120,93,60,51,21,248,200
89122517,0,3835.0,2,60,,0.0,9,0,0,0,0,0,9,0,0,42,31,67,50,100,100,290,250,326,160,327,120,91,60,49,25,251,200
89122517,1,28124.0,10,259,0.0,0.0,93,24,23,0,0,0,0,0,46,42,31,67,50,100,100,290,250,326,160,327,120,91,60,49,25,251,200
89122527,0,113552.0,13,334,11.0,11.0,115,7,28,0,0,35,8,0,37,42,30,67,50,100,2,278,65,254,55,270,120,105,60,62,25,244,200
89122527,1,94708.0,12,245,9.0,19.0,35,13,12,0,0,0,1,0,9,42,30,67,50,100,2,278,65,254,55,270,120,105,60,62,25,244,200
89122530,0,61816.0,12,249,10.0,12.0,122,64,12,0,0,0,0,0,46,42,32,66,50,100,27,278,118,321,160,299,120,105,60,49,25,249,200
89122530,1,38028.0,10,290,11.0,11.0,151,34,27,0,0,4,6,0,80,42,32,66,50,100,27,278,118,321,160,299,120,105,60,49,25,249,200
89122532,0,44425.0,10,254,14.0,13.0,158,62,25,0,0,4,15,0,52,42,32,66,50,100,81,279,101,344,160,310,120,98,60,33,21,248,200
89122532,1,46289.0,9,255,0.0,13.0,326,15,23,0,0,8,0,0,280,42,32,66,50,100,81,279,101,344,160,310,120,98,60,33,21,248,200
89123004,0,20753.0,2,57,,0.0,77,0,15,0,0,0,15,0,47,42,35,66,50,100,100,290,250,347,160,321,120,83,54,46,25,250,200
89123004,1,3760.0,2,60,,0.0,9,0,0,0,0,0,9,0,0,42,35,66,50,100,100,290,250,347,160,321,120,83,54,46,25,250,200
89123009,0,68363.0,8,240,0.0,20.0,162,16,19,0,0,36,7,0,84,42,32,71,50,100,15,278,37,280,160,264,120,94,60,52,22,248,200
89123009,1,110284.0,13,331,11.0,11.0,104,7,27,0,0,40,2,0,28,42,32,71,50,100,15,278,37,280,160,264,120,94,60,52,22,248,200
89123010,0,84207.0,12,340,11.0,11.0,121,31,38,0,0,0,0,0,52,41,30,68,50,100,47,278,13,335,160,323,120,103,60,48,23,243,200
89123010,1,25715.0,10,290,11.0,0.0,150,37,27,0,0,4,5,0,77,41,30,68,50,100,47,278,13,335,160,323,120,103,60,48,23,243,200
89123015,0,74847.0,13,350,11.0,11.0,58,18,21,0,0,2,4,0,13,41,32,71,50,100,1,278,198,254,160,301,120,106,60,61,25,238,198
89123015,1,100787.0,10,294,,15.0,24,2,18,0,0,0,0,0,4,41,32,71,50,100,1,278,198,254,160,301,120,106,60,61,25,238,198
89123485,0,48971.0,7,203,,13.0,86,27,32,0,0,3,5,0,19,42,35,74,50,100,100,281,219,311,160,299,120,99,60,49,25,253,200
89123485,1,17.0,7,45,0.0,0.0,15,0,15,0,0,0,0,0,0,42,35,74,50,100,100,281,219,311,160,299,120,99,60,49,25,253,200
89123490,0,32699.0,10,254,14.0,13.0,153,48,19,0,0,7,14,0,65,42,30,63,50,100,100,278,40,312,160,321,120,90,60,49,22,243,200
89123490,1,98600.0,11,229,0.0,19.0,195,42,33,0,0,0,0,0,120,42,30,63,50,100,100,278,40,312,160,321,120,90,60,49,22,243,200
89123500,0,78347.0,10,262,0.0,10.0,160,28,19,0,0,60,0,0,53,42,28,76,50,100,73,277,51,287,160,262,120,92,60,49,23,252,200
89123500,1,57359.0,5,123,0.0,19.0,65,11,28,0,0,3,0,0,23,42,28,76,50,100,73,277,51,287,160,262,120,92,60,49,23,252,200
89123974,0,63816.0,10,279,0.0,11.0,238,53,36,0,0,149,0,0,0,41,23,76,50,100,100,278,13,328,160,275,120,88,60,47,25,252,200
89123974,1,24422.0,10,290,11.0,0.0,146,35,27,0,0,4,5,0,75,41,23,76,50,100,100,278,13,328,160,275,120,88,60,47,25,252,200
89123975,0,41600.0,11,237,0.0,10.0,295,0,34,0,0,0,0,0,261,42,33,52,43,100,65,277,1,340,160,316,120,94,60,44,21,253,200
89123975,1,19756.0,7,203,11.0,0.0,127,38,29,0,0,4,5,0,51,42,33,52,43,100,65,277,1,340,160,316,120,94,60,44,21,253,200
89123977,0,30385.0,5,115,15.0,5.0,94,34,11,0,0,3,8,0,38,41,32,74,50,100,100,288,250,336,160,299,120,87,60,45,25,251,200
89123977,1,3000.0,0,0,,0.0,0,0,0,0,0,0,0,0,0,41,32,74,50,100,100,288,250,336,160,299,120,87,60,45,25,251,200
89123985,0,31168.0,10,290,11.0,11.0,154,36,27,0,0,4,5,0,82,41,30,65,50,100,100,278,13,349,160,313,120,96,60,49,22,248,200
89123985,1,58245.0,10,213,0.0,19.0,200,33,34,0,0,0,0,0,133,41,30,65,50,100,100,278,13,349,160,313,120,96,60,49,22,248,200
89123995,0,78099.0,12,238,10.0,11.0,69,15,28,0,0,0,0,0,26,42,35,73,50,100,1,278,106,228,9,263,120,92,60,56,25,240,200
89123995,1,101756.0,10,271,7.0,10.0,164,30,17,0,0,22,0,0,95,42,35,73,50,100,1,278,106,228,9,263,120,92,60,56,25,240,200
89124461,0,30325.0,7,203,,13.0,86,27,32,0,0,3,5,0,19,42,35,67,50,100,60,278,13,282,160,308,120,101,60,50,22,247,200
89124461,1,94988.0,8,198,0.0,17.0,115,0,22,0,0,7,0,0,86,42,35,67,50,100,60,278,13,282,160,308,120,101,60,50,22,247,200
89124463,0,18516.0,5,66,0.0,0.0,134,22,98,0,0,0,0,0,14,42,35,69,50,100,100,280,46,358,160,308,120,99,60,48,25,247,200
89124463,1,31462.0,10,160,0.0,17.0,107,27,42,0,0,0,3,0,35,42,35,69,50,100,100,280,46,358,160,308,120,99,60,48,25,247,200
89124464,0,34478.0,7,203,,13.0,86,27,32,0,0,3,5,0,19,42,35,67,50,100,9,281,13,293,160,310,120,112,60,55,25,244,167
89124464,1,97240.0,12,336,12.0,15.0,50,4,23,0,0,3,0,0,20,42,35,67,50,100,9,281,13,293,160,310,120,112,60,55,25,244,167
89124479,0,21699.0,7,203,11.0,0.0,129,34,29,0,0,5,5,0,56,41,29,75,50,100,100,278,1,344,160,308,120,97,60,48,25,250,200
89124479,1,31442.0,7,203,11.0,11.0,109,16,33,0,0,3,5,0,52,41,29,75,50,100,100,278,1,344,160,308,120,97,60,48,25,250,200
89124488,0,17526.0,10,170,0.0,0.0,33,0,33,0,0,0,0,0,0,42,35,73,50,100,100,282,13,344,160,294,120,101,60,50,25,248,200
89124488,1,17526.0,10,170,0.0,0.0,33,0,33,0,0,0,0,0,0,42,35,73,50,100,100,282,13,344,160,294,120,101,60,50,25,248,200
89124955,0,4027.0,0,0,,0.0,3,0,3,0,0,0,0,0,0,42,35,62,50,100,84,277,1,354,160,321,120,101,60,58,21,246,200
89124955,1,7051.0,13,299,0.0,0.0,294,0,63,0,0,0,0,0,231,42,35,62,50,100,84,277,1,354,160,321,120,101,60,58,21,246,200
89124958,0,15747.0,9,214,0.0,0.0,121,46,27,0,0,2,14,0,32,41,34,64,50,102,100,278,65,343,160,321,120,104,60,49,24,253,200
89124958,1,14628.0,10,170,0.0,0.0,35,0,35,0,0,0,0,0,0,41,34,64,50,102,100,278,65,343,160,321,120,104,60,49,24,253,200
89124970,0,37609.0,12,245,9.0,6.0,37,13,12,0,0,0,3,0,9,42,33,66,50,100,1,278,156,244,1,301,120,107,60,64,25,224,1
89124970,1,54402.0,13,335,9.0,11.0,57,7,21,0,0,6,0,0,23,42,33,66,50,100,1,278,156,244,1,301,120,107,60,64,25,224,1
89124972,0,105211.0,12,265,10.0,14.0,78,5,41,0,0,0,0,0,32,42,27,67,50,100,1,278,13,273,160,261,120,94,60,60,25,243,200
89124972,1,118541.0,13,324,0.0,11.0,106,21,38,0,0,47,0,0,0,42,27,67,50,100,1,278,13,273,160,261,120,94,60,60,25,243,200
89125482,0,19038.0,8,216,0.0,0.0,300,8,67,0,0,35,5,0,185,42,32,58,50,100,73,277,1,354,160,299,120,104,60,47,21,250,200
89125482,1,43398.0,10,233,0.0,10.0,323,0,42,0,0,0,0,0,281,42,32,58,50,100,73,277,1,354,160,299,120,104,60,47,21,250,200
89125483,0,66756.0,11,261,9.0,12.0,109,0,32,0,0,29,0,0,48,41,28,70,50,100,100,278,37,325,160,306,120,102,60,42,23,248,200
89125483,1,42193.0,10,296,0.0,11.0,202,80,16,0,0,4,16,0,86,41,28,70,50,100,100,278,37,325,160,306,120,102,60,42,23,248,200
89125484,0,77744.0,7,202,10.0,12.0,35,0,35,0,0,0,0,0,0,42,32,75,50,100,45,280,1,298,160,298,120,100,60,56,25,223,24
89125484,1,26126.0,10,208,0.0,0.0,318,8,83,0,0,37,5,0,185,42,32,75,50,100,45,280,1,298,160,298,120,100,60,56,25,223,24
89125490,0,5440.0,0,0,,0.0,2,0,2,0,0,0,0,0,0,42,35,74,50,100,100,278,152,311,160,318,120,96,60,37,21,252,200
89125490,1,50966.0,9,265,0.0,11.0,221,0,38,0,0,0,0,0,183,42,35,74,50,100,100,278,152,311,160,318,120,96,60,37,21,252,200
89125493,0,28960.0,10,170,0.0,0.0,33,0,33,0,0,0,0,0,0,41,28,76,50,100,100,287,247,336,160,308,120,90,60,50,25,252,200
89125493,1,7083.0,0,0,,0.0,60,60,0,0,0,0,0,0,0,41,28,76,50,100,100,287,247,336,160,308,120,90,60,50,25,252,200
89125495,0,57522.0,13,345,8.0,10.0,44,8,20,0,0,8,0,0,8,42,35,60,46,100,1,278,70,243,1,306,120,107,60,63,25,243,200
89125495,1,51301.0,12,238,10.0,11.0,76,15,36,0,0,0,0,0,25,42,35,60,46,100,1,278,70,243,1,306,120,107,60,63,25,243,200
89125980,0,19747.0,9,213,0.0,0.0,112,41,28,0,0,3,7,0,33,41,31,67,50,101,100,278,48,340,160,308,120,91,60,50,24,253,200
89125980,1,13457.0,10,170,0.0,0.0,33,0,33,0,0,0,0,0,0,41,31,67,50,101,100,278,48,340,160,308,120,91,60,50,24,253,200
89125983,0,50131.0,13,349,9.0,11.0,66,1,29,0,0,8,0,0,28,42,32,67,50,100,1,278,13,269,1,317,120,105,60,65,25,227,1
89125983,1,58358.0,12,238,10.0,11.0,78,15,31,0,0,0,0,0,32,42,32,67,50,100,1,278,13,269,1,317,120,105,60,65,25,227,1
89125984,0,44584.0,10,294,,16.0,29,4,18,0,0,0,0,0,7,42,31,75,50,100,10,277,111,228,160,294,120,96,60,59,25,239,200
89125984,1,110173.0,12,241,10.0,15.0,65,14,24,0,0,0,0,0,27,42,31,75,50,100,10,277,111,228,160,294,120,96,60,59,25,239,200
89125987,0,31876.0,12,288,10.0,9.0,168,42,28,0,0,19,3,0,76,42,35,71,50,100,81,277,60,308,160,239,120,104,60,46,24,248,200
89125987,1,75374.0,10,267,0.0,10.0,175,31,19,0,0,61,0,0,64,42,35,71,50,100,81,277,60,308,160,239,120,104,60,46,24,248,200
89126473,0,885.0,10,60,0.0,0.0,33,0,33,0,0,0,0,0,0,42,35,77,50,100,100,278,13,324,160,314,120,88,60,50,25,251,200
89126473,1,30648.0,4,113,11.0,11.0,173,92,77,0,0,0,0,0,4,42,35,77,50,100,100,278,13,324,160,314,120,88,60,50,25,251,200
89126478,0,5505.0,4,100,10.0,0.0,77,0,0,0,0,0,77,0,0,42,35,70,50,100,100,293,250,328,160,304,120,93,60,49,22,247,200
89126478,1,8517.0,1,22,,0.0,132,80,0,0,0,0,0,0,52,42,35,70,50,100,100,293,250,328,160,304,120,93,60,49,22,247,200
89126481,0,35615.0,15,357,9.0,10.0,64,16,22,0,0,18,0,0,8,42,25,76,50,100,3,278,51,201,1,280,120,96,60,64,25,245,200
89126481,1,82562.0,13,319,0.0,11.0,112,21,49,0,0,42,0,0,0,42,25,76,50,100,3,278,51,201,1,280,120,96,60,64,25,245,200
89126962,0,83034.0,12,329,11.0,16.0,52,3,24,0,0,3,0,0,22,42,35,70,50,100,1,280,115,283,160,302,120,104,60,57,24,244,195
89126962,1,83623.0,8,240,0.0,12.0,147,9,23,0,0,42,3,0,70,42,35,70,50,100,1,280,115,283,160,302,120,104,60,57,24,244,195
89126965,0,95846.0,13,350,8.0,17.0,74,36,22,0,0,1,0,0,15,42,35,66,49,100,27,278,1,266,160,298,120,88,60,50,25,247,200
89126965,1,45037.0,10,181,10.0,10.0,208,27,35,0,0,9,0,0,137,42,35,66,49,100,27,278,1,266,160,298,120,88,60,50,25,247,200
89126969,0,28960.0,10,170,0.0,0.0,33,0,33,0,0,0,0,0,0,41,35,76,50,100,100,287,247,351,160,321,120,98,60,50,24,246,200
89126969,1,8378.0,1,22,,0.0,133,79,0,0,0,0,0,0,54,41,35,76,50,100,100,287,247,351,160,321,120,98,60,50,24,246,200
89126971,0,28213.0,10,170,0.0,0.0,33,0,33,0,0,0,0,0,0,41,35,76,50,100,100,286,243,347,160,321,120,96,60,52,25,250,200
89126971,1,6052.0,0,0,,0.0,3,0,3,0,0,0,0,0,0,41,35,76,50,100,100,286,243,347,160,321,120,96,60,52,25,250,200
89127957,0,76018.0,8,196,0.0,17.0,132,0,24,0,0,0,0,0,108,42,35,66,50,100,56,278,125,226,160,305,120,109,60,53,25,248,200
89127957,1,76842.0,14,220,8.0,12.0,136,19,13,0,0,34,0,0,70,42,35,66,50,100,56,278,125,226,160,305,120,109,60,53,25,248,200
89128439,0,12907.0,5,66,0.0,0.0,128,21,98,0,0,0,0,0,9,42,35,73,50,100,100,287,240,336,160,330,120,87,60,45,23,252,200
89128439,1,9967.0,2,54,9.0,0.0,80,0,0,0,0,0,10,0,70,42,35,73,50,100,100,287,240,336,160,330,120,87,60,45,23,252,200
89128918,0,59742.0,6,123,6.0,10.0,172,120,37,0,0,0,0,0,15,42,32,58,50,100,60,278,13,308,160,299,120,107,60,54,25,251,200
89128918,1,28029.0,7,203,,0.0,86,27,32,0,0,3,5,0,19,42,32,58,50,100,60,278,13,308,160,299,120,107,60,54,25,251,200
89128926,0,53381.0,11,242,0.0,10.0,284,0,35,0,0,0,0,0,249,41,26,61,50,100,66,277,1,327,160,314,120,80,60,41,21,250,200
89128926,1,28804.0,10,296,0.0,0.0,206,89,17,0,0,5,17,0,78,41,26,61,50,100,66,277,1,327,160,314,120,80,60,41,21,250,200
89128927,0,19341.0,7,203,,0.0,89,25,36,0,0,5,5,0,18,42,35,52,45,100,64,277,1,327,160,313,120,96,60,46,21,250,200
89128927,1,45529.0,11,243,0.0,10.0,297,0,34,0,0,0,0,0,263,42,35,52,45,100,64,277,1,327,160,313,120,96,60,46,21,250,200
89129409,0,37298.0,7,203,11.0,11.0,126,34,29,0,0,5,5,0,53,42,33,68,50,100,68,278,51,306,160,292,120,96,60,51,25,244,200
89129409,1,112328.0,10,279,10.0,13.0,32,0,16,0,0,16,0,0,0,42,33,68,50,100,68,278,51,306,160,292,120,96,60,51,25,244,200
89129421,0,23948.0,10,193,0.0,0.0,104,1,46,0,0,19,0,0,38,42,35,76,50,100,100,281,13,315,160,291,120,94,60,49,25,252,200
89129421,1,36273.0,7,203,,13.0,86,27,32,0,0,3,5,0,19,42,35,76,50,100,100,281,13,315,160,291,120,94,60,49,25,252,200
89129422,0,71395.0,13,357,11.0,11.0,63,19,22,0,0,2,4,0,16,42,32,70,50,100,1,281,219,243,160,336,120,98,60,58,25,235,199
89129422,1,70786.0,11,292,9.0,13.0,115,27,6,0,0,4,16,0,62,42,32,70,50,100,1,281,219,243,160,336,120,98,60,58,25,235,199
89129916,0,94147.0,12,245,9.0,19.0,35,13,12,0,0,0,1,0,9,42,33,70,50,100,1,278,115,258,59,291,120,96,60,63,25,240,200
89129916,1,137220.0,13,316,11.0,17.0,93,0,28,0,0,41,0,0,24,42,33,70,50,100,1,278,115,258,59,291,120,96,60,63,25,240,200
89129917,0,12027.0,10,193,0.0,0.0,104,2,46,0,0,19,0,0,37,40,28,77,50,100,100,281,1,328,160,300,120,105,60,46,25,250,200
89129917,1,41986.0,10,240,0.0,13.0,383,144,114,0,0,0,0,0,125,40,28,77,50,100,100,281,1,328,160,300,120,105,60,46,25,250,200
89129918,0,9168.0,3,76,0.0,0.0,270,129,0,0,0,0,0,0,141,42,35,74,50,100,100,286,240,325,160,333,120,96,60,48,25,250,200
89129918,1,14625.0,5,66,0.0,0.0,246,130,98,0,0,0,0,0,18,42,35,74,50,100,100,286,240,325,160,333,120,96,60,48,25,250,200
89130386,0,53011.0,6,132,6.0,12.0,214,148,38,0,0,0,0,0,28,42,32,63,50,100,22,278,89,274,160,304,120,100,60,54,23,246,200
89130386,1,83899.0,8,240,0.0,12.0,133,0,19,0,0,42,2,0,70,42,32,63,50,100,22,278,89,274,160,304,120,100,60,54,23,246,200
89130396,0,68210.0,10,232,8.0,11.0,55,4,31,0,0,0,8,0,12,42,35,74,50,100,61,278,57,261,160,313,120,98,60,51,25,247,200
89130396,1,45511.0,9,200,,10.0,95,0,16,0,0,16,0,0,63,42,35,74,50,100,61,278,57,261,160,313,120,98,60,51,25,247,200
89130405,0,111508.0,13,328,11.0,11.0,96,0,19,0,0,39,15,0,23,42,27,70,50,100,23,278,7,274,160,254,120,80,60,59,25,243,200
89130405,1,67331.0,13,324,0.0,21.0,64,21,27,0,0,16,0,0,0,42,27,70,50,100,23,278,7,274,160,254,120,80,60,59,25,243,200
89130406,0,48229.0,11,239,0.0,10.0,291,0,34,0,0,0,0,0,257,42,35,53,50,100,63,277,1,335,160,306,120,101,60,44,21,248,200
89130406,1,19495.0,7,203,11.0,0.0,131,31,33,0,0,5,8,0,54,42,35,53,50,100,63,277,1,335,160,306,120,101,60,44,21,248,200
89130879,0,50176.0,10,254,14.0,13.0,156,51,23,0,0,7,12,0,63,41,30,67,50,100,58,281,223,307,160,312,120,98,60,46,23,246,200
89130879,1,88826.0,11,292,9.0,13.0,115,27,6,0,0,4,16,0,62,41,30,67,50,100,58,281,223,307,160,312,120,98,60,46,23,246,200
89130891,0,82981.0,10,267,0.0,10.0,175,31,19,0,0,61,0,0,64,42,35,69,50,100,68,277,7,306,160,271,120,101,60,50,25,241,189
89130891,1,98956.0,10,279,10.0,15.0,32,0,16,0,0,16,0,0,0,42,35,69,50,100,68,277,7,306,160,271,120,101,60,50,25,241,189
89130900,0,28813.0,10,296,0.0,0.0,205,97,17,0,0,5,17,0,69,41,26,62,50,100,82,277,1,332,160,282,120,95,60,39,21,253,200
89130900,1,38330.0,9,212,0.0,10.0,300,0,44,0,0,0,0,0,256,41,26,62,50,100,82,277,1,332,160,282,120,95,60,39,21,253,200
89130908,0,38882.0,13,245,9.0,10.0,140,45,34,0,0,0,0,0,61,42,30,55,50,100,24,277,10,254,1,308,120,101,60,68,25,223,1
89130908,1,48270.0,14,245,9.0,15.0,144,44,38,0,0,0,0,0,62,42,30,55,50,100,24,277,10,254,1,308,120,101,60,68,25,223,1
89131369,0,44314.0,7,203,11.0,11.0,121,34,29,0,0,5,5,0,48,41,29,77,50,100,58,278,189,292,160,311,120,91,60,51,25,246,200
89131369,1,80331.0,11,292,9.0,13.0,112,27,6,0,0,4,16,0,59,41,29,77,50,100,58,278,189,292,160,311,120,91,60,51,25,246,200
89131371,0,2879.0,1,1,,0.0,1,1,0,0,0,0,0,0,0,42,32,64,50,100,57,283,228,268,160,318,120,105,60,60,25,235,193
89131371,1,121821.0,13,229,6.0,18.0,111,46,35,0,0,0,0,0,30,42,32,64,50,100,57,283,228,268,160,318,120,105,60,60,25,235,193
89131374,0,113796.0,13,235,6.0,17.0,140,68,37,0,0,0,0,0,35,42,32,63,50,100,56,278,54,270,160,333,120,97,60,56,25,234,190
89131374,1,43110.0,10,254,14.0,13.0,156,43,23,0,0,7,13,0,70,42,32,63,50,100,56,278,54,270,160,333,120,97,60,56,25,234,190
89131385,0,118158.0,10,281,7.0,10.0,132,27,13,0,0,34,5,0,53,41,29,71,50,100,67,278,1,326,160,260,120,93,60,43,25,249,200
89131385,1,34362.0,12,188,10.0,10.0,249,53,36,0,0,0,0,0,160,41,29,71,50,100,67,278,1,326,160,260,120,93,60,43,25,249,200
89131388,0,44723.0,8,176,15.0,14.0,20,9,2,0,0,0,1,0,8,42,35,60,50,100,47,283,240,340,160,297,120,96,60,62,25,245,200
89131388,1,16378.0,5,66,0.0,0.0,159,21,93,0,0,0,0,0,45,42,35,60,50,100,47,283,240,340,160,297,120,96,60,62,25,245,200
89131390,0,127658.0,13,324,0.0,11.0,108,21,36,0,0,51,0,0,0,42,27,68,50,100,12,278,7,266,160,265,120,101,60,59,25,241,200
89131390,1,98263.0,10,278,10.0,13.0,32,0,16,0,0,16,0,0,0,42,27,68,50,100,12,278,7,266,160,265,120,101,60,59,25,241,200
89131865,0,128178.0,14,235,9.0,17.0,100,31,37,0,0,0,0,0,32,40,25,64,50,100,53,277,70,243,139,316,120,82,60,57,25,243,200
89131865,1,56163.0,9,240,9.0,13.0,218,110,17,0,0,5,18,0,68,40,25,64,50,100,53,277,70,243,139,316,120,82,60,57,25,243,200
89131877,0,42613.0,11,252,0.0,13.0,108,22,28,0,0,39,5,0,14,42,35,75,50,100,100,281,106,328,160,292,120,86,60,42,25,252,200
89131877,1,36448.0,10,193,0.0,15.0,159,5,17,0,0,19,0,0,118,42,35,75,50,100,100,281,106,328,160,292,120,86,60,42,25,252,200
89131878,0,81362.0,11,292,9.0,13.0,112,26,7,0,0,4,16,0,59,42,31,73,50,100,58,278,186,289,160,300,120,98,60,50,25,246,200
89131878,1,44713.0,7,203,11.0,11.0,123,37,29,0,0,5,5,0,47,42,31,73,50,100,58,278,186,289,160,300,120,98,60,50,25,246,200
89131882,0,80015.0,10,268,0.0,10.0,175,28,19,0,0,61,0,0,67,42,35,68,50,100,69,277,7,325,160,258,120,105,60,52,25,228,88
89131882,1,90597.0,10,279,10.0,14.0,32,0,16,0,0,16,0,0,0,42,35,68,50,100,69,277,7,325,160,258,120,105,60,52,25,228,88
89132362,0,111176.0,12,220,9.0,18.0,100,38,35,0,0,0,0,0,27,42,31,57,50,100,63,277,167,273,160,294,120,98,60,56,25,237,189
89132362,1,67014.0,7,199,4.0,12.0,206,69,12,0,0,10,24,0,91,42,31,57,50,100,63,277,167,273,160,294,120,98,60,56,25,237,189
89132369,0,47213.0,7,184,11.0,13.0,65,5,31,0,0,9,20,0,0,41,32,77,50,100,72,278,60,303,160,316,120,102,60,54,25,248,200
89132369,1,37157.0,7,203,11.0,11.0,123,36,29,0,0,5,5,0,48,41,32,77,50,100,72,278,60,303,160,316,120,102,60,54,25,248,200
89132372,0,37042.0,11,186,10.0,10.0,218,56,30,0,0,9,0,0,123,42,35,66,50,100,67,277,1,285,160,278,120,98,60,47,25,253,200
89132372,1,81410.0,12,310,10.0,10.0,40,0,20,0,0,20,0,0,0,42,35,66,50,100,67,277,1,285,160,278,120,98,60,47,25,253,200
89132374,0,1236.0,0,0,,0.0,0,0,0,0,0,0,0,0,0,42,35,71,50,100,100,293,250,324,160,301,120,92,60,49,25,252,200
89132374,1,3000.0,0,0,,0.0,0,0,0,0,0,0,0,0,0,42,35,71,50,100,100,293,250,324,160,301,120,92,60,49,25,252,200
89132379,0,90565.0,13,323,0.0,11.0,108,21,36,0,0,51,0,0,0,42,27,70,50,100,12,278,7,254,160,262,120,105,60,61,25,223,1
89132379,1,77386.0,10,280,10.0,13.0,42,0,16,0,0,26,0,0,0,42,27,70,50,100,12,278,7,254,160,262,120,105,60,61,25,223,1
89132382,0,77906.0,8,240,0.0,12.0,145,9,20,0,0,42,2,0,72,42,35,69,50,100,1,280,129,280,160,320,120,98,60,55,24,232,88
89132382,1,94868.0,12,329,11.0,16.0,47,2,19,0,0,7,0,0,19,42,35,69,50,100,1,280,129,280,160,320,120,98,60,55,24,232,88
89132392,0,90607.0,12,288,10.0,14.0,42,6,16,0,0,20,0,0,0,42,31,76,50,100,6,278,96,244,160,251,120,101,60,60,25,237,200
89132392,1,90621.0,12,288,10.0,14.0,42,6,16,0,0,20,0,0,0,42,31,76,50,100,6,278,96,244,160,251,120,101,60,60,25,237,200
89132851,0,13457.0,8,191,0.0,0.0,388,101,0,0,0,0,84,0,203,41,25,70,50,100,53,286,221,284,160,277,120,76,47,49,22,250,200
89132851,1,109991.0,12,288,10.0,11.0,42,6,16,0,0,20,0,0,0,41,25,70,50,100,53,286,221,284,160,277,120,76,47,49,22,250,200
89132856,0,80212.0,13,228,9.0,18.0,111,35,35,0,0,0,0,0,41,42,35,62,50,100,42,277,94,239,19,316,120,106,60,63,25,223,72
89132856,1,40049.0,7,203,9.0,11.0,57,14,13,0,0,3,3,0,24,42,35,62,50,100,42,277,94,239,19,316,120,106,60,63,25,223,72
89132858,0,3000.0,0,0,,0.0,0,0,0,0,0,0,0,0,0,42,35,71,50,100,100,281,240,340,160,314,120,98,60,49,25,246,200
89132858,1,38213.0,3,81,13.0,13.0,83,0,21,0,0,0,16,0,46,42,35,71,50,100,100,281,240,340,160,314,120,98,60,49,25,246,200
89132860,0,7982.0,3,90,,0.0,554,0,0,0,0,0,0,0,554,42,35,75,50,100,100,293,250,320,160,301,120,84,60,42,22,251,200
89132860,1,846.0,5,99,,0.0,136,128,0,0,0,0,8,0,0,42,35,75,50,100,100,293,250,320,160,301,120,84,60,42,22,251,200
89132866,0,54836.0,12,245,9.0,18.0,35,13,12,0,0,1,0,0,9,42,35,71,50,100,1,278,169,237,1,304,120,96,60,63,25,235,181
89132866,1,56412.0,12,251,10.0,11.0,43,0,26,0,0,0,0,0,17,42,35,71,50,100,1,278,169,237,1,304,120,96,60,63,25,235,181
89132936,0,33633.0,11,282,10.0,9.0,18,3,0,0,0,0,1,0,14,42,35,51,40,100,1,293,250,230,15,318,120,112,60,66,25,232,167
89132936,1,35658.0,11,275,10.0,9.0,16,3,0,0,0,0,1,0,12,42,35,51,40,100,1,293,250,230,15,318,120,112,60,66,25,232,167
89133343,0,48393.0,9,200,,10.0,95,0,16,0,0,16,0,0,63,42,35,67,50,100,80,283,204,245,160,288,120,105,60,53,24,246,200
89133343,1,112746.0,13,296,15.0,17.0,34,0,0,0,0,0,0,0,34,42,35,67,50,100,80,283,204,245,160,288,120,105,60,53,24,246,200
89133345,0,114100.0,12,288,10.0,11.0,42,6,16,0,0,20,0,0,0,42,30,61,50,100,55,278,198,296,160,270,120,101,60,51,25,249,200
89133345,1,46307.0,7,199,9.0,11.0,156,48,8,0,0,6,15,0,79,42,30,61,50,100,55,278,198,296,160,270,120,101,60,51,25,249,200
89133349,0,49044.0,7,203,9.0,11.0,58,16,13,0,0,3,3,0,23,42,35,60,50,100,47,278,120,261,15,316,120,104,60,62,25,227,151
89133349,1,91330.0,13,231,9.0,18.0,111,46,37,0,0,0,0,0,28,42,35,60,50,100,47,278,120,261,15,316,120,104,60,62,25,227,151
89133350,0,74604.0,16,284,10.0,11.0,190,7,32,0,0,45,0,0,106,42,35,68,50,100,1,277,111,252,160,304,120,101,60,55,25,249,200
89133350,1,45202.0,12,238,10.0,10.0,21,11,10,0,0,0,0,0,0,42,35,68,50,100,1,277,111,252,160,304,120,101,60,55,25,249,200
89133356,0,108056.0,12,245,9.0,18.0,36,13,12,0,0,0,2,0,9,41,31,66,50,100,1,285,244,283,160,325,120,105,60,60,25,240,200
89133356,1,80109.0,11,292,9.0,13.0,115,27,6,0,0,4,16,0,62,41,31,66,50,100,1,285,244,283,160,325,120,105,60,60,25,240,200
89133357,0,45842.0,12,251,10.0,9.0,39,0,25,0,0,0,0,0,14,42,28,74,50,100,1,278,1,240,82,285,120,96,60,61,25,224,61
89133357,1,91593.0,13,326,0.0,11.0,111,21,39,0,0,51,0,0,0,42,28,74,50,100,1,278,1,240,82,285,120,96,60,61,25,224,61
89133359,0,46993.0,10,295,0.0,11.0,206,78,17,0,0,5,16,0,90,41,30,73,50,100,71,278,192,314,160,330,120,98,60,51,25,246,200
89133359,1,49328.0,7,180,11.0,13.0,56,7,29,0,0,6,14,0,0,41,30,73,50,100,71,278,192,314,160,330,120,98,60,51,25,246,200
89133362,0,17957.0,10,290,11.0,0.0,153,37,27,0,0,4,5,0,80,41,32,55,50,100,66,277,1,344,160,306,120,94,60,45,21,253,200
89133362,1,42709.0,11,234,0.0,10.0,298,0,34,0,0,0,0,0,264,41,32,55,50,100,66,277,1,344,160,306,120,94,60,45,21,253,200
89133377,0,74469.0,13,265,9.0,11.0,132,0,39,0,0,31,14,0,48,42,35,70,50,100,27,278,1,284,112,269,120,97,60,55,25,247,200
89133377,1,81742.0,12,263,9.0,11.0,123,0,39,0,0,31,12,0,41,42,35,70,50,100,27,278,1,284,112,269,120,97,60,55,25,247,200
89133832,0,23732.0,7,150,11.0,0.0,46,3,31,0,0,4,0,0,8,41,35,51,42,100,1,282,243,295,160,316,120,92,60,63,25,247,200
89133832,1,73610.0,11,278,10.0,17.0,4,0,0,0,0,0,1,0,3,41,35,51,42,100,1,282,243,295,160,316,120,92,60,63,25,247,200
89133837,0,53847.0,9,264,0.0,13.0,117,10,32,0,0,3,0,0,72,42,35,66,50,100,1,278,60,264,160,284,120,114,60,56,22,247,200
89133837,1,108230.0,12,288,10.0,11.0,42,6,16,0,0,20,0,0,0,42,35,66,50,100,1,278,60,264,160,284,120,114,60,56,22,247,200
89133842,0,31311.0,7,203,11.0,11.0,129,34,29,0,0,5,5,0,56,42,35,66,50,100,56,278,1,314,160,313,120,101,60,53,24,244,200
89133842,1,64581.0,11,221,11.0,11.0,55,0,45,0,0,6,0,0,4,42,35,66,50,100,56,278,1,314,160,313,120,101,60,53,24,244,200
89133845,0,45706.0,7,202,10.0,12.0,32,0,32,0,0,0,0,0,0,42,33,62,50,100,10,277,1,247,160,324,120,92,60,62,25,223,1
89133845,1,71548.0,13,238,9.0,17.0,155,50,35,0,0,0,0,0,70,42,33,62,50,100,10,277,1,247,160,324,120,92,60,62,25,223,1
89133848,0,61234.0,11,180,10.0,10.0,178,2,37,0,0,18,0,0,121,41,33,77,50,100,58,278,13,274,160,285,120,90,60,48,25,250,200
89133848,1,69734.0,11,292,9.0,13.0,113,27,6,0,0,4,16,0,60,41,33,77,50,100,58,278,13,274,160,285,120,90,60,48,25,250,200
89133855,0,70745.0,12,251,10.0,12.0,37,0,24,0,0,0,0,0,13,41,27,73,50,100,1,278,1,289,160,291,120,96,60,61,25,241,200
89133855,1,125861.0,13,324,0.0,11.0,110,21,38,0,0,51,0,0,0,41,27,73,50,100,1,278,1,289,160,291,120,96,60,61,25,241,200
89133856,0,13999.0,5,66,0.0,0.0,368,104,200,0,0,0,0,0,64,42,35,73,50,100,100,285,238,332,160,314,120,96,60,42,22,248,200
89133856,1,7807.0,3,90,,0.0,554,0,0,0,0,0,0,0,554,42,35,73,50,100,100,285,238,332,160,314,120,96,60,42,22,248,200
89134322,0,50148.0,9,220,12.0,12.0,185,0,21,0,0,0,0,0,164,42,35,51,42,100,1,281,179,278,160,311,120,100,60,58,25,245,200
89134322,1,94772.0,12,293,10.0,18.0,4,0,0,0,0,0,1,0,3,42,35,51,42,100,1,281,179,278,160,311,120,100,60,58,25,245,200
89134324,0,100968.0,13,258,9.0,11.0,109,8,53,0,0,31,6,0,11,41,31,73,50,100,46,278,104,291,160,292,120,84,60,52,25,252,200
89134324,1,30468.0,7,181,11.0,8.0,80,31,6,0,0,3,8,0,32,41,31,73,50,100,46,278,104,291,160,292,120,84,60,52,25,252,200
89134327,0,74945.0,12,288,10.0,11.0,42,6,16,0,0,20,0,0,0,42,33,65,50,100,28,286,221,233,1,307,120,109,60,63,25,233,31
89134327,1,37241.0,13,291,14.0,9.0,34,0,0,0,0,0,0,0,34,42,33,65,50,100,28,286,221,233,1,307,120,109,60,63,25,233,31
89134334,0,96705.0,14,243,9.0,18.0,121,41,32,0,0,0,0,0,48,42,33,62,50,100,24,277,16,263,160,308,120,103,60,63,25,230,18
89134334,1,53070.0,10,290,,14.0,31,7,18,0,0,0,0,0,6,42,33,62,50,100,24,277,16,263,160,308,120,103,60,63,25,230,18
89134339,0,26522.0,7,193,5.0,0.0,132,18,48,0,0,23,0,0,43,42,30,76,50,100,100,281,13,320,160,303,120,90,60,46,25,248,200
89134339,1,25927.0,7,203,,0.0,86,27,32,0,0,3,5,0,19,42,30,76,50,100,100,281,13,320,160,303,120,90,60,46,25,248,200
89134340,0,39672.0,7,203,11.0,11.0,129,34,29,0,0,5,5,0,56,42,33,67,50,100,100,278,13,361,160,329,120,98,60,46,24,246,200
89134340,1,19718.0,3,81,13.0,0.0,83,0,21,0,0,0,16,0,46,42,33,67,50,100,100,278,13,361,160,329,120,98,60,46,24,246,200
89134367,0,24198.0,6,176,,0.0,81,17,30,0,0,6,7,0,21,42,35,73,50,100,100,290,250,332,160,308,120,90,60,49,25,246,200
89134367,1,24198.0,6,176,,0.0,81,17,30,0,0,6,7,0,21,42,35,73,50,100,100,290,250,332,160,308,120,90,60,49,25,246,200
89134829,0,48021.0,7,203,11.0,11.0,125,36,29,0,0,5,5,0,50,42,33,51,42,100,27,278,214,270,160,316,120,96,60,60,25,249,200
89134829,1,78213.0,12,293,10.0,19.0,4,0,0,0,0,0,1,0,3,42,33,51,42,100,27,278,214,270,160,316,120,96,60,60,25,249,200
89134831,0,103311.0,12,251,9.0,15.0,108,8,39,0,0,36,9,0,16,42,32,58,50,100,52,277,1,324,160,310,120,107,60,46,22,248,200
89134831,1,29422.0,9,233,0.0,0.0,314,0,44,0,0,0,0,0,270,42,32,58,50,100,52,277,1,324,160,310,120,107,60,46,22,248,200
89134834,0,12293.0,5,66,0.0,0.0,279,140,98,0,0,0,0,0,41,42,35,75,50,100,100,280,240,336,160,311,120,93,60,50,25,246,200
89134834,1,20232.0,6,176,,0.0,94,26,27,0,0,6,7,0,28,42,35,75,50,100,100,280,240,336,160,311,120,93,60,50,25,246,200
89134837,0,113040.0,12,288,10.0,11.0,42,6,16,0,0,20,0,0,0,41,33,68,50,100,4,278,152,300,160,308,120,101,60,61,25,246,200
89134837,1,64730.0,9,208,18.0,22.0,107,0,100,0,0,2,0,0,5,41,33,68,50,100,4,278,152,300,160,308,120,101,60,61,25,246,200
89134840,0,2353.0,4,72,3.0,0.0,513,44,0,0,0,65,404,0,0,41,32,68,50,100,100,293,250,365,160,316,120,89,60,50,25,250,200
89134840,1,2880.0,3,90,,0.0,0,0,0,0,0,0,0,0,0,41,32,68,50,100,100,293,250,365,160,316,120,89,60,50,25,250,200
89134844,0,104218.0,13,209,11.0,20.0,80,25,33,0,0,0,0,0,22,42,35,59,50,100,34,277,142,264,160,281,120,96,60,60,25,243,200
89134844,1,79861.0,12,310,10.0,10.0,40,0,20,0,0,20,0,0,0,42,35,59,50,100,34,277,142,264,160,281,120,96,60,60,25,243,200
89134850,0,926.0,5,101,,0.0,138,130,0,0,0,0,8,0,0,42,35,68,50,100,100,293,250,336,160,308,120,92,60,48,25,253,200
89134850,1,3338.0,0,0,,0.0,15,0,0,0,0,0,0,0,15,42,35,68,50,100,100,293,250,336,160,308,120,92,60,48,25,253,200
89134851,0,48723.0,8,201,17.0,22.0,198,0,97,0,0,98,0,0,3,42,35,74,50,100,79,279,245,246,160,304,120,90,60,57,25,250,200
89134851,1,98662.0,14,216,11.0,18.0,83,0,30,0,0,21,0,0,32,42,35,74,50,100,79,279,245,246,160,304,120,90,60,57,25,250,200
89135322,0,77343.0,12,245,9.0,11.0,117,8,37,0,0,34,14,0,24,42,35,75,50,100,65,277,1,283,160,270,120,98,60,54,25,248,200
89135322,1,35421.0,8,165,0.0,10.0,202,0,62,0,0,138,0,0,2,42,35,75,50,100,65,277,1,283,160,270,120,98,60,54,25,248,200
89135324,0,41827.0,1,30,,11.0,120,0,40,0,0,0,0,0,80,42,35,65,50,100,100,278,165,340,160,294,120,96,60,45,25,252,200
89135324,1,16862.0,6,176,,0.0,83,27,29,0,0,5,9,0,13,42,35,65,50,100,100,278,165,340,160,294,120,96,60,45,25,252,200
89135325,0,60672.0,11,292,9.0,13.0,115,27,6,0,0,4,16,0,62,42,35,51,41,100,1,291,250,240,87,328,120,94,60,61,25,243,200
89135325,1,65212.0,11,286,10.0,17.0,4,0,0,0,0,0,1,0,3,42,35,51,41,100,1,291,250,240,87,328,120,94,60,61,25,243,200
89135328,0,37726.0,8,186,0.0,17.0,138,0,51,0,0,5,10,0,72,42,35,70,50,100,100,281,13,336,160,303,120,80,60,36,22,250,200
89135328,1,34312.0,10,254,14.0,13.0,170,58,24,0,0,4,12,0,72,42,35,70,50,100,100,281,13,336,160,303,120,80,60,36,22,250,200
89135329,0,49839.0,13,183,10.0,10.0,170,7,31,0,0,22,0,0,110,42,35,75,50,100,51,278,1,271,160,295,120,101,60,52,25,245,200
89135329,1,104546.0,12,288,10.0,16.0,42,6,16,0,0,20,0,0,0,42,35,75,50,100,51,278,1,271,160,295,120,101,60,52,25,245,200
89135333,0,86913.0,11,292,9.0,13.0,115,27,6,0,0,4,16,0,62,40,29,71,50,100,58,278,183,312,160,324,120,91,60,49,25,250,200
89135333,1,42507.0,10,290,11.0,11.0,153,37,27,0,0,4,5,0,80,40,29,71,50,100,58,278,183,312,160,324,120,91,60,49,25,250,200
89135336,0,88061.0,14,236,9.0,18.0,126,42,34,0,0,0,0,0,50,42,32,60,50,100,33,277,104,237,28,317,120,105,60,63,25,241,198
89135336,1,85572.0,10,260,10.0,10.0,42,6,16,0,0,20,0,0,0,42,32,60,50,100,33,277,104,237,28,317,120,105,60,63,25,241,198
89135338,0,62082.0,11,220,11.0,11.0,62,0,51,0,0,7,0,0,4,42,35,66,50,100,56,278,51,318,160,304,120,92,60,49,23,250,200
89135338,1,44842.0,9,200,,10.0,95,0,16,0,0,16,0,0,63,42,35,66,50,100,56,278,51,318,160,304,120,92,60,49,23,250,200
89135346,0,55669.0,8,197,0.0,17.0,140,0,17,0,0,0,0,0,123,42,35,68,50,100,50,278,150,211,47,304,120,92,60,51,25,253,200
89135346,1,71810.0,13,217,8.0,11.0,133,20,19,0,0,30,0,0,64,42,35,68,50,100,50,278,150,211,47,304,120,92,60,51,25,253,200
89135819,0,101534.0,14,279,9.0,11.0,142,0,63,0,0,36,1,0,42,42,35,52,43,100,1,278,138,259,152,301,120,91,60,58,25,247,200
89135819,1,43550.0,11,270,7.0,10.0,29,8,0,0,0,1,0,0,20,42,35,52,43,100,1,278,138,259,152,301,120,91,60,58,25,247,200
89135820,0,84332.0,11,283,10.0,17.0,4,0,0,0,0,0,1,0,3,41,33,51,42,100,1,280,206,277,160,311,120,96,60,60,24,249,200
89135820,1,86972.0,9,260,0.0,13.0,187,37,38,0,0,28,0,0,84,41,33,51,42,100,1,280,206,277,160,311,120,96,60,60,24,249,200
89135822,0,11828.0,6,176,,0.0,91,23,29,0,0,4,9,0,26,42,35,64,50,100,100,278,76,354,160,301,120,96,60,46,24,250,200
89135822,1,50990.0,10,273,5.0,11.0,181,64,54,0,0,3,6,0,54,42,35,64,50,100,100,278,76,354,160,301,120,96,60,46,24,250,200
89135824,0,32970.0,8,196,0.0,13.0,130,0,48,0,0,5,7,0,70,41,27,70,50,100,100,278,1,336,160,295,120,94,60,40,21,252,200
89135824,1,38165.0,10,296,0.0,11.0,210,90,18,0,0,4,18,0,80,41,27,70,50,100,100,278,1,336,160,295,120,94,60,40,21,252,200
89135825,0,83697.0,12,321,12.0,16.0,70,7,28,0,0,7,0,0,28,42,35,70,50,100,6,278,86,234,143,277,120,114,60,58,25,232,77
89135825,1,84443.0,12,288,10.0,11.0,42,6,16,0,0,20,0,0,0,42,35,70,50,100,6,278,86,234,143,277,120,114,60,58,25,232,77
89135828,0,108024.0,10,271,6.0,10.0,103,12,20,0,0,39,0,0,32,42,31,57,50,100,27,277,76,267,160,303,120,101,60,61,25,234,181
89135828,1,104364.0,14,246,9.0,18.0,137,56,34,0,0,0,0,0,47,42,31,57,50,100,27,277,76,267,160,303,120,101,60,61,25,234,181
89135836,0,79261.0,12,238,10.0,11.0,75,15,32,0,0,0,0,0,28,42,31,68,50,100,1,278,131,253,3,272,120,88,60,58,25,245,200
89135836,1,103357.0,10,281,7.0,10.0,109,9,15,0,0,41,0,0,44,42,31,68,50,100,1,278,131,253,3,272,120,88,60,58,25,245,200
89135843,0,32069.0,11,292,9.0,11.0,113,26,6,0,0,4,16,0,61,41,31,77,50,100,15,288,250,197,9,307,120,76,52,52,25,251,200
89135843,1,33109.0,11,292,9.0,11.0,112,25,6,0,0,4,16,0,61,41,31,77,50,100,15,288,250,197,9,307,120,76,52,52,25,251,200
89136320,0,90955.0,11,292,9.0,13.0,115,27,6,0,0,4,16,0,62,41,31,64,50,100,58,278,186,320,160,321,120,99,60,48,25,248,200
89136320,1,41482.0,8,216,7.0,12.0,167,50,41,0,0,1,3,0,72,41,31,64,50,100,58,278,186,320,160,321,120,99,60,48,25,248,200
89136321,0,84181.0,11,292,9.0,13.0,114,26,6,0,0,4,16,0,62,42,35,68,50,100,58,291,250,287,160,322,120,97,60,51,25,248,200
89136321,1,3340.0,0,0,,0.0,15,0,0,0,0,0,0,0,15,42,35,68,50,100,58,291,250,287,160,322,120,97,60,51,25,248,200
89136322,0,52120.0,13,261,9.0,11.0,126,8,39,0,0,27,18,0,34,42,34,70,50,100,5,278,1,256,160,310,120,100,60,59,25,234,174
89136322,1,72418.0,13,351,11.0,11.0,65,18,22,0,0,2,3,0,20,42,34,70,50,100,5,278,1,256,160,310,120,100,60,59,25,234,174
89136327,0,84134.0,12,297,10.0,18.0,4,0,0,0,0,0,1,0,3,42,35,51,42,100,1,281,223,289,101,311,120,103,60,63,22,248,200
89136327,1,53970.0,9,262,0.0,13.0,112,0,41,0,0,0,0,0,71,42,35,51,42,100,1,281,223,289,101,311,120,103,60,63,22,248,200
89136331,0,101831.0,12,238,10.0,17.0,79,15,35,0,0,0,0,0,29,42,30,66,50,100,1,278,106,294,103,303,120,109,60,63,25,227,1
89136331,1,86591.0,12,288,10.0,11.0,42,6,16,0,0,20,0,0,0,42,30,66,50,100,1,278,106,294,103,303,120,109,60,63,25,227,1
89136332,0,19351.0,6,176,,0.0,92,20,29,0,0,4,9,0,30,42,35,66,50,100,100,278,202,344,160,306,120,109,60,49,25,248,200
89136332,1,35914.0,9,211,7.0,11.0,142,64,50,0,0,0,0,0,28,42,35,66,50,100,100,278,202,344,160,306,120,109,60,49,25,248,200
89136337,0,87321.0,10,260,10.0,10.0,42,6,16,0,0,20,0,0,0,42,35,58,50,100,32,277,48,240,160,269,120,94,60,61,25,237,200
89136337,1,119644.0,14,243,9.0,16.0,132,50,33,0,0,0,0,0,49,42,35,58,50,100,32,277,48,240,160,269,120,94,60,61,25,237,200
89136343,0,1612.0,19,357,13.0,0.0,182,34,29,0,0,4,5,0,110,41,27,76,50,100,100,278,216,332,160,304,120,78,60,43,25,252,200
89136343,1,1861.0,4,72,3.0,0.0,290,64,0,0,0,14,212,0,0,41,27,76,50,100,100,278,216,332,160,304,120,78,60,43,25,252,200
89136350,0,19104.0,7,154,1.0,0.0,225,70,17,0,0,0,46,0,92,41,25,61,50,108,100,281,150,358,160,304,120,84,60,44,21,253,200
89136350,1,32830.0,7,150,1.0,13.0,233,63,60,0,0,0,20,0,90,41,25,61,50,108,100,281,150,358,160,304,120,84,60,44,21,253,200
89136810,0,24309.0,7,203,11.0,0.0,126,36,29,0,0,5,5,0,51,42,32,75,50,100,68,277,1,280,160,312,120,107,60,52,25,247,200
89136810,1,68601.0,5,126,0.0,11.0,73,12,27,0,0,1,0,0,33,42,32,75,50,100,68,277,1,280,160,312,120,107,60,52,25,247,200
89136812,0,5793.0,7,124,21.0,0.0,82,18,21,0,0,0,37,0,6,41,28,69,50,102,100,278,171,344,160,322,120,82,60,44,24,252,200
89136812,1,46493.0,7,203,11.0,11.0,140,36,26,0,0,4,4,0,70,41,28,69,50,102,100,278,171,344,160,322,120,82,60,44,24,252,200
89136815,0,56508.0,11,254,0.0,13.0,107,22,28,0,0,34,4,0,19,41,32,69,50,100,58,281,186,303,160,287,120,99,60,52,25,251,200
89136815,1,85570.0,11,292,9.0,13.0,115,27,6,0,0,4,16,0,62,41,32,69,50,100,58,281,186,303,160,287,120,99,60,52,25,251,200
89136819,0,87245.0,13,271,9.0,11.0,139,0,46,0,0,36,15,0,42,42,35,73,50,100,15,278,13,285,160,318,120,97,60,55,25,234,198
89136819,1,67342.0,12,340,11.0,11.0,123,31,38,0,0,0,0,0,54,42,35,73,50,100,15,278,13,285,160,318,120,97,60,55,25,234,198
89136820,0,46353.0,11,284,9.0,14.0,10,2,0,0,0,0,1,0,7,42,35,51,42,100,1,293,250,227,1,308,120,98,60,65,25,239,200
89136820,1,24284.0,10,212,9.0,0.0,18,14,0,0,0,4,0,0,0,42,35,51,42,100,1,293,250,227,1,308,120,98,60,65,25,239,200
89136826,0,77523.0,12,216,8.0,12.0,155,11,28,0,0,18,0,0,98,42,35,68,50,100,52,278,189,234,158,309,120,101,60,55,25,246,200
89136826,1,106574.0,12,288,10.0,11.0,42,6,16,0,0,20,0,0,0,42,35,68,50,100,52,278,189,234,158,309,120,101,60,55,25,246,200
89136832,0,3000.0,0,0,,0.0,0,0,0,0,0,0,0,0,0,42,35,75,50,100,100,290,250,328,160,301,120,95,60,50,25,247,200
89136832,1,24537.0,6,176,,0.0,81,16,30,0,0,6,7,0,22,42,35,75,50,100,100,290,250,328,160,301,120,95,60,50,25,247,200
89136834,0,68932.0,12,237,10.0,10.0,27,14,13,0,0,0,0,0,0,41,31,61,50,100,1,277,101,276,150,339,120,101,60,65,25,223,11
89136834,1,87934.0,13,235,9.0,18.0,132,40,35,0,0,0,0,0,57,41,31,61,50,100,1,277,101,276,150,339,120,101,60,65,25,223,11
89137307,0,51217.0,11,298,5.0,13.0,207,73,28,0,0,23,2,0,81,42,31,73,50,100,58,281,202,239,114,276,120,90,60,46,22,253,200
89137307,1,62152.0,11,292,9.0,13.0,114,28,6,0,0,4,16,0,60,42,31,73,50,100,58,281,202,239,114,276,120,90,60,46,22,253,200
89137312,0,20368.0,7,123,1.0,0.0,125,55,38,0,0,0,2,0,30,42,31,70,50,100,58,279,243,282,160,298,120,95,60,51,25,246,200
89137312,1,90080.0,11,303,9.0,11.0,119,28,7,0,0,4,16,0,64,42,31,70,50,100,58,279,243,282,160,298,120,95,60,51,25,246,200
89137315,0,95648.0,14,282,9.0,11.0,145,0,61,0,0,38,14,0,32,42,34,74,50,100,1,278,138,245,105,308,120,91,60,56,25,242,200
89137315,1,54049.0,12,241,10.0,9.0,68,37,12,0,0,0,0,0,19,42,34,74,50,100,1,278,138,245,105,308,120,91,60,56,25,242,200
89137317,0,47815.0,11,292,9.0,11.0,114,27,6,0,0,4,17,0,60,42,33,51,42,100,1,291,250,227,36,319,120,94,60,60,25,245,200
89137317,1,60720.0,11,292,9.0,16.0,4,0,0,0,0,0,1,0,3,42,33,51,42,100,1,291,250,227,36,319,120,94,60,60,25,245,200
89137321,0,95522.0,12,288,10.0,11.0,42,6,16,0,0,20,0,0,0,42,33,68,50,100,25,278,179,230,95,309,120,96,60,57,25,249,200
89137321,1,50076.0,10,213,11.0,11.0,32,0,13,0,0,2,0,0,17,42,33,68,50,100,25,278,179,230,95,309,120,96,60,57,25,249,200
89137325,0,30701.0,7,203,11.0,11.0,131,31,33,0,0,5,8,0,54,42,31,69,50,100,100,278,1,315,160,305,120,95,60,41,22,253,200
89137325,1,24920.0,8,216,7.0,0.0,167,41,34,0,0,2,5,0,85,42,31,69,50,100,100,278,1,315,160,305,120,95,60,41,22,253,200
89137326,0,44285.0,10,296,0.0,11.0,144,65,7,0,0,4,19,0,49,39,23,61,50,100,56,278,216,336,160,296,120,89,60,42,23,253,200
89137326,1,47367.0,10,254,14.0,13.0,160,43,23,0,0,6,11,0,77,39,23,61,50,100,56,278,216,336,160,296,120,89,60,42,23,253,200
89137327,0,26201.0,5,115,15.0,0.0,89,26,10,0,0,3,11,0,39,42,31,68,50,100,100,281,89,368,160,323,120,100,60,44,22,246,200
89137327,1,46507.0,8,190,0.0,16.0,131,0,50,0,0,5,6,0,70,42,31,68,50,100,100,281,89,368,160,323,120,100,60,44,22,246,200
89137328,0,38612.0,8,222,7.0,11.0,172,43,28,0,0,1,2,0,98,42,35,66,50,100,100,281,212,332,160,297,120,103,60,45,23,253,200
89137328,1,19946.0,6,176,,0.0,85,21,27,0,0,5,11,0,21,42,35,66,50,100,100,281,212,332,160,297,120,103,60,45,23,253,200
89137330,0,110562.0,14,244,8.0,18.0,134,47,35,0,0,0,0,0,52,42,33,57,50,100,21,277,34,284,160,278,120,101,60,62,25,242,199
89137330,1,129747.0,13,327,11.0,11.0,104,0,31,0,0,35,4,0,34,42,33,57,50,100,21,277,34,284,160,278,120,101,60,62,25,242,199
89137333,0,5135.0,3,73,20.0,0.0,92,23,8,0,0,1,4,0,56,41,35,68,50,100,100,289,250,351,160,311,120,107,60,50,25,252,200
89137333,1,12684.0,3,73,20.0,0.0,80,18,13,0,0,0,0,0,49,41,35,68,50,100,100,289,250,351,160,311,120,107,60,50,25,252,200
89137338,0,32069.0,11,292,9.0,11.0,113,26,6,0,0,4,16,0,61,41,31,77,50,100,15,288,250,197,9,307,120,76,52,52,25,251,200
89137338,1,33109.0,11,292,9.0,11.0,112,25,6,0,0,4,16,0,61,41,31,77,50,100,15,288,250,197,9,307,120,76,52,52,25,251,200
89137341,0,74469.0,13,265,9.0,11.0,132,0,39,0,0,31,14,0,48,42,35,70,50,100,27,278,1,284,112,269,120,97,60,55,25,247,200
89137341,1,81742.0,12,263,9.0,11.0,123,0,39,0,0,31,12,0,41,42,35,70,50,100,27,278,1,284,112,269,120,97,60,55,25,247,200
89137806,0,49751.0,7,203,11.0,11.0,154,40,26,0,0,4,4,0,80,41,29,69,50,100,58,278,162,280,160,297,120,95,60,44,23,253,200
89137806,1,76873.0,11,292,9.0,13.0,114,27,6,0,0,4,16,0,61,41,29,69,50,100,58,278,162,280,160,297,120,95,60,44,23,253,200
89137807,0,9514.0,3,80,,0.0,77,17,14,0,0,0,1,0,45,42,35,76,50,100,100,281,184,332,160,313,120,103,60,50,25,248,200
89137807,1,46071.0,9,229,,13.0,93,27,36,0,0,4,5,0,21,42,35,76,50,100,100,281,184,332,160,313,120,103,60,50,25,248,200
89137809,0,26652.0,11,298,5.0,0.0,304,73,51,0,0,23,2,0,155,41,29,74,50,100,64,278,1,323,160,286,120,101,60,52,25,247,200
89137809,1,107401.0,12,253,9.0,11.0,118,8,49,0,0,34,14,0,13,41,29,74,50,100,64,278,1,323,160,286,120,101,60,52,25,247,200
89137813,0,40890.0,10,191,0.0,17.0,165,8,15,0,0,19,0,0,123,41,33,71,50,100,58,288,248,282,160,308,120,95,60,45,25,253,200
89137813,1,80951.0,11,292,9.0,13.0,115,27,6,0,0,4,16,0,62,41,33,71,50,100,58,288,248,282,160,308,120,95,60,45,25,253,200
89137818,0,56809.0,11,285,10.0,16.0,4,0,0,0,0,0,1,0,3,42,35,53,43,100,1,283,249,241,57,333,120,94,60,64,25,246,200
89137818,1,55924.0,7,203,11.0,13.0,44,0,44,0,0,0,0,0,0,42,35,53,43,100,1,283,249,241,57,333,120,94,60,64,25,246,200
89137821,0,89555.0,12,257,9.0,11.0,121,8,58,0,0,30,2,0,23,42,35,70,50,100,29,278,1,274,160,272,120,96,60,53,25,249,200
89137821,1,57190.0,11,241,7.0,16.0,155,46,35,0,0,4,5,0,65,42,35,70,50,100,29,278,1,274,160,272,120,96,60,53,25,249,200
89137822,0,59554.0,7,202,10.0,12.0,36,0,36,0,0,0,0,0,0,42,35,75,50,100,2,278,43,256,160,311,120,103,60,61,25,223,1
89137822,1,75321.0,12,288,10.0,10.0,42,6,16,0,0,20,0,0,0,42,35,75,50,100,2,278,43,256,160,311,120,103,60,61,25,223,1
89137823,0,6866.0,3,84,,0.0,174,174,0,0,0,0,0,0,0,40,25,69,50,103,100,288,250,351,160,311,120,102,60,50,25,250,200
89137823,1,15068.0,7,121,13.0,0.0,188,6,29,0,0,0,31,0,122,40,25,69,50,103,100,288,250,351,160,311,120,102,60,50,25,250,200
89137828,0,3368.0,0,0,,0.0,15,0,0,0,0,0,0,0,15,42,35,76,50,100,100,293,250,328,160,311,120,72,47,49,25,252,200
89137828,1,3041.0,4,100,10.0,0.0,74,0,0,0,0,0,74,0,0,42,35,76,50,100,100,293,250,328,160,311,120,72,47,49,25,252,200
89138299,0,30410.0,9,230,0.0,10.0,313,0,44,0,0,0,0,0,269,41,32,65,50,100,50,277,1,328,160,305,120,101,60,49,22,247,200
89138299,1,97660.0,12,253,9.0,15.0,112,8,42,0,0,33,9,0,20,41,32,65,50,100,50,277,1,328,160,305,120,101,60,49,22,247,200
89138301,0,45956.0,9,229,,13.0,93,27,36,0,0,4,5,0,21,41,32,75,50,100,58,281,173,298,160,324,120,82,60,51,25,250,200
89138301,1,82683.0,11,292,9.0,13.0,113,27,6,0,0,4,16,0,60,41,32,75,50,100,58,281,173,298,160,324,120,82,60,51,25,250,200
89138303,0,52296.0,11,209,10.0,10.0,169,0,34,0,0,57,0,0,78,41,35,61,50,100,72,278,1,361,160,305,120,101,60,54,25,248,200
89138303,1,20897.0,7,203,,0.0,86,27,32,0,0,3,5,0,19,41,35,61,50,100,72,278,1,361,160,305,120,101,60,54,25,248,200
89138306,0,8572.0,3,80,,0.0,69,9,14,0,0,0,0,0,46,41,32,66,50,101,100,278,238,347,160,333,120,95,60,50,25,251,200
89138306,1,21396.0,9,217,0.0,0.0,108,40,35,0,0,2,4,0,27,41,32,66,50,101,100,278,238,347,160,333,120,95,60,50,25,251,200
89138308,0,3000.0,0,0,,0.0,0,0,0,0,0,0,0,0,0,42,35,68,50,100,58,291,250,277,160,295,120,103,60,51,25,248,200
89138308,1,81664.0,11,292,9.0,13.0,110,27,6,0,0,4,16,0,57,42,35,68,50,100,58,291,250,277,160,295,120,103,60,51,25,248,200
89138310,0,67697.0,5,127,0.0,11.0,72,10,23,0,0,0,0,0,39,42,31,71,50,100,22,277,154,243,156,312,120,93,60,53,25,246,200
89138310,1,68674.0,11,292,9.0,13.0,115,27,6,0,0,4,16,0,62,42,31,71,50,100,22,277,154,243,156,312,120,93,60,53,25,246,200
89138311,0,9557.0,7,137,13.0,0.0,96,14,25,0,0,0,44,0,13,41,29,67,50,102,100,281,208,368,160,294,120,88,60,47,25,250,200
89138311,1,51115.0,11,298,5.0,13.0,256,117,29,0,0,23,2,0,85,41,29,67,50,102,100,281,208,368,160,294,120,88,60,47,25,250,200
89138314,0,70301.0,9,269,0.0,17.0,159,16,16,0,0,41,1,0,85,42,32,70,50,100,24,278,1,279,160,292,120,86,60,51,23,250,200
89138314,1,69661.0,13,248,9.0,11.0,125,8,38,0,0,25,17,0,37,42,32,70,50,100,24,278,1,279,160,292,120,86,60,51,23,250,200
89138316,0,76631.0,11,285,10.0,16.0,5,0,0,0,0,0,1,0,4,42,35,51,42,100,1,278,237,253,160,314,120,96,60,62,25,244,200
89138316,1,83383.0,12,251,10.0,12.0,41,0,25,0,0,0,0,0,16,42,35,51,42,100,1,278,237,253,160,314,120,96,60,62,25,244,200
89138325,0,72770.0,12,288,10.0,10.0,42,6,16,0,0,20,0,0,0,42,33,71,50,100,18,278,150,201,30,260,120,94,60,53,25,249,200
89138325,1,50958.0,8,206,9.0,15.0,152,0,24,0,0,1,0,0,127,42,33,71,50,100,18,278,150,201,30,260,120,94,60,53,25,249,200
89138326,0,28233.0,10,170,0.0,0.0,33,0,33,0,0,0,0,0,0,42,35,69,50,100,100,286,243,361,160,304,120,105,60,51,25,250,200
89138326,1,6212.0,0,0,,0.0,2,0,2,0,0,0,0,0,0,42,35,69,50,100,100,286,243,361,160,304,120,105,60,51,25,250,200
89138327,0,9840.0,5,150,0.0,0.0,224,10,0,0,0,5,8,0,201,42,35,69,50,100,100,293,250,347,160,299,120,93,60,44,23,246,200
89138327,1,34.0,2,36,0.0,0.0,83,0,0,0,0,0,83,0,0,42,35,69,50,100,100,293,250,347,160,299,120,93,60,44,23,246,200
89138328,0,59210.0,10,217,0.0,16.0,196,39,36,0,0,0,0,0,121,42,31,70,50,100,14,278,1,277,160,318,120,101,60,59,21,230,1
89138328,1,60918.0,11,230,0.0,18.0,184,32,35,0,0,0,0,0,117,42,31,70,50,100,14,278,1,277,160,318,120,101,60,59,21,230,1
89138331,0,19512.0,4,106,13.0,0.0,103,0,57,0,0,0,9,0,37,42,35,71,50,100,100,281,1,336,160,304,120,97,60,48,25,252,200
89138331,1,19512.0,4,106,13.0,0.0,103,0,57,0,0,0,9,0,37,42,35,71,50,100,100,281,1,336,160,304,120,97,60,48,25,252,200
89138791,0,3871.0,8,163,12.0,0.0,155,0,138,0,0,0,0,0,17,41,34,72,50,100,26,278,1,301,160,314,120,92,60,55,22,246,200
89138791,1,103310.0,11,233,0.0,17.0,165,33,37,0,0,0,0,0,95,41,34,72,50,100,26,278,1,301,160,314,120,92,60,55,22,246,200
89138794,0,18860.0,4,106,13.0,0.0,102,0,59,0,0,0,10,0,33,42,35,76,50,100,100,281,13,340,160,303,120,92,60,49,25,248,200
89138794,1,28055.0,7,203,,0.0,86,26,32,0,0,3,5,0,20,42,35,76,50,100,100,281,13,340,160,303,120,92,60,49,25,248,200
89138795,0,89766.0,13,249,9.0,11.0,122,8,39,0,0,35,14,0,26,42,32,65,50,100,67,278,1,323,160,291,120,107,60,47,25,247,200
89138795,1,44787.0,9,200,,10.0,95,0,16,0,0,16,0,0,63,42,32,65,50,100,67,278,1,323,160,291,120,107,60,47,25,247,200
89138796,0,83028.0,11,292,9.0,13.0,115,27,6,0,0,4,16,0,62,41,33,58,50,100,36,277,40,306,160,328,120,88,60,45,21,250,200
89138796,1,51465.0,10,247,0.0,10.0,312,0,40,0,0,0,0,0,272,41,33,58,50,100,36,277,40,306,160,328,120,88,60,45,21,250,200
89138800,0,45088.0,12,241,10.0,9.0,68,18,27,0,0,0,0,0,23,42,31,69,50,100,1,289,250,251,103,299,120,105,60,56,25,243,200
89138800,1,67083.0,11,292,9.0,13.0,115,27,6,0,0,4,16,0,62,42,31,69,50,100,1,289,250,251,103,299,120,105,60,56,25,243,200
89138802,0,2358.0,3,58,,0.0,54,2,11,0,0,0,0,0,41,42,35,72,50,100,100,293,250,344,160,311,120,94,60,51,25,246,200
89138802,1,3000.0,0,0,,0.0,0,0,0,0,0,0,0,0,0,42,35,72,50,100,100,293,250,344,160,311,120,94,60,51,25,246,200
89138808,0,6222.0,0,0,,0.0,2,0,2,0,0,0,0,0,0,41,30,70,50,102,100,288,250,361,160,314,120,91,60,48,25,247,200
89138808,1,22603.0,7,112,1.0,0.0,226,62,33,0,0,0,43,0,88,41,30,70,50,102,100,288,250,361,160,314,120,91,60,48,25,247,200
89138809,0,29655.0,10,205,10.0,0.0,17,13,0,0,0,4,0,0,0,42,34,70,50,100,66,278,186,197,38,286,120,94,60,61,25,248,200
89138809,1,85213.0,13,276,9.0,11.0,118,0,64,0,0,32,0,0,22,42,34,70,50,100,66,278,186,197,38,286,120,94,60,61,25,248,200
89138810,0,65872.0,12,288,10.0,11.0,42,6,16,0,0,20,0,0,0,42,32,70,50,100,1,278,106,258,1,310,120,105,60,63,25,227,1
89138810,1,52096.0,12,238,10.0,11.0,79,15,35,0,0,0,0,0,29,42,32,70,50,100,1,278,106,258,1,310,120,105,60,63,25,227,1
89138811,0,59265.0,11,281,9.0,16.0,8,0,0,0,0,1,2,0,5,42,35,51,42,100,1,290,250,256,1,324,120,109,60,66,25,233,200
89138811,1,62074.0,12,245,9.0,19.0,38,13,12,0,0,0,4,0,9,42,35,51,42,100,1,290,250,256,1,324,120,109,60,66,25,233,200
89139296,0,105088.0,11,226,0.0,19.0,158,23,38,0,0,0,0,0,97,40,24,70,50,100,29,278,37,319,160,314,120,86,60,49,21,248,200
89139296,1,35722.0,10,296,0.0,11.0,202,76,16,0,0,5,17,0,88,40,24,70,50,100,29,278,37,319,160,314,120,86,60,49,21,248,200
89139297,0,42538.0,14,281,10.0,10.0,136,71,12,0,0,0,0,0,53,41,35,75,50,100,1,278,62,279,160,302,120,96,60,53,25,246,200
89139297,1,78793.0,13,254,9.0,11.0,120,0,43,0,0,29,17,0,31,41,35,75,50,100,1,278,62,279,160,302,120,96,60,53,25,246,200
89139298,0,8281.0,5,66,0.0,0.0,174,48,87,0,0,0,0,0,39,42,35,73,50,100,100,280,13,340,160,327,120,84,60,48,25,250,200
89139298,1,32169.0,4,106,13.0,13.0,103,0,57,0,0,0,9,0,37,42,35,73,50,100,100,280,13,340,160,327,120,84,60,48,25,250,200
89139299,0,41927.0,12,238,10.0,10.0,21,11,10,0,0,0,0,0,0,42,32,76,50,100,16,287,249,243,160,319,120,95,60,59,25,242,200
89139299,1,72505.0,11,292,9.0,13.0,113,28,7,0,0,4,16,0,58,42,32,76,50,100,16,287,249,243,160,319,120,95,60,59,25,242,200
89139304,0,25859.0,12,238,10.0,0.0,21,11,10,0,0,0,0,0,0,42,32,74,50,100,15,287,248,213,40,302,120,101,60,59,25,244,200
89139304,1,57298.0,11,292,9.0,13.0,116,28,6,0,0,4,16,0,62,42,32,74,50,100,15,287,248,213,40,302,120,101,60,59,25,244,200
89139310,0,101215.0,13,267,9.0,11.0,142,0,64,0,0,36,7,0,35,42,35,51,42,100,1,278,201,246,160,308,120,92,60,61,25,246,200
89139310,1,68369.0,12,286,10.0,18.0,6,0,0,0,0,0,1,0,5,42,35,51,42,100,1,278,201,246,160,308,120,92,60,61,25,246,200
89139311,0,32826.0,8,240,13.0,12.0,159,68,31,0,0,4,11,0,45,41,25,60,50,102,100,281,197,354,160,310,120,83,57,44,22,253,200
89139311,1,27269.0,7,140,1.0,0.0,251,95,32,0,0,0,65,0,59,41,25,60,50,102,100,281,197,354,160,310,120,83,57,44,22,253,200
89139312,0,104154.0,13,317,11.0,18.0,117,7,26,0,0,39,7,0,38,42,30,67,50,100,23,278,129,272,160,271,120,102,60,59,25,242,200
89139312,1,111610.0,12,288,10.0,11.0,42,6,16,0,0,20,0,0,0,42,30,67,50,100,23,278,129,272,160,271,120,102,60,59,25,242,200
89139313,0,3000.0,0,0,,0.0,0,0,0,0,0,0,0,0,0,42,35,72,50,100,100,293,250,340,160,294,120,103,60,50,25,252,200
89139313,1,2381.0,3,57,,0.0,51,2,11,0,0,0,0,0,38,42,35,72,50,100,100,293,250,340,160,294,120,103,60,50,25,252,200
89139314,0,86601.0,12,304,9.0,18.0,4,0,0,0,0,0,1,0,3,42,35,51,43,100,16,278,212,278,160,294,120,103,60,59,25,245,200
89139314,1,79361.0,10,257,9.0,13.0,235,0,33,0,0,61,0,0,141,42,35,51,43,100,16,278,212,278,160,294,120,103,60,59,25,245,200
89139796,0,87733.0,9,213,0.0,18.0,181,45,35,0,0,0,0,0,101,42,34,57,50,103,18,277,65,277,160,318,120,101,60,50,21,241,200
89139796,1,41024.0,11,250,0.0,11.0,276,0,16,0,0,0,0,0,260,42,34,57,50,103,18,277,65,277,160,318,120,101,60,50,21,241,200
89139798,0,3046.0,10,60,0.0,0.0,33,0,33,0,0,0,0,0,0,42,35,67,50,100,100,281,13,347,160,308,120,105,60,49,25,253,200
89139798,1,36235.0,4,106,13.0,13.0,103,0,57,0,0,0,9,0,37,42,35,67,50,100,100,281,13,347,160,308,120,105,60,49,25,253,200
89139799,0,85791.0,11,292,9.0,13.0,116,28,6,0,0,4,16,0,62,42,33,66,50,100,58,278,133,307,160,288,120,99,60,46,22,246,200
89139799,1,76548.0,10,259,10.0,11.0,246,0,34,0,0,66,0,0,146,42,33,66,50,100,58,278,133,307,160,288,120,99,60,46,22,246,200
89139803,0,90317.0,12,255,9.0,11.0,109,8,43,0,0,33,10,0,15,41,31,71,50,100,61,278,1,278,160,300,120,100,60,58,25,237,200
89139803,1,71224.0,10,213,0.0,17.0,222,37,38,0,0,0,0,0,147,41,31,71,50,100,61,278,1,278,160,300,120,100,60,58,25,237,200
89139805,0,73509.0,11,292,9.0,13.0,114,26,6,0,0,4,16,0,62,41,32,61,46,100,1,278,195,265,160,317,120,90,60,57,25,249,200
89139805,1,109085.0,13,334,8.0,11.0,51,2,26,0,0,12,0,0,11,41,32,61,46,100,1,278,195,265,160,317,120,90,60,57,25,249,200
89139807,0,90351.0,10,221,0.0,17.0,190,41,35,0,0,0,0,0,114,42,35,71,50,100,12,277,1,246,160,286,120,94,60,55,22,247,200
89139807,1,55415.0,5,125,0.0,11.0,69,12,27,0,0,1,0,0,29,42,35,71,50,100,12,277,1,246,160,286,120,94,60,55,22,247,200
89139811,0,93296.0,10,277,12.0,13.0,36,0,16,0,0,20,0,0,0,42,32,70,50,100,36,278,1,296,160,301,120,95,60,57,25,246,200
89139811,1,78872.0,13,271,9.0,11.0,136,8,43,0,0,38,30,0,17,42,32,70,50,100,36,278,1,296,160,301,120,95,60,57,25,246,200
89139814,0,78786.0,12,288,10.0,11.0,42,6,16,0,0,20,0,0,0,42,30,64,50,100,17,278,127,244,91,308,120,101,60,64,25,223,24
89139814,1,79824.0,13,234,9.0,18.0,121,36,38,0,0,0,0,0,47,42,30,64,50,100,17,278,127,244,91,308,120,101,60,64,25,223,24
89139816,0,55453.0,11,287,9.0,15.0,5,0,0,0,0,0,2,0,3,42,34,51,42,100,1,285,223,223,72,297,120,92,60,65,25,244,200
89139816,1,31638.0,15,365,9.0,10.0,68,18,22,0,0,18,0,0,10,42,34,51,42,100,1,285,223,223,72,297,120,92,60,65,25,244,200
89139817,0,88825.0,13,237,9.0,17.0,136,44,33,0,0,0,0,0,59,42,30,58,50,100,1,277,28,286,30,297,120,103,60,65,25,237,107
89139817,1,105875.0,12,238,10.0,11.0,79,15,36,0,0,0,0,0,28,42,30,58,50,100,1,277,28,286,30,297,120,103,60,65,25,237,107
89139821,0,983.0,5,101,,0.0,138,130,0,0,0,0,8,0,0,42,35,77,50,100,100,293,250,344,160,321,120,93,60,50,25,246,200
89139821,1,4448.0,5,102,,0.0,121,0,0,0,0,0,17,0,104,42,35,77,50,100,100,293,250,344,160,321,120,93,60,50,25,246,200
89140302,0,81041.0,5,128,0.0,11.0,71,10,24,0,0,0,0,0,37,42,31,67,50,100,19,277,1,296,160,314,120,107,60,55,22,235,199
89140302,1,68125.0,10,217,0.0,18.0,199,31,33,0,0,0,0,0,135,42,31,67,50,100,19,277,1,296,160,314,120,107,60,55,22,235,199
89140306,0,98183.0,12,328,11.0,16.0,30,0,3,0,0,27,0,0,0,42,35,74,50,100,1,278,101,274,160,294,120,105,60,58,25,237,24
89140306,1,94277.0,13,274,9.0,11.0,147,0,58,0,0,34,22,0,33,42,35,74,50,100,1,278,101,274,160,294,120,105,60,58,25,237,24
89140307,0,93346.0,12,265,9.0,11.0,136,6,52,0,0,40,23,0,15,42,31,75,50,100,35,278,86,235,160,312,120,89,60,53,25,248,200
89140307,1,67164.0,11,292,9.0,13.0,116,26,6,0,0,4,17,0,63,42,31,75,50,100,35,278,86,235,160,312,120,89,60,53,25,248,200
89140309,0,10534.0,4,106,13.0,0.0,103,0,57,0,0,0,9,0,37,42,35,73,50,100,100,278,7,347,160,306,120,89,60,47,25,246,200
89140309,1,31953.0,7,203,11.0,11.0,104,16,33,0,0,3,5,0,47,42,35,73,50,100,100,278,7,347,160,306,120,89,60,47,25,246,200
89140313,0,77538.0,11,292,9.0,13.0,115,27,6,0,0,4,16,0,62,41,31,69,50,100,58,278,106,265,160,337,120,90,60,55,25,242,200
89140313,1,83935.0,14,322,9.0,11.0,248,154,40,0,0,0,0,0,54,41,31,69,50,100,58,278,106,265,160,337,120,90,60,55,25,242,200
89140316,0,104462.0,12,245,9.0,19.0,36,13,12,0,0,0,2,0,9,42,35,66,50,100,4,278,81,260,160,308,120,111,60,62,25,244,200
89140316,1,96951.0,12,253,9.0,11.0,114,0,51,0,0,35,7,0,21,42,35,66,50,100,4,278,81,260,160,308,120,111,60,62,25,244,200
89140321,0,65082.0,12,244,9.0,11.0,116,8,40,0,0,37,8,0,23,42,32,70,50,100,4,277,1,219,1,297,120,86,60,60,25,252,200
89140321,1,23175.0,10,230,10.0,0.0,31,0,14,0,0,5,4,0,8,42,32,70,50,100,4,277,1,219,1,297,120,86,60,60,25,252,200
89140795,0,100060.0,11,231,0.0,18.0,155,29,34,0,0,0,0,0,92,41,28,70,50,100,5,278,158,264,131,321,120,90,60,59,23,244,200
89140795,1,61611.0,6,143,0.0,18.0,191,79,45,0,0,0,0,0,67,41,28,70,50,100,5,278,158,264,131,321,120,90,60,59,23,244,200
89140797,0,59578.0,8,193,0.0,19.0,129,0,29,0,0,3,0,0,97,42,35,66,50,100,38,278,1,240,160,310,120,107,60,54,25,248,200
89140797,1,93810.0,12,254,9.0,11.0,131,8,42,0,0,36,8,0,37,42,35,66,50,100,38,278,1,240,160,310,120,107,60,54,25,248,200
89140799,0,25501.0,7,203,11.0,0.0,84,29,23,0,0,4,4,0,24,41,33,75,50,101,100,278,13,344,160,328,120,87,60,48,25,250,200
89140799,1,20734.0,4,106,13.0,0.0,104,0,57,0,0,0,9,0,38,41,33,75,50,101,100,278,13,344,160,328,120,87,60,48,25,250,200
89140800,0,499.0,2,27,0.0,0.0,84,0,0,0,0,0,84,0,0,42,35,66,50,100,100,293,250,358,160,304,120,86,60,47,25,253,200
89140800,1,3695.0,1,30,,0.0,68,0,0,0,0,0,0,0,68,42,35,66,50,100,100,293,250,358,160,304,120,86,60,47,25,253,200
89140804,0,77593.0,11,292,9.0,13.0,111,26,7,0,0,4,16,0,58,42,31,60,46,100,42,278,146,282,160,289,120,90,60,53,25,246,200
89140804,1,56662.0,15,331,11.0,10.0,110,22,29,0,0,14,19,0,26,42,31,60,46,100,42,278,146,282,160,289,120,90,60,53,25,246,200
89140810,0,23141.0,6,176,,0.0,99,20,29,0,0,5,9,0,36,42,35,73,50,100,100,290,250,332,160,305,120,107,60,51,25,250,200
89140810,1,3391.0,0,0,,0.0,15,0,0,0,0,0,0,0,15,42,35,73,50,100,100,290,250,332,160,305,120,107,60,51,25,250,200
89141287,0,91698.0,9,212,0.0,17.0,182,40,34,0,0,0,0,0,108,42,35,60,50,100,30,277,1,274,160,304,120,101,60,49,21,244,200
89141287,1,30595.0,10,224,0.0,10.0,325,0,44,0,0,0,0,0,281,42,35,60,50,100,30,277,1,274,160,304,120,101,60,49,21,244,200
89141290,0,79271.0,12,326,13.0,16.0,80,4,4,0,0,6,0,0,66,42,35,71,50,100,1,278,148,243,126,271,120,100,60,55,25,240,196
89141290,1,90329.0,12,273,9.0,11.0,124,0,63,0,0,30,2,0,29,42,35,71,50,100,1,278,148,243,126,271,120,100,60,55,25,240,196
89141294,0,40088.0,4,106,13.0,13.0,103,0,57,0,0,0,9,0,37,42,35,68,50,100,100,278,10,365,160,329,120,104,60,46,25,247,200
89141294,1,20640.0,3,57,0.0,0.0,324,154,14,0,0,4,8,0,144,42,35,68,50,100,100,278,10,365,160,329,120,104,60,46,25,247,200
89141297,0,71005.0,11,292,9.0,13.0,112,26,7,0,0,4,16,0,59,42,32,64,50,100,18,277,154,251,133,319,120,103,60,54,25,250,200
89141297,1,76262.0,5,126,0.0,11.0,66,11,27,0,0,0,0,0,28,42,32,64,50,100,18,277,154,251,133,319,120,103,60,54,25,250,200
89141300,0,43299.0,13,234,9.0,15.0,143,53,34,0,0,0,0,0,56,42,33,63,50,100,16,277,91,223,1,307,120,103,60,63,25,223,11
89141300,1,64164.0,12,288,10.0,11.0,42,6,16,0,0,20,0,0,0,42,33,63,50,100,16,277,91,223,1,307,120,103,60,63,25,223,11
89141306,0,77446.0,11,289,10.0,16.0,4,0,0,0,0,0,1,0,3,42,35,51,42,100,1,278,236,249,160,330,120,92,60,60,25,243,200
89141306,1,95529.0,8,210,9.0,13.0,131,0,27,0,0,0,0,0,104,42,35,51,42,100,1,278,236,249,160,330,120,92,60,60,25,243,200
89141780,0,93328.0,12,256,9.0,11.0,128,0,52,0,0,36,2,0,38,42,35,68,50,100,8,278,13,256,160,308,120,100,60,57,25,239,125
89141780,1,92420.0,10,293,,14.0,28,3,18,0,0,0,0,0,7,42,35,68,50,100,8,278,13,256,160,308,120,100,60,57,25,239,125
89141783,0,46028.0,9,200,,10.0,95,0,16,0,0,16,0,0,63,42,35,73,50,100,100,278,4,336,160,283,120,107,60,42,23,252,200
89141783,1,25810.0,9,170,0.0,0.0,156,0,54,0,0,10,0,0,92,42,35,73,50,100,100,278,4,336,160,283,120,107,60,42,23,252,200
89141785,0,44909.0,14,315,7.0,10.0,274,186,40,0,0,0,0,0,48,38,26,68,50,100,31,277,1,310,160,304,120,103,60,58,23,226,37
89141785,1,87161.0,11,227,0.0,18.0,166,20,37,0,0,0,0,0,109,38,26,68,50,100,31,277,1,310,160,304,120,103,60,58,23,226,37
89141786,0,30900.0,7,181,11.0,8.0,86,34,5,0,0,4,6,0,37,42,35,70,50,100,83,281,13,340,160,299,120,94,60,46,25,246,200
89141786,1,43919.0,4,106,13.0,13.0,103,0,57,0,0,0,9,0,37,42,35,70,50,100,83,281,13,340,160,299,120,94,60,46,25,246,200
89141788,0,26439.0,12,245,9.0,0.0,38,13,12,0,0,0,4,0,9,42,30,64,50,100,7,277,129,224,1,314,120,98,60,66,25,223,11
89141788,1,53410.0,13,233,9.0,10.0,176,84,34,0,0,0,0,0,58,42,30,64,50,100,7,277,129,224,1,314,120,98,60,66,25,223,11
89141789,0,50700.0,11,292,9.0,13.0,115,27,6,0,0,4,16,0,62,42,33,77,50,100,3,281,150,208,61,312,120,86,60,56,25,237,129
89141789,1,86795.0,7,200,10.0,12.0,36,0,36,0,0,0,0,0,0,42,33,77,50,100,3,281,150,208,61,312,120,86,60,56,25,237,129
89141796,0,2359.0,3,58,,0.0,54,2,11,0,0,0,0,0,41,42,35,71,50,100,100,292,250,340,160,314,120,111,60,51,25,246,200
89141796,1,6094.0,0,0,,0.0,3,0,3,0,0,0,0,0,0,42,35,71,50,100,100,292,250,340,160,314,120,111,60,51,25,246,200
89142288,0,77380.0,12,318,8.0,12.0,130,9,7,0,0,8,0,0,106,42,29,61,46,100,32,278,31,254,160,303,120,88,60,57,25,249,200
89142288,1,84322.0,13,258,9.0,11.0,115,8,51,0,0,20,11,0,25,42,29,61,46,100,32,278,31,254,160,303,120,88,60,57,25,249,200
89142290,0,172964.0,14,331,0.0,11.0,118,13,43,0,0,62,0,0,0,41,28,70,50,100,1,278,94,302,7,253,120,105,60,65,25,224,1
89142290,1,84576.0,12,245,9.0,18.0,35,13,12,0,0,0,1,0,9,41,28,70,50,100,1,278,94,302,7,253,120,105,60,65,25,224,1
89142295,0,74603.0,5,128,0.0,11.0,73,10,24,0,0,0,0,0,39,42,31,71,50,100,35,277,13,252,160,304,120,92,60,50,22,250,200
89142295,1,45995.0,9,197,0.0,16.0,217,35,33,0,0,0,0,0,149,42,31,71,50,100,35,277,13,252,160,304,120,92,60,50,22,250,200
89142298,0,98863.0,12,245,9.0,19.0,35,13,12,0,0,0,1,0,9,42,35,68,50,100,9,278,62,249,124,299,120,103,60,60,25,235,199
89142298,1,84652.0,13,256,9.0,11.0,142,0,47,0,0,41,14,0,40,42,35,68,50,100,9,278,62,249,124,299,120,103,60,60,25,235,199
89142302,0,15168.0,4,106,13.0,0.0,99,0,60,0,0,0,9,0,30,42,35,68,50,100,95,277,1,361,160,327,120,105,60,49,25,246,200
89142302,1,26701.0,9,223,12.0,0.0,92,11,48,0,0,0,0,0,33,42,35,68,50,100,95,277,1,361,160,327,120,105,60,49,25,246,200
89142307,0,13975.0,7,105,1.0,0.0,246,72,27,0,0,0,41,0,106,42,30,75,50,103,100,290,250,324,160,321,120,89,60,49,25,247,200
89142307,1,6228.0,0,0,,0.0,2,0,2,0,0,0,0,0,0,42,30,75,50,103,100,290,250,324,160,321,120,89,60,49,25,247,200
89142790,0,66090.0,11,216,0.0,12.0,182,37,39,0,0,0,0,0,106,41,35,66,50,100,33,277,1,300,160,314,120,103,60,57,22,223,1
89142790,1,37917.0,14,307,7.0,10.0,272,181,41,0,0,0,0,0,50,41,35,66,50,100,33,277,1,300,160,314,120,103,60,57,22,223,1
89142792,0,4800.0,5,102,,0.0,117,0,0,0,0,0,14,0,103,42,35,65,50,100,100,293,250,368,160,311,120,96,60,48,25,250,200
89142792,1,53.0,2,17,3.0,0.0,49,29,0,0,0,0,17,0,3,42,35,65,50,100,100,293,250,368,160,311,120,96,60,48,25,250,200
89142794,0,100088.0,13,269,9.0,11.0,145,0,50,0,0,36,15,0,44,42,35,66,50,100,10,278,1,297,160,297,120,108,60,56,25,244,200
89142794,1,97015.0,10,293,,14.0,31,7,18,0,0,0,0,0,6,42,35,66,50,100,10,278,1,297,160,297,120,108,60,56,25,244,200
89142803,0,30419.0,11,252,0.0,13.0,109,20,31,0,0,35,4,0,19,42,28,70,50,100,100,281,13,336,160,276,120,107,60,45,25,250,200
89142803,1,30340.0,7,193,5.0,13.0,157,20,50,0,0,0,0,0,87,42,28,70,50,100,100,281,13,336,160,276,120,107,60,45,25,250,200
89142804,0,42434.0,7,203,11.0,11.0,129,34,29,0,0,5,5,0,56,41,25,58,50,100,55,278,158,351,160,300,120,99,60,46,25,247,200
89142804,1,44699.0,10,296,0.0,11.0,150,74,6,0,0,4,17,0,49,41,25,58,50,100,55,278,158,351,160,300,120,99,60,46,25,247,200
89143290,0,75242.0,10,223,0.0,14.0,200,38,37,0,0,0,0,0,125,42,31,69,50,100,1,278,192,281,160,327,120,92,60,59,22,223,1
89143290,1,55084.0,12,241,10.0,19.0,62,28,12,0,0,4,0,0,18,42,31,69,50,100,1,278,192,281,160,327,120,92,60,59,22,223,1
89143297,0,63363.0,13,287,16.0,16.0,35,0,0,0,0,0,0,0,35,42,35,69,50,100,53,278,101,204,95,321,120,106,60,60,25,233,112
89143297,1,94944.0,12,261,9.0,11.0,155,0,59,0,0,43,7,0,46,42,35,69,50,100,53,278,101,204,95,321,120,106,60,60,25,233,112
89143301,0,128448.0,12,248,10.0,18.0,82,35,20,0,0,0,0,0,27,41,29,69,50,100,22,277,146,252,160,263,120,101,60,61,25,244,200
89143301,1,96276.0,12,288,10.0,11.0,42,6,16,0,0,20,0,0,0,41,29,69,50,100,22,277,146,252,160,263,120,101,60,61,25,244,200
89143776,0,209.0,2,17,,0.0,25,0,0,0,0,0,5,0,20,42,35,74,50,101,100,293,250,320,160,301,120,96,60,50,25,252,200
89143776,1,6259.0,0,0,,0.0,2,0,2,0,0,0,0,0,0,42,35,74,50,101,100,293,250,320,160,301,120,96,60,50,25,252,200
89143781,0,34882.0,12,238,10.0,9.0,21,11,10,0,0,0,0,0,0,41,32,75,50,100,15,288,249,225,95,306,120,90,60,58,25,250,200
89143781,1,62538.0,11,292,9.0,13.0,116,29,6,0,0,4,16,0,61,41,32,75,50,100,15,288,249,225,95,306,120,90,60,58,25,250,200
89143786,0,62035.0,10,222,0.0,11.0,207,45,43,0,0,0,0,0,119,42,35,63,50,100,23,278,240,212,1,301,120,114,60,62,22,240,1
89143786,1,37692.0,13,290,15.0,10.0,34,0,0,0,0,0,0,0,34,42,35,63,50,100,23,278,240,212,1,301,120,114,60,62,22,240,1
89143790,0,94594.0,10,260,10.0,10.0,42,6,16,0,0,20,0,0,0,42,32,73,50,100,43,278,1,231,160,302,120,91,60,56,25,247,200
89143790,1,79170.0,12,256,9.0,16.0,122,0,36,0,0,36,16,0,34,42,32,73,50,100,43,278,1,231,160,302,120,91,60,56,25,247,200
89144293,0,3000.0,0,0,,0.0,0,0,0,0,0,0,0,0,0,42,35,70,50,100,100,293,250,344,160,314,120,114,60,52,25,246,200
89144293,1,3647.0,1,26,,0.0,7,7,0,0,0,0,0,0,0,42,35,70,50,100,100,293,250,344,160,314,120,114,60,52,25,246,200
89144294,0,1075.0,13,149,0.0,0.0,115,21,34,0,0,60,0,0,0,42,26,76,50,100,60,278,70,315,160,305,120,88,60,51,22,246,200
89144294,1,80561.0,9,209,0.0,19.0,213,31,35,0,0,0,0,0,147,42,26,76,50,100,60,278,70,315,160,305,120,88,60,51,22,246,200
89144296,0,80348.0,15,359,9.0,11.0,66,18,22,0,0,18,0,0,8,42,31,70,50,100,15,278,1,259,160,282,120,96,60,62,25,237,183
89144296,1,78346.0,13,264,9.0,11.0,150,0,47,0,0,33,30,0,40,42,31,70,50,100,15,278,1,259,160,282,120,96,60,62,25,237,183
89144300,0,28616.0,4,82,13.0,0.0,90,0,55,0,0,0,9,0,26,42,35,67,50,101,100,281,13,336,160,311,120,90,60,42,21,252,200
89144300,1,29475.0,6,171,0.0,0.0,229,7,29,0,0,5,3,0,185,42,35,67,50,101,100,281,13,336,160,311,120,90,60,42,21,252,200
89144303,0,95703.0,14,235,9.0,16.0,93,22,35,0,0,0,0,0,36,42,33,62,50,100,26,277,22,276,160,283,120,87,60,62,25,239,37
89144303,1,126022.0,13,328,11.0,11.0,103,0,33,0,0,38,1,0,31,42,33,62,50,100,26,277,22,276,160,283,120,87,60,62,25,239,37
89144788,0,3618.0,4,120,,0.0,44,0,0,0,0,0,0,0,44,42,35,67,50,100,100,293,250,347,160,314,120,89,53,51,25,252,200
89144788,1,4878.0,4,100,10.0,0.0,78,0,0,0,0,0,78,0,0,42,35,67,50,100,100,293,250,347,160,314,120,89,53,51,25,252,200
89144791,0,90054.0,12,235,10.0,17.0,76,15,36,0,0,0,0,0,25,42,30,69,50,100,1,278,13,270,1,205,120,101,60,62,25,241,198
89144791,1,115726.0,14,332,0.0,11.0,119,13,42,0,0,64,0,0,0,42,30,69,50,100,1,278,13,270,1,205,120,101,60,62,25,241,198
89144793,0,41130.0,9,185,0.0,19.0,247,40,39,0,0,0,0,0,168,42,31,68,50,100,87,277,13,340,160,284,120,94,60,45,21,243,200
89144793,1,84552.0,10,262,0.0,10.0,163,30,19,0,0,60,0,0,54,42,31,68,50,100,87,277,13,340,160,284,120,94,60,45,21,243,200
89144799,0,23126.0,6,176,,0.0,85,16,30,0,0,6,7,0,26,42,35,57,45,100,65,290,250,328,160,311,120,91,60,54,25,248,200
89144799,1,24784.0,6,180,,0.0,0,0,0,0,0,0,0,0,0,42,35,57,45,100,65,290,250,328,160,311,120,91,60,54,25,248,200
89144800,0,14387.0,7,87,1.0,0.0,221,47,31,0,0,0,37,0,106,42,35,71,50,101,100,288,250,336,160,304,120,102,60,48,22,246,200
89144800,1,8471.0,1,22,,0.0,128,76,0,0,0,0,0,0,52,42,35,71,50,101,100,288,250,336,160,304,120,102,60,48,22,246,200
89145279,0,132953.0,12,325,11.0,11.0,147,49,23,0,0,31,5,0,39,41,34,75,50,100,63,278,13,312,160,300,120,88,60,54,25,241,200
89145279,1,21966.0,7,203,,0.0,86,27,32,0,0,3,5,0,19,41,34,75,50,100,63,278,13,312,160,300,120,88,60,54,25,241,200
89145283,0,48243.0,9,200,,10.0,95,0,16,0,0,16,0,0,63,42,35,64,50,100,58,278,104,329,160,294,120,103,60,46,24,245,200
89145283,1,101137.0,10,265,7.0,13.0,78,17,18,0,0,21,0,0,22,42,35,64,50,100,58,278,104,329,160,294,120,103,60,46,24,245,200
89145286,0,38444.0,10,254,14.0,13.0,165,56,18,0,0,6,10,0,75,41,31,70,50,100,91,278,120,315,160,315,120,94,60,45,24,253,200
89145286,1,17798.0,14,302,10.0,0.0,41,9,16,0,0,0,0,0,16,41,31,70,50,100,91,278,120,315,160,315,120,94,60,45,24,253,200
89145300,0,56870.0,11,292,9.0,11.0,115,27,6,0,0,4,16,0,62,42,31,70,50,100,1,289,250,251,15,302,120,108,60,57,25,247,200
89145300,1,45823.0,12,241,10.0,9.0,66,20,18,0,0,0,0,0,28,42,31,70,50,100,1,289,250,251,15,302,120,108,60,57,25,247,200
89145775,0,22614.0,5,66,0.0,0.0,136,25,98,0,0,0,0,0,13,42,35,66,50,100,100,280,240,358,160,321,120,114,60,51,25,246,200
89145775,1,3515.0,4,120,,0.0,2096,0,0,0,0,0,0,0,2096,42,35,66,50,100,100,280,240,358,160,321,120,114,60,51,25,246,200
89145797,0,40338.0,9,200,,10.0,95,0,16,0,0,16,0,0,63,42,35,70,50,100,89,277,1,315,160,294,120,98,60,48,23,251,200
89145797,1,40384.0,9,228,0.0,10.0,155,0,42,0,0,45,0,0,68,42,35,70,50,100,89,277,1,315,160,294,120,98,60,48,23,251,200
89145798,0,63491.0,12,309,10.0,13.0,138,16,11,0,0,8,0,0,103,42,35,63,50,100,5,279,241,239,99,307,120,92,60,60,25,223,5
89145798,1,81309.0,12,245,9.0,18.0,35,13,12,0,0,0,1,0,9,42,35,63,50,100,5,279,241,239,99,307,120,92,60,60,25,223,5
89145799,0,70718.0,11,278,10.0,18.0,4,0,0,0,0,0,1,0,3,41,35,52,43,100,1,278,146,249,160,310,120,98,60,63,25,245,200
89145799,1,101962.0,12,261,9.0,11.0,127,0,58,0,0,33,2,0,34,41,35,52,43,100,1,278,146,249,160,310,120,98,60,63,25,245,200
89146283,0,78629.0,10,268,7.0,13.0,73,14,21,0,0,18,0,0,20,42,32,69,50,100,12,278,22,287,160,301,120,98,60,57,25,223,66
89146283,1,77775.0,10,226,0.0,12.0,185,33,34,0,0,0,0,0,118,42,32,69,50,100,12,278,22,287,160,301,120,98,60,57,25,223,66
89146287,0,24393.0,4,106,13.0,0.0,104,0,59,0,0,0,8,0,37,42,35,75,50,100,91,278,13,296,160,314,120,101,60,51,25,250,200
89146287,1,18103.0,14,302,10.0,0.0,41,9,16,0,0,0,0,0,16,42,35,75,50,100,91,278,13,296,160,314,120,101,60,51,25,250,200
89146294,0,88396.0,13,229,9.0,16.0,127,39,36,0,0,0,0,0,52,42,27,59,50,100,19,277,31,266,9,269,120,98,60,64,25,238,144
89146294,1,158368.0,14,328,0.0,19.0,119,13,44,0,0,62,0,0,0,42,27,59,50,100,19,277,31,266,9,269,120,98,60,64,25,238,144
89146300,0,44783.0,10,212,0.0,12.0,215,50,37,0,0,0,0,0,128,42,35,68,50,100,1,278,70,269,1,314,120,114,60,61,23,223,1
89146300,1,77652.0,12,263,10.0,12.0,32,5,23,0,0,0,0,0,4,42,35,68,50,100,1,278,70,269,1,314,120,114,60,61,23,223,1
89146775,0,34233.0,7,210,,13.0,84,27,30,0,0,4,4,0,19,41,34,74,50,100,100,281,1,324,160,289,120,90,60,47,24,253,200
89146775,1,27257.0,11,235,0.0,0.0,109,21,28,0,0,38,6,0,16,41,34,74,50,100,100,281,1,324,160,289,120,90,60,47,24,253,200
89146791,0,83499.0,11,292,9.0,13.0,112,26,7,0,0,4,16,0,59,41,33,67,50,100,25,281,164,285,160,323,120,97,60,47,21,247,200
89146791,1,92554.0,10,292,0.0,16.0,229,47,50,0,0,6,0,0,126,41,33,67,50,100,25,281,164,285,160,323,120,97,60,47,21,247,200
89146796,0,92934.0,12,238,10.0,15.0,82,15,33,0,0,0,0,0,34,41,27,68,50,100,1,278,13,294,47,251,120,109,60,62,25,241,200
89146796,1,165388.0,14,335,0.0,11.0,117,13,40,0,0,64,0,0,0,41,27,68,50,100,1,278,13,294,47,251,120,109,60,62,25,241,200
89147282,0,63572.0,12,238,10.0,18.0,19,11,8,0,0,0,0,0,0,42,35,73,50,100,34,277,206,266,74,296,120,96,60,60,25,239,154
89147282,1,92869.0,10,273,6.0,11.0,73,4,16,0,0,38,0,0,15,42,35,73,50,100,34,277,206,266,74,296,120,96,60,60,25,239,154
89147303,0,102526.0,12,324,11.0,11.0,181,53,22,0,0,16,5,0,85,42,35,66,50,100,16,278,106,239,160,280,120,105,60,58,25,244,200
89147303,1,95513.0,12,288,10.0,11.0,42,6,16,0,0,20,0,0,0,42,35,66,50,100,16,278,106,239,160,280,120,105,60,58,25,244,200
89147797,0,74201.0,5,127,0.0,15.0,68,11,24,0,0,0,0,0,33,42,33,53,45,100,24,277,1,277,160,308,120,98,60,44,21,253,200
89147797,1,45987.0,12,305,0.0,10.0,219,3,30,0,0,4,0,0,182,42,33,53,45,100,24,277,1,277,160,308,120,98,60,44,21,253,200
89147800,0,3693.0,5,102,,0.0,116,0,0,0,0,0,14,0,102,42,35,70,50,100,100,293,250,336,160,304,120,86,60,45,22,251,200
89147800,1,3135.0,4,120,,0.0,2066,0,0,0,0,0,0,0,2066,42,35,70,50,100,100,293,250,336,160,304,120,86,60,45,22,251,200
89147807,0,6669.0,0,0,,0.0,32,0,0,0,0,0,21,0,11,42,35,71,50,100,100,287,247,344,160,304,120,95,60,51,25,250,200
89147807,1,29047.0,10,170,0.0,0.0,32,0,32,0,0,0,0,0,0,42,35,71,50,100,100,287,247,344,160,304,120,95,60,51,25,250,200
89147809,0,68320.0,10,291,0.0,14.0,220,49,41,0,0,8,0,0,122,41,34,67,50,100,10,278,1,265,160,310,120,101,60,52,21,243,200
89147809,1,104360.0,10,224,0.0,18.0,180,42,37,0,0,0,0,0,101,41,34,67,50,100,10,278,1,265,160,310,120,101,60,52,21,243,200
89148279,0,34996.0,10,254,14.0,13.0,158,55,19,0,0,7,17,0,60,42,35,65,50,102,100,277,10,340,160,305,120,96,60,40,22,250,200
89148279,1,25663.0,10,245,12.0,0.0,197,67,70,0,0,1,2,0,57,42,35,65,50,102,100,277,10,340,160,305,120,96,60,40,22,250,200
89148283,0,68136.0,9,178,0.0,11.0,118,0,56,0,0,13,0,0,49,42,35,74,50,100,59,278,13,278,160,298,120,101,60,53,25,250,200
89148283,1,17010.0,7,203,,0.0,86,27,32,0,0,3,5,0,19,42,35,74,50,100,59,278,13,278,160,298,120,101,60,53,25,250,200
89148289,0,47019.0,9,200,,10.0,95,0,16,0,0,16,0,0,63,42,35,73,50,100,100,278,1,311,160,293,120,103,60,44,22,250,200
89148289,1,25836.0,7,210,,0.0,84,27,30,0,0,4,4,0,19,42,35,73,50,100,100,278,1,311,160,293,120,103,60,44,22,250,200
89148291,0,99641.0,10,216,0.0,20.0,189,41,34,0,0,0,0,0,114,41,33,68,50,100,21,278,89,274,160,282,120,98,60,55,23,249,200
89148291,1,66411.0,13,272,9.0,10.0,118,6,10,0,0,32,0,0,70,41,33,68,50,100,21,278,89,274,160,282,120,98,60,55,23,249,200
89148294,0,98516.0,10,275,6.0,10.0,82,6,16,0,0,39,0,0,21,42,32,68,50,100,48,278,1,283,160,271,120,100,60,54,25,243,200
89148294,1,89793.0,12,244,9.0,11.0,111,8,44,0,0,38,8,0,13,42,32,68,50,100,48,278,1,283,160,271,120,100,60,54,25,243,200
89148302,0,71603.0,10,272,9.0,13.0,101,32,26,0,0,20,0,0,23,41,32,76,50,100,42,278,7,275,160,281,120,96,60,55,25,249,200
89148302,1,75880.0,13,269,9.0,11.0,135,7,51,0,0,36,24,0,17,41,32,76,50,100,42,278,7,275,160,281,120,96,60,55,25,249,200
89148820,0,28960.0,10,170,0.0,0.0,33,0,33,0,0,0,0,0,0,42,35,51,42,100,65,287,247,344,160,327,120,98,60,52,25,251,200
89148820,1,22446.0,6,180,,0.0,0,0,0,0,0,0,0,0,0,42,35,51,42,100,65,287,247,344,160,327,120,98,60,52,25,251,200
89149316,0,65543.0,12,245,9.0,18.0,34,13,12,0,0,0,0,0,9,42,31,69,50,100,1,278,176,236,1,299,120,98,60,61,25,245,200
89149316,1,80589.0,12,288,10.0,11.0,42,6,16,0,0,20,0,0,0,42,31,69,50,100,1,278,176,236,1,299,120,98,60,61,25,245,200
89149323,0,36800.0,9,200,,10.0,95,0,16,0,0,16,0,0,63,41,35,59,50,100,74,277,1,368,160,307,120,97,60,36,21,250,200
89149323,1,42800.0,12,304,0.0,10.0,231,5,32,0,0,3,3,0,188,41,35,59,50,100,74,277,1,368,160,307,120,97,60,36,21,250,200
89149816,0,91651.0,10,216,0.0,18.0,189,42,36,0,0,0,0,0,111,42,35,66,50,100,20,278,142,247,150,307,120,90,60,56,23,244,200
89149816,1,89868.0,11,254,8.0,12.0,80,5,11,0,0,35,0,0,29,42,35,66,50,100,20,278,142,247,150,307,120,90,60,56,23,244,200
89149818,0,103484.0,12,323,11.0,14.0,148,54,23,0,0,30,6,0,35,41,31,68,50,100,1,278,48,295,133,307,120,101,60,63,25,230,181
89149818,1,118354.0,12,238,10.0,11.0,76,15,36,0,0,0,0,0,25,41,31,68,50,100,1,278,48,295,133,307,120,101,60,63,25,230,181
89150328,0,34518.0,12,237,10.0,9.0,21,11,10,0,0,0,0,0,0,42,32,69,50,100,19,287,248,243,1,312,120,88,60,58,25,251,200
89150328,1,56431.0,11,292,9.0,12.0,116,28,6,0,0,4,16,0,62,42,32,69,50,100,19,287,248,243,1,312,120,88,60,58,25,251,200
89150832,0,20199.0,10,241,13.0,0.0,168,36,78,0,0,1,1,0,52,42,35,71,50,102,98,278,120,332,160,333,120,100,60,50,25,250,200
89150832,1,7063.0,5,66,0.0,0.0,274,46,80,0,0,0,0,0,148,42,35,71,50,102,98,278,120,332,160,333,120,100,60,50,25,250,200
89150835,0,43880.0,15,334,9.0,15.0,119,14,4,0,0,3,23,0,75,42,35,75,50,100,58,281,192,264,158,296,120,82,57,49,25,247,200
89150835,1,58111.0,11,255,0.0,13.0,104,21,29,0,0,31,7,0,16,42,35,75,50,100,58,281,192,264,158,296,120,82,57,49,25,247,200
89150840,0,45703.0,9,200,,10.0,95,0,16,0,0,16,0,0,63,42,35,75,50,100,83,278,179,325,160,307,120,90,60,36,21,247,200
89150840,1,46595.0,9,255,0.0,13.0,303,14,22,0,0,7,0,0,260,42,35,75,50,100,83,278,179,325,160,307,120,90,60,36,21,247,200
89151324,0,87630.0,12,288,10.0,14.0,42,6,16,0,0,20,0,0,0,42,31,70,50,100,11,278,78,260,160,275,120,114,60,61,25,236,181
89151324,1,96238.0,12,288,10.0,11.0,42,6,16,0,0,20,0,0,0,42,31,70,50,100,11,278,78,260,160,275,120,114,60,61,25,236,181
89151816,0,44886.0,7,203,,13.0,86,27,32,0,0,3,5,0,19,42,35,67,50,102,100,281,165,320,160,292,120,93,60,47,25,252,200
89151816,1,8568.0,7,122,20.0,0.0,170,40,23,0,0,0,20,0,87,42,35,67,50,102,100,281,165,320,160,292,120,93,60,47,25,252,200
89151822,0,75514.0,11,292,9.0,13.0,111,27,7,0,0,4,16,0,57,42,33,63,50,100,36,277,101,286,160,311,120,108,60,43,21,248,200
89151822,1,58632.0,12,303,0.0,10.0,242,1,35,0,0,2,0,0,204,42,33,63,50,100,36,277,101,286,160,311,120,108,60,43,21,248,200
89151824,0,54260.0,12,245,9.0,19.0,37,13,12,0,0,0,3,0,9,42,31,74,50,100,1,278,173,226,1,293,120,103,60,63,25,243,200
89151824,1,75398.0,12,288,10.0,11.0,42,6,16,0,0,20,0,0,0,42,31,74,50,100,1,278,173,226,1,293,120,103,60,63,25,243,200
89151826,0,51735.0,5,120,0.0,11.0,69,12,27,0,0,1,0,0,29,42,32,69,50,100,26,277,154,224,26,318,120,97,60,52,25,250,200
89151826,1,51390.0,11,292,9.0,12.0,113,26,6,0,0,4,17,0,60,42,32,69,50,100,26,277,154,224,26,318,120,97,60,52,25,250,200
89151829,0,24750.0,6,176,,0.0,82,13,30,0,0,6,7,0,26,42,35,74,50,100,98,290,250,344,160,304,120,95,60,55,25,242,200
89151829,1,10729.0,3,62,,0.0,21,21,0,0,0,0,0,0,0,42,35,74,50,100,98,290,250,344,160,304,120,95,60,55,25,242,200
89151832,0,91001.0,14,236,9.0,17.0,119,39,36,0,0,0,0,0,44,41,34,62,50,100,33,277,34,243,160,307,120,96,60,62,25,241,200
89151832,1,115936.0,12,323,11.0,11.0,148,58,23,0,0,29,5,0,33,41,34,62,50,100,33,277,34,243,160,307,120,96,60,62,25,241,200
89152317,0,69749.0,11,225,0.0,11.0,141,0,43,0,0,0,0,0,98,42,33,57,50,100,24,278,158,278,160,306,120,90,60,53,25,248,200
89152317,1,82468.0,11,292,9.0,13.0,115,27,6,0,0,4,16,0,62,42,33,57,50,100,24,278,158,278,160,306,120,90,60,53,25,248,200
89152331,0,101428.0,12,288,10.0,11.0,43,6,16,0,0,21,0,0,0,42,32,70,50,100,17,278,81,272,160,279,120,101,60,57,25,230,55
89152331,1,100491.0,12,323,11.0,11.0,178,40,23,0,0,17,4,0,94,42,32,70,50,100,17,278,81,272,160,279,120,101,60,57,25,230,55
89152806,0,84434.0,11,292,9.0,13.0,115,27,6,0,0,4,16,0,62,42,33,67,50,100,58,282,225,287,160,295,120,105,60,51,25,248,200
89152806,1,26407.0,10,170,0.0,0.0,33,0,33,0,0,0,0,0,0,42,33,67,50,100,58,282,225,287,160,295,120,105,60,51,25,248,200
89152824,0,47432.0,9,192,0.0,11.0,155,0,52,0,0,12,0,0,91,42,33,70,50,100,38,277,13,285,160,301,120,101,60,50,25,252,200
89152824,1,80706.0,5,127,0.0,11.0,68,11,24,0,0,0,0,0,33,42,33,70,50,100,38,277,13,285,160,301,120,101,60,50,25,252,200
89152825,0,46336.0,12,245,9.0,10.0,38,12,12,0,0,0,4,0,10,42,31,76,50,100,1,278,169,215,1,300,120,98,60,63,25,240,200
89152825,1,74971.0,12,288,10.0,11.0,42,6,16,0,0,20,0,0,0,42,31,76,50,100,1,278,169,215,1,300,120,98,60,63,25,240,200
89153333,0,100338.0,12,288,10.0,11.0,42,6,16,0,0,20,0,0,0,42,30,70,50,100,24,278,1,275,160,301,120,102,60,58,25,244,200
89153333,1,88266.0,12,249,9.0,11.0,116,8,43,0,0,35,14,0,16,42,30,70,50,100,24,278,1,275,160,301,120,102,60,58,25,244,200
89153336,0,63421.0,12,238,10.0,11.0,74,15,36,0,0,0,0,0,23,42,30,70,50,100,1,278,106,251,1,303,120,101,60,63,25,244,200
89153336,1,78714.0,12,288,10.0,11.0,42,6,16,0,0,20,0,0,0,42,30,70,50,100,1,278,106,251,1,303,120,101,60,63,25,244,200
89153826,0,3990.0,4,100,10.0,0.0,78,0,0,0,0,0,78,0,0,42,35,70,50,100,95,293,250,324,160,294,120,80,47,53,25,251,200
89153826,1,10738.0,4,43,15.0,0.0,28,28,0,0,0,0,0,0,0,42,35,70,50,100,95,293,250,324,160,294,120,80,47,53,25,251,200
89153827,0,21121.0,4,106,13.0,0.0,102,0,57,0,0,0,9,0,36,42,35,71,50,100,100,280,13,344,160,311,120,92,60,47,25,252,200
89153827,1,5233.0,5,135,12.0,0.0,121,0,70,0,0,8,3,0,40,42,35,71,50,100,100,280,13,344,160,311,120,92,60,47,25,252,200
89153836,0,3000.0,0,0,,0.0,0,0,0,0,0,0,0,0,0,42,35,71,50,100,100,293,250,347,160,308,120,96,60,49,25,246,200
89153836,1,6259.0,0,0,,0.0,2,0,2,0,0,0,0,0,0,42,35,71,50,100,100,293,250,347,160,308,120,96,60,49,25,246,200
89153837,0,67074.0,11,224,0.0,11.0,143,0,43,0,0,0,0,0,100,41,33,57,50,100,25,278,158,272,160,331,120,103,60,55,25,248,200
89153837,1,81809.0,11,292,9.0,13.0,115,27,6,0,0,4,16,0,62,41,33,57,50,100,25,278,158,272,160,331,120,103,60,55,25,248,200
89154327,0,43228.0,16,339,9.0,15.0,120,19,4,0,0,3,25,0,69,41,33,73,50,100,59,281,212,269,160,300,120,87,57,51,25,253,200
89154327,1,54441.0,11,253,0.0,13.0,109,23,30,0,0,33,4,0,19,41,33,73,50,100,59,281,212,269,160,300,120,87,57,51,25,253,200
89154341,0,104519.0,13,314,11.0,19.0,130,7,26,0,0,40,7,0,50,42,30,69,50,100,23,278,115,272,160,262,120,95,60,58,25,243,200
89154341,1,105611.0,12,288,10.0,11.0,42,6,16,0,0,20,0,0,0,42,30,69,50,100,23,278,115,272,160,262,120,95,60,58,25,243,200
89154830,0,19370.0,7,108,1.0,0.0,141,40,36,0,0,0,65,0,0,42,26,65,50,101,95,278,242,344,160,304,120,97,60,49,25,247,200
89154830,1,42749.0,6,133,2.0,11.0,239,57,24,0,0,11,11,0,136,42,26,65,50,101,95,278,242,344,160,304,120,97,60,49,25,247,200
89154847,0,50484.0,12,238,10.0,18.0,21,11,10,0,0,0,0,0,0,42,35,65,50,100,28,277,131,284,160,311,120,107,60,60,25,242,200
89154847,1,74252.0,11,223,0.0,11.0,129,0,43,0,0,0,0,0,86,42,35,65,50,100,28,277,131,284,160,311,120,107,60,60,25,242,200
89154848,0,3000.0,0,0,,0.0,0,0,0,0,0,0,0,0,0,42,35,69,50,100,100,293,250,354,160,327,120,94,60,49,25,251,200
89154848,1,4751.0,5,102,,0.0,116,0,0,0,0,0,14,0,102,42,35,69,50,100,100,293,250,354,160,327,120,94,60,49,25,251,200
89154852,0,78483.0,13,274,9.0,11.0,139,8,47,0,0,33,28,0,23,42,32,76,50,100,44,278,1,255,160,272,120,79,60,55,25,248,200
89154852,1,90999.0,10,275,6.0,12.0,84,5,18,0,0,36,0,0,25,42,32,76,50,100,44,278,1,255,160,272,120,79,60,55,25,248,200
89155323,0,75436.0,11,314,9.0,13.0,142,0,11,0,0,8,0,0,123,42,35,61,50,100,19,278,194,206,103,328,120,103,60,56,23,232,137
89155323,1,76065.0,10,215,0.0,12.0,196,48,39,0,0,0,0,0,109,42,35,61,50,100,19,278,194,206,103,328,120,103,60,56,23,232,137
89155327,0,48997.0,7,203,,13.0,86,27,32,0,0,3,5,0,19,42,35,65,50,100,100,281,219,344,160,292,120,107,60,49,25,251,200
89155327,1,3000.0,0,0,,0.0,0,0,0,0,0,0,0,0,0,42,35,65,50,100,100,281,219,344,160,292,120,107,60,49,25,251,200
89155333,0,102276.0,12,323,7.0,11.0,120,18,22,0,0,31,0,0,49,42,35,70,50,100,1,278,65,268,1,268,120,105,60,61,25,223,1
89155333,1,62392.0,12,238,10.0,11.0,75,16,32,0,0,0,0,0,27,42,35,70,50,100,1,278,65,268,1,268,120,105,60,61,25,223,1
89155334,0,43074.0,16,348,9.0,13.0,118,15,5,0,0,5,22,0,71,42,35,70,50,100,58,281,195,258,158,301,120,91,60,49,25,251,200
89155334,1,47464.0,7,203,,13.0,86,27,32,0,0,3,5,0,19,42,35,70,50,100,58,281,195,258,158,301,120,91,60,49,25,251,200
89155348,0,44693.0,11,284,10.0,14.0,8,2,0,0,0,0,1,0,5,42,35,54,43,100,1,281,241,248,1,321,120,92,60,66,25,234,172
89155348,1,44242.0,12,265,10.0,10.0,61,13,32,0,0,0,0,0,16,42,35,54,43,100,1,281,241,248,1,321,120,92,60,66,25,234,172
89155831,0,77233.0,11,292,9.0,13.0,115,27,6,0,0,4,16,0,62,42,35,66,50,100,44,277,181,263,160,274,120,105,60,53,25,247,200
89155831,1,80192.0,8,188,0.0,11.0,173,0,24,0,0,129,0,0,20,42,35,66,50,100,44,277,181,263,160,274,120,105,60,53,25,247,200
89155840,0,49444.0,12,238,10.0,12.0,21,11,10,0,0,0,0,0,0,42,35,73,50,100,26,277,115,272,160,314,120,105,60,60,25,242,200
89155840,1,83841.0,12,306,10.0,12.0,40,0,20,0,0,20,0,0,0,42,35,73,50,100,26,277,115,272,160,314,120,105,60,60,25,242,200
89156328,0,43331.0,10,295,0.0,11.0,212,78,16,0,0,4,15,0,99,40,24,67,50,100,58,278,243,315,160,306,120,87,60,44,22,251,200
89156328,1,92087.0,9,252,9.0,13.0,94,20,6,0,0,4,16,0,48,40,24,67,50,100,58,278,243,315,160,306,120,87,60,44,22,251,200
89156339,0,105467.0,14,236,9.0,18.0,104,41,33,0,0,0,0,0,30,42,35,60,50,100,22,277,165,207,114,288,120,90,60,58,25,241,200
89156339,1,59146.0,11,292,9.0,13.0,114,27,6,0,0,4,17,0,60,42,35,60,50,100,22,277,165,207,114,288,120,90,60,58,25,241,200
89156341,0,67063.0,11,292,9.0,13.0,116,29,6,0,0,4,16,0,61,41,33,56,45,100,22,285,250,236,160,307,120,99,60,52,25,253,200
89156341,1,82654.0,11,311,9.0,13.0,143,0,13,0,0,7,0,0,123,41,33,56,45,100,22,285,250,236,160,307,120,99,60,52,25,253,200
89156352,0,80806.0,12,238,10.0,11.0,73,15,35,0,0,0,0,0,23,41,31,75,50,100,1,278,160,252,1,276,120,96,60,61,25,243,200
89156352,1,89134.0,12,319,6.0,11.0,81,4,17,0,0,38,0,0,22,41,31,75,50,100,1,278,160,252,1,276,120,96,60,61,25,243,200
89156356,0,20285.0,7,203,,0.0,91,29,33,0,0,4,7,0,18,42,35,57,50,100,66,277,1,336,160,313,120,86,60,46,21,250,200
89156356,1,42684.0,11,243,0.0,10.0,292,0,34,0,0,0,0,0,258,42,35,57,50,100,66,277,1,336,160,313,120,86,60,46,21,250,200
89156359,0,91278.0,12,288,10.0,11.0,42,6,16,0,0,20,0,0,0,42,35,66,50,100,1,278,106,272,1,299,120,114,60,62,25,239,200
89156359,1,93368.0,12,238,10.0,11.0,79,15,35,0,0,0,0,0,29,42,35,66,50,100,1,278,106,272,1,299,120,114,60,62,25,239,200
89156875,0,12974.0,3,90,,0.0,317,0,0,0,0,0,0,0,317,42,35,74,50,100,100,287,250,328,160,330,120,101,60,43,23,251,200
89156875,1,13449.0,5,59,0.0,0.0,135,22,102,0,0,0,0,0,11,42,35,74,50,100,100,287,250,328,160,330,120,101,60,43,23,251,200
89157366,0,49161.0,7,203,,13.0,86,27,32,0,0,3,5,0,19,42,35,64,50,100,100,281,219,365,160,313,120,101,60,49,25,251,200
89157366,1,3000.0,0,0,,0.0,0,0,0,0,0,0,0,0,0,42,35,64,50,100,100,281,219,365,160,313,120,101,60,49,25,251,200
89157373,0,88183.0,13,294,8.0,12.0,58,12,30,0,0,0,0,0,16,41,30,73,50,100,1,278,209,288,1,304,120,98,60,66,25,223,93
89157373,1,45597.0,12,245,9.0,8.0,38,13,12,0,0,0,4,0,9,41,30,73,50,100,1,278,209,288,1,304,120,98,60,66,25,223,93
89157375,0,8159.0,11,243,19.0,0.0,247,167,0,0,0,0,0,0,80,41,30,68,50,100,100,286,240,347,160,324,120,103,60,48,25,251,200
89157375,1,14227.0,5,66,0.0,0.0,240,125,93,0,0,0,0,0,22,41,30,68,50,100,100,286,240,347,160,324,120,103,60,48,25,251,200
89157388,0,99252.0,12,322,6.0,12.0,99,6,17,0,0,43,0,0,33,42,32,75,50,100,29,278,122,247,160,253,120,92,60,57,25,244,200
89157388,1,97655.0,12,288,10.0,11.0,42,6,16,0,0,20,0,0,0,42,32,75,50,100,29,278,122,247,160,253,120,92,60,57,25,244,200
89157899,0,51406.0,11,292,9.0,11.0,114,28,6,0,0,4,16,0,60,42,33,75,50,100,26,280,142,218,78,294,120,82,60,54,25,251,200
89157899,1,65813.0,12,302,10.0,12.0,40,0,20,0,0,20,0,0,0,42,33,75,50,100,26,280,142,218,78,294,120,82,60,54,25,251,200
89159414,0,16753.0,4,120,,0.0,0,0,0,0,0,0,0,0,0,42,35,68,50,100,100,293,250,351,160,336,120,85,60,54,25,228,137
89159414,1,4518.0,4,100,10.0,0.0,74,0,0,0,0,0,74,0,0,42,35,68,50,100,100,293,250,351,160,336,120,85,60,54,25,228,137
89159424,0,65010.0,11,292,9.0,13.0,116,28,6,0,0,4,16,0,62,41,31,71,50,100,15,288,250,227,133,307,120,87,60,52,25,251,200
89159424,1,60863.0,11,292,9.0,13.0,112,28,7,0,0,4,16,0,57,41,31,71,50,100,15,288,250,227,133,307,120,87,60,52,25,251,200
89160411,0,50987.0,10,254,14.0,13.0,155,32,23,0,0,7,16,0,77,40,29,77,50,100,58,281,223,282,160,309,120,88,60,47,25,250,200
89160411,1,80538.0,11,292,9.0,13.0,115,27,6,0,0,4,16,0,62,40,29,77,50,100,58,281,223,282,160,309,120,88,60,47,25,250,200
89160433,0,34125.0,6,138,12.0,10.0,112,22,63,0,0,0,6,0,21,42,35,75,50,100,96,277,1,309,160,305,120,92,60,43,23,248,200
89160433,1,31735.0,10,254,14.0,12.0,176,60,18,0,0,6,10,0,82,42,35,75,50,100,96,277,1,309,160,305,120,92,60,43,23,248,200
89161430,0,24161.0,5,113,16.0,0.0,90,27,13,0,0,3,7,0,40,42,35,63,44,100,79,278,13,322,160,309,120,93,60,51,25,247,200
89161430,1,49439.0,9,246,6.0,11.0,66,0,51,0,0,0,0,0,15,42,35,63,44,100,79,278,13,322,160,309,120,93,60,51,25,247,200
89161445,0,41195.0,12,238,10.0,10.0,19,11,8,0,0,0,0,0,0,42,35,70,50,100,27,291,250,229,47,318,120,96,60,60,25,250,200
89161445,1,19617.0,10,265,,0.0,0,0,0,0,0,0,0,0,0,42,35,70,50,100,27,291,250,229,47,318,120,96,60,60,25,250,200
89161936,0,50220.0,9,200,,10.0,95,0,16,0,0,16,0,0,63,42,33,74,50,100,58,278,186,298,160,320,120,86,60,47,23,246,200
89161936,1,84337.0,11,292,9.0,13.0,110,27,6,0,0,4,16,0,57,42,33,74,50,100,58,278,186,298,160,320,120,86,60,47,23,246,200
89161944,0,3677.0,4,100,10.0,0.0,78,0,0,0,0,0,78,0,0,42,35,67,50,100,100,280,236,351,160,327,120,76,47,42,23,250,200
89161944,1,40706.0,4,106,12.0,12.0,192,0,41,0,0,0,0,0,151,42,35,67,50,100,100,280,236,351,160,327,120,76,47,42,23,250,200
89161947,0,79058.0,13,267,9.0,11.0,141,0,52,0,0,37,24,0,28,41,35,68,50,100,36,278,91,291,160,289,120,88,60,50,25,251,200
89161947,1,104641.0,13,270,9.0,11.0,123,15,9,0,0,9,3,0,87,41,35,68,50,100,36,278,91,291,160,289,120,88,60,50,25,251,200
89161949,0,13022.0,8,240,,0.0,175,0,0,0,0,0,0,0,175,42,35,68,50,100,100,293,250,332,160,321,120,105,60,38,21,253,200
89161949,1,6259.0,0,0,,0.0,2,0,2,0,0,0,0,0,0,42,35,68,50,100,100,293,250,332,160,321,120,105,60,38,21,253,200
89162440,0,80288.0,9,254,7.0,12.0,110,28,7,0,0,4,16,0,55,42,35,74,50,100,61,281,219,258,160,325,120,97,60,51,25,250,200
89162440,1,26009.0,10,170,0.0,0.0,33,0,33,0,0,0,0,0,0,42,35,74,50,100,61,281,219,258,160,325,120,97,60,51,25,250,200
89162444,0,21400.0,6,176,,0.0,82,18,27,0,0,6,10,0,21,42,33,73,50,100,58,288,250,275,160,319,120,92,60,52,25,247,200
89162444,1,83375.0,9,252,9.0,13.0,95,20,6,0,0,4,16,0,49,42,33,73,50,100,58,288,250,275,160,319,120,92,60,52,25,247,200
89162464,0,71289.0,12,300,11.0,11.0,142,12,34,0,0,66,0,0,30,42,31,76,50,100,2,278,176,240,1,307,120,101,60,64,25,240,200
89162464,1,70145.0,12,245,9.0,19.0,36,13,12,0,0,0,2,0,9,42,31,76,50,100,2,278,176,240,1,307,120,101,60,64,25,240,200
89162953,0,44106.0,6,174,13.0,13.0,78,0,49,0,0,16,0,0,13,42,35,65,50,100,100,281,13,354,160,297,120,96,60,47,25,251,200
89162953,1,2787.0,10,160,0.0,0.0,43,0,43,0,0,0,0,0,0,42,35,65,50,100,100,281,13,354,160,297,120,96,60,47,25,251,200
89162972,0,96365.0,14,238,9.0,18.0,117,38,34,0,0,0,0,0,45,42,31,63,50,100,31,277,104,264,61,297,120,101,60,64,25,237,197
89162972,1,80505.0,12,300,11.0,11.0,142,12,34,0,0,67,0,0,29,42,31,63,50,100,31,277,104,264,61,297,120,101,60,64,25,237,197
89162976,0,29271.0,5,114,16.0,0.0,88,29,12,0,0,3,8,0,36,41,32,71,50,100,100,281,237,344,160,313,120,93,60,45,23,251,200
89162976,1,22765.0,2,54,,0.0,39,0,39,0,0,0,0,0,0,41,32,71,50,100,100,281,237,344,160,313,120,93,60,45,23,251,200
89164504,0,85020.0,11,290,0.0,13.0,72,17,19,0,0,8,12,0,16,42,33,67,50,100,3,278,10,274,160,334,120,95,60,58,23,227,1
89164504,1,67315.0,10,223,0.0,12.0,193,41,34,0,0,0,0,0,118,42,33,67,50,100,3,278,10,274,160,334,120,95,60,58,23,227,1
89164997,0,74586.0,11,292,9.0,13.0,115,27,6,0,0,4,16,0,62,42,31,69,50,100,21,277,154,265,160,331,120,86,60,52,25,250,200
89164997,1,71697.0,5,127,0.0,11.0,69,10,23,0,0,0,0,0,36,42,31,69,50,100,21,277,154,265,160,331,120,86,60,52,25,250,200
89165015,0,75060.0,5,127,0.0,11.0,68,10,24,0,0,0,0,0,34,41,33,75,50,100,36,277,40,265,160,274,120,103,60,56,25,251,200
89165015,1,74256.0,8,172,0.0,21.0,149,0,31,0,0,83,0,0,35,41,33,75,50,100,36,277,40,265,160,274,120,103,60,56,25,251,200
89166534,0,3593.0,5,102,,0.0,117,0,0,0,0,0,14,0,103,42,35,73,50,100,100,293,250,324,160,297,120,83,60,42,22,253,200
89166534,1,6524.0,0,0,,0.0,51,0,0,0,0,0,0,0,51,42,35,73,50,100,100,293,250,324,160,297,120,83,60,42,22,253,200
89167040,0,76133.0,11,292,9.0,13.0,116,28,6,0,0,4,16,0,62,41,32,66,50,100,28,286,250,250,160,326,120,100,60,50,25,250,200
89167040,1,73123.0,9,254,7.0,11.0,130,38,7,0,0,4,16,0,65,41,32,66,50,100,28,286,250,250,160,326,120,100,60,50,25,250,200
89167042,0,76716.0,12,315,7.0,13.0,95,21,19,0,0,19,0,0,36,41,35,73,50,100,26,278,37,274,160,294,120,90,60,53,25,249,200
89167042,1,91830.0,13,255,9.0,11.0,122,0,47,0,0,36,9,0,30,41,35,73,50,100,26,278,37,274,160,294,120,90,60,53,25,249,200
89167043,0,78951.0,5,127,0.0,11.0,68,11,24,0,0,0,0,0,33,42,33,73,50,100,37,277,142,250,160,310,120,88,60,55,25,249,200
89167043,1,62561.0,10,207,0.0,13.0,53,0,27,0,0,8,14,0,4,42,33,73,50,100,37,277,142,250,160,310,120,88,60,55,25,249,200
89167051,0,30263.0,5,114,16.0,8.0,89,26,10,0,0,3,11,0,39,42,32,74,50,100,100,288,250,332,160,306,120,107,60,45,22,250,200
89167051,1,7449.0,0,0,,0.0,51,0,0,0,0,0,0,0,51,42,32,74,50,100,100,288,250,332,160,306,120,107,60,45,22,250,200
89167560,0,5026.0,4,100,10.0,0.0,73,0,0,0,0,0,73,0,0,42,35,69,50,101,100,287,205,332,160,305,120,88,60,46,22,251,200
89167560,1,48953.0,7,181,0.0,13.0,227,7,48,0,0,5,3,0,164,42,35,69,50,101,100,287,205,332,160,305,120,88,60,46,22,251,200
89168060,0,27233.0,5,115,15.0,0.0,92,31,10,0,0,3,10,0,38,42,34,71,50,100,49,278,216,288,160,270,120,99,60,52,25,241,200
89168060,1,115556.0,12,288,10.0,11.0,42,6,16,0,0,20,0,0,0,42,34,71,50,100,49,278,216,288,160,270,120,99,60,52,25,241,200
89168074,0,172970.0,14,327,0.0,18.0,123,21,27,0,0,75,0,0,0,42,26,73,50,100,15,278,1,268,160,235,120,88,60,56,22,243,200
89168074,1,64476.0,9,211,0.0,20.0,223,38,42,0,0,0,0,0,143,42,26,73,50,100,15,278,1,268,160,235,120,88,60,56,22,243,200
89168078,0,21556.0,7,107,1.0,0.0,229,60,51,0,0,0,25,0,93,42,30,66,50,102,100,287,250,347,160,333,120,94,60,49,25,250,200
89168078,1,3719.0,0,0,,0.0,8,0,0,0,0,0,0,0,8,42,30,66,50,102,100,287,250,347,160,333,120,94,60,49,25,250,200
89168083,0,58465.0,11,310,9.0,13.0,169,0,14,0,0,7,0,0,148,42,32,66,50,100,26,278,60,258,139,297,120,101,60,54,25,247,200
89168083,1,72342.0,13,262,9.0,11.0,114,8,59,0,0,23,11,0,13,42,32,66,50,100,26,278,60,258,139,297,120,101,60,54,25,247,200
89168085,0,75042.0,12,310,7.0,13.0,86,19,22,0,0,19,0,0,26,42,35,65,50,100,12,278,51,254,160,307,120,103,60,56,25,243,200
89168085,1,84417.0,10,208,0.0,12.0,199,41,38,0,0,0,0,0,120,42,35,65,50,100,12,278,51,254,160,307,120,103,60,56,25,243,200
89168582,0,81555.0,12,247,9.0,11.0,118,8,34,0,0,37,8,0,31,42,25,70,50,100,18,278,1,256,160,289,120,98,60,59,25,244,200
89168582,1,155688.0,14,327,0.0,19.0,130,21,28,0,0,81,0,0,0,42,25,70,50,100,18,278,1,256,160,289,120,98,60,59,25,244,200
89168584,0,77356.0,9,175,0.0,11.0,119,0,50,0,0,8,0,0,61,42,34,70,50,100,18,278,13,284,160,291,120,96,60,54,22,243,200
89168584,1,63383.0,9,201,0.0,18.0,205,43,33,0,0,0,0,0,129,42,34,70,50,100,18,278,13,284,160,291,120,96,60,54,22,243,200
89169096,0,5010.0,5,102,,0.0,121,0,0,0,0,0,17,0,104,42,35,66,50,100,100,293,250,340,160,297,120,109,60,48,25,251,200
89169096,1,3884.0,0,0,,0.0,9,9,0,0,0,0,0,0,0,42,35,66,50,100,100,293,250,340,160,297,120,109,60,48,25,251,200
89169584,0,22588.0,5,66,0.0,0.0,134,25,98,0,0,0,0,0,11,42,35,77,50,100,100,280,240,332,160,314,120,96,60,57,25,238,194
89169584,1,37539.0,6,150,17.0,17.0,0,0,0,0,0,0,0,0,0,42,35,77,50,100,100,280,240,332,160,314,120,96,60,57,25,238,194
89169585,0,107555.0,9,269,0.0,12.0,157,58,32,0,0,33,0,0,34,42,35,64,50,100,53,280,138,291,160,288,120,101,60,45,21,251,200
89169585,1,40775.0,10,254,14.0,13.0,167,55,19,0,0,6,14,0,73,42,35,64,50,100,53,280,138,291,160,288,120,101,60,45,21,251,200
89169589,0,29047.0,10,170,0.0,0.0,32,0,32,0,0,0,0,0,0,42,35,76,50,100,100,287,247,324,160,318,120,103,60,56,25,234,161
89169589,1,32484.0,6,147,17.0,13.0,0,0,0,0,0,0,0,0,0,42,35,76,50,100,100,287,247,324,160,318,120,103,60,56,25,234,161
89169601,0,28054.0,4,94,13.0,0.0,105,0,57,0,0,0,8,0,40,42,35,69,50,102,100,281,13,336,160,306,120,84,60,43,21,252,200
89169601,1,24699.0,7,181,0.0,0.0,200,7,43,0,0,5,3,0,142,42,35,69,50,102,100,281,13,336,160,306,120,84,60,43,21,252,200
89169602,0,16993.0,6,176,,0.0,82,18,27,0,0,6,10,0,21,41,32,73,50,100,100,278,186,347,160,306,120,92,60,47,25,250,200
89169602,1,45410.0,7,203,11.0,11.0,124,34,29,0,0,5,5,0,51,41,32,73,50,100,100,278,186,347,160,306,120,92,60,47,25,250,200
89169610,0,88185.0,12,245,8.0,10.0,85,13,22,0,0,19,0,0,31,41,32,75,50,100,13,277,154,244,3,296,120,92,60,60,25,246,200
89169610,1,76774.0,12,245,9.0,19.0,36,13,12,0,0,0,2,0,9,41,32,75,50,100,13,277,154,244,3,296,120,92,60,60,25,246,200
89170110,0,25864.0,5,113,16.0,0.0,89,32,10,0,0,3,10,0,34,42,35,70,50,100,100,281,189,344,160,302,120,93,60,45,22,248,200
89170110,1,37404.0,7,203,0.0,13.0,170,43,36,0,0,1,5,0,85,42,35,70,50,100,100,281,189,344,160,302,120,93,60,45,22,248,200
89170111,0,76791.0,5,127,0.0,11.0,72,10,23,0,0,0,0,0,39,41,30,73,50,100,35,277,154,259,160,309,120,94,60,50,25,250,200
89170111,1,75006.0,9,254,7.0,11.0,131,39,7,0,0,4,17,0,64,41,30,73,50,100,35,277,154,259,160,309,120,94,60,50,25,250,200
89170612,0,71883.0,13,259,9.0,11.0,145,8,42,0,0,36,28,0,31,42,30,75,50,100,26,278,1,271,160,268,120,93,60,58,25,242,200
89170612,1,104360.0,12,288,10.0,11.0,42,6,16,0,0,20,0,0,0,42,30,75,50,100,26,278,1,271,160,268,120,93,60,58,25,242,200
89170613,0,41727.0,7,203,,13.0,86,27,32,0,0,3,5,0,19,41,35,69,50,100,100,281,101,301,160,299,120,99,60,54,25,250,200
89170613,1,76445.0,5,141,,13.0,19,0,12,0,0,0,0,0,7,41,35,69,50,100,100,281,101,301,160,299,120,99,60,54,25,250,200
89170636,0,74700.0,5,127,0.0,11.0,69,10,23,0,0,0,0,0,36,42,31,73,50,100,35,277,154,257,160,331,120,86,60,51,25,246,200
89170636,1,71827.0,9,254,7.0,11.0,131,38,7,0,0,4,16,0,66,42,31,73,50,100,35,277,154,257,160,331,120,86,60,51,25,246,200
89170637,0,2602.0,2,45,0.0,0.0,96,0,0,0,0,0,96,0,0,42,35,76,50,100,100,289,249,344,160,311,120,91,60,57,25,246,200
89170637,1,11345.0,0,0,,0.0,28,0,28,0,0,0,0,0,0,42,35,76,50,100,100,289,249,344,160,311,120,91,60,57,25,246,200
89171137,0,35415.0,10,252,14.0,13.0,171,63,17,0,0,4,17,0,70,42,32,69,50,100,100,278,76,324,160,297,120,102,60,41,23,250,200
89171137,1,37079.0,7,203,11.0,11.0,121,34,29,0,0,5,5,0,48,42,32,69,50,100,100,278,76,324,160,297,120,102,60,41,23,250,200
89171141,0,92841.0,8,182,0.0,21.0,138,0,23,0,0,95,0,0,20,42,35,59,50,100,35,277,89,264,160,286,120,111,60,62,25,241,200
89171141,1,109917.0,14,241,9.0,18.0,134,51,38,0,0,0,0,0,45,42,35,59,50,100,35,277,89,264,160,286,120,111,60,62,25,241,200
89171635,0,18391.0,4,106,13.0,0.0,105,0,59,0,0,0,8,0,38,42,32,70,50,100,34,277,7,287,160,284,120,101,60,56,25,248,200
89171635,1,130161.0,12,300,10.0,10.0,38,6,16,0,0,16,0,0,0,42,32,70,50,100,34,277,7,287,160,284,120,101,60,56,25,248,200
89171642,0,92253.0,9,208,0.0,17.0,200,34,39,0,0,0,0,0,127,42,32,68,50,100,23,278,96,281,160,290,120,92,60,56,25,234,167
89171642,1,114835.0,12,321,6.0,11.0,91,13,15,0,0,37,0,0,26,42,32,68,50,100,23,278,96,281,160,290,120,92,60,56,25,234,167
89171646,0,75836.0,12,314,7.0,13.0,81,13,17,0,0,19,0,0,32,42,35,69,50,100,21,278,10,262,150,260,120,92,60,54,25,248,200
89171646,1,79917.0,13,268,9.0,11.0,148,0,52,0,0,30,25,0,41,42,35,69,50,100,21,278,10,262,150,260,120,92,60,54,25,248,200
89171647,0,106600.0,12,288,10.0,11.0,42,6,16,0,0,20,0,0,0,42,32,67,50,100,16,278,1,256,160,281,120,110,60,58,25,242,200
89171647,1,81913.0,13,261,9.0,11.0,122,8,37,0,0,33,16,0,28,42,32,67,50,100,16,278,1,256,160,281,120,110,60,58,25,242,200
89171651,0,85587.0,10,268,7.0,13.0,94,18,19,0,0,22,0,0,35,42,35,73,50,100,35,278,73,307,160,304,120,87,60,53,25,240,189
89171651,1,100355.0,12,254,9.0,11.0,115,0,48,0,0,38,5,0,24,42,35,73,50,100,35,278,73,307,160,304,120,87,60,53,25,240,189
89171662,0,38163.0,6,150,17.0,16.0,0,0,0,0,0,0,0,0,0,42,35,70,50,100,100,293,250,332,160,308,120,99,60,55,25,238,194
89171662,1,4237.0,5,102,14.0,0.0,117,0,0,0,0,0,14,0,103,42,35,70,50,100,100,293,250,332,160,308,120,99,60,55,25,238,194
89172666,0,85570.0,12,262,9.0,11.0,139,8,34,0,0,39,18,0,40,42,30,74,50,100,18,278,1,265,160,306,120,91,60,58,25,240,200
89172666,1,108289.0,12,288,10.0,11.0,42,6,16,0,0,20,0,0,0,42,30,74,50,100,18,278,1,265,160,306,120,91,60,58,25,240,200
89172679,0,118330.0,13,235,9.0,17.0,113,36,36,0,0,0,0,0,41,42,26,65,50,100,38,277,13,265,160,285,120,92,60,61,25,244,200
89172679,1,13868.0,14,266,0.0,0.0,115,21,34,0,0,60,0,0,0,42,26,65,50,100,38,277,13,265,160,285,120,92,60,61,25,244,200
89172685,0,118145.0,12,245,9.0,19.0,35,13,12,0,0,0,1,0,9,41,33,68,50,100,1,279,54,286,160,306,120,93,60,62,25,241,200
89172685,1,89324.0,12,281,0.0,13.0,63,3,36,0,0,11,5,0,8,41,33,68,50,100,1,279,54,286,160,306,120,93,60,62,25,241,200
89173155,0,104394.0,12,300,10.0,10.0,44,6,16,0,0,22,0,0,0,42,30,70,50,100,1,277,146,244,1,285,120,88,60,61,25,245,200
89173155,1,70234.0,12,245,9.0,18.0,35,13,12,0,0,0,1,0,9,42,30,70,50,100,1,277,146,244,1,285,120,88,60,61,25,245,200
89173164,0,32408.0,4,96,14.0,13.0,52,3,36,0,0,0,1,0,12,42,35,69,50,101,100,281,198,346,160,311,120,104,60,49,23,248,200
89173164,1,6006.0,0,0,,0.0,2,0,2,0,0,0,0,0,0,42,35,69,50,101,100,281,198,346,160,311,120,104,60,49,23,248,200
89173165,0,27517.0,7,88,1.0,0.0,177,83,59,0,0,0,32,0,3,42,35,68,50,100,100,287,250,354,160,318,120,98,60,47,23,248,200
89173165,1,8276.0,0,0,,0.0,70,0,0,0,0,0,0,0,70,42,35,68,50,100,100,287,250,354,160,318,120,98,60,47,23,248,200
89173673,0,44217.0,11,292,9.0,11.0,115,27,6,0,0,4,16,0,62,41,31,75,50,100,15,288,250,224,13,321,120,83,52,52,25,250,200
89173673,1,43602.0,11,292,9.0,11.0,116,26,6,0,0,4,16,0,64,41,31,75,50,100,15,288,250,224,13,321,120,83,52,52,25,250,200
89173688,0,3041.0,4,100,10.0,0.0,78,0,0,0,0,0,78,0,0,42,35,75,50,100,100,290,250,340,160,311,120,72,47,49,25,250,200
89173688,1,20516.0,0,0,0.0,0.0,26,0,12,0,0,14,0,0,0,42,35,75,50,100,100,290,250,340,160,311,120,72,47,49,25,250,200
89174189,0,63604.0,13,273,9.0,11.0,146,0,40,0,0,35,28,0,43,42,35,73,50,100,4,277,1,220,129,274,120,98,60,58,25,239,200
89174189,1,101830.0,12,300,10.0,10.0,43,6,16,0,0,21,0,0,0,42,35,73,50,100,4,277,1,220,129,274,120,98,60,58,25,239,200
89174198,0,9816.0,7,124,19.0,0.0,187,31,23,0,0,0,39,0,94,42,32,63,50,102,100,281,221,347,160,326,120,102,60,49,25,247,200
89174198,1,49244.0,7,203,,13.0,86,27,32,0,0,3,5,0,19,42,32,63,50,102,100,281,221,347,160,326,120,102,60,49,25,247,200
89174686,0,106395.0,10,279,7.0,13.0,78,16,17,0,0,19,0,0,26,40,28,76,50,100,57,281,171,307,160,301,120,95,60,48,25,247,200
89174686,1,44512.0,10,254,14.0,13.0,164,41,21,0,0,4,15,0,83,40,28,76,50,100,57,281,171,307,160,301,120,95,60,48,25,247,200
89175197,0,55560.0,12,245,9.0,18.0,42,14,12,0,0,0,5,0,11,42,33,74,50,100,13,282,245,231,72,292,120,109,60,62,25,223,1
89175197,1,69115.0,10,251,9.0,14.0,89,0,11,0,0,12,0,0,66,42,33,74,50,100,13,282,245,231,72,292,120,109,60,62,25,223,1
89175203,0,89529.0,9,252,9.0,13.0,91,9,22,0,0,19,0,0,41,42,32,64,50,100,23,278,1,284,160,316,120,98,60,51,23,246,200
89175203,1,93742.0,10,216,0.0,14.0,207,37,33,0,0,0,0,0,137,42,32,64,50,100,23,278,1,284,160,316,120,98,60,51,23,246,200
89175212,0,88299.0,12,238,10.0,11.0,73,15,28,0,0,0,0,0,30,41,31,73,50,100,1,278,144,266,1,280,120,96,60,62,25,243,199
89175212,1,83446.0,12,321,6.0,10.0,83,12,12,0,0,35,0,0,24,41,31,73,50,100,1,278,144,266,1,280,120,96,60,62,25,243,199
89175713,0,50439.0,11,239,10.0,18.0,29,9,0,0,0,0,0,0,20,42,35,68,50,100,3,290,250,326,160,315,120,109,60,58,25,238,200
89175713,1,23092.0,6,176,,0.0,84,15,28,0,0,6,9,0,26,42,35,68,50,100,3,290,250,326,160,315,120,109,60,58,25,238,200
89175723,0,109041.0,12,323,7.0,11.0,122,14,11,0,0,34,0,0,63,42,35,67,50,100,1,278,142,248,1,295,120,105,60,59,25,244,200
89175723,1,69526.0,12,238,10.0,11.0,82,15,39,0,0,0,0,0,28,42,35,67,50,100,1,278,142,248,1,295,120,105,60,59,25,244,200
89176215,0,6574.0,4,106,13.0,0.0,103,0,57,0,0,0,9,0,37,42,35,65,50,100,100,280,1,340,160,311,120,110,60,49,25,250,200
89176215,1,30874.0,8,240,,12.0,53,0,53,0,0,0,0,0,0,42,35,65,50,100,100,280,1,340,160,311,120,110,60,49,25,250,200
89176222,0,81115.0,9,252,9.0,13.0,90,10,22,0,0,19,0,0,39,42,32,70,50,100,13,278,73,243,160,285,120,105,60,56,25,245,200
89176222,1,92174.0,11,227,0.0,17.0,170,36,41,0,0,0,0,0,93,42,32,70,50,100,13,278,73,243,160,285,120,105,60,56,25,245,200
89176230,0,122951.0,13,229,8.0,17.0,100,49,34,0,0,0,0,0,17,42,32,59,50,100,20,277,111,253,160,299,120,94,60,58,22,240,200
89176230,1,91080.0,9,269,0.0,12.0,158,20,16,0,0,42,0,0,80,42,32,59,50,100,20,277,111,253,160,299,120,94,60,58,22,240,200
89176236,0,20894.0,6,176,,0.0,85,25,27,0,0,5,11,0,17,42,35,66,50,100,100,290,250,344,160,298,120,100,60,46,23,253,200
89176236,1,8118.0,0,0,,0.0,70,0,0,0,0,0,0,0,70,42,35,66,50,100,100,290,250,344,160,298,120,100,60,46,23,253,200
89176247,0,29046.0,9,246,0.0,0.0,182,83,45,0,0,0,0,0,54,41,29,68,50,100,100,278,13,347,160,299,120,88,60,35,22,250,200
89176247,1,25589.0,10,254,14.0,0.0,180,68,16,0,0,4,16,0,76,41,29,68,50,100,100,278,13,347,160,299,120,88,60,35,22,250,200
89176754,0,56853.0,13,294,8.0,12.0,62,14,29,0,0,0,0,0,19,42,29,62,50,100,1,277,86,278,15,336,120,101,60,66,25,223,1
89176754,1,48919.0,14,240,9.0,15.0,144,35,40,0,0,0,0,0,69,42,29,62,50,100,1,277,86,278,15,336,120,101,60,66,25,223,1
89177237,0,16033.0,7,203,,0.0,86,27,32,0,0,3,5,0,19,42,35,66,50,100,100,280,1,347,160,319,120,90,60,47,25,252,200
89177237,1,27227.0,8,240,,0.0,53,0,53,0,0,0,0,0,0,42,35,66,50,100,100,280,1,347,160,319,120,90,60,47,25,252,200
89177247,0,90532.0,12,299,10.0,18.0,131,13,14,0,0,49,0,0,55,41,32,71,50,100,33,277,78,272,160,293,120,101,60,55,25,249,200
89177247,1,69848.0,5,127,0.0,11.0,69,10,23,0,0,0,0,0,36,41,32,71,50,100,33,277,78,272,160,293,120,101,60,55,25,249,200
89177248,0,55507.0,10,269,,16.0,0,0,0,0,0,0,0,0,0,42,35,75,50,100,61,283,204,281,160,280,120,103,60,52,25,250,200
89177248,1,48165.0,9,200,,10.0,95,0,16,0,0,16,0,0,63,42,35,75,50,100,61,283,204,281,160,280,120,103,60,52,25,250,200
89177251,0,88115.0,10,267,7.0,13.0,73,17,22,0,0,17,0,0,17,41,32,73,50,100,10,278,13,271,160,312,120,94,60,59,25,231,158
89177251,1,92733.0,10,225,0.0,17.0,173,32,37,0,0,0,0,0,104,41,32,73,50,100,10,278,13,271,160,312,120,94,60,59,25,231,158
89177259,0,93652.0,10,215,0.0,16.0,180,32,33,0,0,0,0,0,115,41,31,70,50,100,19,278,165,246,141,309,120,92,60,52,22,248,200
89177259,1,63374.0,9,253,8.0,11.0,128,35,7,0,0,4,17,0,65,41,31,70,50,100,19,278,165,246,141,309,120,92,60,52,22,248,200
89177737,0,25859.0,5,110,19.0,0.0,95,33,9,0,0,2,7,0,44,42,35,66,50,100,100,278,219,340,160,326,120,92,60,45,25,251,200
89177737,1,31615.0,2,60,,10.0,51,0,33,0,0,0,18,0,0,42,35,66,50,100,100,278,219,340,160,326,120,92,60,45,25,251,200
89177750,0,106308.0,13,224,8.0,17.0,101,32,33,0,0,0,0,0,36,41,33,61,50,100,35,277,122,227,124,314,120,98,60,58,25,238,200
89177750,1,95913.0,11,316,5.0,13.0,258,0,27,0,0,17,0,0,214,41,33,61,50,100,35,277,122,227,124,314,120,98,60,58,25,238,200
89178276,0,76836.0,12,298,10.0,17.0,147,34,16,0,0,51,0,0,46,42,32,66,50,100,43,278,16,291,160,270,120,97,60,58,25,249,200
89178276,1,91847.0,12,247,9.0,11.0,110,8,46,0,0,34,13,0,9,42,32,66,50,100,43,278,16,291,160,270,120,97,60,58,25,249,200
89178760,0,17527.0,4,106,13.0,0.0,101,0,60,0,0,0,8,0,33,42,35,74,50,100,58,278,13,277,160,274,120,102,60,55,25,245,200
89178760,1,126047.0,12,323,11.0,11.0,127,48,23,0,0,29,5,0,22,42,35,74,50,100,58,278,13,277,160,274,120,102,60,55,25,245,200
89178764,0,26411.0,8,240,,0.0,117,16,17,0,0,0,0,0,84,42,35,70,50,100,100,278,138,332,160,309,120,109,60,38,21,252,200
89178764,1,46382.0,9,200,,10.0,95,0,16,0,0,16,0,0,63,42,35,70,50,100,100,278,138,332,160,309,120,109,60,38,21,252,200
89179276,0,48152.0,7,181,11.0,13.0,57,9,23,0,0,7,18,0,0,42,35,67,50,100,69,281,13,300,160,323,120,94,60,53,25,253,200
89179276,1,35292.0,4,106,13.0,13.0,105,0,59,0,0,0,8,0,38,42,35,67,50,100,69,281,13,300,160,323,120,94,60,53,25,253,200
89179284,0,27526.0,1,28,0.0,0.0,19,0,19,0,0,0,0,0,0,42,32,71,50,100,100,281,231,351,160,338,120,91,60,48,23,247,200
89179284,1,29591.0,4,107,,0.0,82,27,13,0,0,2,6,0,34,42,32,71,50,100,100,281,231,351,160,338,120,91,60,48,23,247,200
89179806,0,92479.0,12,320,7.0,11.0,90,13,14,0,0,37,0,0,26,42,35,67,50,100,34,278,220,197,97,296,120,103,60,63,25,236,107
89179806,1,75584.0,14,206,6.0,20.0,120,52,30,0,0,0,0,0,38,42,35,67,50,100,34,278,220,197,97,296,120,103,60,63,25,236,107
89179807,0,44137.0,12,245,9.0,7.0,37,13,12,0,0,0,3,0,9,42,32,73,50,100,1,280,216,218,1,300,120,105,60,62,25,223,37
89179807,1,70868.0,10,259,7.0,13.0,73,17,22,0,0,14,0,0,20,42,32,73,50,100,1,280,216,218,1,300,120,105,60,62,25,223,37
89180293,0,38714.0,9,198,,10.0,97,1,16,0,0,16,0,0,64,42,35,71,50,100,50,277,99,255,160,291,120,101,60,53,25,245,200
89180293,1,147869.0,12,300,10.0,10.0,58,6,16,0,0,36,0,0,0,42,35,71,50,100,50,277,99,255,160,291,120,101,60,53,25,245,200
89180305,0,43195.0,9,200,,10.0,95,0,16,0,0,16,0,0,63,42,35,63,50,100,65,278,76,327,160,289,120,105,60,52,25,245,200
89180305,1,74920.0,10,248,8.0,11.0,98,27,20,0,0,12,10,0,29,42,35,63,50,100,65,278,76,327,160,289,120,105,60,52,25,245,200
89180806,0,1779.0,1,21,5.0,0.0,0,0,0,0,0,0,0,0,0,42,33,77,50,100,100,281,238,311,160,299,120,92,60,43,25,250,200
89180806,1,49332.0,10,254,14.0,13.0,169,54,21,0,0,3,11,0,80,42,33,77,50,100,100,281,238,311,160,299,120,92,60,43,25,250,200
89180831,0,64138.0,11,292,9.0,13.0,116,28,6,0,0,4,16,0,62,42,35,58,50,100,22,283,250,212,141,304,120,108,60,52,25,246,200
89180831,1,68961.0,11,311,9.0,14.0,168,0,15,0,0,7,0,0,146,42,35,58,50,100,22,283,250,212,141,304,120,108,60,52,25,246,200
89181340,0,77287.0,12,249,9.0,11.0,129,8,47,0,0,19,21,0,34,42,35,67,50,100,46,278,40,278,160,280,120,82,60,56,25,246,200
89181340,1,96389.0,10,249,9.0,14.0,68,0,18,0,0,12,0,0,38,42,35,67,50,100,46,278,40,278,160,280,120,82,60,56,25,246,200
89181348,0,47869.0,9,200,,10.0,95,0,16,0,0,16,0,0,63,42,35,70,50,100,62,283,204,275,160,284,120,92,60,49,25,252,200
89181348,1,53179.0,10,269,,16.0,0,0,0,0,0,0,0,0,0,42,35,70,50,100,62,283,204,275,160,284,120,92,60,49,25,252,200
89181864,0,36515.0,12,245,9.0,6.0,35,13,12,0,0,0,1,0,9,42,31,69,50,100,1,288,249,198,1,299,120,97,60,60,25,249,200
89181864,1,39792.0,9,252,9.0,11.0,92,20,6,0,0,4,16,0,46,42,31,69,50,100,1,288,249,198,1,299,120,97,60,60,25,249,200
89182344,0,42998.0,9,200,,10.0,95,0,16,0,0,16,0,0,63,42,35,68,50,101,100,278,86,344,160,283,120,110,60,49,23,248,200
89182344,1,53038.0,7,163,12.0,11.0,63,0,21,0,0,24,15,0,3,42,35,68,50,101,100,278,86,344,160,283,120,110,60,49,23,248,200
89182847,0,32626.0,4,106,13.0,13.0,105,0,59,0,0,0,8,0,38,41,35,70,50,100,57,281,13,329,160,314,120,99,60,54,25,245,200
89182847,1,99465.0,10,267,7.0,13.0,72,16,21,0,0,18,0,0,17,41,35,70,50,100,57,281,13,329,160,314,120,99,60,54,25,245,200
89182875,0,48545.0,7,181,11.0,13.0,53,6,25,0,0,8,14,0,0,41,35,70,50,100,70,281,104,306,160,305,120,97,60,53,25,253,200
89182875,1,41780.0,7,203,,13.0,86,27,32,0,0,3,5,0,19,41,35,70,50,100,70,281,104,306,160,305,120,97,60,53,25,253,200
89182879,0,11895.0,0,0,,0.0,40,0,36,0,0,2,0,0,2,42,35,66,50,101,100,280,165,354,160,327,120,105,60,51,25,251,200
89182879,1,19581.0,5,66,0.0,0.0,130,19,95,0,0,0,0,0,16,42,35,66,50,101,100,280,165,354,160,327,120,105,60,51,25,251,200
89183361,0,110330.0,10,265,7.0,13.0,70,16,21,0,0,16,0,0,17,42,35,68,50,100,57,283,243,320,160,295,120,101,60,53,25,245,200
89183361,1,6212.0,0,0,,0.0,2,0,2,0,0,0,0,0,0,42,35,68,50,100,57,283,243,320,160,295,120,101,60,53,25,245,200
89183365,0,79693.0,12,245,9.0,18.0,34,13,12,0,0,0,0,0,9,42,35,70,50,100,1,279,214,226,3,274,120,96,60,60,25,242,200
89183365,1,84229.0,10,254,7.0,13.0,73,11,20,0,0,17,0,0,25,42,35,70,50,100,1,279,214,226,3,274,120,96,60,60,25,242,200
89183376,0,83067.0,10,258,7.0,13.0,119,22,19,0,0,23,0,0,55,42,35,67,50,100,31,278,68,304,160,281,120,85,60,52,25,250,200
89183376,1,77823.0,12,257,9.0,11.0,115,0,50,0,0,19,25,0,21,42,35,67,50,100,31,278,68,304,160,281,120,85,60,52,25,250,200
89183383,0,95195.0,10,249,9.0,13.0,70,0,15,0,0,12,0,0,43,41,33,70,50,100,17,278,54,307,160,302,120,98,60,58,23,225,1
89183383,1,75892.0,10,216,0.0,18.0,190,42,32,0,0,0,0,0,116,41,33,70,50,100,17,278,54,307,160,302,120,98,60,58,23,225,1
89183392,0,40987.0,12,276,10.0,11.0,42,8,24,0,0,0,0,0,10,42,35,66,50,100,1,280,221,283,160,324,120,114,60,66,25,235,37
89183392,1,98005.0,12,245,9.0,18.0,34,12,12,0,0,0,0,0,10,42,35,66,50,100,1,280,221,283,160,324,120,114,60,66,25,235,37
89183874,0,58323.0,12,245,9.0,16.0,36,12,12,0,0,1,2,0,9,42,32,74,50,100,1,280,214,214,1,298,120,90,60,59,25,242,195
89183874,1,75250.0,10,256,7.0,13.0,80,13,21,0,0,17,0,0,29,42,32,74,50,100,1,280,214,214,1,298,120,90,60,59,25,242,195
89183876,0,3000.0,0,0,,0.0,0,0,0,0,0,0,0,0,0,42,35,71,50,100,100,293,250,320,160,297,120,92,60,48,25,253,200
89183876,1,2360.0,3,54,,0.0,51,2,11,0,0,0,0,0,38,42,35,71,50,100,100,293,250,320,160,297,120,92,60,48,25,253,200
89183883,0,45464.0,14,239,9.0,10.0,138,52,33,0,0,0,0,0,53,42,30,62,50,100,19,277,96,196,1,297,120,96,60,64,25,233,1
89183883,1,75030.0,12,299,10.0,10.0,58,6,16,0,0,36,0,0,0,42,30,62,50,100,19,277,96,196,1,297,120,96,60,64,25,233,1
89184395,0,39201.0,12,315,13.0,13.0,141,0,12,0,0,54,0,0,75,42,35,68,50,100,62,287,240,344,160,320,120,103,60,53,25,248,200
89184395,1,6203.0,0,0,,0.0,2,0,2,0,0,0,0,0,0,42,35,68,50,100,62,287,240,344,160,320,120,103,60,53,25,248,200
89184885,0,46969.0,9,200,,10.0,95,0,16,0,0,16,0,0,63,42,35,67,50,100,47,278,129,295,160,270,120,105,60,48,25,250,200
89184885,1,112100.0,10,268,7.0,15.0,72,16,20,0,0,20,0,0,16,42,35,67,50,100,47,278,129,295,160,270,120,105,60,48,25,250,200
89184894,0,75627.0,10,252,7.0,13.0,122,16,11,0,0,17,0,0,78,42,35,74,50,100,26,278,62,292,139,285,120,93,60,52,25,239,169
89184894,1,92706.0,13,264,9.0,11.0,111,0,45,0,0,35,3,0,28,42,35,74,50,100,26,278,62,292,139,285,120,93,60,52,25,239,169
89185403,0,119791.0,12,325,11.0,11.0,119,47,28,0,0,29,6,0,9,42,32,60,50,100,27,277,10,246,160,295,120,96,60,62,25,238,200
89185403,1,90562.0,14,237,9.0,17.0,130,51,32,0,0,0,0,0,47,42,32,60,50,100,27,277,10,246,160,295,120,96,60,62,25,238,200
89185422,0,68350.0,10,250,11.0,18.0,144,38,18,0,0,31,0,0,57,42,30,55,47,100,71,278,19,287,160,248,120,92,60,53,25,253,200
89185422,1,97632.0,12,255,9.0,11.0,118,8,60,0,0,38,1,0,11,42,30,55,47,100,71,278,19,287,160,248,120,92,60,53,25,253,200
89185911,0,57794.0,12,238,10.0,11.0,75,15,36,0,0,0,0,0,24,42,35,70,50,100,1,278,115,244,9,275,120,114,60,61,25,244,200
89185911,1,92930.0,14,282,9.0,11.0,191,12,22,0,0,57,0,0,100,42,35,70,50,100,1,278,115,244,9,275,120,114,60,61,25,244,200
89186430,0,37370.0,4,80,19.0,13.0,84,0,59,0,0,0,0,0,25,42,33,69,50,100,100,281,101,344,160,302,120,109,60,48,25,250,200
89186430,1,24289.0,5,113,15.0,0.0,89,24,10,0,0,3,11,0,41,42,33,69,50,100,100,281,101,344,160,302,120,109,60,48,25,250,200
89186929,0,87421.0,10,214,0.0,12.0,208,38,35,0,0,0,0,0,135,42,32,72,50,100,15,278,13,225,160,321,120,98,60,57,25,230,179
89186929,1,78484.0,10,266,7.0,13.0,71,16,21,0,0,17,0,0,17,42,32,72,50,100,15,278,13,225,160,321,120,98,60,57,25,230,179
89186931,0,86679.0,13,240,9.0,16.0,126,45,34,0,0,0,0,0,47,42,31,59,50,100,12,278,1,244,105,299,120,96,60,62,25,223,11
89186931,1,72574.0,10,261,7.0,13.0,83,16,22,0,0,17,0,0,28,42,31,59,50,100,12,278,1,244,105,299,120,96,60,62,25,223,11
89187442,0,24856.0,10,170,0.0,0.0,33,0,33,0,0,0,0,0,0,42,35,75,50,100,93,280,214,336,160,321,120,88,60,51,25,248,200
89187442,1,4555.0,12,157,0.0,0.0,72,1,34,0,0,1,0,0,36,42,35,75,50,100,93,280,214,336,160,321,120,88,60,51,25,248,200
89188480,0,93585.0,12,238,10.0,11.0,77,15,32,0,0,0,0,0,30,42,33,65,50,100,1,278,101,261,9,302,120,107,60,61,25,239,200
89188480,1,89899.0,10,260,7.0,13.0,87,15,21,0,0,22,0,0,29,42,33,65,50,100,1,278,101,261,9,302,120,107,60,61,25,239,200
89189502,0,58678.0,5,127,0.0,11.0,68,10,24,0,0,0,0,0,34,42,31,71,50,100,17,277,86,251,95,293,120,98,60,57,25,250,200
89189502,1,85542.0,12,288,10.0,11.0,42,6,16,0,0,20,0,0,0,42,31,71,50,100,17,277,86,251,95,293,120,98,60,57,25,250,200
89189514,0,99681.0,10,223,0.0,17.0,169,41,34,0,0,0,0,0,94,41,32,70,50,100,16,278,1,285,160,265,120,98,60,57,23,239,200
89189514,1,93328.0,12,307,6.0,10.0,198,24,26,0,0,49,0,0,99,41,32,70,50,100,16,278,1,285,160,265,120,98,60,57,23,239,200
89189521,0,67223.0,10,267,7.0,13.0,72,17,19,0,0,18,0,0,18,42,32,70,50,100,1,279,214,199,1,294,120,96,60,61,25,246,200
89189521,1,49809.0,12,245,9.0,16.0,35,13,12,0,0,0,1,0,9,42,32,70,50,100,1,279,214,199,1,294,120,96,60,61,25,246,200
89190009,0,93828.0,10,263,7.0,13.0,83,14,19,0,0,23,0,0,27,42,35,68,50,100,52,281,13,294,160,284,120,92,60,51,25,248,200
89190009,1,33271.0,4,106,13.0,13.0,103,0,57,0,0,0,9,0,37,42,35,68,50,100,52,281,13,294,160,284,120,92,60,51,25,248,200
89190541,0,82932.0,10,264,7.0,13.0,90,16,16,0,0,23,0,0,35,42,35,70,50,100,26,278,46,303,139,295,120,93,60,54,25,247,200
89190541,1,97076.0,13,266,9.0,11.0,117,0,46,0,0,35,6,0,30,42,35,70,50,100,26,278,46,303,139,295,120,93,60,54,25,247,200
89190558,0,12133.0,0,0,,0.0,33,12,0,0,0,21,0,0,0,41,32,70,50,100,100,281,238,361,160,321,120,101,60,45,23,247,200
89190558,1,49921.0,10,252,14.0,13.0,157,46,21,0,0,5,14,0,71,41,32,70,50,100,100,281,238,361,160,321,120,101,60,45,23,247,200
89191054,0,28279.0,5,115,15.0,0.0,93,30,10,0,0,3,9,0,41,42,35,74,50,100,82,281,236,315,160,277,120,99,60,48,25,248,200
89191054,1,42092.0,12,317,12.0,12.0,145,0,15,0,0,63,0,0,67,42,35,74,50,100,82,281,236,315,160,277,120,99,60,48,25,248,200
89191074,0,13728.0,12,200,0.0,0.0,54,1,39,0,0,1,0,0,13,42,35,66,50,100,89,284,249,349,160,297,120,95,60,51,25,250,200
89191074,1,21844.0,6,176,,0.0,82,19,29,0,0,6,8,0,20,42,35,66,50,100,89,284,249,349,160,297,120,95,60,51,25,250,200
89191563,0,79303.0,11,294,7.0,15.0,67,13,19,0,0,18,0,0,17,42,33,68,50,100,20,277,73,246,160,290,120,114,60,56,25,245,200
89191563,1,67093.0,5,126,0.0,11.0,71,12,27,0,0,1,0,0,31,42,33,68,50,100,20,277,73,246,160,290,120,114,60,56,25,245,200
89191579,0,39681.0,10,254,14.0,13.0,165,46,19,0,0,8,12,0,80,41,32,77,50,100,100,281,1,347,160,311,120,91,60,42,25,248,200
89191579,1,25156.0,4,80,19.0,0.0,116,0,53,0,0,0,0,0,63,41,32,77,50,100,100,281,1,347,160,311,120,91,60,42,25,248,200
89192095,0,58631.0,12,238,10.0,11.0,82,15,40,0,0,0,0,0,27,42,30,76,50,100,1,278,204,249,9,292,120,101,60,62,25,228,24
89192095,1,66349.0,10,261,7.0,13.0,81,14,19,0,0,22,0,0,26,42,30,76,50,100,1,278,204,249,9,292,120,101,60,62,25,228,24
89192106,0,33214.0,7,139,1.0,13.0,265,93,31,0,0,0,45,0,96,42,29,65,50,100,100,281,76,315,160,308,120,94,60,48,25,252,200
89192106,1,30588.0,2,36,,13.0,52,0,52,0,0,0,0,0,0,42,29,65,50,100,100,281,76,315,160,308,120,94,60,48,25,252,200
89192593,0,52254.0,12,331,9.0,11.0,120,35,5,0,0,3,11,0,66,42,35,69,50,100,17,277,136,212,15,322,120,91,60,52,25,250,200
89192593,1,46436.0,5,125,0.0,11.0,71,12,27,0,0,1,0,0,31,42,35,69,50,100,17,277,136,212,15,322,120,91,60,52,25,250,200
89193123,0,35926.0,4,106,13.0,13.0,102,0,60,0,0,0,8,0,34,42,35,69,50,100,80,281,1,354,160,270,120,95,60,50,25,250,200
89193123,1,38030.0,12,318,12.0,12.0,125,0,15,0,0,61,0,0,49,42,35,69,50,100,80,281,1,354,160,270,120,95,60,50,25,250,200
89193128,0,95926.0,12,245,9.0,20.0,38,13,12,0,0,0,4,0,9,42,32,67,50,100,1,280,214,253,126,286,120,98,60,60,25,247,200
89193128,1,89674.0,10,268,7.0,13.0,70,16,17,0,0,19,0,0,18,42,32,67,50,100,1,280,214,253,126,286,120,98,60,60,25,247,200
89193629,0,88559.0,8,183,0.0,21.0,167,0,51,0,0,96,0,0,20,42,32,73,50,100,46,277,1,264,160,281,120,93,60,55,25,251,200
89193629,1,70320.0,13,248,9.0,11.0,124,8,35,0,0,31,21,0,29,42,32,73,50,100,46,277,1,264,160,281,120,93,60,55,25,251,200
89193644,0,3822.0,0,0,,0.0,15,0,0,0,0,0,0,0,15,42,35,69,50,100,100,293,250,328,160,321,120,105,60,48,25,250,200
89193644,1,5073.0,5,102,,0.0,117,0,0,0,0,0,14,0,103,42,35,69,50,100,100,293,250,328,160,321,120,105,60,48,25,250,200
89193648,0,6259.0,0,0,,0.0,2,0,2,0,0,0,0,0,0,42,35,74,50,100,100,293,250,344,160,330,120,105,60,57,25,228,72
89193648,1,21970.0,5,138,20.0,0.0,0,0,0,0,0,0,0,0,0,42,35,74,50,100,100,293,250,344,160,330,120,105,60,57,25,228,72
89194126,0,32136.0,11,188,0.0,10.0,95,0,63,0,0,2,0,0,30,42,35,71,50,100,93,277,13,324,160,310,120,101,60,51,25,253,200
89194126,1,3767.0,10,100,0.0,0.0,33,0,33,0,0,0,0,0,0,42,35,71,50,100,93,277,13,324,160,310,120,101,60,51,25,253,200
89194129,0,78398.0,12,237,9.0,11.0,129,8,34,0,0,35,11,0,41,42,25,64,50,100,21,278,1,282,160,257,120,99,60,57,25,244,200
89194129,1,169762.0,13,324,0.0,19.0,185,22,18,0,0,60,18,0,67,42,25,64,50,100,21,278,1,282,160,257,120,99,60,57,25,244,200
89194135,0,99758.0,12,281,9.0,18.0,172,64,18,0,0,44,0,0,46,41,30,54,47,100,31,281,243,274,160,291,120,96,60,59,25,247,200
89194135,1,125573.0,12,245,9.0,18.0,35,13,12,0,0,0,1,0,9,41,30,54,47,100,31,281,243,274,160,291,120,96,60,59,25,247,200
89194140,0,54284.0,12,330,9.0,13.0,118,33,5,0,0,3,11,0,66,42,35,75,50,100,17,278,37,211,51,303,120,88,60,53,25,244,200
89194140,1,78363.0,12,255,9.0,11.0,126,0,54,0,0,23,6,0,43,42,35,75,50,100,17,278,37,211,51,303,120,88,60,53,25,244,200
89194645,0,27111.0,10,149,0.0,0.0,64,0,37,0,0,15,0,0,12,42,35,67,50,100,85,277,13,355,160,337,120,95,60,51,25,247,200
89194645,1,19674.0,4,106,13.0,0.0,103,0,57,0,0,0,9,0,37,42,35,67,50,100,85,277,13,355,160,337,120,95,60,51,25,247,200
89194649,0,87436.0,12,332,7.0,11.0,91,12,30,0,0,22,0,0,27,42,35,67,50,100,1,278,13,233,5,280,120,105,60,60,25,248,200
89194649,1,50125.0,12,238,10.0,11.0,71,16,29,0,0,0,0,0,26,42,35,67,50,100,1,278,13,233,5,280,120,105,60,60,25,248,200
89195185,0,76351.0,11,240,9.0,11.0,129,8,36,0,0,16,36,0,33,42,30,66,50,100,25,278,1,254,160,292,120,82,60,55,25,248,200
89195185,1,97255.0,12,288,10.0,11.0,42,6,16,0,0,20,0,0,0,42,30,66,50,100,25,278,1,254,160,292,120,82,60,55,25,248,200
89195186,0,83695.0,8,183,0.0,21.0,165,0,42,0,0,103,0,0,20,42,32,69,50,100,40,277,1,246,160,264,120,96,60,55,25,253,200
89195186,1,63782.0,12,247,9.0,11.0,123,8,35,0,0,29,25,0,26,42,32,69,50,100,40,277,1,246,160,264,120,96,60,55,25,253,200
89195188,0,90232.0,11,294,7.0,13.0,65,12,22,0,0,15,0,0,16,42,32,68,50,100,1,280,227,261,160,295,120,90,60,61,25,241,200
89195188,1,107617.0,12,245,9.0,19.0,35,13,12,0,0,0,1,0,9,42,32,68,50,100,1,280,227,261,160,295,120,90,60,61,25,241,200
89195684,0,5680.0,0,0,,0.0,2,0,2,0,0,0,0,0,0,42,35,75,50,100,100,278,226,347,160,321,120,98,60,50,25,246,200
89195684,1,26162.0,1,15,0.0,0.0,107,60,46,0,0,0,0,0,1,42,35,75,50,100,100,278,226,347,160,321,120,98,60,50,25,246,200
89195701,0,71047.0,5,125,0.0,11.0,70,12,27,0,0,1,0,0,30,42,35,64,50,100,19,277,136,249,160,309,120,95,60,51,25,250,200
89195701,1,80020.0,12,331,9.0,11.0,120,35,5,0,0,3,11,0,66,42,35,64,50,100,19,277,136,249,160,309,120,95,60,51,25,250,200
89196204,0,102217.0,12,263,9.0,11.0,117,0,56,0,0,34,2,0,25,41,35,73,50,100,56,278,46,287,160,290,120,84,60,53,25,249,200
89196204,1,88255.0,13,340,8.0,13.0,148,34,13,0,0,15,17,0,69,41,35,73,50,100,56,278,46,287,160,290,120,84,60,53,25,249,200
89196722,0,22751.0,7,203,,0.0,86,27,32,0,0,3,5,0,19,41,30,74,50,100,100,278,13,328,160,287,120,95,60,47,24,253,200
89196722,1,30410.0,8,198,7.0,11.0,111,41,39,0,0,4,5,0,22,41,30,74,50,100,100,278,13,328,160,287,120,95,60,47,24,253,200
89196739,0,9186.0,5,66,0.0,0.0,134,25,98,0,0,0,0,0,11,42,35,65,50,100,100,277,1,344,160,297,120,111,60,48,25,252,200
89196739,1,19495.0,10,116,0.0,0.0,126,0,87,0,0,2,1,0,36,42,35,65,50,100,100,277,1,344,160,297,120,111,60,48,25,252,200
89197238,0,76.0,0,0,,0.0,22,0,0,0,0,22,0,0,0,42,35,66,50,100,100,281,219,347,160,309,120,103,60,48,25,247,200
89197238,1,49070.0,7,203,,13.0,86,27,32,0,0,3,5,0,19,42,35,66,50,100,100,281,219,347,160,309,120,103,60,48,25,247,200
89197780,0,80848.0,13,338,9.0,13.0,150,32,10,0,0,15,16,0,77,42,35,68,50,100,54,277,138,284,160,296,120,81,52,47,25,246,200
89197780,1,82835.0,5,125,0.0,11.0,68,12,27,0,0,1,0,0,28,42,35,68,50,100,54,277,138,284,160,296,120,81,52,47,25,246,200
89197793,0,27977.0,5,114,15.0,0.0,91,26,10,0,0,3,12,0,40,42,32,67,50,100,89,278,165,336,160,319,120,104,60,48,25,250,200
89197793,1,34433.0,10,133,0.0,10.0,71,0,54,0,0,0,0,0,17,42,32,67,50,100,89,278,165,336,160,319,120,104,60,48,25,250,200
89198312,0,25897.0,5,112,15.0,0.0,85,28,11,0,0,3,9,0,34,42,35,71,50,100,100,281,169,324,160,302,120,99,60,45,22,250,200
89198312,1,37523.0,7,203,0.0,13.0,168,39,28,0,0,2,7,0,92,42,35,71,50,100,100,281,169,324,160,302,120,99,60,45,22,250,200
89198786,0,62462.0,12,245,9.0,17.0,34,12,12,0,0,0,0,0,10,42,31,69,50,100,1,278,183,237,1,301,120,103,60,60,22,245,200
89198786,1,70870.0,9,213,0.0,18.0,238,45,35,0,0,0,0,0,158,42,31,69,50,100,1,278,183,237,1,301,120,103,60,60,22,245,200
89199303,0,37261.0,5,125,0.0,11.0,66,12,27,0,0,1,0,0,26,42,35,69,50,100,21,277,1,233,38,279,120,96,60,55,25,247,200
89199303,1,103102.0,12,332,7.0,11.0,68,6,29,0,0,22,0,0,11,42,35,69,50,100,21,277,1,233,38,279,120,96,60,55,25,247,200
89199828,0,34497.0,6,161,,13.0,175,0,114,0,0,0,0,0,61,42,35,74,50,100,94,281,231,315,160,311,120,90,60,51,25,251,200
89199828,1,20964.0,6,176,,0.0,84,17,28,0,0,6,8,0,25,42,35,74,50,100,94,281,231,315,160,311,120,90,60,51,25,251,200
89199839,0,8684.0,5,66,0.0,0.0,155,20,95,0,0,0,0,0,40,42,35,70,50,100,100,278,1,315,160,318,120,103,60,50,25,250,200
89199839,1,19920.0,7,123,0.0,0.0,521,339,161,0,0,0,0,0,21,42,35,70,50,100,100,278,1,315,160,318,120,103,60,50,25,250,200
89199853,0,8703.0,9,214,0.0,0.0,129,51,31,0,0,0,10,0,37,42,35,62,50,114,100,278,142,354,160,314,120,91,60,47,24,250,200
89199853,1,11747.0,5,66,0.0,0.0,133,25,98,0,0,0,0,0,10,42,35,62,50,114,100,278,142,354,160,314,120,91,60,47,24,250,200
89200347,0,88617.0,14,236,9.0,16.0,118,29,35,0,0,0,0,0,54,42,26,63,50,100,11,277,10,236,1,230,120,92,60,63,25,241,112
89200347,1,115611.0,13,325,0.0,11.0,173,21,30,0,0,60,6,0,56,42,26,63,50,100,11,277,10,236,1,230,120,92,60,63,25,241,112
89200837,0,114881.0,12,304,8.0,11.0,105,33,22,0,0,12,9,0,29,42,31,66,50,100,8,278,1,267,160,295,120,92,60,55,25,238,198
89200837,1,87856.0,12,257,9.0,11.0,113,0,44,0,0,33,11,0,25,42,31,66,50,100,8,278,1,267,160,295,120,92,60,55,25,238,198
89200873,0,12995.0,7,125,13.0,0.0,199,43,23,0,0,0,30,0,103,41,30,74,50,102,100,281,183,344,160,310,120,90,60,48,25,250,200
89200873,1,44632.0,9,229,,13.0,93,27,36,0,0,4,5,0,21,41,30,74,50,102,100,281,183,344,160,310,120,90,60,48,25,250,200
89201363,0,48415.0,12,238,10.0,11.0,70,15,32,0,0,0,0,0,23,42,35,67,50,100,1,277,60,235,1,298,120,103,60,60,25,234,200
89201363,1,88140.0,12,300,10.0,10.0,75,6,16,0,0,22,0,0,31,42,35,67,50,100,1,277,60,235,1,298,120,103,60,60,25,234,200
89202383,0,66107.0,12,238,10.0,11.0,72,14,40,0,0,0,0,0,18,41,29,74,50,100,1,278,94,280,160,314,120,92,60,65,25,227,1
89202383,1,89844.0,12,284,10.0,12.0,58,20,16,0,0,22,0,0,0,41,29,74,50,100,1,278,94,280,160,314,120,92,60,65,25,227,1
89202385,0,22480.0,6,176,,0.0,80,21,27,0,0,6,10,0,16,42,35,68,50,100,100,290,250,344,160,330,120,100,60,46,24,245,200
89202385,1,11565.0,5,150,,0.0,124,32,0,0,0,0,0,0,92,42,35,68,50,100,100,290,250,344,160,330,120,100,60,46,24,245,200
89202401,0,17956.0,14,306,10.0,0.0,41,9,16,0,0,0,0,0,16,42,35,67,50,100,91,286,221,327,160,314,120,99,60,50,25,250,200
89202401,1,4950.0,5,102,,0.0,117,0,0,0,0,0,14,0,103,42,35,67,50,100,91,286,221,327,160,314,120,99,60,50,25,250,200
89202403,0,90481.0,12,245,9.0,18.0,37,13,12,0,0,0,3,0,9,42,33,70,50,100,1,281,214,256,61,308,120,88,60,61,25,235,196
89202403,1,81042.0,6,180,,10.0,20,0,11,0,0,2,0,0,7,42,33,70,50,100,1,281,214,256,61,308,120,88,60,61,25,235,196
89202407,0,77232.0,12,245,9.0,18.0,36,13,12,0,0,0,2,0,9,42,32,70,50,100,1,280,222,257,160,310,120,101,60,61,25,223,24
89202407,1,75969.0,12,309,7.0,13.0,94,20,21,0,0,19,0,0,34,42,32,70,50,100,1,280,222,257,160,310,120,101,60,61,25,223,24
89202889,0,46837.0,12,238,10.0,11.0,79,15,38,0,0,0,0,0,26,42,35,67,50,100,1,278,154,202,3,250,120,101,60,59,25,244,200
89202889,1,111050.0,15,281,9.0,14.0,169,14,21,0,0,56,0,0,78,42,35,67,50,100,1,278,154,202,3,250,120,101,60,59,25,244,200
89203394,0,89229.0,12,253,9.0,11.0,138,8,42,0,0,35,10,0,43,41,32,61,50,100,29,278,1,242,152,298,120,90,60,60,25,248,200
89203394,1,59975.0,15,376,6.0,16.0,96,2,36,0,0,0,0,0,58,41,32,61,50,100,29,278,1,242,152,298,120,90,60,60,25,248,200
89204386,0,16044.0,6,176,,0.0,90,21,29,0,0,2,12,0,26,42,33,67,50,100,100,278,176,332,160,299,120,95,60,47,24,253,200
89204386,1,28898.0,12,336,11.0,0.0,177,63,34,0,0,12,23,0,45,42,33,67,50,100,100,278,176,332,160,299,120,95,60,47,24,253,200
89204876,0,103311.0,12,323,10.0,10.0,126,2,31,0,0,83,0,0,10,42,35,64,50,100,81,277,7,354,160,284,120,96,60,48,24,247,200
89204876,1,37827.0,9,200,,10.0,95,0,16,0,0,16,0,0,63,42,35,64,50,100,81,277,7,354,160,284,120,96,60,48,24,247,200
89205408,0,100855.0,12,303,8.0,11.0,105,23,25,0,0,10,8,0,39,42,29,58,50,100,10,278,13,268,95,310,120,106,60,64,25,223,49
89205408,1,90644.0,14,249,9.0,18.0,120,30,33,0,0,0,0,0,57,42,29,58,50,100,10,278,13,268,95,310,120,106,60,64,25,223,49
89205412,0,57495.0,9,202,0.0,18.0,238,34,36,0,0,0,0,0,168,42,31,71,50,100,31,277,13,309,160,308,120,103,60,52,22,236,200
89205412,1,80747.0,5,127,0.0,11.0,72,10,23,0,0,0,0,0,39,42,31,71,50,100,31,277,13,309,160,308,120,103,60,52,22,236,200
89206404,0,61630.0,5,125,0.0,11.0,69,12,29,0,0,1,0,0,27,42,33,68,50,100,14,277,13,236,160,289,120,114,60,56,25,246,200
89206404,1,95589.0,10,270,7.0,13.0,74,16,22,0,0,19,0,0,17,42,33,68,50,100,14,277,13,236,160,289,120,114,60,56,25,246,200
89207399,0,129625.0,12,315,7.0,14.0,72,1,18,0,0,22,0,0,31,42,35,68,50,100,16,277,16,232,160,291,120,105,60,56,25,247,200
89207399,1,62112.0,5,126,0.0,11.0,72,12,27,0,0,1,0,0,32,42,35,68,50,100,16,277,16,232,160,291,120,105,60,56,25,247,200
89207416,0,93550.0,12,300,10.0,15.0,66,6,16,0,0,44,0,0,0,41,29,71,50,100,1,277,76,286,160,298,120,103,60,65,25,229,1
89207416,1,94788.0,12,237,10.0,18.0,76,15,30,0,0,0,0,0,31,41,29,71,50,100,1,277,76,286,160,298,120,103,60,65,25,229,1
89208899,0,6989.0,7,152,1.0,0.0,266,61,19,0,0,0,79,0,107,42,30,67,50,101,73,278,191,322,160,315,120,84,60,49,23,242,200
89208899,1,55223.0,14,272,7.0,11.0,201,66,29,0,0,28,0,0,78,42,30,67,50,101,73,278,191,322,160,315,120,84,60,49,23,242,200
89208906,0,98746.0,13,238,9.0,18.0,127,50,33,0,0,0,0,0,44,41,31,61,50,100,18,277,10,272,114,314,120,96,60,63,25,232,49
89208906,1,89822.0,10,264,7.0,13.0,87,17,21,0,0,21,0,0,28,41,31,61,50,100,18,277,10,272,114,314,120,96,60,63,25,232,49
89208922,0,11789.0,10,170,0.0,0.0,33,0,33,0,0,0,0,0,0,42,35,70,50,100,100,281,19,339,160,308,120,109,60,50,25,252,200
89208922,1,20128.0,2,60,13.0,0.0,48,0,30,0,0,8,0,0,10,42,35,70,50,100,100,281,19,339,160,308,120,109,60,50,25,252,200
89208924,0,71773.0,11,238,9.0,11.0,119,8,34,0,0,38,13,0,26,42,35,59,47,100,52,277,1,312,160,241,120,93,60,47,25,250,200
89208924,1,72065.0,12,312,10.0,10.0,219,8,45,0,0,54,0,0,112,42,35,59,47,100,52,277,1,312,160,241,120,93,60,47,25,250,200
89209399,0,62546.0,10,259,7.0,13.0,71,16,20,0,0,18,0,0,17,42,35,73,50,100,1,278,142,253,9,331,120,105,60,63,25,223,1
89209399,1,59282.0,12,238,10.0,11.0,76,15,37,0,0,0,0,0,24,42,35,73,50,100,1,278,142,253,9,331,120,105,60,63,25,223,1
89209920,0,26318.0,7,146,1.0,0.0,309,95,17,0,0,0,73,0,124,41,28,65,50,102,100,281,173,342,160,297,120,95,60,47,25,251,200
89209920,1,50111.0,4,116,10.0,13.0,41,0,28,0,0,0,0,0,13,41,28,65,50,102,100,281,173,342,160,297,120,95,60,47,25,251,200
89210400,0,31014.0,6,163,,11.0,196,0,133,0,0,0,0,0,63,42,35,67,50,100,94,278,13,328,160,308,120,105,60,50,25,253,200
89210400,1,19751.0,4,106,13.0,0.0,98,0,60,0,0,0,9,0,29,42,35,67,50,100,94,278,13,328,160,308,120,105,60,50,25,253,200
89210427,0,83502.0,13,249,9.0,17.0,122,8,35,0,0,38,8,0,33,42,32,66,50,100,47,277,1,314,160,283,120,93,60,54,25,246,200
89210427,1,102710.0,12,310,10.0,10.0,131,1,32,0,0,86,0,0,12,42,32,66,50,100,47,277,1,314,160,283,120,93,60,54,25,246,200
89210915,0,78929.0,10,261,7.0,13.0,88,19,22,0,0,17,0,0,30,41,31,63,50,100,20,277,51,216,22,325,120,105,60,63,25,234,172
89210915,1,78444.0,14,234,9.0,18.0,103,29,35,0,0,0,0,0,39,41,31,63,50,100,20,277,51,216,22,325,120,105,60,63,25,234,172
89210924,0,68153.0,13,252,9.0,11.0,152,8,35,0,0,40,21,0,48,42,35,57,47,100,55,277,1,318,160,258,120,100,60,50,25,246,200
89210924,1,91531.0,12,311,10.0,10.0,168,4,33,0,0,69,0,0,62,42,35,57,47,100,55,277,1,318,160,258,120,100,60,50,25,246,200
89211429,0,21445.0,7,146,1.0,0.0,324,136,17,0,0,0,61,0,110,42,28,69,50,102,100,280,43,336,160,314,120,89,60,46,22,247,200
89211429,1,35526.0,2,41,12.0,12.0,52,5,47,0,0,0,0,0,0,42,28,69,50,102,100,280,43,336,160,314,120,89,60,46,22,247,200
89211915,0,40772.0,12,238,10.0,11.0,77,15,35,0,0,0,0,0,27,42,35,71,50,100,1,278,144,223,1,265,120,105,60,62,25,227,11
89211915,1,108179.0,13,310,8.0,12.0,128,0,21,0,0,49,0,0,58,42,35,71,50,100,1,278,144,223,1,265,120,105,60,62,25,227,11
89211926,0,88440.0,10,266,7.0,13.0,72,16,21,0,0,19,0,0,16,41,31,61,50,100,16,278,13,257,139,294,120,107,60,64,25,235,195
89211926,1,115438.0,14,243,9.0,17.0,122,36,34,0,0,0,0,0,52,41,31,61,50,100,16,278,13,257,139,294,120,107,60,64,25,235,195
89212928,0,26342.0,7,184,0.0,0.0,50,0,50,0,0,0,0,0,0,42,35,74,50,100,100,281,13,328,160,314,120,94,60,51,25,248,200
89212928,1,17148.0,10,170,0.0,0.0,34,0,34,0,0,0,0,0,0,42,35,74,50,100,100,281,13,328,160,314,120,94,60,51,25,248,200
89213421,0,7204.0,7,145,1.0,0.0,265,85,26,0,0,0,50,0,104,41,30,69,50,104,100,281,1,361,160,327,120,100,60,48,24,246,200
89213421,1,13214.0,10,222,13.0,0.0,190,0,190,0,0,0,0,0,0,41,30,69,50,104,100,281,1,361,160,327,120,100,60,48,24,246,200
89213937,0,99241.0,10,270,7.0,13.0,89,17,21,0,0,20,0,0,31,42,34,59,50,100,16,277,70,252,160,320,120,107,60,62,25,234,49
89213937,1,100788.0,14,235,6.0,17.0,151,58,32,0,0,0,0,0,61,42,34,59,50,100,16,277,70,252,160,320,120,107,60,62,25,234,49
89215922,0,65151.0,13,238,9.0,18.0,123,41,36,0,0,0,0,0,46,42,31,59,50,100,11,278,1,249,5,325,120,98,60,63,25,223,49
89215922,1,70494.0,10,275,7.0,13.0,70,15,22,0,0,17,0,0,16,42,31,59,50,100,11,278,1,249,5,325,120,98,60,63,25,223,49
89215945,0,107513.0,14,223,9.0,18.0,107,35,32,0,0,0,0,0,40,42,35,58,50,100,23,277,106,244,160,283,120,101,60,59,25,237,174
89215945,1,91151.0,10,265,7.0,13.0,87,20,15,0,0,21,0,0,31,42,35,58,50,100,23,277,106,244,160,283,120,101,60,59,25,237,174
89216437,0,75596.0,12,300,10.0,12.0,77,6,16,0,0,39,0,0,16,42,30,62,50,100,28,277,84,243,5,314,120,90,60,64,25,225,31
89216437,1,59583.0,14,240,9.0,18.0,121,38,34,0,0,0,0,0,49,42,30,62,50,100,28,277,84,243,5,314,120,90,60,64,25,225,31
89216922,0,21699.0,7,107,1.0,0.0,261,90,53,0,0,0,33,0,85,41,30,66,50,102,100,287,250,354,160,287,120,89,60,47,25,253,200
89216922,1,33287.0,10,162,0.0,24.0,90,0,0,0,0,90,0,0,0,41,30,66,50,102,100,287,250,354,160,287,120,89,60,47,25,253,200
89216927,0,81910.0,13,255,9.0,11.0,114,0,47,0,0,21,16,0,30,42,35,68,50,100,15,278,76,269,160,317,120,100,60,57,25,244,200
89216927,1,97729.0,10,267,7.0,13.0,73,15,22,0,0,18,0,0,18,42,35,68,50,100,15,278,76,269,160,317,120,100,60,57,25,244,200
89216945,0,3000.0,0,0,,0.0,0,0,0,0,0,0,0,0,0,42,35,69,50,100,100,293,250,347,160,314,120,95,60,49,25,251,200
89216945,1,931.0,5,101,,0.0,138,130,0,0,0,0,8,0,0,42,35,69,50,100,100,293,250,347,160,314,120,95,60,49,25,251,200
89216949,0,73690.0,12,252,9.0,17.0,121,8,36,0,0,34,16,0,27,42,32,60,50,100,44,277,1,294,160,241,120,92,60,48,25,252,200
89216949,1,74114.0,12,314,10.0,10.0,233,11,43,0,0,51,0,0,128,42,32,60,50,100,44,277,1,294,160,241,120,92,60,48,25,252,200
89217428,0,29545.0,7,203,,0.0,86,27,32,0,0,3,5,0,19,42,35,66,50,100,35,278,19,284,160,306,120,96,60,54,25,247,200
89217428,1,92562.0,10,224,12.0,11.0,18,0,18,0,0,0,0,0,0,42,35,66,50,100,35,278,19,284,160,306,120,96,60,54,25,247,200
89217430,0,62669.0,12,300,10.0,11.0,79,6,16,0,0,39,0,0,18,42,31,66,50,100,1,277,86,268,7,299,120,105,60,64,25,227,1
89217430,1,60208.0,12,238,10.0,11.0,73,15,35,0,0,0,0,0,23,42,31,66,50,100,1,277,86,268,7,299,120,105,60,64,25,227,1
89218949,0,3336.0,5,102,,0.0,117,0,0,0,0,0,14,0,103,42,35,69,50,100,100,292,250,340,160,280,120,67,43,46,22,253,200
89218949,1,14042.0,10,240,0.0,0.0,98,0,6,0,0,8,70,0,14,42,35,69,50,100,100,292,250,340,160,280,120,67,43,46,22,253,200
89219428,0,22717.0,6,176,,0.0,90,25,29,0,0,4,10,0,22,42,35,70,50,100,100,290,250,347,160,302,120,107,60,49,25,246,200
89219428,1,7337.0,0,0,,0.0,63,0,0,0,0,0,0,0,63,42,35,70,50,100,100,290,250,347,160,302,120,107,60,49,25,246,200
89219429,0,3698.0,5,102,,0.0,117,0,0,0,0,0,14,0,103,42,35,70,50,100,100,292,250,351,160,318,120,86,60,45,22,247,200
89219429,1,11005.0,2,23,,0.0,107,0,5,0,0,0,0,0,102,42,35,70,50,100,100,292,250,351,160,318,120,86,60,45,22,247,200
89219447,0,35562.0,6,106,16.0,12.0,71,0,48,0,0,0,0,0,23,42,31,64,50,101,100,281,1,340,160,304,120,83,60,45,23,250,200
89219447,1,25777.0,7,137,1.0,0.0,289,152,19,0,0,0,42,0,76,42,31,64,50,101,100,281,1,340,160,304,120,83,60,45,23,250,200
89220960,0,98544.0,8,185,0.0,21.0,157,0,33,0,0,104,0,0,20,42,32,59,50,100,28,277,54,269,160,280,120,92,60,60,25,240,200
89220960,1,113186.0,14,232,9.0,17.0,123,48,33,0,0,0,0,0,42,42,32,59,50,100,28,277,54,269,160,280,120,92,60,60,25,240,200
89220962,0,82424.0,10,270,7.0,13.0,79,16,16,0,0,22,0,0,25,42,35,73,50,100,1,278,148,201,7,287,120,90,60,59,25,241,200
89220962,1,51681.0,12,238,10.0,11.0,74,15,32,0,0,0,0,0,27,42,35,73,50,100,1,278,148,201,7,287,120,90,60,59,25,241,200
89220972,0,48946.0,7,203,,13.0,86,27,32,0,0,3,5,0,19,42,35,73,50,100,100,281,219,336,160,302,120,90,60,47,25,250,200
89220972,1,11299.0,0,0,,0.0,33,12,0,0,0,21,0,0,0,42,35,73,50,100,100,281,219,336,160,302,120,90,60,47,25,250,200
89221449,0,114388.0,13,276,6.0,13.0,137,60,27,0,0,0,0,0,50,42,35,68,50,100,43,277,13,270,160,310,120,103,60,56,25,227,121
89221449,1,22018.0,7,203,,0.0,86,27,32,0,0,3,5,0,19,42,35,68,50,100,43,277,13,270,160,310,120,103,60,56,25,227,121
89221456,0,18649.0,10,170,0.0,0.0,33,0,33,0,0,0,0,0,0,42,35,71,50,100,100,279,76,340,160,330,120,98,60,50,25,246,200
89221456,1,22222.0,10,166,0.0,0.0,72,0,71,0,0,0,0,0,1,42,35,71,50,100,100,279,76,340,160,330,120,98,60,50,25,246,200
89221464,0,5155.0,4,100,10.0,0.0,72,0,0,0,0,0,72,0,0,42,35,64,50,100,100,293,250,336,160,311,120,87,60,45,23,253,200
89221464,1,6603.0,0,0,,0.0,64,0,0,0,0,0,0,0,64,42,35,64,50,100,100,293,250,336,160,311,120,87,60,45,23,253,200
89222478,0,14661.0,5,66,0.0,0.0,173,21,98,0,0,0,0,0,54,42,35,74,50,100,100,280,219,344,160,306,120,95,60,49,25,248,200
89222478,1,15908.0,8,148,18.0,0.0,49,11,6,0,0,3,9,0,20,42,35,74,50,100,100,280,219,344,160,306,120,95,60,49,25,248,200
89222985,0,50611.0,9,200,,10.0,95,0,16,0,0,16,0,0,63,42,35,71,50,100,69,278,197,326,160,312,120,100,60,51,25,247,200
89222985,1,66476.0,10,199,9.0,20.0,106,23,26,0,0,4,28,0,25,42,35,71,50,100,69,278,197,326,160,312,120,100,60,51,25,247,200
89223962,0,64444.0,5,127,0.0,11.0,69,11,24,0,0,0,0,0,34,42,33,66,50,100,27,277,89,276,13,308,120,107,60,54,22,251,200
89223962,1,75587.0,8,182,0.0,14.0,109,5,12,0,0,0,0,0,92,42,33,66,50,100,27,277,89,276,13,308,120,107,60,54,22,251,200
89224971,0,32301.0,5,112,16.0,8.0,89,27,12,0,0,2,8,0,40,42,32,64,50,100,100,287,250,351,160,296,120,103,60,47,25,252,200
89224971,1,2332.0,1,30,,0.0,46,0,0,0,0,0,0,0,46,42,32,64,50,100,100,287,250,351,160,296,120,103,60,47,25,252,200
89224980,0,79737.0,13,274,9.0,11.0,142,0,49,0,0,38,16,0,39,42,35,66,50,100,6,278,1,270,160,293,120,86,60,55,25,245,200
89224980,1,66020.0,11,235,11.0,11.0,21,0,21,0,0,0,0,0,0,42,35,66,50,100,6,278,1,270,160,293,120,86,60,55,25,245,200
89224984,0,26377.0,5,114,15.0,0.0,89,30,10,0,0,3,10,0,36,42,35,70,50,100,100,281,232,351,160,305,120,92,60,44,22,247,200
89224984,1,35686.0,8,240,13.0,12.0,159,68,31,0,0,4,11,0,45,42,35,70,50,100,100,281,232,351,160,305,120,92,60,44,22,247,200
89225992,0,52912.0,7,203,0.0,11.0,166,33,26,0,0,3,7,0,97,41,29,61,50,100,91,278,13,361,160,309,120,95,60,42,22,252,200
89225992,1,19868.0,7,203,,0.0,86,27,32,0,0,3,5,0,19,41,29,61,50,100,91,278,13,361,160,309,120,95,60,42,22,252,200
89226494,0,7529.0,5,66,0.0,0.0,325,33,208,0,0,0,0,0,84,41,35,75,50,100,100,278,146,354,160,314,120,98,60,48,25,248,200
89226494,1,32075.0,3,90,,11.0,114,0,48,0,0,0,0,0,66,41,35,75,50,100,100,278,146,354,160,314,120,98,60,48,25,248,200
89227513,0,54711.0,12,238,10.0,11.0,79,15,35,0,0,0,0,0,29,42,31,75,50,100,1,277,86,245,30,291,120,90,60,64,25,227,1
89227513,1,61859.0,12,300,10.0,11.0,66,6,16,0,0,44,0,0,0,42,31,75,50,100,1,277,86,245,30,291,120,90,60,64,25,227,1
89228004,0,45738.0,12,341,11.0,11.0,111,0,26,0,0,24,0,0,61,42,35,69,50,100,16,278,1,196,17,289,120,96,60,55,25,249,200
89228004,1,65996.0,13,264,9.0,11.0,145,8,53,0,0,33,23,0,28,42,35,69,50,100,16,278,1,196,17,289,120,96,60,55,25,249,200
89228528,0,33265.0,8,232,0.0,10.0,326,0,28,0,0,0,0,0,298,42,35,68,50,100,100,281,1,324,160,323,120,101,60,30,20,252,200
89228528,1,33315.0,7,203,,13.0,86,27,32,0,0,3,5,0,19,42,35,68,50,100,100,281,1,324,160,323,120,101,60,30,20,252,200
89231090,0,64217.0,8,232,0.0,17.0,188,0,28,0,0,0,0,0,160,42,35,69,50,100,76,278,113,351,160,306,120,101,60,34,21,243,200
89231090,1,45612.0,9,200,,10.0,95,0,16,0,0,16,0,0,63,42,35,69,50,100,76,278,113,351,160,306,120,101,60,34,21,243,200
89231103,0,85157.0,9,269,0.0,13.0,133,5,16,0,0,33,0,0,79,42,32,73,50,100,3,278,1,239,99,294,120,90,60,53,22,247,200
89231103,1,82747.0,12,248,9.0,11.0,123,8,39,0,0,35,11,0,30,42,32,73,50,100,3,278,1,239,99,294,120,90,60,53,22,247,200
89231595,0,21297.0,7,203,,0.0,86,27,32,0,0,3,5,0,19,42,35,68,50,100,75,280,1,331,160,332,120,103,60,41,22,243,200
89231595,1,72051.0,8,232,0.0,12.0,200,0,28,0,0,0,0,0,172,42,35,68,50,100,75,280,1,331,160,332,120,103,60,41,22,243,200
89231600,0,16644.0,5,66,0.0,0.0,154,32,99,0,0,0,0,0,23,42,35,65,50,100,100,284,241,340,160,294,120,103,60,48,25,252,200
89231600,1,493.0,10,96,0.0,0.0,230,0,0,0,230,0,0,0,0,42,35,65,50,100,100,284,241,340,160,294,120,103,60,48,25,252,200
89231613,0,23163.0,10,201,14.0,0.0,59,0,59,0,0,0,0,0,0,42,35,71,50,100,100,281,65,311,160,304,120,105,60,50,25,250,200
89231613,1,14743.0,10,170,0.0,0.0,33,0,33,0,0,0,0,0,0,42,35,71,50,100,100,281,65,311,160,304,120,105,60,50,25,250,200
89232622,0,128590.0,12,320,7.0,11.0,103,14,17,0,0,39,0,0,33,41,32,74,50,100,45,278,34,305,160,279,120,88,60,52,25,249,200
89232622,1,31813.0,7,203,,13.0,91,26,35,0,0,4,6,0,20,41,32,74,50,100,45,278,34,305,160,279,120,88,60,52,25,249,200
89232639,0,49832.0,9,200,,10.0,95,0,16,0,0,16,0,0,63,42,34,68,50,100,100,283,204,265,160,302,120,88,60,54,25,248,200
89232639,1,72790.0,10,217,10.0,18.0,15,14,0,0,0,1,0,0,0,42,34,68,50,100,100,283,204,265,160,302,120,88,60,54,25,248,200
89232650,0,26380.0,10,201,14.0,0.0,59,0,59,0,0,0,0,0,0,42,35,68,50,100,100,281,225,347,160,324,120,92,60,49,25,253,200
89232650,1,20043.0,6,176,,0.0,87,19,28,0,0,6,8,0,26,42,35,68,50,100,100,281,225,347,160,324,120,92,60,49,25,253,200
89233162,0,57984.0,8,232,0.0,13.0,188,0,28,0,0,0,0,0,160,42,32,66,50,100,42,278,1,306,160,298,120,90,60,44,23,251,200
89233162,1,89226.0,12,247,9.0,11.0,110,8,48,0,0,35,12,0,7,42,32,66,50,100,42,278,1,306,160,298,120,90,60,44,23,251,200
89233670,0,114822.0,14,239,9.0,16.0,122,41,33,0,0,0,0,0,48,41,30,62,50,100,12,277,104,248,160,272,120,98,60,62,25,243,200
89233670,1,118561.0,12,300,10.0,10.0,71,6,16,0,0,22,0,0,27,41,30,62,50,100,12,277,104,248,160,272,120,98,60,62,25,243,200
89234700,0,79935.0,5,127,0.0,11.0,68,11,24,0,0,0,0,0,33,41,33,77,50,100,61,277,7,284,160,311,120,92,60,53,25,248,200
89234700,1,16110.0,8,240,,0.0,108,58,50,0,0,0,0,0,0,41,33,77,50,100,61,277,7,284,160,311,120,92,60,53,25,248,200
89235702,0,112349.0,10,262,7.0,14.0,74,16,21,0,0,20,0,0,17,41,35,74,50,100,48,278,111,318,160,305,120,103,60,52,25,240,200
89235702,1,50111.0,9,200,,10.0,95,0,16,0,0,16,0,0,63,41,35,74,50,100,48,278,111,318,160,305,120,103,60,52,25,240,200
89235707,0,24250.0,7,106,1.0,0.0,259,86,41,0,0,0,41,0,91,42,30,65,50,101,100,287,250,354,160,336,120,97,60,48,25,246,200
89235707,1,482.0,10,88,0.0,0.0,207,0,0,0,207,0,0,0,0,42,30,65,50,101,100,287,250,354,160,336,120,97,60,48,25,246,200
89236728,0,102726.0,8,232,11.0,12.0,140,0,28,0,0,0,0,0,112,41,35,70,50,100,67,280,198,331,160,318,120,88,60,47,25,250,200
89236728,1,19167.0,6,176,,0.0,80,24,29,0,0,6,8,0,13,41,35,70,50,100,67,280,198,331,160,318,120,88,60,47,25,250,200
89236749,0,75860.0,11,267,9.0,18.0,137,39,15,0,0,33,0,0,50,42,30,66,50,100,65,278,70,266,135,244,120,84,60,53,25,251,200
89236749,1,73982.0,13,276,9.0,11.0,145,8,64,0,0,34,17,0,22,42,30,66,50,100,65,278,70,266,135,244,120,84,60,53,25,251,200
89237247,0,58613.0,13,224,9.0,12.0,115,25,35,0,0,0,0,0,55,42,34,63,50,100,4,277,22,243,26,288,120,95,60,63,25,223,1
89237247,1,77798.0,12,327,4.0,11.0,118,38,28,0,0,11,10,0,31,42,34,63,50,100,4,277,22,243,26,288,120,95,60,63,25,223,1
89237262,0,104312.0,8,188,0.0,14.0,122,2,12,0,0,0,0,0,108,42,32,69,50,100,37,277,4,279,160,304,120,90,60,53,23,244,200
89237262,1,79399.0,13,241,9.0,11.0,118,8,43,0,0,19,24,0,24,42,32,69,50,100,37,277,4,279,160,304,120,90,60,53,23,244,200
89237765,0,74688.0,5,127,0.0,11.0,70,10,25,0,0,0,0,0,35,42,30,68,50,100,22,277,101,254,160,290,120,101,60,49,25,251,200
89237765,1,84319.0,10,276,7.0,13.0,137,32,26,0,0,0,0,0,79,42,30,68,50,100,22,277,101,254,160,290,120,101,60,49,25,251,200
89238251,0,49676.0,9,200,,10.0,95,0,16,0,0,16,0,0,63,42,35,76,50,100,100,283,204,336,160,316,120,98,60,48,23,250,200
89238251,1,2740.0,2,60,,0.0,689,0,0,0,0,0,0,689,0,42,35,76,50,100,100,283,204,336,160,316,120,98,60,48,23,250,200
89238256,0,71261.0,12,259,9.0,11.0,123,8,41,0,0,34,13,0,27,42,35,68,50,100,22,277,1,228,49,308,120,100,60,56,25,244,199
89238256,1,86510.0,13,276,6.0,13.0,186,11,22,0,0,0,0,0,153,42,35,68,50,100,22,277,1,228,49,308,120,100,60,56,25,244,199
89238273,0,70770.0,14,264,9.0,11.0,137,0,46,0,0,21,36,0,34,42,35,73,50,100,18,278,60,271,160,299,120,87,60,58,25,235,181
89238273,1,97600.0,10,256,7.0,13.0,73,15,21,0,0,21,0,0,16,42,35,73,50,100,18,278,60,271,160,299,120,87,60,58,25,235,181
89239266,0,2740.0,2,60,,0.0,689,0,0,0,0,0,0,689,0,42,35,68,50,100,100,293,250,340,160,297,120,96,60,48,25,253,200
89239266,1,6259.0,0,0,,0.0,2,0,2,0,0,0,0,0,0,42,35,68,50,100,100,293,250,340,160,297,120,96,60,48,25,253,200
89239281,0,76775.0,13,294,0.0,10.0,329,0,39,0,0,0,0,0,290,41,35,69,50,100,65,277,1,320,160,288,120,105,60,45,21,251,200
89239281,1,37443.0,9,200,,10.0,95,0,16,0,0,16,0,0,63,41,35,69,50,100,65,277,1,320,160,288,120,105,60,45,21,251,200
89239287,0,75605.0,11,237,11.0,11.0,119,0,33,0,0,14,32,0,40,42,35,77,50,100,20,278,1,258,116,283,120,83,60,55,25,241,200
89239287,1,79126.0,10,255,7.0,13.0,71,15,22,0,0,16,0,0,18,42,35,77,50,100,20,278,1,258,116,283,120,83,60,55,25,241,200
89239786,0,61785.0,14,244,8.0,12.0,129,39,37,0,0,0,0,0,53,42,31,56,50,100,27,277,13,240,105,301,120,105,60,61,25,239,1
89239786,1,95579.0,13,268,6.0,13.0,180,12,28,0,0,0,0,0,140,42,31,56,50,100,27,277,13,240,105,301,120,105,60,61,25,239,1
89242350,0,91844.0,15,306,10.0,11.0,65,4,20,0,0,33,2,0,6,42,35,64,50,100,1,278,120,260,5,283,120,112,60,63,25,239,200
89242350,1,80594.0,12,238,10.0,11.0,69,15,31,0,0,0,0,0,23,42,35,64,50,100,1,278,120,260,5,283,120,112,60,63,25,239,200
89242873,0,4548.0,4,100,10.0,0.0,74,0,0,0,0,0,74,0,0,42,30,74,50,100,100,278,162,320,160,324,120,84,52,53,25,244,200
89242873,1,4140.0,14,284,0.0,0.0,78,13,42,0,0,23,0,0,0,42,30,74,50,100,100,278,162,320,160,324,120,84,52,53,25,244,200
89243381,0,71547.0,8,232,12.0,12.0,132,0,28,0,0,0,0,0,104,42,33,71,50,100,26,277,1,267,160,314,120,109,60,53,25,239,199
89243381,1,81914.0,5,127,0.0,11.0,66,11,24,0,0,0,0,0,31,42,33,71,50,100,26,277,1,267,160,314,120,109,60,53,25,239,199
89245427,0,110411.0,12,321,7.0,11.0,103,10,19,0,0,38,0,0,36,41,32,62,50,100,13,278,62,249,49,300,120,94,60,62,25,237,172
89245427,1,81171.0,14,247,9.0,17.0,115,27,33,0,0,0,0,0,55,41,32,62,50,100,13,278,62,249,49,300,120,94,60,62,25,237,172
89247474,0,141008.0,11,278,9.0,15.0,71,0,8,0,0,55,0,0,8,42,35,65,50,100,29,278,86,246,160,217,55,105,60,58,25,249,200
89247474,1,73738.0,13,261,9.0,11.0,113,0,51,0,0,36,5,0,21,42,35,65,50,100,29,278,86,246,160,217,55,105,60,58,25,249,200
89248505,0,66836.0,13,254,9.0,11.0,117,0,52,0,0,18,20,0,27,41,35,77,50,100,26,278,68,240,152,292,120,90,60,58,25,248,200
89248505,1,89531.0,10,246,7.0,13.0,67,13,22,0,0,19,0,0,13,41,35,77,50,100,26,278,68,240,152,292,120,90,60,58,25,248,200
89249009,0,122151.0,12,303,6.0,15.0,106,2,23,0,0,43,10,0,28,42,35,60,50,100,19,278,1,268,160,284,120,91,60,59,25,241,197
89249009,1,78763.0,12,263,9.0,11.0,128,0,35,0,0,37,11,0,45,42,35,60,50,100,19,278,1,268,160,284,120,91,60,59,25,241,197
89249521,0,58882.0,12,238,10.0,11.0,71,16,29,0,0,0,0,0,26,42,30,73,50,100,1,278,173,219,1,297,120,98,60,63,25,248,200
89249521,1,41561.0,10,247,7.0,13.0,66,12,20,0,0,18,0,0,16,42,30,73,50,100,1,278,173,219,1,297,120,98,60,63,25,248,200
89249535,0,97754.0,12,256,9.0,11.0,116,0,47,0,0,37,7,0,25,42,32,60,49,100,2,278,1,256,160,314,120,93,60,56,25,245,200
89249535,1,79794.0,11,307,10.0,12.0,90,15,26,0,0,0,0,0,49,42,32,60,49,100,2,278,1,256,160,314,120,93,60,56,25,245,200
89250042,0,34169.0,5,112,14.0,8.0,93,34,13,0,0,2,7,0,37,42,33,65,49,100,96,286,250,327,160,302,120,96,60,45,25,253,200
89250042,1,3735.0,12,130,0.0,0.0,137,1,1,0,0,8,26,0,101,42,33,65,49,100,96,286,250,327,160,302,120,96,60,45,25,253,200
89250535,0,92761.0,12,319,7.0,11.0,107,11,18,0,0,38,0,0,40,42,35,69,50,100,1,278,144,223,1,282,120,107,60,61,25,240,200
89250535,1,53738.0,12,238,10.0,11.0,75,15,36,0,0,0,0,0,24,42,35,69,50,100,1,278,144,223,1,282,120,107,60,61,25,240,200
89251562,0,96650.0,14,237,10.0,16.0,124,39,35,0,0,0,0,0,50,42,29,60,50,100,3,277,1,259,87,304,120,89,60,62,25,238,88
89251562,1,112391.0,13,319,8.0,11.0,113,32,30,0,0,10,10,0,31,42,29,60,50,100,3,277,1,259,87,304,120,89,60,62,25,238,88
89251579,0,78750.0,10,282,7.0,13.0,112,8,27,0,0,21,0,0,56,42,33,63,50,100,24,277,60,260,160,306,120,96,60,59,25,223,37
89251579,1,59999.0,13,224,10.0,11.0,119,43,33,0,0,0,0,0,43,42,33,63,50,100,24,277,60,260,160,306,120,96,60,59,25,223,37
89254629,0,15873.0,7,113,1.0,0.0,261,78,42,0,0,0,37,0,104,42,30,64,48,103,100,289,250,340,160,308,120,92,60,51,25,248,200
89254629,1,4610.0,1,29,0.0,0.0,0,0,0,0,0,0,0,0,0,42,30,64,48,103,100,289,250,340,160,308,120,92,60,51,25,248,200
89256690,0,22883.0,4,120,,0.0,101,0,86,0,0,3,7,0,5,42,35,70,50,100,100,278,200,311,160,320,120,99,60,51,25,250,200
89256690,1,13224.0,5,66,0.0,0.0,204,30,157,0,0,0,0,0,17,42,35,70,50,100,100,278,200,311,160,320,120,99,60,51,25,250,200
89257705,0,82949.0,10,242,0.0,13.0,171,10,21,0,0,0,0,0,140,42,33,69,50,100,1,277,108,272,15,327,120,101,60,60,22,223,1
89257705,1,64999.0,12,238,10.0,11.0,76,15,34,0,0,0,0,0,27,42,33,69,50,100,1,277,108,272,15,327,120,101,60,60,22,223,1
89257707,0,20970.0,5,66,0.0,0.0,138,22,96,0,0,0,0,0,20,41,35,76,50,100,100,278,194,340,160,285,120,84,60,46,25,250,200
89257707,1,46085.0,8,186,0.0,13.0,770,87,241,0,0,44,43,0,355,41,35,76,50,100,100,278,194,340,160,285,120,84,60,46,25,250,200
89258224,0,1607.0,2,45,0.0,0.0,99,0,0,0,0,0,99,0,0,42,35,66,50,100,100,293,250,351,160,318,120,77,53,47,25,251,200
89258224,1,0.0,11,26,,,2,2,0,0,0,0,0,0,0,42,35,66,50,100,100,293,250,351,160,318,120,77,53,47,25,251,200
89258709,0,70944.0,5,127,0.0,11.0,72,10,23,0,0,0,0,0,39,42,31,64,50,100,9,277,1,282,160,290,120,105,60,54,25,249,200
89258709,1,111736.0,12,315,7.0,11.0,101,10,18,0,0,38,0,0,35,42,31,64,50,100,9,277,1,282,160,290,120,105,60,54,25,249,200
89259233,0,114723.0,12,318,7.0,11.0,102,12,17,0,0,39,0,0,34,41,35,69,50,100,19,278,1,306,160,275,120,92,60,54,25,247,200
89259233,1,89165.0,13,262,9.0,11.0,140,0,47,0,0,41,24,0,28,41,35,69,50,100,19,278,1,306,160,275,120,92,60,54,25,247,200
89259236,0,46735.0,12,238,10.0,11.0,74,15,36,0,0,0,0,0,23,42,35,75,50,100,1,278,34,201,3,300,120,101,60,60,25,243,200
89259236,1,69264.0,12,322,5.0,13.0,119,10,27,0,0,25,0,0,57,42,35,75,50,100,1,278,34,201,3,300,120,101,60,60,25,243,200
89260791,0,91426.0,12,322,7.0,11.0,101,9,19,0,0,38,0,0,35,42,32,67,50,100,9,277,81,226,51,296,120,92,60,62,25,223,1
89260791,1,59429.0,14,238,9.0,17.0,121,33,34,0,0,0,0,0,54,42,32,67,50,100,9,277,81,226,51,296,120,92,60,62,25,223,1
89260793,0,93212.0,12,322,7.0,11.0,102,11,19,0,0,38,0,0,34,42,35,60,50,100,8,277,37,211,63,296,120,98,60,62,25,223,37
89260793,1,52484.0,14,234,9.0,17.0,106,34,35,0,0,0,0,0,37,42,35,60,50,100,8,277,37,211,63,296,120,98,60,62,25,223,37
89260794,0,89196.0,14,231,9.0,18.0,113,39,33,0,0,0,0,0,41,42,35,62,50,100,14,277,28,202,131,285,120,109,60,62,25,239,200
89260794,1,104014.0,12,321,7.0,11.0,101,9,19,0,0,38,0,0,35,42,35,62,50,100,14,277,28,202,131,285,120,109,60,62,25,239,200
89262333,0,67454.0,13,233,9.0,16.0,121,48,34,0,0,0,0,0,39,42,32,64,50,100,40,277,54,225,55,245,120,105,60,61,25,233,185
89262333,1,98386.0,12,301,10.0,13.0,122,12,28,0,0,45,0,0,37,42,32,64,50,100,40,277,54,225,55,245,120,105,60,61,25,233,185
89262342,0,78898.0,11,258,0.0,10.0,211,0,27,0,0,33,0,0,151,42,32,67,50,100,61,277,1,273,160,257,120,99,60,55,25,250,200
89262342,1,86180.0,12,255,9.0,11.0,105,8,46,0,0,35,8,0,8,42,32,67,50,100,61,277,1,273,160,257,120,99,60,55,25,250,200
89262344,0,29824.0,4,99,12.0,0.0,392,0,35,0,0,128,32,0,197,42,29,65,50,101,100,278,131,332,160,320,120,87,60,46,23,250,200
89262344,1,39881.0,7,140,1.0,13.0,261,157,31,0,0,0,25,0,48,42,29,65,50,101,100,278,131,332,160,320,120,87,60,46,23,250,200
89262861,0,77528.0,12,331,7.0,11.0,138,28,24,0,0,23,0,0,63,41,32,77,50,100,1,278,51,246,9,287,120,96,60,59,25,225,1
89262861,1,63379.0,12,238,10.0,11.0,71,16,29,0,0,0,0,0,26,41,32,77,50,100,1,278,51,246,9,287,120,96,60,59,25,225,1
89262865,0,78547.0,12,249,9.0,11.0,127,7,46,0,0,20,18,0,36,41,33,71,50,100,25,278,1,293,160,298,120,92,60,54,25,243,200
89262865,1,98668.0,12,321,5.0,13.0,128,11,27,0,0,28,0,0,62,41,33,71,50,100,25,278,1,293,160,298,120,92,60,54,25,243,200
89263901,0,89715.0,12,238,10.0,11.0,72,15,39,0,0,0,0,0,18,41,33,70,50,100,1,278,111,261,9,284,120,98,60,58,25,246,200
89263901,1,83342.0,12,322,5.0,13.0,125,12,26,0,0,26,0,0,61,41,33,70,50,100,1,278,111,261,9,284,120,98,60,58,25,246,200
89265432,0,3929.0,4,100,10.0,0.0,74,0,0,0,0,0,74,0,0,42,35,67,50,100,100,293,250,344,160,301,120,78,47,47,25,252,200
89265432,1,3324.0,0,0,,0.0,15,0,0,0,0,0,0,0,15,42,35,67,50,100,100,293,250,344,160,301,120,78,47,47,25,252,200
89265918,0,17421.0,10,170,0.0,0.0,33,0,33,0,0,0,0,0,0,42,35,66,50,100,45,278,99,296,160,274,120,114,60,53,25,248,200
89265918,1,129105.0,12,319,7.0,11.0,100,12,18,0,0,38,0,0,32,42,35,66,50,100,45,278,99,296,160,274,120,114,60,53,25,248,200
89265931,0,87381.0,12,332,7.0,11.0,115,15,25,0,0,17,0,0,58,42,33,62,50,100,14,277,13,251,110,289,120,103,60,61,25,223,11
89265931,1,68376.0,13,237,9.0,16.0,137,42,37,0,0,0,0,0,58,42,33,62,50,100,14,277,13,251,110,289,120,103,60,61,25,223,11
89266454,0,55117.0,5,125,0.0,11.0,65,12,28,0,0,1,0,0,24,42,33,59,45,100,17,277,1,263,160,321,120,96,60,53,25,249,200
89266454,1,67632.0,12,297,7.0,13.0,96,7,40,0,0,4,0,0,45,42,33,59,45,100,17,277,1,263,160,321,120,96,60,53,25,249,200
89267996,0,14032.0,7,210,,0.0,152,0,0,0,0,0,0,0,152,42,35,69,50,100,100,293,250,324,160,314,120,97,60,43,22,250,200
89267996,1,131.0,2,40,0.0,0.0,89,0,0,0,0,0,89,0,0,42,35,69,50,100,100,293,250,324,160,314,120,97,60,43,22,250,200
89269532,0,76528.0,10,274,7.0,13.0,77,9,21,0,0,30,0,0,17,42,31,77,50,100,1,278,169,243,3,285,120,96,60,62,25,223,1
89269532,1,52591.0,12,238,10.0,11.0,66,15,35,0,0,0,0,0,16,42,31,77,50,100,1,278,169,243,3,285,120,96,60,62,25,223,1
89270560,0,51853.0,4,106,13.0,13.0,103,0,57,0,0,0,9,0,37,42,35,70,50,100,100,281,96,347,160,311,120,105,60,50,25,247,200
89270560,1,3383.0,0,0,,0.0,15,0,0,0,0,0,0,0,15,42,35,70,50,100,100,281,96,347,160,311,120,105,60,50,25,247,200
89271049,0,111671.0,12,314,7.0,11.0,98,10,17,0,0,39,0,0,32,42,35,71,50,100,16,278,1,284,160,281,120,98,60,56,25,243,198
89271049,1,68492.0,13,249,9.0,11.0,117,0,46,0,0,28,20,0,23,42,35,71,50,100,16,278,1,284,160,281,120,98,60,56,25,243,198
89271069,0,67566.0,11,274,9.0,13.0,115,26,6,0,0,4,16,0,63,42,31,69,50,100,18,277,154,251,126,306,120,86,60,53,25,251,200
89271069,1,72064.0,5,127,0.0,11.0,69,11,24,0,0,0,0,0,34,42,31,69,50,100,18,277,154,251,126,306,120,86,60,53,25,251,200
89271570,0,14090.0,7,210,0.0,0.0,527,157,0,0,0,0,0,0,370,41,29,74,50,100,100,281,96,358,160,327,120,95,60,30,21,246,200
89271570,1,50354.0,4,106,13.0,13.0,103,0,57,0,0,0,9,0,37,41,29,74,50,100,100,281,96,358,160,327,120,95,60,30,21,246,200
89272088,0,31301.0,2,60,,11.0,78,0,78,0,0,0,0,0,0,41,35,70,50,100,100,278,13,354,160,304,120,101,60,51,25,252,200
89272088,1,1622.0,10,60,0.0,0.0,33,0,33,0,0,0,0,0,0,41,35,70,50,100,100,278,13,354,160,304,120,101,60,51,25,252,200
89272096,0,14954.0,7,210,0.0,0.0,524,161,0,0,0,0,0,0,363,42,32,68,50,100,100,293,250,328,160,327,120,101,60,30,21,250,200
89272096,1,6259.0,0,0,,0.0,2,0,2,0,0,0,0,0,0,42,32,68,50,100,100,293,250,328,160,327,120,101,60,30,21,250,200
89273103,0,45703.0,7,203,,13.0,86,27,32,0,0,3,5,0,19,42,35,75,50,100,100,278,186,328,160,292,120,88,60,49,25,250,200
89273103,1,7737.0,1,30,0.0,0.0,22,0,8,0,0,14,0,0,0,42,35,75,50,100,100,278,186,328,160,292,120,88,60,49,25,250,200
89273130,0,22184.0,5,66,0.0,0.0,140,30,99,0,0,0,0,0,11,42,35,63,50,100,100,280,240,331,160,318,120,107,60,50,25,248,200
89273130,1,20124.0,10,244,0.0,0.0,104,39,0,0,0,0,0,0,65,42,35,63,50,100,100,280,240,331,160,318,120,107,60,50,25,248,200
89274153,0,28980.0,10,170,0.0,0.0,33,0,33,0,0,0,0,0,0,42,35,73,50,100,100,287,247,328,160,324,120,105,60,52,25,251,200
89274153,1,3000.0,0,0,,0.0,0,0,0,0,0,0,0,0,0,42,35,73,50,100,100,287,247,328,160,324,120,105,60,52,25,251,200
89275713,0,64944.0,14,259,11.0,11.0,129,0,29,0,0,26,38,0,36,42,35,68,50,100,18,278,13,253,150,282,120,96,60,51,25,249,200
89275713,1,96872.0,12,286,5.0,11.0,131,19,25,0,0,19,0,0,68,42,35,68,50,100,18,278,13,253,150,282,120,96,60,51,25,249,200
89277303,0,80.0,0,0,0.0,0.0,30,6,22,0,0,0,0,0,2,41,32,70,50,100,100,287,250,344,160,295,120,103,60,48,25,251,200
89277303,1,32635.0,5,111,16.0,8.0,86,24,12,0,0,3,8,0,39,41,32,70,50,100,100,287,250,344,160,295,120,103,60,48,25,251,200
89279396,0,27345.0,5,114,16.0,0.0,89,30,11,0,0,3,11,0,34,42,32,70,50,100,100,278,225,351,160,304,120,89,60,45,22,247,200
89279396,1,23456.0,6,139,12.0,0.0,382,0,75,0,0,131,116,0,60,42,32,70,50,100,100,278,225,351,160,304,120,89,60,45,22,247,200
89280450,0,80.0,0,0,0.0,0.0,30,6,22,0,0,0,0,0,2,42,35,66,50,100,100,287,247,347,160,327,120,107,60,50,25,252,200
89280450,1,28967.0,10,170,0.0,0.0,33,0,33,0,0,0,0,0,0,42,35,66,50,100,100,287,247,347,160,327,120,107,60,50,25,252,200
89280466,0,93174.0,12,323,7.0,11.0,95,9,18,0,0,38,0,0,30,42,31,76,50,100,1,278,68,251,9,282,120,105,60,62,25,223,1
89280466,1,60737.0,12,238,10.0,11.0,74,15,29,0,0,0,0,0,30,42,31,76,50,100,1,278,68,251,9,282,120,105,60,62,25,223,1
89281529,0,96813.0,12,318,7.0,11.0,100,10,18,0,0,38,0,0,34,41,31,73,50,100,1,278,118,273,57,314,120,101,60,61,25,223,1
89281529,1,90822.0,12,238,10.0,11.0,71,15,31,0,0,0,0,0,25,41,31,73,50,100,1,278,118,273,57,314,120,101,60,61,25,223,1
89283101,0,69272.0,12,306,0.0,10.0,169,36,28,0,0,54,0,0,51,42,35,70,50,100,92,277,13,331,160,285,120,92,60,50,22,245,200
89283101,1,24955.0,7,203,,0.0,88,27,32,0,0,3,5,0,21,42,35,70,50,100,92,277,13,331,160,285,120,92,60,50,22,245,200
89283125,0,50043.0,12,238,10.0,11.0,79,15,33,0,0,0,0,0,31,42,35,70,50,100,1,277,99,231,1,294,120,88,60,61,25,240,200
89283125,1,90520.0,12,322,7.0,11.0,92,11,20,0,0,34,0,0,27,42,35,70,50,100,1,277,99,231,1,294,120,88,60,61,25,240,200
89284671,0,72410.0,9,270,10.0,10.0,139,0,32,0,0,0,0,0,107,42,35,61,50,100,69,278,1,339,160,336,120,105,60,48,25,246,200
89284671,1,8771.0,5,69,0.0,0.0,300,144,61,0,0,0,0,0,95,42,35,61,50,100,69,278,1,339,160,336,120,105,60,48,25,246,200
89284700,0,12006.0,4,82,2.0,0.0,215,140,0,0,0,0,55,0,20,41,29,73,50,100,100,290,250,332,160,308,120,73,60,47,25,250,200
89284700,1,26518.0,6,176,,0.0,86,21,33,0,0,6,4,0,22,41,29,73,50,100,100,290,250,332,160,308,120,73,60,47,25,250,200
89285228,0,45572.0,6,126,0.0,13.0,52,0,21,0,0,31,0,0,0,42,35,67,50,100,100,281,86,328,160,288,120,107,60,49,25,253,200
89285228,1,36612.0,7,203,,13.0,86,27,32,0,0,3,5,0,19,42,35,67,50,100,100,281,86,328,160,288,120,107,60,49,25,253,200
89286851,0,63574.0,10,230,9.0,15.0,26,13,8,0,0,1,0,0,4,42,31,74,50,100,27,278,89,197,63,288,120,91,60,61,25,244,200
89286851,1,76324.0,13,265,9.0,11.0,126,8,53,0,0,17,13,0,35,42,31,74,50,100,27,278,89,197,63,288,120,91,60,61,25,244,200
89287898,0,15188.0,5,66,0.0,0.0,135,25,98,0,0,0,0,0,12,42,35,75,50,100,38,277,148,276,160,298,120,96,60,55,25,243,200
89287898,1,125184.0,12,324,7.0,11.0,91,7,18,0,0,37,0,0,29,42,35,75,50,100,38,277,148,276,160,298,120,96,60,55,25,243,200
89290055,0,128151.0,13,295,4.0,15.0,160,0,21,0,0,30,0,0,109,42,32,66,50,100,9,278,1,220,160,276,120,97,60,54,25,240,200
89290055,1,84120.0,12,249,9.0,11.0,125,8,53,0,0,35,5,0,24,42,32,66,50,100,9,278,1,220,160,276,120,97,60,54,25,240,200
89291128,0,5122.0,4,100,10.0,0.0,78,0,0,0,0,0,78,0,0,42,32,68,50,100,100,284,250,368,160,321,120,89,60,51,25,246,200
89291128,1,11379.0,2,30,22.0,0.0,67,46,21,0,0,0,0,0,0,42,32,68,50,100,100,284,250,368,160,321,120,89,60,51,25,246,200
89291148,0,646.0,5,87,19.0,0.0,121,113,0,0,0,0,8,0,0,42,35,65,50,100,100,293,250,336,160,308,120,105,60,50,25,250,200
89291148,1,7566.0,0,0,,0.0,47,47,0,0,0,0,0,0,0,42,35,65,50,100,100,293,250,336,160,308,120,105,60,50,25,250,200
89292171,0,103386.0,12,321,7.0,11.0,89,6,18,0,0,36,0,0,29,42,35,70,50,100,2,278,1,271,84,293,120,95,60,56,25,237,200
89292171,1,70346.0,14,273,9.0,11.0,141,0,51,0,0,34,19,0,37,42,35,70,50,100,2,278,1,271,84,293,120,95,60,56,25,237,200
89293223,0,51446.0,4,106,13.0,13.0,103,0,57,0,0,0,9,0,37,42,35,70,50,100,100,281,96,361,160,321,120,97,60,49,25,246,200
89293223,1,3000.0,0,0,,0.0,0,0,0,0,0,0,0,0,0,42,35,70,50,100,100,281,96,361,160,321,120,97,60,49,25,246,200
89293234,0,79950.0,12,253,9.0,11.0,110,0,48,0,0,33,9,0,20,42,35,70,50,100,5,278,1,273,160,249,120,96,60,55,25,245,200
89293234,1,114259.0,12,319,7.0,10.0,91,11,18,0,0,37,0,0,25,42,35,70,50,100,5,278,1,273,160,249,120,96,60,55,25,245,200
89293258,0,7351.0,8,232,0.0,0.0,69,54,0,0,0,0,0,0,15,42,35,51,43,100,100,285,240,354,160,297,120,101,60,51,25,252,200
89293258,1,16322.0,5,66,0.0,0.0,414,291,100,0,0,0,0,0,23,42,35,51,43,100,100,285,240,354,160,297,120,101,60,51,25,252,200
89293760,0,107357.0,14,357,8.0,14.0,102,0,20,0,0,47,0,0,35,42,32,64,50,100,9,278,16,287,160,271,120,82,60,55,25,248,200
89293760,1,75942.0,13,267,9.0,11.0,136,8,48,0,0,36,25,0,19,42,32,64,50,100,9,278,16,287,160,271,120,82,60,55,25,248,200
89295403,0,29047.0,10,170,0.0,0.0,32,0,32,0,0,0,0,0,0,42,35,67,50,100,100,287,247,347,160,314,120,111,60,51,25,252,200
89295403,1,3496.0,0,0,,0.0,10,10,0,0,0,0,0,0,0,42,35,67,50,100,100,287,247,347,160,314,120,111,60,51,25,252,200
89296978,0,30598.0,5,113,17.0,5.0,93,29,10,0,0,3,9,0,42,42,35,70,50,101,100,284,250,336,160,302,120,108,60,48,25,250,200
89296978,1,4148.0,6,122,,0.0,67,10,10,0,0,21,0,0,26,42,35,70,50,101,100,284,250,336,160,302,120,108,60,48,25,250,200
89297525,0,68484.0,12,238,10.0,11.0,79,15,41,0,0,0,0,0,23,42,35,64,50,100,1,278,144,245,7,308,120,103,60,61,25,236,198
89297525,1,82868.0,10,265,7.0,13.0,70,15,20,0,0,18,0,0,17,42,35,64,50,100,1,278,144,245,7,308,120,103,60,61,25,236,198
89297527,0,52252.0,4,106,13.0,13.0,106,0,63,0,0,0,9,0,34,42,35,67,50,100,100,281,111,340,160,301,120,101,60,48,25,252,200
89297527,1,1998.0,2,22,,0.0,5,0,0,0,0,0,5,0,0,42,35,67,50,100,100,281,111,340,160,301,120,101,60,48,25,252,200
89301783,0,61118.0,13,265,9.0,11.0,116,0,43,0,0,31,19,0,23,42,35,73,50,100,47,278,25,279,152,284,120,82,60,52,25,245,200
89301783,1,101079.0,13,319,7.0,11.0,92,29,15,0,0,18,0,0,30,42,35,73,50,100,47,278,25,279,152,284,120,82,60,52,25,245,200
89302320,0,88554.0,12,327,8.0,14.0,196,7,15,0,0,134,0,0,40,42,35,68,50,100,29,278,10,317,160,276,120,95,60,55,25,245,200
89302320,1,91643.0,12,260,9.0,11.0,115,0,49,0,0,35,13,0,18,42,35,68,50,100,29,278,10,317,160,276,120,95,60,55,25,245,200
89302839,0,39632.0,7,203,,13.0,87,28,31,0,0,4,5,0,19,41,30,77,50,100,100,281,115,344,160,309,120,83,60,48,25,247,200
89302839,1,24850.0,8,217,2.0,0.0,85,17,13,0,0,6,20,0,29,41,30,77,50,100,100,281,115,344,160,309,120,83,60,48,25,247,200
89302866,0,617.0,5,83,19.0,0.0,117,109,0,0,0,0,8,0,0,42,35,74,50,100,100,293,250,332,160,297,120,101,60,51,25,250,200
89302866,1,3000.0,0,0,,0.0,0,0,0,0,0,0,0,0,0,42,35,74,50,100,100,293,250,332,160,297,120,101,60,51,25,250,200
89305526,0,3000.0,0,0,,0.0,0,0,0,0,0,0,0,0,0,42,35,70,50,100,100,287,247,351,160,301,120,101,60,49,25,252,200
89305526,1,28960.0,10,170,0.0,0.0,33,0,33,0,0,0,0,0,0,42,35,70,50,100,100,287,247,351,160,301,120,101,60,49,25,252,200
89305530,0,13277.0,10,110,0.0,0.0,33,0,33,0,0,0,0,0,0,42,35,69,50,100,100,278,150,304,160,333,120,101,60,60,25,243,200
89305530,1,51287.0,11,179,0.0,12.0,172,0,38,0,0,0,0,0,134,42,35,69,50,100,100,278,150,304,160,333,120,101,60,60,25,243,200
89306594,0,88241.0,12,244,9.0,11.0,116,8,50,0,0,35,8,0,15,42,32,73,50,100,17,278,43,231,143,305,120,85,60,51,25,251,200
89306594,1,84277.0,9,270,9.0,11.0,149,0,18,0,0,0,0,0,131,42,32,73,50,100,17,278,43,231,143,305,120,85,60,51,25,251,200
89306604,0,13193.0,3,78,0.0,0.0,39,19,14,0,0,0,6,0,0,42,35,68,50,100,100,290,250,351,160,324,120,91,60,49,25,250,200
89306604,1,6254.0,0,0,,0.0,2,0,2,0,0,0,0,0,0,42,35,68,50,100,100,290,250,351,160,324,120,91,60,49,25,250,200
89306609,0,25207.0,2,60,,0.0,50,0,49,0,0,1,0,0,0,42,35,75,50,100,100,278,13,324,160,325,120,99,60,51,25,250,200
89306609,1,22080.0,7,203,,0.0,86,27,32,0,0,3,5,0,19,42,35,75,50,100,100,278,13,324,160,325,120,99,60,51,25,250,200
89307657,0,95465.0,12,309,0.0,20.0,93,0,8,0,0,56,0,0,29,42,32,65,50,100,38,278,62,296,160,281,120,98,60,54,25,246,200
89307657,1,86259.0,13,268,9.0,11.0,137,8,54,0,0,35,26,0,14,42,32,65,50,100,38,278,62,296,160,281,120,98,60,54,25,246,200
89310327,0,88482.0,12,254,9.0,11.0,111,8,53,0,0,35,2,0,13,42,32,73,50,100,31,278,104,268,160,269,120,87,60,55,25,251,200
89310327,1,87091.0,12,309,0.0,20.0,96,0,8,0,0,53,0,0,35,42,32,73,50,100,31,278,104,268,160,269,120,87,60,55,25,251,200
89311371,0,3000.0,0,0,,0.0,0,0,0,0,0,0,0,0,0,42,35,73,50,100,100,288,250,344,160,306,120,88,60,46,22,247,200
89311371,1,30236.0,5,114,15.0,8.0,92,36,11,0,0,3,10,0,32,42,35,73,50,100,100,288,250,344,160,306,120,88,60,46,22,247,200
89311386,0,102365.0,12,320,7.0,11.0,83,0,20,0,0,38,0,0,25,42,35,66,50,100,1,278,99,256,11,279,120,105,60,61,25,239,200
89311386,1,83044.0,12,238,10.0,11.0,73,15,33,0,0,0,0,0,25,42,35,66,50,100,1,278,99,256,11,279,120,105,60,61,25,239,200
89311393,0,43230.0,6,126,,11.0,21,0,15,0,0,4,0,0,2,42,32,70,50,100,72,278,249,307,160,319,120,89,60,48,23,251,200
89311393,1,34338.0,5,113,16.0,10.0,93,26,14,0,0,3,6,0,44,42,32,70,50,100,72,278,249,307,160,319,120,89,60,48,23,251,200
89311922,0,107636.0,12,324,7.0,11.0,88,6,18,0,0,35,0,0,29,42,35,70,50,100,1,278,1,270,126,266,120,95,60,57,25,227,174
89311922,1,59518.0,13,249,9.0,11.0,127,0,51,0,0,21,15,0,40,42,35,70,50,100,1,278,1,270,126,266,120,95,60,57,25,227,174
89312995,0,83517.0,12,259,9.0,11.0,117,0,44,0,0,36,11,0,26,42,35,68,50,100,29,278,1,291,160,265,120,99,60,57,25,246,200
89312995,1,129403.0,13,305,8.0,15.0,76,0,24,0,0,44,0,0,8,42,35,68,50,100,29,278,1,291,160,265,120,99,60,57,25,246,200
89314041,0,78867.0,13,268,9.0,11.0,141,0,49,0,0,36,22,0,34,42,35,69,50,100,10,278,1,269,160,275,120,103,60,56,25,231,82
89314041,1,104886.0,12,321,7.0,10.0,91,9,18,0,0,37,0,0,27,42,35,69,50,100,10,278,1,269,160,275,120,103,60,56,25,231,82
89314045,0,4625.0,0,0,,0.0,80,32,0,0,0,0,0,0,48,42,35,68,50,100,100,287,247,336,160,286,120,105,60,49,25,250,200
89314045,1,28960.0,10,170,0.0,0.0,33,0,33,0,0,0,0,0,0,42,35,68,50,100,100,287,247,336,160,286,120,105,60,49,25,250,200
89315117,0,75962.0,12,237,10.0,11.0,79,15,35,0,0,0,0,0,29,41,31,73,50,100,1,277,113,249,26,320,120,96,60,63,25,228,133
89315117,1,96882.0,12,320,7.0,11.0,88,6,20,0,0,34,0,0,28,41,31,73,50,100,1,277,113,249,26,320,120,96,60,63,25,228,133
89315667,0,35417.0,7,203,,13.0,86,27,32,0,0,3,5,0,19,42,35,58,47,100,78,281,13,336,160,323,120,95,60,50,25,246,200
89315667,1,37762.0,6,152,12.0,10.0,84,0,20,0,0,0,15,0,49,42,35,58,47,100,78,281,13,336,160,323,120,95,60,50,25,246,200
89316180,0,76492.0,13,213,12.0,20.0,61,2,23,0,0,36,0,0,0,41,35,69,50,100,46,278,7,292,160,279,120,93,60,56,25,250,200
89316180,1,95396.0,13,259,9.0,11.0,109,0,50,0,0,33,7,0,19,41,35,69,50,100,46,278,7,292,160,279,120,93,60,56,25,250,200
89316182,0,54642.0,12,238,10.0,11.0,76,15,36,0,0,0,0,0,25,42,32,75,50,100,1,278,57,249,1,259,120,109,60,63,25,227,1
89316182,1,97478.0,13,308,8.0,15.0,76,0,24,0,0,44,0,0,8,42,32,75,50,100,1,278,57,249,1,259,120,109,60,63,25,227,1
89320904,0,33423.0,7,210,,13.0,60,3,57,0,0,0,0,0,0,42,35,70,50,100,100,281,7,351,160,336,120,96,60,50,25,250,200
89320904,1,7851.0,10,170,0.0,0.0,33,0,33,0,0,0,0,0,0,42,35,70,50,100,100,281,7,351,160,336,120,96,60,50,25,250,200
89323501,0,103017.0,11,295,10.0,16.0,225,131,14,0,0,30,0,0,50,41,28,75,50,100,45,277,54,266,160,301,120,86,60,53,25,249,200
89323501,1,36878.0,7,203,,13.0,86,27,32,0,0,3,5,0,19,41,28,75,50,100,45,277,54,266,160,301,120,86,60,53,25,249,200
89324040,0,48467.0,8,144,0.0,14.0,73,0,25,0,0,33,0,0,15,42,35,73,50,100,100,280,198,336,160,295,120,96,60,50,25,253,200
89324040,1,12802.0,5,66,0.0,0.0,185,22,93,0,0,0,0,0,70,42,35,73,50,100,100,280,198,336,160,295,120,96,60,50,25,253,200
89324044,0,106183.0,12,321,7.0,11.0,89,7,18,0,0,36,0,0,28,42,35,70,50,100,3,277,1,282,160,267,120,100,60,57,25,229,43
89324044,1,77134.0,13,273,9.0,11.0,140,0,50,0,0,37,24,0,29,42,35,70,50,100,3,277,1,282,160,267,120,100,60,57,25,229,43
89324072,0,46981.0,13,259,9.0,11.0,125,0,48,0,0,15,22,0,40,42,35,73,50,100,1,277,1,289,126,294,120,98,60,57,25,227,1
89324072,1,90703.0,12,323,7.0,10.0,87,5,18,0,0,36,0,0,28,42,35,73,50,100,1,277,1,289,126,294,120,98,60,57,25,227,1
89325623,0,103957.0,12,238,10.0,15.0,78,15,31,0,0,0,0,0,32,42,31,70,50,100,1,278,120,284,74,259,120,107,60,62,25,229,31
89325623,1,86788.0,13,351,9.0,11.0,75,4,18,0,0,34,0,0,19,42,31,70,50,100,1,278,120,284,74,259,120,107,60,62,25,229,31
89325654,0,7746.0,0,0,,0.0,60,60,0,0,0,0,0,0,0,41,29,70,50,100,100,287,247,336,160,318,120,88,60,49,25,253,200
89325654,1,27400.0,10,170,0.0,0.0,34,0,34,0,0,0,0,0,0,41,29,70,50,100,100,287,247,336,160,318,120,88,60,49,25,253,200
89326146,0,28079.0,12,257,9.0,0.0,0,0,0,0,0,0,0,0,0,42,35,68,50,100,75,293,250,339,160,327,120,98,60,52,25,250,200
89326146,1,6259.0,0,0,,0.0,2,0,2,0,0,0,0,0,0,42,35,68,50,100,75,293,250,339,160,327,120,98,60,52,25,250,200
89326680,0,14611.0,4,116,2.0,0.0,304,0,0,0,0,0,0,0,304,42,35,76,50,100,100,286,240,332,160,314,120,88,60,39,23,250,200
89326680,1,14862.0,5,66,0.0,0.0,143,22,96,0,0,0,0,0,25,42,35,76,50,100,100,286,240,332,160,314,120,88,60,39,23,250,200
89327228,0,77502.0,12,238,10.0,11.0,73,15,35,0,0,0,0,0,23,41,30,74,50,100,1,278,91,279,1,305,120,96,60,63,25,223,1
89327228,1,82689.0,10,273,7.0,11.0,79,16,22,0,0,23,0,0,18,41,30,74,50,100,1,278,91,279,1,305,120,96,60,63,25,223,1
89327741,0,36832.0,10,265,4.0,12.0,196,42,29,0,0,16,0,0,109,42,35,69,50,100,100,280,13,340,160,316,120,99,60,44,23,250,200
89327741,1,29674.0,7,203,,0.0,86,27,32,0,0,3,5,0,19,42,35,69,50,100,100,280,13,340,160,316,120,99,60,44,23,250,200
89328265,0,114119.0,13,318,7.0,12.0,71,22,12,0,0,16,0,0,21,41,35,65,50,100,27,278,19,274,160,278,120,96,60,54,25,249,200
89328265,1,91139.0,13,276,9.0,11.0,141,0,47,0,0,35,23,0,36,41,35,65,50,100,27,278,19,274,160,278,120,96,60,54,25,249,200
89328795,0,68883.0,14,310,13.0,21.0,85,13,7,0,0,26,0,0,39,42,35,68,50,100,83,278,176,292,160,299,120,105,60,55,25,246,200
89328795,1,45592.0,7,203,,13.0,86,27,32,0,0,3,5,0,19,42,35,68,50,100,83,278,176,292,160,299,120,105,60,55,25,246,200
89330371,0,84211.0,13,256,9.0,11.0,115,8,37,0,0,35,8,0,27,42,32,69,50,100,43,278,1,281,160,282,120,91,60,53,23,244,200
89330371,1,117792.0,11,280,0.0,11.0,145,0,28,0,0,70,15,0,32,42,32,69,50,100,43,278,1,281,160,282,120,91,60,53,23,244,200
89331439,0,11583.0,6,162,2.0,0.0,471,0,0,0,0,0,0,0,471,42,35,74,50,100,100,287,247,340,160,321,120,90,60,32,21,247,200
89331439,1,29017.0,10,170,0.0,0.0,33,0,33,0,0,0,0,0,0,42,35,74,50,100,100,287,247,340,160,321,120,90,60,32,21,247,200
89331448,0,9878.0,4,112,,0.0,22,8,4,0,0,0,0,0,10,42,35,75,50,100,100,292,250,336,160,330,120,91,60,52,25,247,200
89331448,1,5323.0,4,100,10.0,0.0,74,0,0,0,0,0,74,0,0,42,35,75,50,100,100,292,250,336,160,330,120,91,60,52,25,247,200
89331976,0,3000.0,0,0,,0.0,0,0,0,0,0,0,0,0,0,42,35,66,50,100,100,293,250,336,160,321,120,81,52,49,25,253,200
89331976,1,3989.0,4,100,10.0,0.0,74,0,0,0,0,0,74,0,0,42,35,66,50,100,100,293,250,336,160,321,120,81,52,49,25,253,200
89334602,0,31478.0,5,112,15.0,8.0,88,31,13,0,0,3,6,0,35,42,35,69,50,100,85,281,249,336,160,278,120,96,60,47,23,250,200
89334602,1,29388.0,6,135,14.0,0.0,129,49,26,0,0,16,0,0,38,42,35,69,50,100,85,281,249,336,160,278,120,96,60,47,23,250,200
89336182,0,102894.0,14,255,12.0,16.0,101,26,24,0,0,8,4,0,39,42,35,66,50,100,23,278,1,275,160,290,120,103,60,56,23,230,158
89336182,1,98357.0,12,264,9.0,11.0,115,0,55,0,0,33,0,0,27,42,35,66,50,100,23,278,1,275,160,290,120,103,60,56,23,230,158
89336184,0,72403.0,14,354,9.0,13.0,106,33,22,0,0,13,0,0,38,42,31,63,50,100,48,280,1,286,160,285,120,105,60,53,25,251,200
89336184,1,28396.0,7,203,,0.0,86,27,32,0,0,3,5,0,19,42,31,63,50,100,48,280,1,286,160,285,120,105,60,53,25,251,200
89336203,0,9793.0,11,169,13.0,0.0,46,0,20,0,0,26,0,0,0,42,35,68,50,100,85,292,250,315,160,303,120,80,47,52,25,252,200
89336203,1,4004.0,4,100,10.0,0.0,77,0,0,0,0,0,77,0,0,42,35,68,50,100,85,292,250,315,160,303,120,80,47,52,25,252,200
89336206,0,106944.0,12,323,7.0,11.0,89,7,20,0,0,34,0,0,28,42,31,66,50,100,1,277,127,275,11,292,120,92,60,60,25,241,200
89336206,1,93947.0,12,238,10.0,11.0,74,15,36,0,0,0,0,0,23,42,31,66,50,100,1,277,127,275,11,292,120,92,60,60,25,241,200
89337255,0,2155.0,2,44,0.0,0.0,97,0,0,0,0,0,97,0,0,42,35,70,50,100,100,293,250,332,160,294,120,81,52,48,25,250,200
89337255,1,70.0,0,0,,0.0,23,0,0,0,0,23,0,0,0,42,35,70,50,100,100,293,250,332,160,294,120,81,52,48,25,250,200
89338272,0,29467.0,7,203,,0.0,88,28,31,0,0,4,5,0,20,42,35,73,50,100,58,278,13,288,160,261,120,88,60,54,25,240,200
89338272,1,168787.0,11,278,8.0,15.0,72,0,19,0,0,53,0,0,0,42,35,73,50,100,58,278,13,288,160,261,120,88,60,54,25,240,200
89338282,0,134569.0,11,278,8.0,14.0,72,0,19,0,0,53,0,0,0,42,33,71,50,100,1,278,91,260,9,261,120,103,60,63,25,223,88
89338282,1,80155.0,12,238,10.0,11.0,73,15,31,0,0,0,0,0,27,42,33,71,50,100,1,278,91,260,9,261,120,103,60,63,25,223,88
89339863,0,14052.0,6,164,0.0,0.0,269,103,17,0,0,17,22,0,110,42,35,73,50,100,100,281,232,332,160,316,120,101,60,51,25,250,200
89339863,1,22569.0,10,170,0.0,0.0,32,0,32,0,0,0,0,0,0,42,35,73,50,100,100,281,232,332,160,316,120,101,60,51,25,250,200
89339873,0,135101.0,11,278,8.0,15.0,72,0,19,0,0,53,0,0,0,42,35,75,50,100,30,278,16,238,76,225,120,84,60,57,25,248,200
89339873,1,59552.0,12,245,11.0,11.0,113,0,35,0,0,23,25,0,30,42,35,75,50,100,30,278,16,238,76,225,120,84,60,57,25,248,200
89342525,0,22420.0,9,248,0.0,0.0,430,183,28,0,0,22,30,0,167,41,28,70,50,100,100,278,240,351,160,299,120,91,60,44,22,247,200
89342525,1,29989.0,5,113,16.0,0.0,86,23,13,0,0,3,8,0,39,41,28,70,50,100,100,278,240,351,160,299,120,91,60,44,22,247,200
89343043,0,130588.0,11,278,8.0,15.0,72,0,19,0,0,53,0,0,0,42,35,77,50,100,21,278,7,256,103,242,120,93,60,59,25,228,61
89343043,1,63949.0,13,268,9.0,11.0,117,0,50,0,0,31,10,0,26,42,35,77,50,100,21,278,7,256,103,242,120,93,60,59,25,228,61
89347825,0,4308.0,4,100,10.0,0.0,78,0,0,0,0,0,78,0,0,42,35,68,50,100,100,293,250,344,160,301,120,84,47,49,25,253,200
89347825,1,2517.0,1,3,10.0,0.0,64,52,0,0,0,12,0,0,0,42,35,68,50,100,100,293,250,344,160,301,120,84,47,49,25,253,200
89349938,0,130742.0,11,278,8.0,15.0,72,0,19,0,0,53,0,0,0,42,33,73,50,100,1,278,86,208,1,265,120,96,60,63,25,243,200
89349938,1,45966.0,12,238,10.0,11.0,74,15,34,0,0,0,0,0,25,42,33,73,50,100,1,278,86,208,1,265,120,96,60,63,25,243,200
89349943,0,55906.0,13,260,9.0,11.0,121,0,45,0,0,31,12,0,33,42,35,73,50,100,22,278,13,223,122,219,120,106,60,59,25,243,200
89349943,1,132616.0,11,278,8.0,14.0,72,0,19,0,0,53,0,0,0,42,35,73,50,100,22,278,13,223,122,219,120,106,60,59,25,243,200
89351518,0,86253.0,12,255,11.0,11.0,129,0,46,0,0,19,10,0,54,41,34,75,50,100,1,278,131,231,101,294,120,90,60,57,25,248,200
89351518,1,72113.0,11,218,13.0,16.0,72,28,12,0,0,0,0,0,32,41,34,75,50,100,1,278,131,231,101,294,120,90,60,57,25,248,200
89355235,0,134141.0,11,278,8.0,14.0,72,0,19,0,0,53,0,0,0,42,35,69,50,100,1,278,113,242,9,258,120,98,60,62,25,231,185
89355235,1,59757.0,12,238,10.0,11.0,76,15,36,0,0,0,0,0,25,42,35,69,50,100,1,278,113,242,9,258,120,98,60,62,25,231,185
89356312,0,124789.0,14,318,8.0,16.0,89,0,18,0,0,57,0,0,14,42,35,75,50,100,39,278,54,236,93,259,120,98,60,58,25,232,154
89356312,1,62315.0,12,266,11.0,11.0,112,0,35,0,0,24,22,0,31,42,35,75,50,100,39,278,54,236,93,259,120,98,60,58,25,232,154
89357359,0,41497.0,7,203,,13.0,86,27,32,0,0,3,5,0,19,42,35,68,50,100,100,281,101,332,160,314,120,98,60,48,25,251,200
89357359,1,20832.0,4,120,,0.0,101,52,16,0,0,11,13,0,9,42,35,68,50,100,100,281,101,332,160,314,120,98,60,48,25,251,200
89357360,0,10777.0,5,66,0.0,0.0,135,25,98,0,0,0,0,0,12,41,29,64,50,100,49,278,204,347,160,318,120,94,60,52,25,248,200
89357360,1,36976.0,8,202,0.0,10.0,158,87,9,0,0,0,0,0,62,41,29,64,50,100,49,278,204,347,160,318,120,94,60,52,25,248,200
89357401,0,6259.0,0,0,,0.0,2,0,2,0,0,0,0,0,0,42,35,71,50,100,100,293,250,328,160,318,120,109,60,51,25,250,200
89357401,1,3000.0,0,0,,0.0,0,0,0,0,0,0,0,0,0,42,35,71,50,100,100,293,250,328,160,318,120,109,60,51,25,250,200
89357907,0,27683.0,5,114,16.0,0.0,84,23,12,0,0,3,11,0,35,41,27,57,46,100,55,278,219,368,160,316,120,91,60,46,24,250,200
89357907,1,47789.0,8,202,0.0,10.0,143,66,17,0,0,0,0,0,60,41,27,57,46,100,55,278,219,368,160,316,120,91,60,46,24,250,200
89358422,0,82986.0,12,241,9.0,11.0,111,0,46,0,0,38,7,0,20,42,35,76,50,100,21,278,1,261,160,270,120,89,60,55,25,241,200
89358422,1,126225.0,12,313,7.0,11.0,84,5,16,0,0,39,0,0,24,42,35,76,50,100,21,278,1,261,160,270,120,89,60,55,25,241,200
89358949,0,105974.0,12,325,6.0,10.0,106,7,16,0,0,45,0,0,38,42,31,75,50,100,1,278,133,240,1,283,120,92,60,62,25,243,198
89358949,1,51010.0,12,238,10.0,11.0,74,15,32,0,0,0,0,0,27,42,31,75,50,100,1,278,133,240,1,283,120,92,60,62,25,243,198
89360009,0,16795.0,11,258,13.0,0.0,591,0,0,0,0,553,0,0,38,42,32,74,50,100,97,286,250,344,160,282,120,85,60,47,25,248,200
89360009,1,33564.0,5,111,16.0,9.0,88,28,13,0,0,3,6,0,38,42,32,74,50,100,97,286,250,344,160,282,120,85,60,47,25,248,200
89362665,0,25764.0,10,170,0.0,0.0,33,0,33,0,0,0,0,0,0,42,35,66,50,100,72,279,209,324,160,312,120,99,60,53,25,250,200
89362665,1,48743.0,13,199,7.0,20.0,108,46,19,0,0,11,4,0,28,42,35,66,50,100,72,279,209,324,160,312,120,99,60,53,25,250,200
89364252,0,3195.0,4,34,0.0,0.0,328,21,79,0,0,0,0,0,228,42,35,62,50,100,81,292,250,256,160,308,120,109,60,58,25,249,200
89364252,1,88121.0,10,228,5.0,16.0,42,31,0,0,0,11,0,0,0,42,35,62,50,100,81,292,250,256,160,308,120,109,60,58,25,249,200
89364268,0,21379.0,5,66,0.0,0.0,138,22,94,0,0,0,0,0,22,41,35,74,50,100,86,278,232,333,160,311,120,96,60,53,25,251,200
89364268,1,17926.0,13,188,7.0,0.0,121,57,18,0,0,11,5,0,30,41,35,74,50,100,86,278,232,333,160,311,120,96,60,53,25,251,200
89365841,0,83100.0,11,278,8.0,11.0,72,0,19,0,0,53,0,0,0,42,35,71,50,100,72,278,104,317,160,269,120,101,60,55,25,240,200
89365841,1,38364.0,7,203,,13.0,86,27,32,0,0,3,5,0,19,42,35,71,50,100,72,278,104,317,160,269,120,101,60,55,25,240,200
89365843,0,29998.0,7,203,,0.0,86,27,32,0,0,3,5,0,19,42,35,73,50,100,58,278,13,265,160,254,120,99,60,54,25,243,200
89365843,1,158136.0,11,278,8.0,15.0,72,0,19,0,0,53,0,0,0,42,35,73,50,100,58,278,13,265,160,254,120,99,60,54,25,243,200
89367471,0,116094.0,14,324,8.0,16.0,45,0,15,0,0,30,0,0,0,42,35,68,50,100,32,278,1,255,160,285,120,105,60,57,25,248,200
89367471,1,68644.0,13,260,9.0,11.0,150,0,43,0,0,38,25,0,44,42,35,68,50,100,32,278,1,255,160,285,120,105,60,57,25,248,200
89367960,0,29768.0,7,203,,0.0,86,27,32,0,0,3,5,0,19,42,35,76,50,100,58,278,13,271,160,270,120,96,60,55,25,244,200
89367960,1,166758.0,11,278,8.0,15.0,72,0,19,0,0,53,0,0,0,42,35,76,50,100,58,278,13,271,160,270,120,96,60,55,25,244,200
89369576,0,88880.0,12,322,7.0,10.0,105,10,20,0,0,34,0,0,41,42,31,71,50,100,1,278,62,215,1,283,120,94,60,61,25,245,200
89369576,1,40312.0,12,238,10.0,11.0,75,15,34,0,0,0,0,0,26,42,31,71,50,100,1,278,62,215,1,283,120,94,60,61,25,245,200
89369588,0,50685.0,9,259,,13.0,38,0,8,0,0,0,0,0,30,41,35,67,50,100,100,280,165,333,160,313,120,107,60,51,25,250,200
89369588,1,44830.0,7,203,,13.0,86,27,32,0,0,3,5,0,19,41,35,67,50,100,100,280,165,333,160,313,120,107,60,51,25,250,200
89371133,0,30056.0,7,203,,13.0,86,27,32,0,0,3,5,0,19,42,35,68,50,100,58,278,13,293,160,255,120,109,60,55,25,249,200
89371133,1,165712.0,11,278,8.0,15.0,72,0,19,0,0,53,0,0,0,42,35,68,50,100,58,278,13,293,160,255,120,109,60,55,25,249,200
89372223,0,14141.0,5,66,0.0,0.0,148,20,86,0,0,0,0,0,42,42,35,68,50,100,72,278,140,297,160,298,120,105,60,53,25,246,200
89372223,1,103646.0,12,252,10.0,18.0,124,0,28,0,0,34,0,0,62,42,35,68,50,100,72,278,140,297,160,298,120,105,60,53,25,246,200
89375441,0,29037.0,10,179,18.0,0.0,97,25,55,0,0,0,0,0,17,42,30,77,50,100,96,280,1,339,160,308,120,94,60,50,25,248,200
89375441,1,17685.0,5,66,0.0,0.0,142,29,98,0,0,0,0,0,15,42,30,77,50,100,96,280,1,339,160,308,120,94,60,50,25,248,200
89376980,0,5814.0,0,0,,0.0,2,0,2,0,0,0,0,0,0,42,35,76,50,100,58,278,242,258,156,249,120,101,60,57,25,243,200
89376980,1,160916.0,11,278,8.0,15.0,72,0,19,0,0,53,0,0,0,42,35,76,50,100,58,278,242,258,156,249,120,101,60,57,25,243,200
89377530,0,4723.0,2,39,22.0,0.0,6,0,3,0,0,3,0,0,0,42,35,77,50,101,100,292,250,344,160,321,120,77,52,51,25,246,200
89377530,1,2138.0,2,46,0.0,0.0,92,0,0,0,0,0,92,0,0,42,35,77,50,101,100,292,250,344,160,321,120,77,52,51,25,246,200
89377541,0,104031.0,10,276,7.0,13.0,76,7,21,0,0,30,0,0,18,41,31,68,50,100,1,278,120,270,15,310,120,96,60,61,25,243,200
89377541,1,98616.0,12,238,10.0,11.0,73,15,36,0,0,0,0,0,22,41,31,68,50,100,1,278,120,270,15,310,120,96,60,61,25,243,200
89378574,0,24180.0,10,170,0.0,0.0,33,0,33,0,0,0,0,0,0,42,35,55,46,100,61,282,186,332,160,311,120,92,60,54,25,250,200
89378574,1,34745.0,7,140,6.0,14.0,48,3,11,0,0,0,0,0,34,42,35,55,46,100,61,282,186,332,160,311,120,92,60,54,25,250,200
89379614,0,43827.0,7,203,,13.0,86,27,32,0,0,3,5,0,19,41,35,68,50,100,100,281,115,347,160,331,120,95,60,50,25,250,200
89379614,1,22791.0,6,180,,0.0,116,60,27,0,0,15,14,0,0,41,35,68,50,100,100,281,115,347,160,331,120,95,60,50,25,250,200
89380159,0,29010.0,5,112,16.0,0.0,86,32,12,0,0,2,8,0,32,42,30,74,50,100,100,281,246,324,160,308,120,79,60,46,25,251,200
89380159,1,27214.0,6,180,,0.0,116,60,27,0,0,15,14,0,0,42,30,74,50,100,100,281,246,324,160,308,120,79,60,46,25,251,200
89382277,0,6220.0,0,0,,0.0,2,0,2,0,0,0,0,0,0,42,35,71,50,100,100,285,250,328,160,319,120,102,60,50,25,251,200
89382277,1,29384.0,6,180,,0.0,116,60,27,0,0,15,14,0,0,42,35,71,50,100,100,285,250,328,160,319,120,102,60,50,25,251,200
89383316,0,30201.0,5,115,16.0,8.0,92,33,13,0,0,3,7,0,36,42,35,69,50,100,58,278,191,287,160,257,120,89,60,52,25,245,200
89383316,1,174663.0,12,278,8.0,14.0,79,0,22,0,0,57,0,0,0,42,35,69,50,100,58,278,191,287,160,257,120,89,60,52,25,245,200
89383352,0,4537.0,6,168,,0.0,1326,0,0,0,0,0,759,0,567,42,35,65,50,100,100,293,250,340,160,311,120,77,47,47,25,253,200
89383352,1,3509.0,4,100,10.0,0.0,74,0,0,0,0,0,74,0,0,42,35,65,50,100,100,293,250,340,160,311,120,77,47,47,25,253,200
89384375,0,25439.0,5,84,,0.0,56,0,29,0,0,26,1,0,0,42,35,66,50,100,100,281,13,351,160,321,120,109,60,49,25,250,200
89384375,1,28027.0,7,203,,0.0,86,27,32,0,0,3,5,0,19,42,35,66,50,100,100,281,13,351,160,321,120,109,60,49,25,250,200
89384936,0,4096.0,6,180,0.0,0.0,681,0,0,0,0,0,24,0,657,42,35,69,50,104,100,293,250,351,160,301,120,85,60,42,22,250,200
89384936,1,4733.0,4,100,10.0,0.0,74,0,0,0,0,0,74,0,0,42,35,69,50,104,100,293,250,351,160,301,120,85,60,42,22,250,200
89387023,0,103152.0,12,314,11.0,18.0,103,0,12,0,0,48,0,0,43,42,32,75,50,100,33,278,57,252,129,264,120,96,60,57,25,250,200
89387023,1,79601.0,12,253,9.0,11.0,109,8,48,0,0,36,17,0,0,42,32,75,50,100,33,278,57,252,129,264,120,96,60,57,25,250,200
89387029,0,4740.0,4,100,10.0,0.0,74,0,0,0,0,0,74,0,0,42,35,68,50,101,100,293,250,347,160,339,120,82,60,51,25,248,200
89387029,1,3300.0,2,35,22.0,0.0,6,0,3,0,0,3,0,0,0,42,35,68,50,101,100,293,250,347,160,339,120,82,60,51,25,248,200
89389677,0,6220.0,0,0,,0.0,2,0,2,0,0,0,0,0,0,42,35,65,50,100,94,286,249,353,160,323,120,114,60,51,25,249,200
89389677,1,30471.0,4,73,13.0,13.0,62,7,16,0,0,15,0,0,24,42,35,65,50,100,94,286,249,353,160,323,120,114,60,51,25,249,200
89391246,0,10830.0,3,65,,0.0,12,0,12,0,0,0,0,0,0,42,35,76,50,100,100,282,223,336,160,318,120,96,60,52,25,250,200
89391246,1,27085.0,10,170,0.0,0.0,33,0,33,0,0,0,0,0,0,42,35,76,50,100,100,282,223,336,160,318,120,96,60,52,25,250,200
89392313,0,2970.0,1,4,,0.0,3,0,0,0,0,0,0,0,3,42,35,71,50,100,100,293,250,332,160,327,120,103,60,52,25,250,200
89392313,1,621.0,5,86,19.0,0.0,119,111,0,0,0,0,8,0,0,42,35,71,50,100,100,293,250,332,160,327,120,103,60,52,25,250,200
89393879,0,77799.0,12,272,9.0,11.0,149,0,39,0,0,38,23,0,49,42,35,74,50,100,28,278,1,242,49,313,120,85,60,59,25,248,200
89393879,1,80183.0,14,315,8.0,12.0,46,0,15,0,0,31,0,0,0,42,35,74,50,100,28,278,1,242,49,313,120,85,60,59,25,248,200
89394380,0,80700.0,12,292,10.0,13.0,185,19,134,0,0,27,5,0,0,42,32,76,50,100,11,278,1,225,152,279,120,101,60,59,25,240,200
89394380,1,84044.0,12,270,9.0,11.0,140,0,41,0,0,32,23,0,44,42,32,76,50,100,11,278,1,225,152,279,120,101,60,59,25,240,200
89394388,0,13437.0,12,276,0.0,0.0,298,0,20,0,0,0,0,0,278,42,35,75,50,100,100,278,236,328,160,324,120,92,60,41,21,248,200
89394388,1,5888.0,0,0,,0.0,2,0,2,0,0,0,0,0,0,42,35,75,50,100,100,278,236,328,160,324,120,92,60,41,21,248,200
89395452,0,105719.0,11,305,6.0,14.0,55,0,20,0,0,25,0,0,10,42,35,65,50,100,21,278,13,266,160,284,120,87,60,55,25,248,200
89395452,1,97547.0,12,257,9.0,11.0,129,0,50,0,0,35,3,0,41,42,35,65,50,100,21,278,13,266,160,284,120,87,60,55,25,248,200
89397541,0,2272.0,2,46,0.0,0.0,102,0,0,0,0,0,102,0,0,42,35,71,50,100,100,293,250,320,160,301,120,81,60,49,23,248,200
89397541,1,8799.0,6,180,,0.0,92,0,0,0,0,0,31,0,61,42,35,71,50,100,100,293,250,320,160,301,120,81,60,49,23,248,200
89397548,0,25230.0,10,246,0.0,0.0,194,0,18,0,0,0,0,0,176,42,35,70,50,100,100,277,68,328,160,311,120,88,60,28,21,252,200
89397548,1,8101.0,5,69,0.0,0.0,381,140,169,0,0,0,0,0,72,42,35,70,50,100,100,277,68,328,160,311,120,88,60,28,21,252,200
89397570,0,28960.0,10,170,0.0,0.0,33,0,33,0,0,0,0,0,0,42,35,74,50,100,89,287,247,330,160,311,120,105,60,54,25,247,200
89397570,1,25523.0,6,180,,0.0,0,0,0,0,0,0,0,0,0,42,35,74,50,100,89,287,247,330,160,311,120,105,60,54,25,247,200
89397571,0,27062.0,10,170,0.0,0.0,33,0,33,0,0,0,0,0,0,42,35,68,50,100,100,282,225,361,160,327,120,114,60,52,25,246,200
89397571,1,10829.0,3,66,,0.0,12,0,12,0,0,0,0,0,0,42,35,68,50,100,100,282,225,361,160,327,120,114,60,52,25,246,200
89399166,0,3382.0,0,0,,0.0,15,0,0,0,0,0,0,0,15,42,35,73,50,100,100,293,250,344,160,318,120,101,60,50,25,246,200
89399166,1,599.0,5,83,19.0,0.0,117,109,0,0,0,0,8,0,0,42,35,73,50,100,100,293,250,344,160,318,120,101,60,50,25,246,200
89399658,0,86658.0,10,238,0.0,20.0,289,199,12,0,0,15,0,0,63,41,29,71,50,100,47,277,186,328,160,308,120,92,60,55,25,248,200
89399658,1,11726.0,5,66,0.0,0.0,162,27,108,0,0,0,0,0,27,41,29,71,50,100,47,277,186,328,160,308,120,92,60,55,25,248,200
89399669,0,11043.0,7,189,2.0,0.0,553,0,0,0,0,0,0,0,553,42,35,64,50,100,100,293,250,351,160,324,120,87,60,28,21,250,200
89399669,1,4876.0,4,100,10.0,0.0,74,0,0,0,0,0,74,0,0,42,35,64,50,100,100,293,250,351,160,324,120,87,60,28,21,250,200
89400714,0,93154.0,13,258,9.0,11.0,137,0,47,0,0,38,26,0,26,42,35,68,50,100,28,278,76,286,160,296,120,105,60,54,25,247,200
89400714,1,87303.0,10,251,7.0,13.0,91,10,12,0,0,15,0,0,54,42,35,68,50,100,28,278,76,286,160,296,120,105,60,54,25,247,200
89401263,0,14117.0,7,210,0.0,0.0,532,161,0,0,0,0,0,0,371,41,29,69,50,100,100,287,240,361,160,308,120,98,60,31,21,248,200
89401263,1,12643.0,5,66,0.0,0.0,187,80,89,0,0,0,0,0,18,41,29,69,50,100,100,287,240,361,160,308,120,98,60,31,21,248,200
89404393,0,32096.0,12,239,10.0,22.0,74,0,4,0,0,31,38,0,1,42,35,76,50,100,100,286,242,318,160,303,120,82,60,52,25,250,200
89404393,1,26474.0,10,170,0.0,0.0,34,0,34,0,0,0,0,0,0,42,35,76,50,100,100,286,242,318,160,303,120,82,60,52,25,250,200
89411786,0,81415.0,13,310,8.0,15.0,90,0,18,0,0,49,0,0,23,42,35,69,50,100,57,278,70,241,135,257,120,89,60,56,25,249,200
89411786,1,78212.0,14,265,9.0,11.0,133,0,52,0,0,39,21,0,21,42,35,69,50,100,57,278,70,241,135,257,120,89,60,56,25,249,200
89413343,0,72937.0,13,260,9.0,11.0,116,0,48,0,0,33,11,0,24,42,35,71,50,100,52,278,91,249,160,273,120,98,60,58,25,250,200
89413343,1,91736.0,14,324,8.0,16.0,91,0,18,0,0,49,0,0,24,42,35,71,50,100,52,278,91,249,160,273,120,98,60,58,25,250,200
89413385,0,28980.0,10,170,0.0,0.0,33,0,33,0,0,0,0,0,0,41,35,55,50,100,100,287,247,361,160,330,120,96,60,54,25,246,200
89413385,1,8507.0,8,232,0.0,0.0,69,54,0,0,0,0,0,0,15,41,35,55,50,100,100,287,247,361,160,330,120,96,60,54,25,246,200
89414446,0,12074.0,4,69,,0.0,12,0,12,0,0,0,0,0,0,42,35,70,50,100,100,290,250,351,160,324,120,101,60,50,25,250,200
89414446,1,6232.0,0,0,,0.0,2,0,2,0,0,0,0,0,0,42,35,70,50,100,100,290,250,351,160,324,120,101,60,50,25,250,200
89418720,0,117577.0,11,259,12.0,12.0,55,10,30,0,0,0,3,0,12,42,35,70,50,100,35,280,54,278,160,301,120,91,60,54,25,247,200
89418720,1,9385.0,5,66,0.0,0.0,189,62,58,0,0,0,0,0,69,42,35,70,50,100,35,280,54,278,160,301,120,91,60,54,25,247,200
89419274,0,22281.0,5,113,16.0,0.0,88,29,11,0,0,3,10,0,35,42,35,75,50,100,100,278,1,332,160,292,120,84,60,44,23,248,200
89419274,1,48810.0,10,251,0.0,12.0,228,0,119,0,0,33,0,0,76,42,35,75,50,100,100,278,1,332,160,292,120,84,60,44,23,248,200
89422506,0,5206.0,10,110,0.0,0.0,33,0,33,0,0,0,0,0,0,41,35,76,50,100,100,281,13,340,160,316,120,105,60,52,25,248,200
89422506,1,41911.0,7,203,,13.0,86,27,32,0,0,3,5,0,19,41,35,76,50,100,100,281,13,340,160,316,120,105,60,52,25,248,200
89424073,0,49333.0,7,203,,13.0,86,27,32,0,0,3,5,0,19,42,35,64,50,100,41,281,219,294,160,313,120,103,60,54,25,250,200
89424073,1,87284.0,10,300,,14.0,0,0,0,0,0,0,0,0,0,42,35,64,50,100,41,281,219,294,160,313,120,103,60,54,25,250,200
89426770,0,32638.0,4,106,,8.0,82,32,13,0,0,2,8,0,27,41,30,71,50,100,100,286,250,351,160,285,120,89,60,47,25,251,200
89426770,1,17299.0,3,90,,0.0,53,8,5,0,0,40,0,0,0,41,30,71,50,100,100,286,250,351,160,285,120,89,60,47,25,251,200
89430545,0,96546.0,12,320,7.0,11.0,75,5,18,0,0,35,0,0,17,42,35,69,50,100,19,277,1,273,160,271,120,84,60,53,25,245,200
89430545,1,81171.0,13,258,9.0,11.0,138,0,47,0,0,40,18,0,33,42,35,69,50,100,19,277,1,273,160,271,120,84,60,53,25,245,200
89434819,0,49482.0,7,203,,13.0,86,27,32,0,0,3,5,0,19,42,35,70,50,100,82,281,219,304,160,316,120,99,60,53,25,250,200
89434819,1,28840.0,11,260,8.0,0.0,75,0,7,0,0,68,0,0,0,42,35,70,50,100,82,281,219,304,160,316,120,99,60,53,25,250,200
89435865,0,71225.0,13,244,9.0,11.0,128,8,36,0,0,21,32,0,31,41,32,75,50,100,29,278,1,268,160,288,120,95,60,53,22,248,200
89435865,1,99287.0,9,269,0.0,12.0,151,1,16,0,0,43,0,0,91,41,32,75,50,100,29,278,1,268,160,288,120,95,60,53,22,248,200
89440698,0,71714.0,8,226,11.0,11.0,139,0,53,0,0,12,0,0,74,42,35,66,50,100,72,278,13,313,160,314,120,96,60,49,25,251,200
89440698,1,22249.0,7,203,,0.0,86,27,32,0,0,3,5,0,19,42,35,66,50,100,72,278,13,313,160,314,120,96,60,49,25,251,200
89446083,0,158479.0,12,294,8.0,14.0,69,0,18,0,0,51,0,0,0,41,35,77,50,100,17,278,60,225,126,266,120,89,60,70,25,240,197
89446083,1,71263.0,12,252,9.0,11.0,105,0,42,0,0,19,21,0,23,41,35,77,50,100,17,278,60,225,126,266,120,89,60,70,25,240,197
89446087,0,87473.0,13,267,9.0,11.0,115,8,45,0,0,31,16,0,15,42,32,70,50,100,53,278,1,298,160,285,120,94,60,57,25,240,200
89446087,1,68847.0,14,273,10.0,11.0,137,0,39,0,0,32,0,0,66,42,32,70,50,100,53,278,1,298,160,285,120,94,60,57,25,240,200
89446106,0,23646.0,10,170,0.0,0.0,33,0,33,0,0,0,0,0,0,42,35,77,50,100,100,282,204,328,160,323,120,96,60,52,25,246,200
89446106,1,30109.0,6,141,3.0,14.0,214,42,18,0,0,6,0,0,148,42,35,77,50,100,100,282,204,328,160,323,120,96,60,52,25,246,200
89446662,0,6992.0,2,60,,0.0,92,27,0,0,0,0,26,0,39,42,35,68,50,100,100,293,250,351,160,311,120,104,60,50,22,248,200
89446662,1,6259.0,0,0,,0.0,2,0,2,0,0,0,0,0,0,42,35,68,50,100,100,293,250,351,160,311,120,104,60,50,22,248,200
89449344,0,35616.0,6,179,,11.0,233,25,68,0,0,2,9,0,129,42,35,68,50,100,100,278,13,340,160,285,120,99,60,49,25,252,200
89449344,1,1898.0,10,60,0.0,0.0,33,0,33,0,0,0,0,0,0,42,35,68,50,100,100,278,13,340,160,285,120,99,60,49,25,252,200
89456876,0,32003.0,7,203,,13.0,86,27,32,0,0,3,5,0,19,42,35,67,50,100,56,278,25,293,160,272,120,112,60,55,25,248,200
89456876,1,141048.0,12,321,7.0,11.0,85,7,18,0,0,36,0,0,24,42,35,67,50,100,56,278,25,293,160,272,120,112,60,55,25,248,200
89459048,0,6259.0,0,0,,0.0,2,0,2,0,0,0,0,0,0,42,30,67,50,100,100,293,250,347,160,321,120,103,60,53,25,246,200
89459048,1,12825.0,12,292,9.0,0.0,134,88,0,0,0,0,0,0,46,42,30,67,50,100,100,293,250,347,160,321,120,103,60,53,25,246,200
89460646,0,94987.0,12,276,9.0,15.0,23,0,9,0,0,14,0,0,0,42,35,64,50,100,15,278,70,286,160,295,120,106,60,73,25,245,200
89460646,1,91113.0,13,262,9.0,11.0,141,0,48,0,0,35,27,0,31,42,35,64,50,100,15,278,70,286,160,295,120,106,60,73,25,245,200
89461748,0,11502.0,5,66,0.0,0.0,242,107,100,0,0,0,0,0,35,42,35,70,50,100,100,278,215,328,160,299,120,98,60,49,25,252,200
89461748,1,9855.0,3,90,11.0,0.0,61,0,13,0,0,9,0,0,39,42,35,70,50,100,100,278,215,328,160,299,120,98,60,49,25,252,200
89462812,0,88824.0,12,277,9.0,15.0,27,0,12,0,0,15,0,0,0,42,35,73,50,100,10,278,84,252,160,271,120,100,60,72,25,247,200
89462812,1,91549.0,12,245,9.0,11.0,114,0,54,0,0,35,4,0,21,42,35,73,50,100,10,278,84,252,160,271,120,100,60,72,25,247,200
89464421,0,114679.0,14,268,10.0,16.0,106,25,20,0,0,15,2,0,44,42,35,69,50,100,28,278,7,272,160,274,120,92,60,53,23,241,200
89464421,1,93824.0,13,271,9.0,11.0,118,0,61,0,0,34,0,0,23,42,35,69,50,100,28,278,7,272,160,274,120,92,60,53,23,241,200
89466572,0,48178.0,7,203,,13.0,86,27,32,0,0,3,5,0,19,42,35,71,50,100,100,281,219,320,160,306,120,88,60,28,20,253,200
89466572,1,6834.0,6,180,0.0,0.0,360,0,0,0,0,0,0,0,360,42,35,71,50,100,100,281,219,320,160,306,120,88,60,28,20,253,200
89468178,0,45011.0,13,247,9.0,11.0,124,0,48,0,0,17,22,0,37,42,35,69,50,100,20,278,1,266,82,225,120,101,60,55,25,242,200
89468178,1,133547.0,12,321,7.0,10.0,81,4,18,0,0,34,0,0,25,42,35,69,50,100,20,278,1,266,82,225,120,101,60,55,25,242,200
89468737,0,12985.0,5,66,0.0,0.0,164,21,98,0,0,0,0,0,45,42,35,71,50,100,100,287,240,336,160,321,120,84,60,47,25,250,200
89468737,1,6866.0,1,12,,0.0,38,0,0,0,0,0,13,0,25,42,35,71,50,100,100,287,240,336,160,321,120,84,60,47,25,250,200
89469254,0,77403.0,12,244,10.0,18.0,126,0,28,0,0,32,0,0,66,42,35,69,50,100,46,278,1,282,156,246,120,90,60,55,25,248,200
89469254,1,81570.0,13,256,9.0,11.0,117,8,43,0,0,32,13,0,21,42,35,69,50,100,46,278,1,282,156,246,120,90,60,55,25,248,200
89469272,0,16572.0,5,66,0.0,0.0,153,19,95,0,0,0,0,0,39,41,31,70,50,100,100,285,240,346,160,339,120,101,60,50,25,246,200
89469272,1,17293.0,5,150,,0.0,170,86,0,0,0,0,0,0,84,41,31,70,50,100,100,285,240,346,160,339,120,101,60,50,25,246,200
89471443,0,125502.0,12,305,9.0,16.0,64,3,14,0,0,34,0,0,13,42,35,73,50,100,39,278,34,278,160,272,120,96,60,59,25,238,199
89471443,1,81624.0,12,253,9.0,11.0,115,0,52,0,0,37,12,0,14,42,35,73,50,100,39,278,34,278,160,272,120,96,60,59,25,238,199
89472522,0,31064.0,7,203,,13.0,86,27,32,0,0,3,5,0,19,42,35,68,50,100,51,278,13,274,160,242,120,99,60,53,25,243,200
89472522,1,167425.0,12,294,8.0,14.0,69,0,18,0,0,46,0,0,5,42,35,68,50,100,51,278,13,274,160,242,120,99,60,53,25,243,200
89479569,0,180911.0,12,306,7.0,14.0,94,0,26,0,0,37,0,0,31,42,33,65,50,100,52,278,186,286,160,250,120,108,60,51,25,247,200
89479569,1,27737.0,5,114,16.0,0.0,89,24,10,0,0,2,12,0,41,42,33,65,50,100,52,278,186,286,160,250,120,108,60,51,25,247,200
89481720,0,130268.0,13,323,8.0,16.0,113,28,17,0,0,53,0,0,15,42,30,65,50,100,66,278,48,282,160,246,120,103,60,54,25,246,200
89481720,1,34233.0,7,203,,13.0,87,26,32,0,0,3,5,0,21,42,30,65,50,100,66,278,48,282,160,246,120,103,60,54,25,246,200
89483904,0,3990.0,4,100,10.0,0.0,78,0,0,0,0,0,78,0,0,42,35,67,50,100,100,293,250,340,160,318,120,80,47,50,25,252,200
89483904,1,3000.0,0,0,,0.0,0,0,0,0,0,0,0,0,0,42,35,67,50,100,100,293,250,340,160,318,120,80,47,50,25,252,200
89487694,0,9359.0,6,124,,0.0,110,0,0,0,0,0,0,0,110,41,32,69,50,100,100,285,250,347,160,332,120,94,60,36,21,251,200
89487694,1,33787.0,5,114,16.0,10.0,86,26,14,0,0,3,9,0,34,41,32,69,50,100,100,285,250,347,160,332,120,94,60,36,21,251,200
89488222,0,30529.0,7,203,,13.0,86,27,32,0,0,3,5,0,19,42,35,66,50,100,60,278,13,306,160,286,120,105,60,52,25,245,200
89488222,1,172575.0,12,307,7.0,14.0,123,0,20,0,0,39,0,0,64,42,35,66,50,100,60,278,13,306,160,286,120,105,60,52,25,245,200
89488768,0,25905.0,4,120,,0.0,81,0,0,0,0,0,0,0,81,42,35,66,50,100,64,281,219,324,160,299,120,90,60,47,22,250,200
89488768,1,48934.0,7,203,,13.0,86,27,32,0,0,3,5,0,19,42,35,66,50,100,64,281,219,324,160,299,120,90,60,47,22,250,200
89490414,0,34012.0,5,114,16.0,12.0,87,29,14,0,0,3,8,0,33,41,32,69,50,100,100,285,250,354,160,316,120,88,60,42,22,253,200
89490414,1,4446.0,3,90,,0.0,295,0,0,0,0,0,0,0,295,41,32,69,50,100,100,285,250,354,160,316,120,88,60,42,22,253,200
89491492,0,30291.0,5,112,16.0,5.0,93,26,11,0,0,3,6,0,47,42,35,71,50,100,63,278,247,291,160,272,120,100,60,51,25,247,200
89491492,1,151125.0,12,294,9.0,15.0,73,0,18,0,0,47,0,0,8,42,35,71,50,100,63,278,247,291,160,272,120,100,60,51,25,247,200
89494223,0,40352.0,5,92,9.0,13.0,62,29,33,0,0,0,0,0,0,42,35,74,50,100,100,281,232,311,160,321,120,84,60,50,25,250,200
89494223,1,2664.0,2,46,0.0,0.0,93,0,0,0,0,0,93,0,0,42,35,74,50,100,100,281,232,311,160,321,120,84,60,50,25,250,200
89494759,0,32763.0,5,114,16.0,8.0,91,32,12,0,0,2,9,0,36,42,32,69,50,100,100,284,250,327,160,312,120,104,60,50,25,245,200
89494759,1,39233.0,10,216,12.0,14.0,81,7,8,0,0,16,3,0,47,42,32,69,50,100,100,284,250,327,160,312,120,104,60,50,25,245,200
89496932,0,28960.0,10,170,0.0,0.0,33,0,33,0,0,0,0,0,0,42,35,73,50,100,85,287,247,280,154,287,120,96,60,53,25,250,200
89496932,1,36545.0,11,312,8.0,17.0,106,0,0,0,0,41,0,0,65,42,35,73,50,100,85,287,247,280,154,287,120,96,60,53,25,250,200
89496952,0,91976.0,10,235,5.0,17.0,27,27,0,0,0,0,0,0,0,42,35,59,50,100,55,278,206,241,160,305,120,109,60,62,25,243,200
89496952,1,92865.0,13,272,9.0,11.0,143,0,62,0,0,39,8,0,34,42,35,59,50,100,55,278,206,241,160,305,120,109,60,62,25,243,200
89506170,0,2385.0,10,60,0.0,0.0,33,0,33,0,0,0,0,0,0,41,35,73,50,100,100,278,13,361,160,324,120,103,60,50,25,247,200
89506170,1,35438.0,6,174,,11.0,82,0,47,0,0,0,0,0,35,41,35,73,50,100,100,278,13,361,160,324,120,103,60,50,25,247,200
89506191,0,3000.0,0,0,,0.0,0,0,0,0,0,0,0,0,0,42,35,73,50,100,100,293,250,320,160,314,120,99,60,50,25,247,200
89506191,1,1043.0,5,102,,0.0,139,131,0,0,0,0,8,0,0,42,35,73,50,100,100,293,250,320,160,314,120,99,60,50,25,247,200
89508374,0,18833.0,12,300,7.0,0.0,42,0,15,0,0,9,0,0,18,42,35,66,50,100,97,278,224,361,160,329,120,105,60,51,25,248,200
89508374,1,20524.0,5,66,0.0,0.0,107,16,85,0,0,0,0,0,6,42,35,66,50,100,97,278,224,361,160,329,120,105,60,51,25,248,200
89511066,0,29803.0,5,114,16.0,0.0,91,32,13,0,0,3,7,0,36,42,35,63,48,100,78,281,37,311,160,303,120,89,60,49,25,250,200
89511066,1,50668.0,8,154,7.0,12.0,49,0,49,0,0,0,0,0,0,42,35,63,48,100,78,281,37,311,160,303,120,89,60,49,25,250,200
89513798,0,25896.0,4,106,,0.0,87,35,10,0,0,2,7,0,33,41,31,74,50,100,64,277,183,291,160,261,120,104,60,53,21,247,200
89513798,1,148833.0,14,321,0.0,20.0,189,0,20,0,0,41,0,0,128,41,31,74,50,100,64,277,183,291,160,261,120,104,60,53,21,247,200
89520361,0,2366.0,4,100,10.0,0.0,78,0,0,0,0,0,78,0,0,42,35,71,50,100,100,293,250,328,160,304,120,69,43,36,21,252,200
89520361,1,5149.0,9,226,6.0,0.0,220,0,0,0,0,0,5,0,215,42,35,71,50,100,100,293,250,328,160,304,120,69,43,36,21,252,200
89521986,0,85388.0,13,256,9.0,11.0,140,0,52,0,0,39,10,0,39,42,35,70,50,100,40,278,81,280,152,276,120,88,60,52,25,251,200
89521986,1,75547.0,10,291,7.0,16.0,59,6,15,0,0,22,0,0,16,42,35,70,50,100,40,278,81,280,152,276,120,88,60,52,25,251,200
89521989,0,74715.0,13,274,9.0,11.0,139,8,49,0,0,35,23,0,24,42,35,73,50,100,66,278,1,205,99,274,120,97,60,52,25,244,200
89521989,1,74208.0,11,227,8.0,12.0,184,11,24,0,0,28,0,0,121,42,35,73,50,100,66,278,1,205,99,274,120,97,60,52,25,244,200
89523089,0,4079.0,4,100,10.0,0.0,74,0,0,0,0,0,74,0,0,42,35,69,50,100,100,293,250,361,160,333,120,82,47,48,23,247,200
89523089,1,3837.0,3,38,5.0,0.0,98,0,0,0,0,0,0,0,98,42,35,69,50,100,100,293,250,361,160,333,120,82,47,48,23,247,200
89523642,0,3365.0,0,0,,0.0,15,0,0,0,0,0,0,0,15,42,35,68,50,100,100,293,250,332,160,327,120,98,60,49,25,253,200
89523642,1,6259.0,0,0,,0.0,2,0,2,0,0,0,0,0,0,42,35,68,50,100,100,293,250,332,160,327,120,98,60,49,25,253,200
89536852,0,2410.0,1,30,,0.0,30,0,0,0,0,0,0,0,30,42,35,71,50,100,100,293,250,320,160,314,120,105,60,51,25,250,200
89536852,1,646.0,5,87,19.0,0.0,121,113,0,0,0,0,8,0,0,42,35,71,50,100,100,293,250,320,160,314,120,105,60,51,25,250,200
89538487,0,157784.0,12,307,7.0,14.0,102,0,24,0,0,44,0,0,34,42,35,75,50,100,55,278,31,258,133,236,120,86,60,52,25,249,200
89538487,1,34555.0,7,203,,13.0,91,26,35,0,0,4,6,0,20,42,35,75,50,100,55,278,31,258,133,236,120,86,60,52,25,249,200
89538515,0,16938.0,5,66,0.0,0.0,160,41,96,0,0,0,0,0,23,42,35,70,50,100,100,278,195,351,160,301,120,105,60,48,25,247,200
89538515,1,20991.0,9,268,11.0,0.0,1321,0,73,0,0,115,0,0,1133,42,35,70,50,100,100,278,195,351,160,301,120,105,60,48,25,247,200
89540136,0,93885.0,11,266,11.0,11.0,105,12,27,0,0,43,0,0,23,42,30,67,50,100,39,278,1,245,160,295,120,97,60,56,25,248,200
89540136,1,91040.0,13,250,9.0,11.0,115,8,44,0,0,34,17,0,12,42,30,67,50,100,39,278,1,245,160,295,120,97,60,56,25,248,200
89540164,0,68381.0,12,321,9.0,17.0,176,39,15,0,0,34,2,0,86,41,35,64,50,100,89,281,186,332,160,286,120,91,60,49,23,251,200
89540164,1,46029.0,7,203,,13.0,88,28,31,0,0,4,5,0,20,41,35,64,50,100,89,281,186,332,160,286,120,91,60,49,23,251,200
89543497,0,14293.0,7,203,,0.0,86,27,32,0,0,3,5,0,19,42,35,74,50,100,94,278,7,317,160,279,120,99,60,50,25,250,200
89543497,1,56777.0,8,224,,10.0,48,0,24,0,0,24,0,0,0,42,35,74,50,100,94,278,7,317,160,279,120,99,60,50,25,250,200
89547925,0,27466.0,7,203,,0.0,86,27,32,0,0,3,5,0,19,41,32,63,50,100,100,280,13,344,160,326,120,92,60,52,25,247,200
89547925,1,31494.0,8,192,11.0,12.0,153,128,25,0,0,0,0,0,0,41,32,63,50,100,100,280,13,344,160,326,120,92,60,52,25,247,200
89551219,0,24168.0,5,66,0.0,0.0,118,18,94,0,0,0,0,0,6,42,35,69,50,100,100,280,240,302,160,327,120,101,60,50,25,250,200
89551219,1,26087.0,14,331,0.0,0.0,784,6,26,0,0,0,0,0,752,42,35,69,50,100,100,280,240,302,160,327,120,101,60,50,25,250,200
89552880,0,49265.0,7,203,,13.0,86,27,32,0,0,3,5,0,19,42,35,73,50,100,100,281,219,300,160,306,120,101,60,49,25,250,200
89552880,1,20382.0,10,257,0.0,0.0,109,17,0,0,0,0,0,0,92,42,35,73,50,100,100,281,219,300,160,306,120,101,60,49,25,250,200
89555611,0,73792.0,13,267,9.0,11.0,139,0,49,0,0,36,19,0,35,42,35,68,50,100,18,277,1,271,160,234,120,98,60,56,25,234,129
89555611,1,128392.0,13,339,7.0,11.0,86,8,18,0,0,36,0,0,24,42,35,68,50,100,18,277,1,271,160,234,120,98,60,56,25,234,129
89556160,0,55106.0,13,256,9.0,11.0,122,0,49,0,0,24,14,0,35,42,35,73,50,100,12,278,1,274,84,260,120,96,60,56,25,244,200
89556160,1,142124.0,13,338,7.0,11.0,91,7,18,0,0,36,0,0,30,42,35,73,50,100,12,278,1,274,84,260,120,96,60,56,25,244,200
89556190,0,8134.0,3,76,,0.0,154,154,0,0,0,0,0,0,0,42,35,73,50,100,100,285,241,336,160,314,120,88,60,50,25,248,200
89556190,1,15286.0,5,66,0.0,0.0,238,118,99,0,0,0,0,0,21,42,35,73,50,100,100,285,241,336,160,314,120,88,60,50,25,248,200
89557826,0,160280.0,12,304,7.0,14.0,99,0,21,0,0,44,0,0,34,42,35,70,50,100,54,278,13,250,158,230,120,90,60,52,25,249,200
89557826,1,31904.0,7,203,,13.0,86,27,32,0,0,3,5,0,19,42,35,70,50,100,54,278,13,250,158,230,120,90,60,52,25,249,200
89563318,0,99771.0,12,254,9.0,11.0,114,0,40,0,0,37,6,0,31,42,35,56,46,100,67,277,1,293,160,313,120,101,60,56,25,243,200
89563318,1,82920.0,10,276,0.0,14.0,69,16,17,0,0,6,4,0,26,42,35,56,46,100,67,277,1,293,160,313,120,101,60,56,25,243,200
89567166,0,34389.0,14,261,10.0,10.0,199,0,25,0,0,0,0,0,174,41,35,74,50,100,80,277,1,342,160,318,120,94,60,48,25,251,200
89567166,1,1955.0,4,37,0.0,0.0,201,70,36,0,0,0,0,0,95,41,35,74,50,100,80,277,1,342,160,318,120,94,60,48,25,251,200
89572098,0,87046.0,13,255,9.0,11.0,109,8,45,0,0,34,10,0,12,42,32,71,50,100,46,278,1,253,160,286,120,91,60,58,25,248,200
89572098,1,92401.0,14,296,10.0,11.0,124,0,32,0,0,32,0,0,60,42,32,71,50,100,46,278,1,253,160,286,120,91,60,58,25,248,200
89574307,0,92538.0,14,294,10.0,18.0,123,0,29,0,0,32,0,0,62,42,32,67,50,100,51,278,1,289,160,284,120,95,60,56,25,242,200
89574307,1,93129.0,13,254,9.0,11.0,117,8,48,0,0,35,12,0,14,42,32,67,50,100,51,278,1,289,160,284,120,95,60,56,25,242,200
89575980,0,5329.0,6,122,,0.0,23,18,0,0,0,5,0,0,0,41,35,75,50,101,100,293,250,347,160,319,120,97,60,51,25,250,200
89575980,1,1000.0,5,101,,0.0,138,130,0,0,0,0,8,0,0,41,35,75,50,101,100,293,250,347,160,319,120,97,60,51,25,250,200
89576515,0,3000.0,0,0,,0.0,0,0,0,0,0,0,0,0,0,42,35,68,50,100,100,290,250,354,160,297,120,101,60,50,25,250,200
89576515,1,6016.0,5,59,0.0,0.0,217,28,99,0,0,0,0,0,90,42,35,68,50,100,100,290,250,354,160,297,120,101,60,50,25,250,200
89577054,0,90506.0,13,346,8.0,11.0,154,4,37,0,0,30,0,0,83,42,35,74,50,100,50,278,1,252,82,278,120,94,60,49,23,251,200
89577054,1,21778.0,7,203,,0.0,86,27,32,0,0,3,5,0,19,42,35,74,50,100,50,278,1,252,82,278,120,94,60,49,23,251,200
89577599,0,40080.0,7,203,,13.0,86,27,32,0,0,3,5,0,19,42,35,67,50,100,100,280,1,340,160,296,120,101,60,49,25,251,200
89577599,1,12555.0,10,179,0.0,0.0,441,143,289,0,0,0,0,0,9,42,35,67,50,100,100,280,1,340,160,296,120,101,60,49,25,251,200
89581436,0,67030.0,12,259,9.0,11.0,142,0,45,0,0,38,31,0,28,42,35,66,50,100,29,278,1,246,160,235,120,97,60,53,25,249,200
89581436,1,158779.0,12,297,7.0,13.0,99,0,21,0,0,44,0,0,34,42,35,66,50,100,29,278,1,246,160,235,120,97,60,53,25,249,200
89581991,0,70471.0,12,263,9.0,11.0,119,0,50,0,0,31,12,0,26,42,35,74,50,100,17,278,25,237,160,230,120,95,60,58,25,235,161
89581991,1,152786.0,12,301,7.0,13.0,99,0,21,0,0,44,0,0,34,42,35,74,50,100,17,278,25,237,160,230,120,95,60,58,25,235,161
89582037,0,25486.0,10,170,0.0,0.0,33,0,33,0,0,0,0,0,0,42,35,73,50,100,100,278,214,336,160,318,120,88,60,50,25,253,200
89582037,1,8461.0,3,84,11.0,0.0,12,0,12,0,0,0,0,0,0,42,35,73,50,100,100,278,214,336,160,318,120,88,60,50,25,253,200
89585823,0,49220.0,7,203,,13.0,86,27,32,0,0,3,5,0,19,42,35,70,50,100,100,281,219,347,160,335,120,92,60,48,25,250,200
89585823,1,3358.0,0,0,,0.0,15,0,0,0,0,0,0,0,15,42,35,70,50,100,100,281,219,347,160,335,120,92,60,48,25,250,200
89590242,0,3000.0,0,0,,0.0,0,0,0,0,0,0,0,0,0,42,35,74,50,100,100,293,250,336,160,333,120,84,60,50,25,246,200
89590242,1,2200.0,2,46,0.0,0.0,93,0,0,0,0,0,93,0,0,42,35,74,50,100,100,293,250,336,160,333,120,84,60,50,25,246,200
89594082,0,29315.0,7,203,,0.0,86,27,32,0,0,3,5,0,19,42,35,68,50,100,100,281,13,358,160,319,120,95,60,47,25,246,200
89594082,1,27717.0,5,150,,0.0,132,33,25,0,0,0,8,0,66,42,35,68,50,100,100,281,13,358,160,319,120,95,60,47,25,246,200
89594600,0,0.0,0,0,,,181,26,34,0,0,42,36,0,43,41,35,76,50,100,100,281,219,328,160,319,120,92,60,49,25,252,200
89594600,1,49069.0,7,203,,13.0,86,27,32,0,0,3,5,0,19,41,35,76,50,100,100,281,219,328,160,319,120,92,60,49,25,252,200
89595157,0,100812.0,12,316,7.0,11.0,101,12,17,0,0,39,0,0,33,42,35,67,50,100,9,277,1,274,139,276,120,96,60,55,25,232,77
89595157,1,77307.0,13,273,9.0,11.0,130,0,47,0,0,34,16,0,33,42,35,67,50,100,9,277,1,274,139,276,120,96,60,55,25,232,77
89600651,0,26573.0,15,290,12.0,0.0,124,0,54,0,0,20,0,0,50,42,35,75,50,100,97,278,94,324,160,305,120,89,60,51,25,246,200
89600651,1,5122.0,4,100,10.0,0.0,78,0,0,0,0,0,78,0,0,42,35,75,50,100,97,278,94,324,160,305,120,89,60,51,25,246,200
89600659,0,6242.0,0,0,,0.0,2,0,2,0,0,0,0,0,0,42,35,70,50,100,100,292,250,324,160,311,120,105,60,50,25,250,200
89600659,1,5493.0,0,0,,0.0,3,0,3,0,0,0,0,0,0,42,35,70,50,100,100,292,250,324,160,311,120,105,60,50,25,250,200
89602875,0,79784.0,13,266,9.0,11.0,145,0,56,0,0,39,18,0,32,42,35,66,50,100,50,278,101,274,152,255,120,97,60,54,25,245,200
89602875,1,122623.0,13,296,8.0,18.0,89,1,9,0,0,46,0,0,33,42,35,66,50,100,50,278,101,274,152,255,120,97,60,54,25,245,200
89605644,0,3347.0,0,0,,0.0,15,0,0,0,0,0,0,0,15,42,35,71,50,100,100,293,250,336,160,318,120,79,47,49,25,246,200
89605644,1,4717.0,4,100,10.0,0.0,74,0,0,0,0,0,74,0,0,42,35,71,50,100,100,293,250,336,160,318,120,79,47,49,25,246,200
89611148,0,108791.0,11,258,12.0,13.0,40,6,21,0,0,0,4,0,9,42,35,69,50,100,1,278,1,271,160,312,120,111,60,60,25,237,196
89611148,1,90644.0,12,245,9.0,11.0,124,8,35,0,0,38,8,0,35,42,35,69,50,100,1,278,1,271,160,312,120,111,60,60,25,237,196
89617345,0,13449.0,5,66,0.0,0.0,176,60,95,0,0,0,0,0,21,42,35,71,50,100,100,285,236,336,160,314,120,98,60,51,25,250,200
89617345,1,4436.0,0,0,0.0,0.0,3,0,2,0,0,1,0,0,0,42,35,71,50,100,100,285,236,336,160,314,120,98,60,51,25,250,200
89617349,0,22588.0,5,66,0.0,0.0,134,25,98,0,0,0,0,0,11,41,35,68,50,100,100,280,240,339,160,311,120,96,60,51,25,252,200
89617349,1,28997.0,3,77,,0.0,0,0,0,0,0,0,0,0,0,41,35,68,50,100,100,280,240,339,160,311,120,96,60,51,25,252,200
89623456,0,31830.0,10,184,0.0,10.0,202,68,23,0,0,0,0,0,111,41,28,74,50,100,100,281,1,324,160,329,120,97,60,39,22,250,200
89623456,1,35433.0,7,203,,13.0,91,28,33,0,0,4,6,0,20,41,28,74,50,100,100,281,1,324,160,329,120,97,60,39,22,250,200
89627919,0,35979.0,9,198,0.0,6.0,218,0,16,0,0,0,0,0,202,42,35,58,50,100,100,287,250,354,160,339,120,84,47,42,21,247,200
89627919,1,4308.0,4,100,10.0,0.0,78,0,0,0,0,0,78,0,0,42,35,58,50,100,100,287,250,354,160,339,120,84,47,42,21,247,200
89632923,0,30110.0,7,203,,13.0,86,27,32,0,0,3,5,0,19,42,35,65,50,100,53,278,13,309,160,264,120,109,60,53,25,249,200
89632923,1,155069.0,12,326,7.0,11.0,94,0,19,0,0,35,0,0,40,42,35,65,50,100,53,278,13,309,160,264,120,109,60,53,25,249,200
89637408,0,40875.0,7,203,,13.0,86,27,32,0,0,3,5,0,19,42,35,74,50,100,59,281,86,299,160,284,120,92,60,52,25,244,200
89637408,1,89676.0,10,253,7.0,13.0,81,13,14,0,0,25,0,0,29,42,35,74,50,100,59,281,86,299,160,284,120,92,60,52,25,244,200
89637420,0,46647.0,7,203,,13.0,93,27,36,0,0,5,5,0,20,42,35,69,50,100,100,281,227,340,160,310,120,107,60,49,25,250,200
89637420,1,703.0,2,8,5.0,0.0,106,0,0,92,14,0,0,0,0,42,35,69,50,100,100,281,227,340,160,310,120,107,60,49,25,250,200
89639093,0,76633.0,13,254,9.0,11.0,144,8,37,0,0,36,32,0,31,42,35,67,50,100,21,277,1,258,160,318,120,103,60,59,25,242,199
89639093,1,96997.0,13,282,,10.0,26,0,16,0,0,0,0,0,10,42,35,67,50,100,21,277,1,258,160,318,120,103,60,59,25,242,199
89641348,0,172198.0,12,303,7.0,13.0,99,0,21,0,0,44,0,0,34,42,35,66,50,100,54,278,1,289,160,230,120,103,60,53,25,245,200
89641348,1,32046.0,7,203,,13.0,86,27,32,0,0,3,5,0,19,42,35,66,50,100,54,278,1,289,160,230,120,103,60,53,25,245,200
89642457,0,13811.0,10,189,14.0,0.0,171,0,94,0,0,0,10,0,67,42,35,73,50,114,100,284,154,347,160,321,120,89,60,47,25,246,200
89642457,1,24292.0,10,170,0.0,0.0,33,0,33,0,0,0,0,0,0,42,35,73,50,114,100,284,154,347,160,321,120,89,60,47,25,246,200
89644127,0,67667.0,12,253,11.0,11.0,115,0,34,0,0,24,25,0,32,42,35,67,50,100,26,278,28,222,80,247,120,98,60,55,25,246,200
89644127,1,141778.0,12,302,7.0,14.0,99,0,21,0,0,44,0,0,34,42,35,67,50,100,26,278,28,222,80,247,120,98,60,55,25,246,200
89644171,0,42509.0,7,203,,13.0,86,27,32,0,0,3,5,0,19,42,35,73,50,100,100,278,142,319,160,294,120,95,60,46,22,246,200
89644171,1,49647.0,7,210,,11.0,188,41,8,0,0,8,12,0,119,42,35,73,50,100,100,278,142,319,160,294,120,95,60,46,22,246,200
89646949,0,4816.0,4,100,10.0,0.0,78,0,0,0,0,0,78,0,0,42,35,66,50,100,100,293,250,328,160,308,120,84,60,48,25,253,200
89646949,1,3000.0,0,0,,0.0,0,0,0,0,0,0,0,0,0,42,35,66,50,100,100,293,250,328,160,308,120,84,60,48,25,253,200
89648049,0,78036.0,11,262,10.0,11.0,179,0,17,0,0,19,0,0,143,42,35,77,50,100,20,278,40,232,34,293,120,89,60,50,25,243,200
89648049,1,69170.0,12,255,11.0,11.0,118,0,39,0,0,27,15,0,37,42,35,77,50,100,20,278,40,232,34,293,120,89,60,50,25,243,200
89650877,0,87070.0,12,293,9.0,13.0,40,0,19,0,0,21,0,0,0,42,35,69,50,100,25,278,13,240,95,278,120,105,60,57,25,249,200
89650877,1,71956.0,14,270,9.0,11.0,132,0,50,0,0,37,12,0,33,42,35,69,50,100,25,278,13,240,95,278,120,105,60,57,25,249,200
89653649,0,19791.0,7,203,,0.0,86,27,32,0,0,3,5,0,19,41,32,73,50,100,100,277,1,320,160,299,120,90,60,47,25,252,200
89653649,1,21991.0,8,240,0.0,0.0,144,107,37,0,0,0,0,0,0,41,32,73,50,100,100,277,1,320,160,299,120,90,60,47,25,252,200
89656438,0,61822.0,12,258,11.0,11.0,120,0,34,0,0,26,17,0,43,42,35,75,50,100,24,278,4,247,93,235,120,87,60,56,25,225,5
89656438,1,141245.0,12,298,7.0,14.0,99,0,21,0,0,44,0,0,34,42,35,75,50,100,24,278,4,247,93,235,120,87,60,56,25,225,5
89657027,0,27436.0,4,109,10.0,0.0,379,0,40,0,0,76,0,0,263,42,35,68,50,100,100,278,176,361,160,295,120,101,60,48,25,248,200
89657027,1,17072.0,5,66,0.0,0.0,134,22,98,0,0,0,0,0,14,42,35,68,50,100,100,278,176,361,160,295,120,101,60,48,25,248,200
89657588,0,8762.0,13,153,,0.0,87,0,87,0,0,0,0,0,0,42,35,75,50,134,100,278,148,344,160,321,120,88,60,50,25,250,200
89657588,1,11301.0,5,66,0.0,0.0,288,145,77,0,0,0,0,0,66,42,35,75,50,134,100,278,148,344,160,321,120,88,60,50,25,250,200
89658182,0,57113.0,6,108,11.0,20.0,201,16,62,0,0,0,0,0,123,42,35,64,50,100,82,278,247,324,160,311,120,101,60,48,25,251,200
89658182,1,5971.0,0,0,,0.0,2,0,2,0,0,0,0,0,0,42,35,64,50,100,82,278,247,324,160,311,120,101,60,48,25,251,200
89659321,0,24800.0,8,240,0.0,0.0,114,61,43,0,0,0,10,0,0,41,32,73,50,100,100,277,13,347,160,336,120,93,60,50,25,250,200
89659321,1,6879.0,5,68,0.0,0.0,313,69,115,0,0,0,0,0,129,41,32,73,50,100,100,277,13,347,160,336,120,93,60,50,25,250,200
89662150,0,4460.0,0,0,,0.0,30,30,0,0,0,0,0,0,0,41,35,74,50,100,100,287,247,344,160,330,120,103,60,53,25,248,200
89662150,1,28960.0,10,170,0.0,0.0,33,0,33,0,0,0,0,0,0,41,35,74,50,100,100,287,247,344,160,330,120,103,60,53,25,248,200
89664973,0,29017.0,10,170,0.0,0.0,33,0,33,0,0,0,0,0,0,42,35,74,50,100,100,287,247,284,160,321,120,109,60,54,25,250,200
89664973,1,38952.0,5,150,,13.0,71,0,0,0,0,0,0,0,71,42,35,74,50,100,100,287,247,284,160,321,120,109,60,54,25,250,200
89666657,0,28000.0,10,247,10.0,0.0,183,1,61,0,0,0,3,0,118,42,35,68,50,100,90,277,165,356,160,311,120,103,60,49,25,246,200
89666657,1,5300.0,0,0,,0.0,2,0,2,0,0,0,0,0,0,42,35,68,50,100,90,277,165,356,160,311,120,103,60,49,25,246,200
89672348,0,75970.0,10,224,9.0,12.0,142,20,28,0,0,34,0,0,60,42,35,65,50,100,78,278,81,324,160,298,120,92,60,50,25,252,200
89672348,1,36483.0,7,203,,13.0,87,26,32,0,0,3,5,0,21,42,35,65,50,100,78,278,81,324,160,298,120,92,60,50,25,252,200
89672878,0,159592.0,12,298,7.0,13.0,99,0,21,0,0,44,0,0,34,42,35,69,50,100,29,278,4,234,160,245,120,91,60,55,25,244,199
89672878,1,70165.0,12,252,9.0,11.0,117,0,47,0,0,39,8,0,23,42,35,69,50,100,29,278,4,234,160,245,120,91,60,55,25,244,199
89673487,0,6010.0,0,0,,0.0,2,0,2,0,0,0,0,0,0,41,35,68,50,101,100,281,122,361,160,308,120,101,60,50,25,252,200
89673487,1,43526.0,6,140,13.0,13.0,79,10,65,0,0,0,0,0,4,41,35,68,50,101,100,281,122,361,160,308,120,101,60,50,25,252,200
89676322,0,6259.0,0,0,,0.0,2,0,2,0,0,0,0,0,0,42,35,73,50,100,100,293,250,332,160,327,120,98,60,49,25,250,200
89676322,1,3000.0,0,0,,0.0,0,0,0,0,0,0,0,0,0,42,35,73,50,100,100,293,250,332,160,327,120,98,60,49,25,250,200
89677424,0,46439.0,6,180,12.0,12.0,58,0,33,0,0,8,0,0,17,42,35,70,50,100,94,281,13,334,160,310,120,109,60,50,25,250,200
89677424,1,24208.0,7,203,,0.0,86,27,32,0,0,3,5,0,19,42,35,70,50,100,94,281,13,334,160,310,120,109,60,50,25,250,200
89679117,0,76068.0,13,251,9.0,11.0,122,0,49,0,0,16,24,0,33,42,35,71,50,100,17,278,108,280,160,281,120,95,60,56,25,240,198
89679117,1,107518.0,10,277,7.0,13.0,76,7,21,0,0,30,0,0,18,42,35,71,50,100,17,278,108,280,160,281,120,95,60,56,25,240,198
89679698,0,27283.0,2,60,13.0,0.0,54,0,30,0,0,8,0,0,16,42,35,69,50,100,100,281,13,358,160,313,120,96,60,47,25,246,200
89679698,1,29586.0,7,203,,0.0,86,27,32,0,0,3,5,0,19,42,35,69,50,100,100,281,13,358,160,313,120,96,60,47,25,246,200
89681370,0,153830.0,12,298,7.0,14.0,99,0,21,0,0,44,0,0,34,42,35,76,50,100,24,278,37,242,97,246,120,80,60,55,25,238,148
89681370,1,62875.0,12,253,11.0,11.0,119,0,34,0,0,25,21,0,39,42,35,76,50,100,24,278,37,242,97,246,120,80,60,55,25,238,148
89681371,0,171261.0,12,302,7.0,14.0,99,0,21,0,0,44,0,0,34,42,35,69,50,100,29,278,22,255,160,269,120,96,60,56,25,245,200
89681371,1,75243.0,13,263,9.0,11.0,138,0,47,0,0,41,19,0,31,42,35,69,50,100,29,278,22,255,160,269,120,96,60,56,25,245,200
89683078,0,93264.0,13,264,9.0,11.0,113,0,53,0,0,35,6,0,19,42,35,67,50,100,33,278,120,284,160,264,120,100,60,57,25,249,200
89683078,1,88275.0,12,302,7.0,15.0,112,0,20,0,0,58,0,0,34,42,35,67,50,100,33,278,120,284,160,264,120,100,60,57,25,249,200
89684776,0,100722.0,13,324,8.0,16.0,106,0,14,0,0,50,0,0,42,42,35,71,50,100,39,278,68,239,160,242,120,104,60,56,25,245,200
89684776,1,84681.0,12,258,9.0,11.0,113,0,50,0,0,34,12,0,17,42,35,71,50,100,39,278,68,239,160,242,120,104,60,56,25,245,200
89688755,0,181008.0,12,304,7.0,14.0,99,0,21,0,0,44,0,0,34,42,35,69,50,100,54,278,1,299,160,241,120,99,60,52,25,247,200
89688755,1,32068.0,7,203,,13.0,86,27,32,0,0,3,5,0,19,42,35,69,50,100,54,278,1,299,160,241,120,99,60,52,25,247,200
89689326,0,36294.0,10,228,10.0,11.0,98,0,45,0,0,40,13,0,0,42,35,68,50,116,100,277,1,354,160,294,120,96,60,49,25,246,200
89689326,1,22248.0,7,203,,0.0,86,27,32,0,0,3,5,0,19,42,35,68,50,116,100,277,1,354,160,294,120,96,60,49,25,246,200
89694462,0,83012.0,12,278,10.0,11.0,84,9,25,0,0,39,11,0,0,42,32,67,50,100,38,278,1,289,160,302,120,94,60,55,25,246,200
89694462,1,78850.0,13,249,9.0,11.0,122,8,38,0,0,26,21,0,29,42,32,67,50,100,38,278,1,289,160,302,120,94,60,55,25,246,200
89695577,0,93361.0,14,225,9.0,18.0,121,33,35,0,0,0,0,0,53,42,35,58,50,100,26,277,16,245,152,301,120,93,60,60,25,240,200
89695577,1,95381.0,12,252,9.0,11.0,120,8,55,0,0,36,8,0,13,42,35,58,50,100,26,277,16,245,152,301,120,93,60,60,25,240,200
89696119,0,48617.0,7,203,,13.0,86,27,32,0,0,3,5,0,19,42,35,75,50,100,100,281,219,328,160,303,120,73,42,49,25,253,200
89696119,1,723.0,3,87,0.0,0.0,109,0,5,0,0,0,75,0,29,42,35,75,50,100,100,281,219,328,160,303,120,73,42,49,25,253,200
89698381,0,12866.0,5,66,0.0,0.0,327,212,93,0,0,0,0,0,22,41,35,71,50,100,100,286,240,347,160,308,120,94,60,47,24,253,200
89698381,1,3981.0,5,146,1.0,0.0,216,0,1,0,0,0,0,0,215,41,35,71,50,100,100,286,240,347,160,308,120,94,60,47,24,253,200
89701799,0,17468.0,10,170,0.0,0.0,33,0,33,0,0,0,0,0,0,42,35,68,50,100,57,278,81,274,158,272,120,107,60,53,25,248,200
89701799,1,183616.0,12,303,7.0,14.0,131,0,21,0,0,44,0,0,66,42,35,68,50,100,57,278,81,274,158,272,120,107,60,53,25,248,200
89704066,0,180011.0,12,298,7.0,14.0,99,0,21,0,0,44,0,0,34,42,35,75,50,100,55,278,1,273,160,270,120,90,60,54,25,247,200
89704066,1,32235.0,7,203,,13.0,86,27,32,0,0,3,5,0,19,42,35,75,50,100,55,278,1,273,160,270,120,90,60,54,25,247,200
89704649,0,28960.0,10,170,0.0,0.0,33,0,33,0,0,0,0,0,0,42,35,73,50,100,100,287,247,336,160,327,120,96,60,52,25,247,200
89704649,1,2771.0,5,150,16.0,0.0,1317,0,0,0,0,1260,52,0,5,42,35,73,50,100,100,287,247,336,160,327,120,96,60,52,25,247,200
89705783,0,33450.0,6,180,,11.0,82,41,25,0,0,16,0,0,0,41,35,75,50,100,100,278,13,332,160,292,120,90,60,48,25,253,200
89705783,1,24142.0,7,203,,0.0,86,27,32,0,0,3,5,0,19,41,35,75,50,100,100,278,13,332,160,292,120,90,60,48,25,253,200
89710340,0,23150.0,4,77,13.0,0.0,179,8,71,0,0,0,0,0,100,42,35,67,50,117,100,278,10,320,160,314,120,101,60,49,25,252,200
89710340,1,10435.0,5,66,0.0,0.0,148,20,98,0,0,0,0,0,30,42,35,67,50,117,100,278,10,320,160,314,120,101,60,49,25,252,200
89715493,0,8269.0,3,90,,0.0,102,49,0,0,0,0,29,0,24,42,29,67,50,100,100,287,240,354,160,318,120,85,60,48,22,250,200
89715493,1,13041.0,5,66,0.0,0.0,126,22,95,0,0,0,0,0,9,42,29,67,50,100,100,287,240,354,160,318,120,85,60,48,22,250,200
89718915,0,2650.0,0,0,,0.0,718,0,0,0,0,0,0,0,718,42,35,75,50,100,100,293,250,354,160,321,120,78,47,52,25,247,200
89718915,1,3800.0,4,100,10.0,0.0,73,0,0,0,0,0,73,0,0,42,35,75,50,100,100,293,250,354,160,321,120,78,47,52,25,247,200
89734968,0,5710.0,4,100,10.0,0.0,74,0,0,0,0,0,74,0,0,42,35,66,50,100,100,293,250,332,160,314,120,90,60,45,23,250,200
89734968,1,9837.0,1,30,,0.0,153,0,0,0,0,0,0,0,153,42,35,66,50,100,100,293,250,332,160,314,120,90,60,45,23,250,200
89735563,0,885.0,5,101,,0.0,138,130,0,0,0,0,8,0,0,42,35,65,50,100,100,293,250,365,160,327,120,85,60,50,25,247,200
89735563,1,4694.0,2,30,25.0,0.0,82,1,0,0,0,0,81,0,0,42,35,65,50,100,100,293,250,365,160,327,120,85,60,50,25,247,200
89738442,0,3936.0,0,0,,0.0,15,0,0,0,0,0,0,0,15,42,35,70,50,100,100,293,250,340,160,324,120,88,60,51,25,251,200
89738442,1,3050.0,2,46,0.0,0.0,91,0,0,0,0,0,91,0,0,42,35,70,50,100,100,293,250,340,160,324,120,88,60,51,25,251,200
89738972,0,175482.0,12,303,7.0,14.0,131,0,21,0,0,44,0,0,66,42,35,77,50,100,57,278,81,261,158,247,120,101,60,54,25,247,200
89738972,1,17468.0,10,170,0.0,0.0,33,0,33,0,0,0,0,0,0,42,35,77,50,100,57,278,81,261,158,247,120,101,60,54,25,247,200
89744232,0,5995.0,0,0,,0.0,2,0,2,0,0,0,0,0,0,42,35,65,50,100,100,281,179,358,160,297,120,103,60,45,25,252,200
89744232,1,43626.0,7,208,0.0,13.0,198,39,80,0,0,1,0,0,78,42,35,65,50,100,100,281,179,358,160,297,120,103,60,45,25,252,200
89747716,0,12620.0,2,40,,0.0,40,16,6,0,0,2,4,0,12,42,35,73,50,100,100,292,250,344,160,335,120,83,60,51,25,246,200
89747716,1,4678.0,4,100,10.0,0.0,74,0,0,0,0,0,74,0,0,42,35,73,50,100,100,292,250,344,160,335,120,83,60,51,25,246,200
89749380,0,96790.0,12,284,9.0,14.0,56,4,8,0,0,21,0,0,23,42,35,71,50,100,100,281,209,290,160,309,120,94,60,54,25,241,200
89749380,1,24442.0,10,170,0.0,0.0,32,0,32,0,0,0,0,0,0,42,35,71,50,100,100,281,209,290,160,309,120,94,60,54,25,241,200
89749999,0,14055.0,1,14,0.0,0.0,106,39,34,0,0,0,0,0,33,42,35,70,50,100,100,282,142,351,160,321,120,109,60,50,24,247,200
89749999,1,21519.0,10,170,0.0,0.0,33,0,33,0,0,0,0,0,0,42,35,70,50,100,100,282,142,351,160,321,120,109,60,50,24,247,200
89752262,0,56633.0,12,312,12.0,12.0,362,142,26,0,0,0,0,0,194,41,33,59,50,100,100,280,86,334,160,330,120,96,60,46,25,246,200
89752262,1,9986.0,5,66,0.0,0.0,160,43,76,0,0,0,0,0,41,41,33,59,50,100,100,280,86,334,160,330,120,96,60,46,25,246,200
89753412,0,35153.0,7,203,,13.0,86,27,32,0,0,3,5,0,19,42,35,67,50,100,100,281,13,344,160,319,120,92,60,46,25,253,200
89753412,1,14630.0,3,90,,0.0,110,0,67,0,0,0,0,0,43,42,35,67,50,100,100,281,13,344,160,319,120,92,60,46,25,253,200
89758121,0,4439.0,4,100,10.0,0.0,74,0,0,0,0,0,74,0,0,41,35,60,50,100,90,293,250,351,160,308,120,78,60,45,22,253,200
89758121,1,19968.0,6,174,0.0,0.0,133,0,0,0,0,0,6,0,127,41,35,60,50,100,90,293,250,351,160,308,120,78,60,45,22,253,200
89772795,0,5941.0,1,23,7.0,0.0,74,0,0,0,0,0,49,0,25,42,35,69,50,100,100,288,248,332,160,297,120,104,60,50,24,250,200
89772795,1,9787.0,5,66,0.0,0.0,246,127,97,0,0,0,0,0,22,42,35,69,50,100,100,288,248,332,160,297,120,104,60,50,24,250,200
89779203,0,17527.0,3,60,,0.0,98,89,9,0,0,0,0,0,0,41,32,65,50,100,100,280,232,354,160,318,120,105,60,49,25,252,200
89779203,1,21339.0,5,66,0.0,0.0,134,25,98,0,0,0,0,0,11,41,32,65,50,100,100,280,232,354,160,318,120,105,60,49,25,252,200
89788106,0,16091.0,10,110,0.0,0.0,32,0,32,0,0,0,0,0,0,42,35,71,50,100,86,278,232,336,160,316,120,90,60,51,25,247,200
89788106,1,25281.0,12,303,7.0,0.0,131,0,21,0,0,44,0,0,66,42,35,71,50,100,86,278,232,336,160,316,120,90,60,51,25,247,200
89791827,0,14564.0,10,120,0.0,0.0,31,0,31,0,0,0,0,0,0,42,35,71,50,100,83,278,232,339,160,297,120,105,60,53,25,244,200
89791827,1,27342.0,12,303,7.0,0.0,131,0,21,0,0,44,0,0,66,42,35,71,50,100,83,278,232,339,160,297,120,105,60,53,25,244,200
89796669,0,6259.0,0,0,,0.0,2,0,2,0,0,0,0,0,0,41,32,74,50,100,100,293,250,293,160,329,120,96,60,59,25,244,200
89796669,1,50380.0,6,128,13.0,19.0,40,31,0,0,0,9,0,0,0,41,32,74,50,100,100,293,250,293,160,329,120,96,60,59,25,244,200
89796679,0,5186.0,5,49,0.0,0.0,207,83,36,0,0,0,0,0,88,41,35,68,50,100,100,279,1,351,160,324,120,103,60,53,25,246,200
89796679,1,38158.0,6,180,,11.0,77,28,49,0,0,0,0,0,0,41,35,68,50,100,100,279,1,351,160,324,120,103,60,53,25,246,200
89799054,0,3448.0,4,100,10.0,0.0,74,0,0,0,0,0,74,0,0,42,35,69,50,100,100,293,250,340,160,308,120,68,36,48,25,247,200
89799054,1,4175.0,3,38,0.0,0.0,57,6,0,0,0,0,29,0,22,42,35,69,50,100,100,293,250,340,160,308,120,68,36,48,25,247,200
89799084,0,5309.0,4,100,10.0,0.0,75,0,0,0,0,0,75,0,0,42,35,74,50,100,100,287,249,315,160,308,120,80,49,51,25,248,200
89799084,1,24864.0,0,0,,0.0,16,0,16,0,0,0,0,0,0,42,35,74,50,100,100,287,249,315,160,308,120,80,49,51,25,248,200
89800250,0,5411.0,5,69,0.0,0.0,774,660,36,0,0,0,0,0,78,42,29,71,50,100,57,278,1,288,160,247,120,109,60,58,25,242,200
89800250,1,197632.0,14,333,0.0,18.0,126,13,42,0,0,71,0,0,0,42,29,71,50,100,57,278,1,288,160,247,120,109,60,58,25,242,200
89808680,0,3122.0,4,100,10.0,0.0,74,0,0,0,0,0,74,0,0,42,35,71,50,100,100,293,250,344,160,301,120,75,46,49,25,250,200
89808680,1,3000.0,0,0,,0.0,0,0,0,0,0,0,0,0,0,42,35,71,50,100,100,293,250,344,160,301,120,75,46,49,25,250,200
89808685,0,29618.0,9,159,0.0,0.0,96,20,14,0,0,7,0,0,55,41,34,71,50,100,89,282,240,344,160,307,120,101,60,55,25,250,200
89808685,1,15493.0,10,160,0.0,0.0,31,0,31,0,0,0,0,0,0,41,34,71,50,100,89,282,240,344,160,307,120,101,60,55,25,250,200
89814294,0,10740.0,10,258,12.0,0.0,169,0,0,0,0,0,0,0,169,42,35,69,50,100,92,287,248,336,160,321,120,101,60,49,25,247,200
89814294,1,24112.0,10,180,0.0,0.0,34,0,34,0,0,0,0,0,0,42,35,69,50,100,92,287,248,336,160,321,120,101,60,49,25,247,200
89815568,0,28067.0,4,109,10.0,0.0,590,0,52,0,0,140,0,0,398,42,35,74,50,100,100,278,183,340,160,325,120,105,60,51,25,246,200
89815568,1,9937.0,5,66,0.0,0.0,136,25,98,0,0,0,0,0,13,42,35,74,50,100,100,278,183,340,160,325,120,105,60,51,25,246,200
89816139,0,38606.0,9,141,11.0,11.0,66,0,0,0,0,1,0,0,65,42,35,73,50,100,100,287,246,326,160,324,120,88,60,54,25,246,200
89816139,1,24636.0,10,180,0.0,0.0,37,6,31,0,0,0,0,0,0,42,35,73,50,100,100,287,246,326,160,324,120,88,60,54,25,246,200
89819666,0,10144.0,10,283,11.0,0.0,527,128,103,0,0,38,8,0,250,42,35,70,50,100,100,277,213,332,160,309,120,100,60,50,25,250,200
89819666,1,10998.0,5,66,0.0,0.0,426,306,98,0,0,0,0,0,22,42,35,70,50,100,100,277,213,332,160,309,120,100,60,50,25,250,200
89819694,0,1625.0,2,46,0.0,0.0,89,0,0,0,0,0,89,0,0,42,35,76,50,100,100,293,250,332,160,308,120,73,52,50,25,252,200
89819694,1,2230.0,0,0,,0.0,598,249,0,0,0,349,0,0,0,42,35,76,50,100,100,293,250,332,160,308,120,73,52,50,25,252,200
89821479,0,80472.0,8,194,13.0,13.0,184,41,115,0,0,0,0,0,28,42,35,60,50,100,51,279,142,320,160,313,120,99,60,56,25,245,200
89821479,1,42985.0,7,203,,13.0,89,28,32,0,0,4,5,0,20,42,35,60,50,100,51,279,142,320,160,313,120,99,60,56,25,245,200
89823241,0,51855.0,2,59,,8.0,0,0,0,0,0,0,0,0,0,42,35,77,50,100,55,281,221,274,114,313,120,86,60,53,25,251,200
89823241,1,48968.0,7,203,,13.0,89,28,32,0,0,4,5,0,20,42,35,77,50,100,55,281,221,274,114,313,120,86,60,53,25,251,200
89825576,0,126814.0,12,280,9.0,11.0,64,0,20,0,0,44,0,0,0,42,35,75,50,100,73,278,115,302,160,273,120,92,60,56,25,240,190
89825576,1,14051.0,5,66,0.0,0.0,134,25,98,0,0,0,0,0,11,42,35,75,50,100,73,278,115,302,160,273,120,92,60,56,25,240,190
89826175,0,26458.0,7,203,,0.0,89,28,32,0,0,4,5,0,20,41,35,68,50,100,100,278,1,294,160,326,120,94,60,58,25,250,200
89826175,1,90786.0,8,232,11.0,11.0,59,0,59,0,0,0,0,0,0,41,35,68,50,100,100,278,1,294,160,326,120,94,60,58,25,250,200
89826798,0,44974.0,11,262,,21.0,33,0,6,0,0,21,0,0,6,42,35,71,50,100,93,280,225,313,160,296,120,96,60,51,25,252,200
89826798,1,16776.0,5,66,0.0,0.0,230,112,96,0,0,0,0,0,22,42,35,71,50,100,93,280,225,313,160,296,120,96,60,51,25,252,200
89826800,0,52220.0,2,59,,8.0,0,0,0,0,0,0,0,0,0,42,35,69,50,100,55,285,240,271,147,318,120,101,60,51,25,250,200
89826800,1,16804.0,5,66,0.0,0.0,405,21,302,0,0,0,0,0,82,42,35,69,50,100,55,285,240,271,147,318,120,101,60,51,25,250,200
89830308,0,14040.0,10,130,0.0,0.0,31,0,31,0,0,0,0,0,0,42,30,71,50,100,90,281,184,315,160,276,120,96,60,50,25,251,200
89830308,1,37546.0,10,237,13.0,13.0,84,31,20,0,0,33,0,0,0,42,30,71,50,100,90,281,184,315,160,276,120,96,60,50,25,251,200
89838521,0,1001.0,4,27,0.0,0.0,189,24,106,0,0,0,0,0,59,42,35,73,50,103,100,278,113,324,160,316,120,99,60,48,25,248,200
89838521,1,54080.0,12,318,8.0,11.0,216,83,31,0,0,19,13,0,70,42,35,73,50,103,100,278,113,324,160,316,120,99,60,48,25,248,200
89841457,0,12344.0,5,66,0.0,0.0,123,19,96,0,0,0,0,0,8,41,31,63,50,100,90,280,201,340,160,301,120,101,60,50,24,253,200
89841457,1,31337.0,8,184,5.0,13.0,113,49,19,0,0,0,0,0,45,41,31,63,50,100,90,280,201,340,160,301,120,101,60,50,24,253,200
89848763,0,66369.0,8,202,9.0,10.0,87,34,10,0,0,6,10,0,27,42,35,58,50,100,72,281,234,323,160,296,120,96,60,51,25,250,200
89848763,1,15117.0,10,110,0.0,0.0,31,0,31,0,0,0,0,0,0,42,35,58,50,100,72,281,234,323,160,296,120,96,60,51,25,250,200
89849352,0,46319.0,10,252,10.0,11.0,278,25,75,0,0,0,0,0,178,42,35,68,50,100,100,278,1,344,160,336,120,101,60,43,25,250,200
89849352,1,136.0,10,49,0.0,0.0,30,0,30,0,0,0,0,0,0,42,35,68,50,100,100,278,1,344,160,336,120,101,60,43,25,250,200
89851107,0,32223.0,10,298,0.0,12.0,135,86,28,0,0,0,21,0,0,41,34,74,50,100,100,280,115,340,160,308,120,92,60,50,25,251,200
89851107,1,11961.0,5,66,0.0,0.0,203,25,117,0,0,0,0,0,61,41,34,74,50,100,100,280,115,340,160,308,120,92,60,50,25,251,200
89855894,0,3575.0,4,100,10.0,0.0,73,0,0,0,0,0,73,0,0,42,35,71,50,117,100,278,188,328,160,314,120,70,44,48,25,253,200
89855894,1,38123.0,4,77,13.0,12.0,214,14,71,0,0,0,0,0,129,42,35,71,50,117,100,278,188,328,160,314,120,70,44,48,25,253,200
89876707,0,5613.0,4,114,2.0,0.0,376,5,0,0,0,0,0,0,371,42,35,70,50,100,100,293,250,332,160,308,120,76,44,37,22,250,200
89876707,1,4686.0,4,100,10.0,0.0,74,0,0,0,0,0,74,0,0,42,35,70,50,100,100,293,250,332,160,308,120,76,44,37,22,250,200
89877297,0,7134.0,4,114,2.0,0.0,378,4,0,0,0,0,0,0,374,42,35,74,50,100,100,286,240,358,160,324,120,94,60,44,23,246,200
89877297,1,14081.0,5,66,0.0,0.0,268,100,96,0,0,0,0,0,72,42,35,74,50,100,100,286,240,358,160,324,120,94,60,44,23,246,200
89882639,0,6061.0,0,0,,0.0,3,0,3,0,0,0,0,0,0,42,35,68,50,100,100,285,249,344,160,308,120,92,60,49,25,253,200
89882639,1,18866.0,10,160,0.0,0.0,34,0,34,0,0,0,0,0,0,42,35,68,50,100,100,285,249,344,160,308,120,92,60,49,25,253,200
89882690,0,11828.0,5,66,0.0,0.0,363,42,248,0,0,0,0,0,73,41,34,60,50,100,49,278,99,344,160,311,120,92,60,54,25,250,200
89882690,1,30940.0,7,129,7.0,11.0,93,9,34,0,0,4,0,0,46,41,34,60,50,100,49,278,99,344,160,311,120,92,60,54,25,250,200
89891736,0,6259.0,0,0,,0.0,2,0,2,0,0,0,0,0,0,42,35,75,50,100,100,293,250,336,160,330,120,98,60,52,25,247,200
89891736,1,5677.0,1,30,,0.0,43,0,0,0,0,0,43,0,0,42,35,75,50,100,100,293,250,336,160,330,120,98,60,52,25,247,200
89892319,0,2318.0,1,30,0.0,0.0,57,0,0,0,0,0,57,0,0,42,35,71,50,100,100,287,240,320,160,314,120,84,54,49,25,253,200
89892319,1,12967.0,5,66,0.0,0.0,143,27,98,0,0,0,0,0,18,42,35,71,50,100,100,287,240,320,160,314,120,84,54,49,25,253,200
89897193,0,6247.0,0,0,,0.0,2,0,2,0,0,0,0,0,0,42,35,70,50,100,100,292,250,344,160,290,120,98,60,49,25,250,200
89897193,1,6087.0,0,0,,0.0,3,0,3,0,0,0,0,0,0,42,35,70,50,100,100,292,250,344,160,290,120,98,60,49,25,250,200
89897202,0,6259.0,0,0,,0.0,2,0,2,0,0,0,0,0,0,42,35,73,50,101,100,293,250,336,160,301,120,90,60,49,25,246,200
89897202,1,9892.0,4,120,9.0,0.0,223,0,0,0,0,0,67,0,156,42,35,73,50,101,100,293,250,336,160,301,120,90,60,49,25,246,200
89903302,0,9513.0,8,240,10.0,0.0,281,62,0,0,0,38,52,0,129,42,35,71,50,100,100,281,214,320,160,291,120,79,52,47,23,251,200
89903302,1,48355.0,7,203,,13.0,85,26,32,0,0,4,4,0,19,42,35,71,50,100,100,281,214,320,160,291,120,79,52,47,23,251,200
89905165,0,29216.0,7,203,,0.0,89,28,32,0,0,4,5,0,20,42,35,73,50,100,70,278,13,301,160,293,120,90,60,52,23,250,200
89905165,1,106577.0,12,250,10.0,18.0,121,0,28,0,0,32,0,0,61,42,35,73,50,100,70,278,13,301,160,293,120,90,60,52,23,250,200
89905206,0,62399.0,12,282,14.0,17.0,61,0,19,0,0,0,0,0,42,42,35,71,50,100,70,280,197,291,160,311,120,103,60,51,25,248,200
89905206,1,14375.0,5,66,0.0,0.0,142,21,100,0,0,0,0,0,21,42,35,71,50,100,70,280,197,291,160,311,120,103,60,51,25,248,200
89913763,0,176083.0,12,306,7.0,14.0,131,0,21,0,0,44,0,0,66,42,35,71,50,100,57,278,115,285,158,237,120,103,60,53,25,249,200
89913763,1,18401.0,5,66,0.0,0.0,139,21,98,0,0,0,0,0,20,42,35,71,50,100,57,278,115,285,158,237,120,103,60,53,25,249,200
89913827,0,58466.0,6,142,8.0,11.0,118,34,47,0,0,10,6,0,21,41,34,73,50,100,79,278,13,334,160,308,120,91,60,52,25,251,200
89913827,1,28453.0,7,203,,0.0,89,28,32,0,0,4,5,0,20,41,34,73,50,100,79,278,13,334,160,308,120,91,60,52,25,251,200
89915662,0,2812.0,10,99,0.0,0.0,32,0,32,0,0,0,0,0,0,42,35,73,50,105,100,278,13,347,160,304,120,92,60,49,25,247,200
89915662,1,25758.0,3,40,0.0,0.0,88,0,69,0,0,0,0,0,19,42,35,73,50,105,100,278,13,347,160,304,120,92,60,49,25,247,200
89916938,0,4686.0,4,100,10.0,0.0,75,0,0,0,0,0,75,0,0,40,23,68,50,100,100,293,250,336,160,321,120,76,44,49,25,253,200
89916938,1,7106.0,8,240,,0.0,226,226,0,0,0,0,0,0,0,40,23,68,50,100,100,293,250,336,160,321,120,76,44,49,25,253,200
89917547,0,11853.0,4,108,,0.0,284,0,0,0,0,0,0,0,284,42,35,73,50,100,100,293,250,311,160,304,120,98,60,37,21,251,200
89917547,1,6259.0,0,0,,0.0,2,0,2,0,0,0,0,0,0,42,35,73,50,100,100,293,250,311,160,304,120,98,60,37,21,251,200
89920668,0,1027.0,5,102,,0.0,139,131,0,0,0,0,8,0,0,42,35,68,50,100,100,293,250,320,160,294,120,98,60,49,25,253,200
89920668,1,972.0,5,125,,0.0,32,0,0,0,0,0,12,0,20,42,35,68,50,100,100,293,250,320,160,294,120,98,60,49,25,253,200
89921860,0,47431.0,7,203,,13.0,89,28,32,0,0,4,5,0,20,42,35,64,50,100,67,281,198,325,160,309,120,94,60,50,25,250,200
89921860,1,41528.0,12,280,10.0,17.0,55,0,7,0,0,2,0,0,46,42,35,64,50,100,67,281,198,325,160,309,120,94,60,50,25,250,200
89926247,0,23877.0,8,232,7.0,0.0,199,138,11,0,0,10,0,0,40,41,29,73,50,100,100,288,250,336,160,329,120,96,60,49,25,247,200
89926247,1,6220.0,0,0,,0.0,2,0,2,0,0,0,0,0,0,41,29,73,50,100,100,288,250,336,160,329,120,96,60,49,25,247,200
89929340,0,4697.0,0,0,,0.0,6,4,2,0,0,0,0,0,0,42,35,74,50,100,100,281,209,332,160,322,120,90,60,48,25,248,200
89929340,1,48296.0,7,203,,13.0,89,28,32,0,0,4,5,0,20,42,35,74,50,100,100,281,209,332,160,322,120,90,60,48,25,248,200
89933763,0,48190.0,7,203,,13.0,89,28,32,0,0,4,5,0,20,42,32,71,50,100,100,281,195,351,160,325,120,101,60,50,25,246,200
89933763,1,14153.0,3,86,17.0,0.0,126,63,6,0,0,8,5,0,44,42,32,71,50,100,100,281,195,351,160,325,120,101,60,50,25,246,200
89940009,0,6175.0,5,78,0.0,0.0,135,51,9,0,0,10,19,0,46,42,35,72,50,106,100,278,231,320,160,280,120,96,60,48,25,251,200
89940009,1,20760.0,5,66,0.0,0.0,134,25,98,0,0,0,0,0,11,42,35,72,50,106,100,278,231,320,160,280,120,96,60,48,25,251,200
89942581,0,5020.0,2,27,,0.0,47,19,0,0,0,0,28,0,0,42,35,66,50,100,100,293,250,351,160,333,120,85,60,49,25,250,200
89942581,1,893.0,5,100,,0.0,137,129,0,0,0,0,8,0,0,42,35,66,50,100,100,293,250,351,160,333,120,85,60,49,25,250,200
89946975,0,24636.0,10,180,0.0,0.0,37,6,31,0,0,0,0,0,0,42,35,70,50,100,100,287,246,344,160,294,120,107,60,50,25,251,200
89946975,1,3000.0,0,0,,0.0,0,0,0,0,0,0,0,0,0,42,35,70,50,100,100,287,246,344,160,294,120,107,60,50,25,251,200
89947638,0,2049.0,0,0,0.0,0.0,9,0,0,0,0,0,0,0,9,42,35,70,50,100,100,293,250,347,160,318,120,97,60,51,25,247,200
89947638,1,1000.0,5,101,,0.0,138,130,0,0,0,0,8,0,0,42,35,70,50,100,100,293,250,347,160,318,120,97,60,51,25,247,200
89947645,0,4683.0,3,57,2.0,0.0,83,23,0,0,0,0,0,0,60,41,35,69,50,100,84,293,250,336,160,330,120,92,60,52,24,251,200
89947645,1,606.0,5,84,19.0,0.0,102,94,0,0,0,0,8,0,0,41,35,69,50,100,84,293,250,336,160,330,120,92,60,52,24,251,200
89948901,0,2990.0,0,0,,0.0,0,0,0,0,0,0,0,0,0,42,35,70,50,100,100,293,250,347,160,304,120,78,44,50,25,247,200
89948901,1,4847.0,4,100,10.0,0.0,75,0,0,0,0,0,75,0,0,42,35,70,50,100,100,293,250,347,160,304,120,78,44,50,25,247,200
89950176,0,34065.0,4,111,,10.0,71,0,36,0,0,0,0,0,35,42,35,66,50,100,92,278,78,349,160,306,120,94,60,48,23,250,200
89950176,1,37179.0,7,203,,13.0,89,28,32,0,0,4,5,0,20,42,35,66,50,100,92,278,78,349,160,306,120,94,60,48,23,250,200
89953998,0,3000.0,0,0,,0.0,0,0,0,0,0,0,0,0,0,42,35,76,50,100,100,287,242,344,160,327,120,94,60,51,25,248,200
89953998,1,12928.0,5,66,0.0,0.0,150,20,101,0,0,0,0,0,29,42,35,76,50,100,100,287,242,344,160,327,120,94,60,51,25,248,200
89955263,0,3000.0,0,0,,0.0,0,0,0,0,0,0,0,0,0,42,35,75,50,100,100,287,246,320,160,294,120,94,60,50,25,253,200
89955263,1,24700.0,10,180,0.0,0.0,38,7,31,0,0,0,0,0,0,42,35,75,50,100,100,287,246,320,160,294,120,94,60,50,25,253,200
89963168,0,3375.0,0,0,,0.0,15,0,0,0,0,0,0,0,15,42,35,70,50,100,100,285,240,340,160,286,120,105,60,49,25,251,200
89963168,1,16123.0,5,66,0.0,0.0,158,19,89,0,0,0,0,0,50,42,35,70,50,100,100,285,240,340,160,286,120,105,60,49,25,251,200
89963195,0,7564.0,10,50,0.0,0.0,32,0,32,0,0,0,0,0,0,42,35,70,50,100,78,278,65,313,160,307,120,88,60,49,25,250,200
89963195,1,69980.0,11,197,11.0,11.0,221,9,59,0,0,24,0,0,129,42,35,70,50,100,78,278,65,313,160,307,120,88,60,49,25,250,200
89970221,0,50771.0,9,247,,12.0,44,0,44,0,0,0,0,0,0,42,35,64,50,100,92,280,34,344,160,314,120,103,60,51,25,253,200
89970221,1,5438.0,5,66,0.0,0.0,423,260,87,0,0,0,0,0,76,42,35,64,50,100,92,280,34,344,160,314,120,103,60,51,25,253,200
89972142,0,44377.0,7,203,,13.0,89,28,32,0,0,4,5,0,20,41,27,76,50,100,100,281,136,344,160,329,120,90,60,49,25,250,200
89972142,1,10206.0,3,38,9.0,0.0,157,75,18,0,0,0,0,0,64,41,27,76,50,100,100,281,136,344,160,329,120,90,60,49,25,250,200
89973442,0,4216.0,1,30,,0.0,26,0,0,0,0,0,25,0,1,41,35,70,50,100,100,292,250,351,160,318,120,91,60,50,25,253,200
89973442,1,3077.0,4,34,0.0,0.0,328,21,79,0,0,0,0,0,228,41,35,70,50,100,100,292,250,351,160,318,120,91,60,50,25,253,200
89978586,0,6259.0,0,0,,0.0,2,0,2,0,0,0,0,0,0,41,30,66,50,100,100,293,250,358,160,311,120,101,60,43,21,247,200
89978586,1,7264.0,9,203,5.0,0.0,370,161,0,0,0,0,0,0,209,41,30,66,50,100,100,293,250,358,160,311,120,101,60,43,21,247,200
89981098,0,44064.0,7,182,13.0,12.0,135,65,21,0,0,5,5,0,39,42,32,65,50,100,100,281,13,336,160,304,120,96,60,46,22,250,200
89981098,1,28222.0,7,203,,0.0,89,28,32,0,0,4,5,0,20,42,32,65,50,100,100,281,13,336,160,304,120,96,60,46,22,250,200
89985006,0,6259.0,0,0,,0.0,2,0,2,0,0,0,0,0,0,42,35,69,50,100,100,293,250,347,160,330,120,105,60,50,25,250,200
89985006,1,3000.0,0,0,,0.0,0,0,0,0,0,0,0,0,0,42,35,69,50,100,100,293,250,347,160,330,120,105,60,50,25,250,200
89990189,0,15.0,2,28,0.0,0.0,103,0,0,0,0,0,103,0,0,42,35,70,50,100,100,293,250,328,160,327,120,86,60,49,25,248,200
89990189,1,3000.0,0,0,,0.0,0,0,0,0,0,0,0,0,0,42,35,70,50,100,100,293,250,328,160,327,120,86,60,49,25,248,200
89990787,0,48959.0,7,203,,13.0,89,28,32,0,0,4,5,0,20,41,35,67,50,100,100,281,221,354,160,329,120,96,60,48,25,252,200
89990787,1,3000.0,0,0,,0.0,0,0,0,0,0,0,0,0,0,41,35,67,50,100,100,281,221,354,160,329,120,96,60,48,25,252,200
89990809,0,44772.0,7,203,,13.0,89,28,32,0,0,4,5,0,20,42,35,68,50,100,100,281,13,354,160,322,120,96,60,49,25,247,200
89990809,1,14632.0,9,122,0.0,0.0,136,91,23,0,0,0,0,0,22,42,35,68,50,100,100,281,13,354,160,322,120,96,60,49,25,247,200
89992762,0,24700.0,10,180,0.0,0.0,38,7,31,0,0,0,0,0,0,42,35,68,50,100,100,287,246,351,160,289,120,101,60,48,23,248,200
89992762,1,4959.0,1,21,8.0,0.0,40,0,0,0,0,12,6,0,22,42,35,68,50,100,100,287,246,351,160,289,120,101,60,48,23,248,200
89994025,0,80115.0,10,298,8.0,14.0,136,0,1,0,0,10,0,0,125,42,35,71,50,100,100,281,221,290,160,286,120,96,60,50,24,243,200
89994025,1,48641.0,7,203,,13.0,89,28,32,0,0,4,5,0,20,42,35,71,50,100,100,281,221,290,160,286,120,96,60,50,24,243,200
89998534,0,31.0,2,38,0.0,0.0,86,0,0,0,0,0,86,0,0,42,32,66,50,100,100,293,250,351,160,314,120,94,60,47,25,250,200
89998534,1,4848.0,2,60,,0.0,289,123,11,0,0,11,0,0,144,42,32,66,50,100,100,293,250,351,160,314,120,94,60,47,25,250,200
90002462,0,5003.0,4,100,10.0,0.0,73,0,0,0,0,0,73,0,0,42,35,64,50,100,100,293,250,361,160,318,120,79,49,48,25,248,200
90002462,1,4712.0,0,0,,0.0,32,1,0,0,0,0,29,0,2,42,35,64,50,100,100,293,250,361,160,318,120,79,49,48,25,248,200
90008232,0,4991.0,0,0,,0.0,2,0,2,0,0,0,0,0,0,42,35,74,50,100,100,278,129,324,160,277,120,100,60,49,25,252,200
90008232,1,52400.0,3,88,,11.0,82,1,37,0,0,17,7,0,20,42,35,74,50,100,100,278,129,324,160,277,120,100,60,49,25,252,200
90008304,0,6212.0,0,0,,0.0,2,0,2,0,0,0,0,0,0,42,35,73,50,100,100,287,250,324,160,327,120,103,60,46,25,250,200
90008304,1,6049.0,12,256,0.0,0.0,170,39,32,0,0,0,0,0,99,42,35,73,50,100,100,287,250,324,160,327,120,103,60,46,25,250,200
90008325,0,1047.0,10,80,0.0,0.0,32,0,32,0,0,0,0,0,0,42,35,65,50,100,100,281,13,340,160,308,120,103,60,50,25,250,200
90008325,1,36832.0,5,150,,13.0,74,22,52,0,0,0,0,0,0,42,35,65,50,100,100,281,13,340,160,308,120,103,60,50,25,250,200
90009538,0,4522.0,4,100,10.0,0.0,73,0,0,0,0,0,73,0,0,42,35,59,45,100,84,288,249,327,160,294,120,79,49,53,25,253,200
90009538,1,35921.0,6,152,,11.0,84,72,12,0,0,0,0,0,0,42,35,59,45,100,84,288,249,327,160,294,120,79,49,53,25,253,200
90009602,0,12963.0,5,66,0.0,0.0,169,22,95,0,0,0,0,0,52,41,29,69,50,100,100,284,240,361,160,297,120,93,60,50,25,250,200
90009602,1,22225.0,5,144,0.0,0.0,90,22,9,0,0,11,33,0,15,41,29,69,50,100,100,284,240,361,160,297,120,93,60,50,25,250,200
90010141,0,40516.0,7,203,,13.0,89,28,32,0,0,4,5,0,20,42,35,69,50,100,52,278,127,289,160,313,120,96,60,53,25,246,200
90010141,1,83600.0,12,256,8.0,13.0,142,6,16,0,0,0,0,0,120,42,35,69,50,100,52,278,127,289,160,313,120,96,60,53,25,246,200
90024423,0,14246.0,4,112,7.0,0.0,87,73,9,0,0,3,1,0,1,41,32,77,50,100,100,278,186,340,160,325,120,98,60,52,25,246,200
90024423,1,10439.0,5,66,0.0,0.0,322,204,97,0,0,0,0,0,21,41,32,77,50,100,100,278,186,340,160,325,120,98,60,52,25,246,200
90025104,0,13311.0,4,112,7.0,0.0,76,62,9,0,0,3,1,0,1,42,32,65,50,100,100,278,133,361,160,320,120,111,60,50,25,247,200
90025104,1,40689.0,7,203,,13.0,89,28,32,0,0,4,5,0,20,42,32,65,50,100,100,278,133,361,160,320,120,111,60,50,25,247,200
90028572,0,504.0,0,0,,0.0,18,3,2,0,0,3,1,0,9,42,35,64,50,100,100,280,231,358,160,310,120,107,60,48,25,251,200
90028572,1,22105.0,5,66,0.0,0.0,139,19,102,0,0,0,0,0,18,42,35,64,50,100,100,280,231,358,160,310,120,107,60,48,25,251,200
90031349,0,6259.0,0,0,,0.0,2,0,2,0,0,0,0,0,0,42,35,76,50,100,100,293,250,320,160,318,120,105,60,51,25,247,200
90031349,1,3938.0,0,0,,0.0,15,0,0,0,0,0,0,0,15,42,35,76,50,100,100,293,250,320,160,318,120,105,60,51,25,247,200
90032032,0,6259.0,0,0,,0.0,2,0,2,0,0,0,0,0,0,42,30,69,50,101,100,293,250,332,160,307,120,93,60,49,22,252,200
90032032,1,722.0,3,90,0.0,0.0,749,74,96,0,0,304,205,0,70,42,30,69,50,101,100,293,250,332,160,307,120,93,60,49,22,252,200
90032724,0,6259.0,0,0,,0.0,2,0,2,0,0,0,0,0,0,42,35,76,50,100,100,293,250,340,160,311,120,98,60,49,25,250,200
90032724,1,4724.0,0,0,,0.0,30,0,0,0,0,0,0,0,30,42,35,76,50,100,100,293,250,340,160,311,120,98,60,49,25,250,200
90035382,0,46688.0,7,203,,13.0,89,28,32,0,0,4,5,0,20,42,35,69,50,100,88,278,184,345,160,330,120,107,60,51,25,245,200
90035382,1,18775.0,12,293,7.0,0.0,131,0,21,0,0,44,0,0,66,42,35,69,50,100,88,278,184,345,160,330,120,107,60,51,25,245,200
90051166,0,19683.0,5,66,0.0,0.0,154,26,110,0,0,0,0,0,18,42,32,73,50,100,100,282,242,312,160,304,120,101,60,59,25,246,200
90051166,1,36098.0,6,124,12.0,19.0,50,44,0,0,0,6,0,0,0,42,32,73,50,100,100,282,242,312,160,304,120,101,60,59,25,246,200
90060152,0,10348.0,5,66,0.0,0.0,455,335,97,0,0,0,0,0,23,42,35,75,50,100,100,278,165,339,160,298,120,90,60,48,22,247,200
90060152,1,58282.0,10,231,0.0,11.0,159,0,11,0,0,41,0,0,107,42,35,75,50,100,100,278,165,339,160,298,120,90,60,48,22,247,200
90066892,0,24274.0,10,230,,0.0,17,0,17,0,0,0,0,0,0,42,35,77,50,100,100,281,247,315,160,318,120,96,60,51,25,250,200
90066892,1,5881.0,0,0,,0.0,2,0,2,0,0,0,0,0,0,42,35,77,50,100,100,281,247,315,160,318,120,96,60,51,25,250,200
90070913,0,5163.0,10,79,0.0,0.0,30,0,30,0,0,0,0,0,0,42,35,67,50,100,100,278,22,336,160,304,120,89,60,49,25,252,200
90070913,1,51930.0,5,150,7.0,11.0,412,0,252,0,0,158,2,0,0,42,35,67,50,100,100,278,22,336,160,304,120,89,60,49,25,252,200
90078310,0,114242.0,13,354,9.0,11.0,342,15,18,0,0,36,0,0,273,42,32,67,50,100,44,278,76,335,160,303,120,103,60,50,23,240,200
90078310,1,36269.0,7,203,,13.0,89,28,32,0,0,4,5,0,20,42,32,67,50,100,44,278,76,335,160,303,120,103,60,50,23,240,200
90079671,0,48877.0,7,203,,13.0,89,28,32,0,0,4,5,0,20,42,35,70,50,100,100,281,221,347,160,316,120,88,60,48,25,250,200
90079671,1,3000.0,0,0,,0.0,0,0,0,0,0,0,0,0,0,42,35,70,50,100,100,281,221,347,160,316,120,88,60,48,25,250,200
90087156,0,494.0,1,4,0.0,0.0,43,18,0,0,0,0,0,0,25,42,35,71,50,100,100,287,246,340,160,318,120,101,60,49,25,246,200
90087156,1,24700.0,10,180,0.0,0.0,38,7,31,0,0,0,0,0,0,42,35,71,50,100,100,287,246,340,160,318,120,101,60,49,25,246,200
90087886,0,3000.0,0,0,,0.0,0,0,0,0,0,0,0,0,0,42,35,67,50,100,100,293,250,340,160,297,120,85,57,50,25,251,200
90087886,1,6057.0,4,100,10.0,0.0,75,0,0,0,0,0,75,0,0,42,35,67,50,100,100,293,250,340,160,297,120,85,57,50,25,251,200
